seed,hotspot_id,particle_i,particle_j,gap_nm,x_nm,y_nm,euclidean_distance_nm,geodesic_distance_nm,geodesic_steps,classification,plasmon_dominated_remote,coordination,coordination_i,coordination_j,M2_inc,M2_scat,M2_CDA,M4_CDA,Cparallel_real,Cparallel_imag,Cperp_real,Cperp_imag,Cparallel_abs,Cperp_abs,M2_FWcorr,M4_FWcorr,FW_correction_status,E_CDA_x_real,E_CDA_x_imag,E_CDA_y_real,E_CDA_y_imag,E_CDA_z_real,E_CDA_z_imag,E_FWcorr_x_real,E_FWcorr_x_imag,E_FWcorr_y_real,E_FWcorr_y_imag,E_FWcorr_z_real,E_FWcorr_z_imag
20365542,0,0,1,1.3722089796242543,8.53434626221724,6.4310001588992005,209.19924267975304,190.13342552347106,10,transition,False,3,3,3,2.714252331325263e-13,0.0024128322047998526,0.0024128612887310175,5.821899598656707e-06,2.527999689128914,0.015175150465910477,0.15317411198518197,0.00292704616785293,2.5280452356371215,0.15320207629701957,0.015224283381240825,0.00023177880447232556,CALIBRATED,0.027912713356001092,0.022155275545108277,0.0265176829270251,0.020968976597316925,0.0,0.0,0.07646172986281838,0.061342797626391415,0.05844476436232022,0.04689518040936263,0.0,0.0
20365542,1,0,2,4.741255338486145,-4.6448631618834915,11.465499340997756,196.64643394115416,176.02535183997847,9,transition,False,4,3,4,7.878976325375819e-12,0.0004045262053597101,0.0004045593802048666,1.636682921117458e-07,1.2385191044598383,0.0015185441523108468,-0.15945593404345693,0.03315551381038519,1.2385200354004542,0.16286645755864507,0.0006191371715676798,3.833308372168266e-07,CALIBRATED,0.005910811955763088,0.0054294660443376065,-0.01205682719037375,-0.013956199296489138,0.0,0.0,0.006085927435370278,0.0070308711198529715,-0.01540828550624537,-0.017182847490248336,0.0,0.0
20365542,2,0,8,1.9167127797351604,9.190667544209866,-5.9680151523901985,209.0641156305766,198.2817966933332,10,transition,False,4,3,4,2.817596628617643e-13,0.0032718896182605366,0.003271927864841608,1.0705511952726965e-05,1.955088743506188,0.007904021479852894,0.1784882019005673,0.0035642201068658147,1.9551047206070984,0.17852378520149034,0.012488412181068333,0.00015596043880425592,CALIBRATED,0.036026860103189125,0.02977965537966267,-0.025455089131609918,-0.02095718918932523,0.0,0.0,0.07186943520301857,0.059824971250209406,-0.04703091074509491,-0.03914412745311846,0.0,0.0
20365542,3,1,6,4.157194017469987,24.307876948524928,22.53085312324684,226.87383940458514,212.67249240268112,11,transition,False,4,3,4,1.6617554982496776e-15,0.0007909475444751352,0.0007909484770584971,6.255994933611558e-07,1.296433596599065,0.0019195394632617634,0.06758189609145071,0.016348790449233302,1.2964350176628745,0.06953125648561648,0.001322062824594515,1.7478501121748273e-06,CALIBRATED,0.011438652827812822,0.00997716695451417,0.017293507206564772,0.016170851758689448,0.0,0.0,0.0160183997331659,0.01462009111827432,0.021484326294374075,0.01975222402549264,0.0,0.0
20365542,4,1,8,4.832747597862415,17.725013806427107,0.462985006509002,217.89902314175603,201.09178191333865,11,transition,False,4,3,4,2.326735364735953e-14,5.981799459528547e-05,5.981876640550427e-05,3.578284814276286e-09,1.2294468931255413,0.001455728886724762,-0.19502104218448024,0.03578825978703785,1.2294477549544909,0.19827759942390197,8.135457409923418e-05,6.6185667268677854e-09,CALIBRATED,0.002529997694959538,0.0013170408618033433,-0.005384765499757099,-0.004763148323322471,0.0,0.0,-0.00011682251890498803,0.0001870808939533077,-0.006784080715730583,-0.0059398801486125075,0.0,0.0
20365542,5,2,3,2.003613952057165,-11.840627598104284,33.63299192747906,193.6331272766117,179.7612658319332,10,transition,False,4,4,4,1.7145569594418588e-11,0.00036279434198100384,0.000362712816432443,1.3156058720435507e-07,1.8844492615482042,0.007095705592654276,0.18239738090182536,0.0036751700897403295,1.884462620586418,0.1824344031015918,0.0010801485849538347,1.1667209655777715e-06,CALIBRATED,-0.009842296173258769,-0.003157626204848811,0.014631360441658556,-0.006464882895073968,0.0,0.0,-0.008305388722765204,0.001567639986256713,0.03005382783975561,-0.010270298932816868,0.0,0.0
20365542,6,2,23,3.50990131032426,-20.897684753761844,24.784148970776176,182.82061086349083,167.09902645679745,9,transition,False,4,4,4,2.5288161193868274e-10,0.0030786057089725073,0.003080068149246558,9.486819804003117e-06,1.4013737695629762,0.0027195901414797646,0.16416789348088068,0.008924469993699495,1.4013764084605118,0.16441028986842104,0.006040045916981837,3.6482154679248956e-05,CALIBRATED,0.04599012690575835,0.0303419345469179,-0.005684954563161215,-0.003467661460428724,0.0,0.0,0.06404633938721814,0.04238198999934788,-0.009964900403227802,-0.006525336139083791,0.0,0.0
20365542,7,2,83,3.4422281788142364,-17.37656962116661,14.446455030142404,184.44269080928504,162.949326213436,8,transition,False,4,4,3,1.7055367886966405e-10,0.0035557188466740597,0.003556661867889938,1.2649843642502342e-05,1.4137116998710966,0.002815159463356274,0.16906715017165538,0.008523902803305231,1.4137145028170397,0.16928188971701985,0.0070950866035095,5.034025391129997e-05,CALIBRATED,0.036110995480615526,0.015336387972188786,0.041367052282799084,0.017499144627311714,0.0,0.0,0.05317466932219444,0.022648519501656986,0.05636610530845506,0.024030145291362513,0.0,0.0
20365542,8,3,4,3.556645910794593,-23.228484781899198,52.12196802230427,188.18402859613224,191.98441676451114,10,transition,False,4,4,3,6.785114381135655e-11,0.00026452589039606124,0.0002644889322275426,6.995439527086563e-08,1.3928514563492234,0.0026535765010783827,0.16078377645390446,0.009201158139477566,1.3928539840637995,0.16104683816171866,0.0004994486921495464,2.494489960898924e-07,CALIBRATED,-0.002239256323366225,0.011605710129899431,-0.0014873115578667598,-0.011071136348920678,0.0,0.0,-0.0010321564624517826,0.01666387739311157,0.00036089525171660125,-0.014851541671866895,0.0,0.0
20365542,9,3,5,4.028659310504267,-12.208766293033094,56.14936897352558,199.91657231685272,198.8695176871474,10,transition,False,4,4,4,3.342767450603211e-12,0.0009411687740453124,0.0009411854471274501,8.85830045884498e-07,1.3091788718096078,0.0020077867293160035,0.11754624044445731,0.012650125284210648,1.3091804114025798,0.11822497330231206,0.0016108472270063943,2.59482878875419e-06,CALIBRATED,0.004560577855566716,0.0008822292712980169,0.028714486378795655,0.009751231730688608,0.0,0.0,0.006836255492258642,0.002215864325237541,0.037412561581208606,0.012629450466088035,0.0,0.0
20365542,10,3,23,5.3244787502714885,-23.448586028099143,35.48614221625972,182.87318171708048,175.34713499110728,9,transition,False,4,4,4,2.496876677030896e-10,0.001676976179598411,0.0016778359482787042,2.8151334693362985e-06,1.1928186497557722,0.0012114944425575076,-3.7005637272575753,5.040176242845878,1.1928192649869331,6.252803248019441,0.0024068735822042678,5.793040440712804e-06,CALIBRATED,0.027213173141818092,0.012113836456477551,0.025770395112954494,0.01124370303147772,0.0,0.0,0.028956643293431922,0.015093682325241622,0.03429694549906298,0.012817436353663088,0.0,0.0
20365542,11,4,5,3.465221413466846,-21.0457222024907,63.936351822867245,194.59978763792532,203.99874641976328,11,transition,False,4,3,4,1.3378040638120643e-11,0.001721333882963034,0.001721562365426597,2.96377697805322e-06,1.4095196531847372,0.0027826879669962763,0.1674025344489787,0.008660003131417102,1.4095223999874367,0.16762638275097885,0.003411282830573869,1.1636850550168069e-05,CALIBRATED,0.031235758014144615,0.024292439707398847,0.009165321994717151,0.008471365445071034,0.0,0.0,0.04305779885985922,0.03416892574175109,0.015363216502648045,0.01240019678332717,0.0,0.0
20365542,12,4,7,1.6223311825414761,-35.05916863313689,70.29735279169512,184.6002863794069,213.6710414881361,11,transition,False,3,3,3,1.6411993834267668e-10,0.0010739648230241564,0.00107360431727267,1.152626230066516e-06,2.1986724473604653,0.010701341817916344,0.16507546716679625,0.0031949706660767954,2.1986984899023247,0.16510638297138336,0.0048707288213530875,2.3723999251159637e-05,CALIBRATED,-0.01406383531899871,-0.0030287404488748082,0.02768837161492675,-0.009999683094969698,0.0,0.0,-0.019505490223037162,0.004330281575546088,0.06426527025411284,-0.018479404025953185,0.0,0.0
20365542,13,5,20,3.5834022707283566,-10.881301278590556,79.72439398709699,210.44417261595228,222.48188664401164,11,transition,False,4,4,3,1.9215083590967724e-13,0.0005848503621339862,0.0005848477833184893,3.420469296525506e-07,1.387973329730938,0.0026157906454855346,0.15884672592142168,0.009359532958031038,1.3879757946034534,0.15912222721275532,0.0011225384354969213,1.2600925391678757e-06,CALIBRATED,-0.0029412827480382723,-0.0011886762549163294,0.02341985837460734,0.005127759899694443,0.0,0.0,-0.002560109405556782,-0.0006684556093949585,0.03260321035907476,0.0072503873488724635,0.0,0.0
20365542,14,5,155,2.5784116744579,-1.0093335935534693,74.75682486123299,217.29198743884666,220.58736075231275,11,transition,False,4,4,2,2.7707783964286065e-14,0.0016783412181497397,0.0016783494207003706,2.8168567779652693e-06,1.623593930206757,0.00456620986968477,0.19857808755447146,0.004775637740603805,1.6236003512184882,0.19863550431033422,0.004419566827178464,1.9532570939896318e-05,CALIBRATED,0.024638796735352658,0.02091323047843131,0.018198433834890455,0.017399221621885036,0.0,0.0,0.039658645792584886,0.03519264191767641,0.029798270398332775,0.026838399303960033,0.0,0.0
20365542,15,6,9,3.180291106026239,40.45171853677748,39.618503319699194,245.91887390449773,236.180180729331,12,transition,False,4,4,4,4.316039750529826e-18,0.0007362834508286254,0.0007362835068872273,5.421134025141536e-07,1.4614671572743454,0.0031850721282808904,0.18803031809049867,0.006973458853607921,1.4614706279894982,0.18815958559052226,0.0015715553386336945,2.469786182388066e-06,CALIBRATED,0.013491790258591152,0.01646367710998922,0.010822919618595068,0.012886692727494483,0.0,0.0,0.019402308916078952,0.02358520695791251,0.016092044725156247,0.01949076336818915,0.0,0.0
20365542,16,6,35,3.809633280311548,43.00702354321225,28.975744656561503,246.37683239408676,232.45113518336245,12,transition,False,4,4,3,3.7183489765585225e-18,0.0005061755976721007,0.0005061756377016191,2.562137762026408e-07,1.3467276777640314,0.0022963027824168462,0.14246853028262516,0.010698627482944145,1.3467296354733453,0.14286967050745966,0.0009173735399734659,8.415742118434482e-07,CALIBRATED,0.010379473780223403,0.018879662721222223,-0.0035432111455188093,-0.0054264308765925705,0.0,0.0,0.014130876549315996,0.025484377782883785,-0.00406291041009413,-0.007192434632324807,0.0,0.0
20365542,17,6,95,2.06237120317482,30.06103729377439,43.130341235655905,236.59002331549195,234.0602871569664,12,transition,False,4,4,3,8.463717321510836e-17,0.0001304529122195429,0.0001304528400041154,1.701794346513933e-08,1.8564174852575734,0.0068210903793080695,0.18425755230776053,0.0037805403463309108,1.856430016683639,0.1842963322146085,0.00038183679732704524,1.4579933979297502e-07,CALIBRATED,-0.003924812434818316,-0.003900697794318117,0.00985859003395859,0.0016252527850599407,0.0,0.0,-0.003027143056096177,-0.0012189200410088789,0.018865961224782495,0.003906781698995252,0.0,0.0
20365542,18,7,10,1.2390920775296834,-39.48831741317328,91.20784219886136,191.2134604892958,235.04546372975258,12,transition,False,3,3,3,3.173466333284628e-11,0.0017015779281264276,0.0017014877946244823,2.8950607152560847e-06,2.765611598342229,0.018624530441860885,0.14658274583223904,0.002807793217898252,2.765674309462204,0.14660963501241409,0.012851888731055814,0.00016517104395543942,CALIBRATED,-0.007997170699259029,-0.004016665307133474,0.04026175880849148,0.0006246862322192432,0.0,0.0,-0.01566335160925109,-0.0011101397496677704,0.11220696184521367,0.0038617937054892314,0.0,0.0
20365542,19,7,16,1.5867380734879895,-48.49441466893894,83.41916193635535,179.4239900203276,232.45102315137058,12,transition,False,4,3,4,5.704434523750261e-10,0.0012109205751253062,0.001211250981583588,1.4671289403872053e-06,2.228123681464726,0.011039560404945482,0.16345375937447626,0.0031503254309831917,2.228151029844669,0.16348411544847494,0.005825341994170383,3.393460934904497e-05,CALIBRATED,0.006928853688553004,0.03185105818593305,-0.008151449278509287,-0.009072261859228445,0.0,0.0,0.018291048397044072,0.07142822363799514,-0.005821868215279349,-0.018838637453697266,0.0,0.0
20365542,20,8,12,1.8524467845641475,21.487323148463112,-22.411487134385485,221.43568576807016,218.81458778154808,11,transition,False,4,4,4,8.329134761750601e-15,0.0011563975439632303,0.0011563983602470174,1.3372571675819907e-06,2.0082651284598203,0.008514700194322546,0.17556008834371517,0.003483609827538356,2.008283178813968,0.1755946472893852,0.004577426115890096,2.0952829846432692e-05,CALIBRATED,0.004472142794052818,0.0027058973690539186,-0.02592403967990181,-0.02137803978805452,0.0,0.0,0.014356360126150174,0.011606809295778822,-0.050279757540150884,-0.041334598092801676,0.0,0.0
20365542,21,8,55,4.190254484693007,30.358030067298102,-13.624485335707238,230.1107425793508,220.0139889857246,12,transition,False,4,4,3,6.249280769140088e-16,0.0010174679981598607,0.0010174690461305525,1.0352432598338164e-06,1.2931553788842272,0.0018968413460311742,0.05473054560568026,0.01730012570601939,1.2931567700570188,0.057399712296661555,0.0017003895631590056,2.891324666500074e-06,CALIBRATED,0.020960632409525354,0.023764426302508718,-0.002389832738272161,-0.002767973467904297,0.0,0.0,0.026962287772429167,0.03067237537551369,-0.0037802417116686053,-0.004282494910757512,0.0,0.0
20365542,22,9,13,2.58053444035264,57.560660195182194,54.79357880270818,266.11666339308226,259.0493477580121,13,transition,False,4,4,3,4.629351746687619e-21,0.0006283136213314419,0.0006283136226211115,3.947780083712645e-07,1.6229431015426492,0.004560537622177635,0.1985906984517568,0.004781330755664621,1.622949509180208,0.1986482485081398,0.0016466588871370145,2.711485490587311e-06,CALIBRATED,0.00947738133623072,0.014174953625768141,0.009315860155208026,0.015835981336965104,0.0,0.0,0.01557001233722692,0.024779794805687764,0.014778846382169633,0.023911944127482754,0.0,0.0
20365542,23,9,35,1.8904450057739126,51.911680707374344,36.394542047565416,256.4827632980775,244.04128073637557,13,transition,False,4,4,3,1.2916940054684567e-19,5.5905511345379926e-05,5.590550973705448e-05,3.1254260189598933e-09,1.9768238034911976,0.008153627362278714,0.17729137883979332,0.00353127184875992,1.9768406186864351,0.17732654311124707,0.00014057519320268263,1.9761384943971548e-08,CALIBRATED,-0.002237505333327819,-0.0026977982514644902,0.0016907358264353486,-0.006384542002366903,0.0,0.0,-0.0013033359566644613,0.001855032831426194,0.004138124612793492,-0.010877099175334928,0.0,0.0
20365542,24,9,95,1.9362040692228426,38.965694457936486,50.54913862665982,247.05498272820918,245.65043270997953,13,transition,False,4,4,3,2.9803559936297427e-18,0.0005947017924343805,0.0005947018222251226,3.5367025735788137e-07,1.9389608315321871,0.007718808202193071,0.17937627200416625,0.0035886684684896166,1.9389761953711686,0.179412166531396,0.002222444358601462,4.939258927079464e-06,CALIBRATED,0.008628142318302282,0.020761144362556817,-0.0044042476457518106,-0.008356702088276755,0.0,0.0,0.017361957495055723,0.04103863892850985,-0.0061301104712553475,-0.014115900645971626,0.0,0.0
20365542,25,10,11,4.203953570892743,-37.62965926496115,113.37496664368663,205.61409483714232,257.2903736253733,13,transition,False,4,3,4,7.255556100703175e-13,0.0009617869410902477,0.0009618010460241726,9.250612521331926e-07,1.2917970016188933,0.0018874360505035585,0.04940540132081653,0.01769432532817374,1.291798380478319,0.05247840344837284,0.0016013001168673348,2.56416206427934e-06,CALIBRATED,0.00827995635581276,0.0012922860452311323,0.028160176820508,0.009928635706129686,0.0,0.0,0.010354369004207536,0.003433826088093888,0.03645444735428741,0.012384234569897902,0.0,0.0
20365542,26,10,16,3.8137210877981573,-49.929835507195236,93.94124942347241,184.12623076512946,243.07056919013542,13,transition,False,4,3,4,1.842264438583432e-10,0.0013875166653388223,0.0013881822369929387,1.9270499231027196e-06,1.3459824029000282,0.0022905299006136873,0.1421725898150793,0.010722823814977949,1.3459843518569448,0.14257638039063078,0.0025109644697799798,6.304942568497455e-06,CALIBRATED,0.024525000848116808,0.015560284638507293,0.0192623197488145,0.013173729549974575,0.0,0.0,0.03181346188470296,0.02083951415981941,0.027239174379666976,0.017961351324087865,0.0,0.0
20365542,27,11,18,4.6362404493467615,-37.03739009224813,137.03816941818246,221.39250744988138,280.96098722789435,14,transition,False,4,4,4,8.435097578371874e-15,0.0005216044799367489,0.0005216035329552476,2.7207024559139604e-07,1.248932195949929,0.0015906435648377006,-0.11863427422085102,0.030133645853957332,1.2489332088735818,0.12240150175696292,0.0008132060668517737,6.613041071645315e-07,CALIBRATED,-0.005155402477326019,-0.00014024774424396477,0.022071094088802073,0.0028057965973158176,0.0,0.0,-0.006199843361687905,-0.000827173040674856,0.027614495134327573,0.0033946210950984933,0.0,0.0
20365542,28,11,60,5.141936584187839,-23.196647875545462,130.84696067377854,227.7932620724437,279.95272992728,14,transition,False,4,4,2,1.2604770773455275e-15,0.0002324985072211836,0.0002324989438593327,5.4055758895705135e-08,1.2040946941257784,0.001284293883000206,-1.7650242984557425,2.2275628302260704,1.2040953790429683,2.8420673701979635,0.00034475148822205986,1.1885358863132508e-07,CALIBRATED,0.0061492968598632495,0.012369396221951181,0.002054793176462704,0.006120535441850724,0.0,0.0,0.0056512836103893615,0.01553739952106588,0.00578710799981989,0.006157359734350985,0.0,0.0
20365542,29,11,67,2.6750063070870276,-44.92401652920661,129.07265650056806,210.1952649098349,274.6000563128546,14,transition,False,4,4,3,2.0592336203283396e-13,0.0003872895799983596,0.00038728006899277795,1.4998585183905085e-07,1.5939785327341454,0.004308099135245811,0.19915193556730199,0.00503469348467539,1.5939843545453822,0.19921556560341222,0.0009530341830327021,9.082741540288099e-07,CALIBRATED,-0.010479347156091992,0.014604609501912034,0.0010659697150496134,-0.007939297326473067,0.0,0.0,-0.015394905375085725,0.024327601941905422,0.005317637087106895,-0.009793956865888447,0.0,0.0
20365542,30,12,14,1.6767191228224334,25.514218415560713,-43.68610911220595,227.3345821224327,240.466964690131,12,transition,False,4,4,3,1.4470284537545131e-15,0.0005897595205721408,0.0005897594794287217,3.478162435760368e-07,2.1536695801128753,0.010184527951344367,0.16755351274661115,0.0032631906795757945,2.153693660879643,0.167585285890916,0.00266489701257815,7.101676087647949e-06,CALIBRATED,-0.0005407749600395474,-0.00207866151973256,-0.020234853764253158,-0.013255070776762712,0.0,0.0,0.003303143683551752,0.0018607447483650684,-0.04306500304464471,-0.028212220687676048,0.0,0.0
20365542,31,12,40,3.771327034210099,35.43017713584842,-37.768678708388066,236.47350931296205,239.55697217568567,12,transition,False,4,4,3,8.777840996498408e-17,0.0006767799534627155,0.0006767802270040261,4.5803147566362113e-07,1.353711539515654,0.0023503996134909026,0.14524174512171073,0.01047188719425016,1.3537135799703661,0.14561876578040717,0.0012397073799663787,1.5368743879431032e-06,CALIBRATED,0.014598196720510175,0.01891449276547297,-0.006013292173663614,-0.008351955469968609,0.0,0.0,0.01946207053087169,0.025564514750935144,-0.008687190842840633,-0.01148579520220694,0.0,0.0
20365542,32,12,55,4.972051725866795,33.46401812734148,-24.099942165312328,233.47583541795743,230.9097150238946,12,transition,False,4,4,3,2.2278869297987006e-16,9.190305644896295e-05,9.190315045527225e-05,8.44618906360441e-09,1.2156337410882945,0.0013600877269426422,-0.2491717037895394,0.03979682165921039,1.21563450194166,0.25232979408614625,0.00013338539714662572,1.779166417196307e-08,CALIBRATED,0.0031490638274398416,0.006798234632492712,0.001542700256593677,0.005778462534780741,0.0,0.0,0.0026458075233731435,0.007598876154272092,0.003051728327150308,0.007702540821390769,0.0,0.0
20365542,33,13,19,4.058295648814543,63.84784865746818,74.42525752735291,277.7479217068704,279.66321562185493,14,transition,False,4,3,4,7.065476340170237e-23,6.540678793315037e-05,6.540678790645913e-05,4.278047904240528e-09,1.3062401846883311,0.001987439494755941,0.1060259262223092,0.01350292912773812,1.306241696628289,0.10688230034167151,0.0001088844566072057,1.1855824890646461e-08,CALIBRATED,-0.001587697851197741,-0.0018648871317048332,0.006303627381468355,0.0044353670943187255,0.0,0.0,-0.0013904788862781662,-0.0011016797119182877,0.00833496797215657,0.006022095631048396,0.0,0.0
20365542,34,13,65,3.4461187137900353,75.59450673080738,68.9381141500134,287.3054407313146,281.9684991616232,14,transition,False,3,3,3,1.9881837925752974e-24,0.0004080308546703537,0.00040803085468834373,1.664891783777003e-07,1.413002391046137,0.0028096651736569883,0.1687854914234112,0.00854693145041543,1.4130051844634144,0.1690017519206843,0.0008142704479681981,6.6303636243433e-07,CALIBRATED,0.006379270588048846,0.01587563430548482,0.003658309482081189,0.010095383528357253,0.0,0.0,0.008691539099694731,0.022325172420282178,0.005568253762947243,0.014467509201060543,0.0,0.0
20365542,35,14,15,1.7750006257677313,34.151760923287696,-62.165847331453016,238.99669149402234,260.8656868369884,13,transition,False,4,3,4,3.9710945329658493e-17,0.0009017579165881785,0.0009017581087608473,8.131676867159402e-07,2.0723473346464583,0.009250621587410069,0.1720314547810594,0.003386467373324347,2.072367981179026,0.17206478313518508,0.003861495279272718,1.4911145791845488e-05,CALIBRATED,0.015247779501801796,0.01445375550193584,-0.013933139598106664,-0.016316246561486246,0.0,0.0,0.030277933424048664,0.03192442823035728,-0.02991599837540635,-0.03210305203884899,0.0,0.0
20365542,36,14,40,3.094780356303719,36.35108434290264,-48.56784385660344,238.75377221970484,250.39533173709688,13,transition,False,3,3,3,4.2877932270533005e-17,0.0002521667100840504,0.00025216675364150604,6.3588071642096e-08,1.47705718018492,0.0033058320839942255,0.19422094505519244,0.00646730818493695,1.4770608796057103,0.19432859175451006,0.0005471059734529018,2.993249461878473e-07,CALIBRATED,0.0033259523182317136,0.012562990094386347,0.0025708235379684474,0.008755966025706876,0.0,0.0,0.005203663859375935,0.019277094458979457,0.0032110078522836105,0.011752059976177934,0.0,0.0
20365542,37,15,17,2.839488825555666,46.044888669262185,-80.47503617818703,254.86634513017884,282.6985264096926,14,transition,False,5,4,5,2.2309701052166114e-19,0.00043716581634421054,0.00043716582161964373,1.9111395559237815e-07,1.5435490727407748,0.0038685850288325335,0.20012909096196027,0.005475816765016047,1.5435539206354376,0.20020399001644446,0.0010405369699797108,1.0827171858945576e-06,CALIBRATED,0.00558446113120158,0.004545760542419203,-0.014362152668708949,-0.013380741657524954,0.0,0.0,0.00867209177229002,0.007866904843051125,-0.02208949999251283,-0.020383758057430063,0.0,0.0
20365542,38,15,51,4.01413214147701,53.78691235418207,-71.30196458962816,260.13577375139056,282.5222749863087,14,transition,False,4,4,3,3.709123352583387e-20,0.00030370295899748905,0.00030370296127074626,9.22354886846204e-08,1.3106193603099772,0.0020177605564668695,0.12319327923177718,0.012232097069917972,1.3106209135280105,0.1237990639972957,0.0005206316719511799,2.7105733783868106e-07,CALIBRATED,0.005901778983930357,0.016327247803830672,-9.523431671808643e-05,-0.0015112497056442935,0.0,0.0,0.007612072154553417,0.021342513368928423,-0.0008584662878997611,-0.0025393282959679407,0.0,0.0
20365542,39,15,70,3.633199880294697,34.64716059965316,-79.19980429302002,243.5435726082636,277.90684614637405,14,transition,False,4,4,3,9.309293066323453e-18,8.69075582279906e-05,8.690752777964532e-05,7.552918384769824e-09,1.3788944025019019,0.0025454654858374777,0.15524158357897896,0.009654292312404717,1.3788967519889286,0.15554148845938973,0.0001611963375929786,2.5984259253389522e-08,CALIBRATED,-0.0049897089729065685,0.0025216553749453966,-0.005224724370621595,0.005324832538811224,0.0,0.0,-0.006146692579731413,0.004678655359036142,-0.007789217014111425,0.006391618751278341,0.0,0.0
20365542,40,16,21,2.357410331797393,-69.30187275217085,90.33715245278748,166.47674038485104,254.3783783195366,13,transition,False,4,4,3,1.1019055679887605e-08,0.0009685528606324705,0.0009679067185190512,9.368434157543177e-07,1.7156608859747038,0.005442158728984111,0.19359807352439773,0.004309638425221143,1.7156695173474223,0.19364603547636666,0.0027031912231341173,7.307242788829325e-06,CALIBRATED,-0.0030252111705586374,0.026952621263758737,-0.005688569338398598,-0.014140410241120659,0.0,0.0,-0.0016874978337708436,0.04795019695562768,-0.0006424562995987932,-0.020017728043280936,0.0,0.0
20365542,41,16,61,4.197384792395209,-61.35587357398512,74.29836129333773,163.67741975390769,248.21827178693988,13,transition,False,4,4,1,2.0301043560063953e-08,0.0022377967520292143,0.0022398672223726745,5.0170051738594805e-06,1.2924483501279813,0.0018919459354786565,0.051958833919507355,0.01750530469103127,1.292449734886415,0.05482842433082306,0.003723384989171892,1.386359577759057e-05,CALIBRATED,0.00733698060075338,-0.0007171169436198022,0.0457169193841629,0.009771640770513791,0.0,0.0,0.011901346614554826,0.0022866503858153912,0.05857479297238819,0.012062661239835536,0.0,0.0
20365542,42,17,24,4.237440054708365,57.54779209169387,-100.75699734787504,271.8247123767983,306.01536015774946,15,transition,False,5,5,4,6.079096038461747e-22,0.00025214402392317056,0.0002521440241568173,6.357660891799368e-08,1.2884765408488905,0.0018644454457380586,0.03638844856126848,0.018657919474157736,1.2884778897888556,0.040892996317220834,0.00041844072675747024,1.7509264180931988e-07,CALIBRATED,0.004738166061553035,0.008084741872529999,-0.006293543598638433,-0.01116790331067393,0.0,0.0,0.006124555646656248,0.010736177447464988,-0.008061991490851966,-0.014165780314068689,0.0,0.0
20365542,43,17,51,4.007013400811559,57.9634047994838,-81.93058036533047,266.7513016007965,293.9420193990865,15,transition,False,5,5,3,3.70183203483185e-21,6.343513138537601e-05,6.343513087648983e-05,4.024015829317393e-09,1.3113252420992267,0.0020226480255116524,0.12596049454945166,0.012027250933495411,1.311326802010708,0.12653339856401435,0.00010817443501081534,1.1701708389909112e-08,CALIBRATED,-0.004181983509857233,0.002565042881339858,-0.004711050134214439,0.004143996434551777,0.0,0.0,-0.005341157856052138,0.00399944839028327,-0.006310987424848114,0.004880811209667651,0.0,0.0
20365542,44,17,66,2.6825443774231736,46.55871770988237,-101.83721388096879,261.8110457865956,303.61093003270327,16,transition,False,5,5,4,2.0806449728047435e-20,0.00021436030771580377,0.00021436030626693044,4.5950340902852214e-08,1.5916674007063587,0.004287956640598252,0.19919671762780822,0.005054909726164624,1.591673176579755,0.19926084519050008,0.0005336866259102231,2.848214146754384e-07,CALIBRATED,-0.005022285829401949,-0.002844282447442116,-0.013217127664703551,-0.002520822280292582,0.0,0.0,-0.007341483047440688,-0.0020744005533148836,-0.02124489640772719,-0.004913297420644431,0.0,0.0
20365542,45,17,70,2.937691384243543,38.82365304495488,-89.82842006872234,250.61348732539597,289.3265905591519,15,transition,False,5,5,3,9.241906101404269e-19,0.0002716208141167808,0.00027162082041723337,7.377787008413094e-08,1.5134406937427891,0.0036061777515665953,0.20071249131893745,0.005739184782660438,1.5134449900788036,0.2007945278473098,0.0006196397398850335,3.83953407244792e-07,CALIBRATED,0.0032768837601271123,0.016028864475292462,0.0006941537272147456,-0.0018645394808235404,0.0,0.0,0.004747707010277309,0.024281124321643067,-0.0003178744091253242,-0.002724880835290601,0.0,0.0
20365542,46,18,28,2.1326266018382327,-48.78371089735319,155.43286336565802,226.25543259924547,301.3068817632419,16,transition,False,4,4,3,1.9999912807248403e-15,0.0005987636492892881,0.0005987618217791245,3.585157192202561e-07,1.8229001987766518,0.006492735990263498,0.1864817387906266,0.003906530402761802,1.8229117615289543,0.1865226524638849,0.0019582274438317503,3.834654721775831e-06,CALIBRATED,-0.020432206952950713,0.003976583148647691,0.011667479180218729,-0.005416960111720487,0.0,0.0,-0.03516517168015649,0.00913361019348385,0.024291725245291922,-0.006937391006538817,0.0,0.0
20365542,47,18,67,2.4185880551665804,-47.62582634296203,141.09082231735567,216.596930414615,286.918176537528,15,transition,False,4,4,3,3.382172990134822e-14,0.0006596292024539163,0.000659634124809749,4.351171786135235e-07,1.6864743562641624,0.005156230894793504,0.1955348736559032,0.004419349350875764,1.6864822385823284,0.19558480887920493,0.0018626112548208633,3.469320686585351e-06,CALIBRATED,0.013382833819311648,0.012822729212002662,0.010666678297492118,0.014224397120015372,0.0,0.0,0.02037872286835181,0.022642398891044413,0.02001965675957639,0.023105281317555005,0.0,0.0
20365542,48,18,82,1.9101046747717874,-37.29841771724456,159.73602408914093,237.19221530370697,303.66034277127847,15,transition,False,4,4,3,7.008720612616197e-17,0.0007145087763501118,0.0007145088943825184,5.105229601517289e-07,1.9605565672349152,0.007966814081653811,0.1781871207195031,0.0035559314125803657,1.960572753930485,0.17822259856291442,0.0027254107606228305,7.427863814118716e-06,CALIBRATED,0.00704939994180095,0.0015746694330511695,0.02222758369420216,0.01297188475653819,0.0,0.0,0.010466401992770406,0.005489613609677961,0.04423884004722693,0.025072980749022866,0.0,0.0
20365542,49,19,22,2.9012535607907424,70.37170608084628,94.0380452143398,290.5913909978879,300.33256869676734,15,transition,False,4,4,3,5.665011718973967e-25,0.00038479275875244755,0.0003847927587609688,1.480654671948771e-07,1.5246123354294943,0.0037035433413180434,0.20049602201819958,0.005641462712499907,1.5246168336920125,0.20057537472645762,0.0008926915784759288,7.968982542818453e-07,CALIBRATED,0.0056606892519275274,0.013087753192339019,0.004290384385625852,0.012769208047254874,0.0,0.0,0.007990032336889854,0.020484984854404753,0.007139552565581465,0.018927312181329134,0.0,0.0
20365542,50,19,65,5.930115181805565,73.67741069885074,80.81351478265306,289.1048708143188,291.38627497874995,15,transition,False,4,4,3,1.001463911544926e-24,8.297419830455681e-05,8.297419830509563e-05,6.884717584373335e-09,1.1554071112570947,0.0009699612435530142,-10.122275586510261,14.371834714145884,1.1554075183969847,17.57868300243196,0.00032510206153593,1.0569135041491163e-07,CALIBRATED,0.00026922752909103203,0.008462122189284702,0.0005407133265451974,-0.0033169009624628696,0.0,0.0,-0.006083760643477899,0.010699932128501293,-0.013044260772006428,-0.0018570490909395722,0.0,0.0
20365542,51,19,115,3.4396685252959216,51.7962822303078,80.41448580839801,268.36493147586253,279.01529261683766,14,transition,False,4,4,3,2.091606179583683e-21,0.00043603246635942226,0.0004360324670877757,1.9012431235465223e-07,1.414178367010879,0.0028187742561924523,0.16925245857021548,0.008508751838729841,1.4141811762323324,0.16946620191033845,0.0008708134638104878,7.583160887536196e-07,CALIBRATED,0.007962916800873075,0.01646414174030097,0.0037418812924347694,0.009357071350521749,0.0,0.0,0.01073663401352965,0.023196796361536355,0.006088204879072825,0.013430582778936046,0.0,0.0
20365542,52,20,29,3.2626614934900644,-8.327082351729153,102.6054242325149,223.67173117622738,245.5050397603436,12,transition,False,3,3,2,4.313384899206071e-15,0.0006513679429891278,0.0006513688707520794,4.2428140578483913e-07,1.446449674304298,0.003068747053661621,0.18206704045136535,0.007461021257502065,1.4464529295844675,0.18221985088602177,0.0013540559804121907,1.833467598090019e-06,CALIBRATED,0.007063174607934989,0.0009050213272866034,0.022394676357688274,0.009956899238289808,0.0,0.0,0.009994742255818211,0.0038137930948572603,0.0324293647900655,0.013709572903428894,0.0,0.0
20365542,53,20,155,2.1027137695490943,-1.8646311585194235,86.5174660742414,221.54268548487164,232.37906188767693,12,transition,False,3,3,2,8.072164722987623e-15,0.0004998623877528397,0.0004998625563479961,2.4986257523875356e-07,1.8371709450590004,0.006632540332104175,0.18553474085868846,0.0038528872735530146,1.8371829173928864,0.1855747418315418,0.0016416912021493797,2.6951500032146755e-06,CALIBRATED,0.0009382981999009347,0.01849575835491487,-0.0036076640567661426,-0.011994742004985902,0.0,0.0,0.0036775471810512055,0.03577200977823282,-0.0024219310930373794,-0.01851119701929393,0.0,0.0
20365542,54,21,25,3.9564880581118267,-91.60711955585671,95.48676569721249,153.2459528552215,277.2703540215265,14,transition,False,3,3,3,1.8062830028365841e-07,0.0007132746737080672,0.0007181658667173938,5.157622121179455e-07,1.3199536247021306,0.0020889115886663498,0.13183684771295298,0.011567882450563293,1.3199552776196313,0.13234338033796178,0.0012249813394103572,1.5005792819035927e-06,CALIBRATED,0.005966794088751153,0.025676812981518752,-0.004396350798134049,-0.001984089159209955,0.0,0.0,0.008195625500564366,0.033892974717475835,-0.001179510359522126,-0.0027727391109118645,0.0,0.0
20365542,55,21,27,4.541869448258527,-75.99896547494828,106.23136420752027,171.90841881092098,271.6259004094417,14,transition,False,3,3,3,3.2687900928497282e-09,0.000973441008343651,0.0009744556955218835,9.495639025350378e-07,1.2582898582433106,0.0016554352700310646,-0.08195013414210925,0.027418062315835937,1.2582909472073238,0.08641512961897796,0.0015358048974974418,2.3586966831771276e-06,CALIBRATED,0.008902366727975423,0.0009195834030899008,0.028182899412735725,0.010004104618550403,0.0,0.0,0.011164162284040359,0.0038766554963839362,0.03545699776431401,0.011787248605880847,0.0,0.0
20365542,56,22,31,3.5722647335932827,77.61637985111929,113.50069691741717,304.891060786325,321.09985328943816,16,transition,False,3,3,3,2.033164097050444e-27,0.0001048784585983414,0.00010487845859827584,1.099949107795026e-08,1.390003886820738,0.0026315192935859374,0.15965303785217194,0.00929360824228994,1.390006377780531,0.15992330552357967,0.00019691265964113887,3.8774595526947e-08,CALIBRATED,-0.0007269985526056949,-0.0024168613208224977,0.007396379741349686,0.006618329077678832,0.0,0.0,-0.0010263234997183234,-0.0012404480944022461,0.010261320180626908,0.009435354598043339,0.0,0.0
20365542,57,22,130,2.227627533285702,89.05688651197471,97.46583018635503,309.24632922392726,318.3013861909573,16,transition,False,3,3,3,3.4686299966823483e-28,0.00011373282108179898,0.0001137328210816755,1.293515459119641e-08,1.7775773695584405,0.006048727794487024,0.18948933381684607,0.004076896992970722,1.7775876608128884,0.18953318632746988,0.0003408028642094557,1.1614659225336871e-07,CALIBRATED,-0.0033148340490447657,0.008262106604111748,0.0002620038029299138,-0.005866314411835788,0.0,0.0,-0.005301193904048339,0.016024234369483976,0.00202528701622564,-0.0071987730048177455,0.0,0.0
20365542,58,23,42,2.929139579824266,-42.753013096752184,31.778093977691476,163.28468055997615,176.093963912274,9,transition,False,4,4,2,2.209987638523239e-08,0.003480180433415454,0.0034921857249154854,1.2195361137303494e-05,1.5160626312158298,0.0036290290473307476,0.20066168688148014,0.005716249822438617,1.5160669746488415,0.20074308977933392,0.00792107086756836,6.274336368904017e-05,CALIBRATED,0.04045260794285146,0.028567668302531237,-0.027550685655936307,-0.01675172478229553,0.0,0.0,0.06505293171018704,0.044727061584018526,-0.03407741815008725,-0.022965332084723244,0.0,0.0
20365542,59,23,83,1.8418101619080431,-28.98452805116147,16.29960531892307,173.27818588138118,155.37791236739034,8,transition,False,4,4,3,2.3912307283549114e-09,0.00041272704574395744,0.0004118264873447162,1.696010556786877e-07,2.017066317011595,0.008615773227310579,0.1750754581918661,0.0034702680731451075,2.0170847177972036,0.17510984787153275,0.0009343731596636463,8.730532014998259e-07,CALIBRATED,-0.009183673574936428,-0.0016507044543897812,-0.01012566133082437,-0.01490747411305605,0.0,0.0,0.0023092728145999793,0.0077546982757246505,-0.013204501037934965,-0.02635424492796262,0.0,0.0
20365542,60,24,26,3.490565525146817,59.14453384879742,-120.66327197217761,280.3558450412245,325.9855718155419,16,transition,False,5,4,5,2.6990821865098093e-23,0.00010007463468362494,0.00010007463463122706,1.0014932496573592e-08,1.4048990027633452,0.0027468965160500677,0.1655677248879427,0.008810018645435107,1.4049016881639482,0.16580195400869796,0.00019493864364810272,3.800107478736198e-08,CALIBRATED,-0.005042844105092659,-0.0015035843943909239,-0.00849900938835833,-0.00038785480337406056,0.0,0.0,-0.006797597258934857,-0.000912300160766174,-0.012097311193343823,-0.0012466296408670456,0.0,0.0
20365542,61,24,62,2.3072880640532247,73.88893453967424,-116.97832505773385,292.698011792552,329.04065948644046,16,transition,False,4,4,3,2.5140608642949337e-25,0.0003411824231115179,0.00034118242311393727,1.1640544584189772e-07,1.7395731039538982,0.005676416407621917,0.19201127347019448,0.0042197534133690835,1.7395823653115805,0.19205763577248222,0.0010267786299935039,1.0542743550113367e-06,CALIBRATED,0.002412562313971943,0.01483245048234456,-5.209795984752746e-05,-0.01074046855060411,0.0,0.0,0.002856388130012441,0.025765880171888966,-0.0017538910130034868,-0.018752678798683475,0.0,0.0
20365542,62,24,66,2.084077841499738,53.885128687012326,-111.49055927495449,272.055957590713,315.72965006005745,17,transition,False,4,4,4,5.59404376900544e-22,0.00024681184045645063,0.00024681184027428856,6.091608449958093e-08,1.8460617314064045,0.006719639528540899,0.18494475375375968,0.0038194671852573208,1.8460739610640213,0.18498418924496782,0.0008345712365315087,6.965091488457314e-07,CALIBRATED,-0.0038509244588378557,0.015025300025362204,0.0006742691615330124,0.0024016538743684805,0.0,0.0,-0.007040005383007701,0.0278615944459786,-0.0005008462378633933,0.002913806567458355,0.0,0.0
20365542,63,25,37,3.0561947087144112,-108.17698200258799,107.0090198658746,151.02932167815857,288.12316303808814,14,transition,False,3,3,2,2.821303797639276e-07,0.0016030282037474356,0.0015844360882818216,2.5104377178498003e-06,1.4840919814454476,0.003360323491322257,0.1970143874140966,0.006238914077859122,1.4840957857108286,0.1971131474484202,0.0034622334355070192,1.1987060361942736e-05,CALIBRATED,-0.01723586437885403,0.0013382660150946975,0.03431191961190355,-0.010404916338668153,0.0,0.0,-0.023216556949211757,0.005404555130565375,0.05199545050760567,-0.013801769063523543,0.0,0.0
20365542,64,25,126,5.167497763076376,-106.26623083930869,84.16548621353118,134.90107922992678,265.1998561271357,13,source,False,3,3,3,5.951098921667368e-06,0.0020367017478694067,0.002078248565300317,4.319117099172826e-06,1.2025157220259035,0.0012740998573673092,-2.0360557573612406,2.6214099951125087,1.2025163969983639,3.3192338588233907,0.0030274105519669152,9.165214650160622e-06,CALIBRATED,0.00973522465545662,-0.0002930429282148183,0.044167038134721025,0.005714965831606353,0.0,0.0,0.015728591611152934,0.004365642651105455,0.0522140514478389,0.0058869307403575126,0.0,0.0
20365542,65,26,32,2.368655839089673,59.40277467495066,-140.36258274733856,288.72040135200365,345.333676480315,18,transition,False,5,5,3,1.1599106248338217e-24,0.0003159666922695204,0.00031596669227988044,9.983495063028866e-08,1.7102959048243664,0.005389600324267866,0.19395409036848812,0.004329805161519035,1.710304396840122,0.1940024133442787,0.0009204525396101593,8.472328776747918e-07,CALIBRATED,0.004809726947824065,0.007937453912678378,-0.00597664120173549,-0.013932329464130538,0.0,0.0,0.007077932739156065,0.01456761730880341,-0.010847395062616866,-0.023248095708033992,0.0,0.0
20365542,66,26,52,3.973001193883931,49.028600303373835,-142.07132925322693,280.22835316485276,343.92772578695804,18,transition,False,5,5,3,2.8296828307505433e-23,0.0001238647471425738,0.000123864747100964,1.534247557438577e-08,1.3169430071382813,0.0020655914148753523,0.13064136452617048,0.011665626123025843,1.3169446270509295,0.13116117168621963,0.0002147887989882371,4.6134228170809324e-08,CALIBRATED,-0.003911082180539396,-0.001425636871684641,-0.009596590662287083,-0.0038001566347492573,0.0,0.0,-0.00500687581063314,-0.0019571966068106404,-0.01268569715429743,-0.004996244865583835,0.0,0.0
20365542,67,26,66,1.147103903996868,48.15545946698592,-121.74348850527136,270.6726104207241,323.58114169049577,17,transition,False,5,5,4,9.189736204619408e-22,0.00046914710936867205,0.00046914710984780343,2.2009901067854695e-07,2.929809271171557,0.021008165869185677,0.14202789423973067,0.0027253854929428006,2.9298845896171395,0.14205404066149355,0.0039972974116259915,1.597838659699185e-05,CALIBRATED,0.007902656123773312,0.007777012008942153,-0.010485048566079389,-0.015371303679809257,0.0,0.0,0.019008690874698298,0.02509980129981782,-0.03267899262535461,-0.044023294953442954,0.0,0.0
20365542,68,26,80,3.914951262834972,41.459746639002795,-131.15364030345154,268.5555721538999,335.130320325343,18,transition,False,5,5,4,1.9547395838671874e-21,0.00014672436426123694,0.00014672436391859465,2.15280389673162e-08,1.327526468959716,0.002147570664564802,0.13484394103984193,0.011322020067505592,1.3275282060462636,0.13531842658546311,0.0002582796577915308,6.670838162891026e-08,CALIBRATED,-0.003874954004395386,0.01146174872275007,0.00017698489881639505,0.0005532521527684082,0.0,0.0,-0.005162646612177236,0.015215116778056441,-7.197833327370935e-05,0.00034896747549053523,0.0,0.0
20365542,69,27,30,2.859939309130727,-78.11551601865719,127.79864850144453,186.13211043418175,293.2967919005416,15,transition,False,3,3,2,1.1274498867060166e-10,0.0008772786880624152,0.0008769260826374337,7.689993544098351e-07,1.5372790639100777,0.003813939245816229,0.20025058290247036,0.005530662620266639,1.537283795032269,0.20032694322481526,0.0020517809121658524,4.209804911528137e-06,CALIBRATED,-0.01659860092181996,0.0011575706828772698,0.023802765979580427,-0.00578799550026285,0.0,0.0,-0.022903834727818317,0.003939862356767232,0.03814962381883169,-0.007501930019534604,0.0,0.0
20365542,70,27,67,2.658273213202925,-63.921285494218125,125.53315103508663,194.0785385783745,293.92424651759956,15,transition,False,3,3,3,1.529557904679527e-11,0.0008649216026966761,0.000865054401743031,7.483191179749933e-07,1.59910880977787,0.004352811672933536,0.19905252784233277,0.004989817242913498,1.5991147339946115,0.1991150599943167,0.002184845783306871,4.773551096833815e-06,CALIBRATED,0.0169797783875176,0.015364904974373858,0.01100108211088967,0.014820169201859539,0.0,0.0,0.02407083848469069,0.02530527999026614,0.020866507901554417,0.023014607764622184,0.0,0.0
20365542,71,28,34,2.1712502882239946,-57.09061001296337,172.87044992474858,234.3794194837172,320.62200531766683,17,transition,False,4,3,4,1.6846397077393098e-16,0.0005483720067163946,0.000548372104849994,3.007119653776128e-07,1.8044736979501035,0.006312219514844926,0.18770451003400448,0.003975794836810846,1.8044847382865072,0.18774661123889852,0.0017609227754786796,3.1008490211995363e-06,CALIBRATED,0.003780375692840705,-0.00089546321488144,0.02142347374990022,0.00862054421652738,0.0,0.0,0.0030384313611297063,0.000769209410346107,0.038856338674134225,0.015533318128023997,0.0,0.0
20365542,72,28,82,4.529912486201457,-46.3429287085942,166.1125522198289,235.898381684407,312.26193410062785,17,transition,False,3,3,3,1.050498318620057e-16,0.0001121219142787003,0.00011212185689102097,1.2571310792690586e-08,1.2594754895463018,0.001663644486333492,-0.07730219286820403,0.02707399338625276,1.2594765883020111,0.08190622772483099,0.00017366327192248256,3.015893201482212e-08,CALIBRATED,-0.0027995626539099503,0.00949941450687463,0.0006865663145813411,0.003684298652405322,0.0,0.0,-0.0027785302782432656,0.012000112579859758,-0.0011785684997057996,0.004533355906782611,-0.0,0.0
20365542,73,29,60,4.033252708975869,-8.48764066625,125.19986550554333,236.0217579410069,268.1000514977314,13,transition,False,2,2,2,1.0108278068309587e-16,0.0003007350865411215,0.00030073496871113305,9.044152140568617e-08,1.3087233985055151,0.002004633068592097,0.1157606826880848,0.012782303147427893,1.3087249337999047,0.11646425601945089,0.0005119595582103541,2.62102589242941e-07,CALIBRATED,-0.005859855093339091,-0.0013000612367806252,0.016264833713965147,0.0004026065497282926,0.0,0.0,-0.0067855598663640075,-0.00044323842889319536,0.021559405050615422,0.0009546355686829557,0.0,0.0
20365542,74,30,41,2.8137975050905837,-85.16033131549025,148.99346476816737,198.5004534478388,315.63173446027594,16,transition,False,2,2,2,4.854119446924972e-12,0.0007292531699794606,0.0007292476468610927,5.31802130452441e-07,1.551425894117496,0.003937234863854003,0.19997646433256477,0.005406915585332317,1.5514308901000537,0.20004954642063164,0.0017408704603788484,3.0306299598196634e-06,CALIBRATED,-0.0012523256279321695,-0.0017781915756373337,0.0269167518530354,7.636612576917728e-05,0.0,0.0,-0.004253227538780071,-0.0003986235965158352,0.04150161768337772,0.000487180431936916,0.0,0.0
20365542,75,31,33,3.6962117901060445,81.38303837866059,135.984532921038,318.21420177141283,343.8970153474842,17,transition,False,3,3,3,8.403165830224188e-30,0.00017656721537275363,0.0001765672153727665,3.1175981544492913e-08,1.367406289945461,0.002456478832546248,0.15067978018886966,0.010027269047946649,1.3674084964159996,0.15101305335078152,0.00032883326912439324,1.0813131888303563e-07,CALIBRATED,0.0022210382956688057,0.004933927864738597,0.0030914226956736623,0.011735998713538141,0.0,0.0,0.002230400287870542,0.0072385551435010746,0.004564924218069302,0.015831088718026905,0.0,0.0
20365542,76,31,198,3.3971938424279777,65.76103125660455,130.04689715050944,301.6380053266361,338.33706596460627,17,transition,False,3,3,2,7.494010619937912e-27,9.300486745023159e-05,9.300486744928172e-05,8.649905369258462e-09,1.4219222036767882,0.0028787578353180604,0.1723274511054506,0.008257337961469265,1.4219251177736922,0.17252516927889505,0.00018204119560879904,3.3138996898681035e-08,CALIBRATED,-0.005486244508224247,0.0063564743079806835,0.0014917108423110742,-0.004502890380652641,0.0,0.0,-0.007351693569774228,0.009784445301055837,0.0031679611253613823,-0.004714069338033189,0.0,0.0
20365542,77,32,43,3.0435401802580166,71.55955844490923,-159.5401606723746,308.3140660008773,368.039774487246,19,transition,False,3,3,2,5.075407779130289e-28,0.00021454959729106407,0.00021454959729118843,4.603152969781113e-08,1.48639911112444,0.003378194464280934,0.19793052328405272,0.006164010068004169,1.4864029499934948,0.19802648072320378,0.00047190231876745965,2.226917984581051e-07,CALIBRATED,0.002759497450940814,0.007382286271705082,-0.002557613142667872,-0.012078710010778749,0.0,0.0,0.0030312302302848196,0.011237125147051427,-0.0044236298125942,-0.017800912329684098,0.0,0.0
20365542,78,32,52,1.0279155898312666,55.016510349553485,-151.51771079807102,289.9468559731788,355.1120537065029,19,transition,False,3,3,3,7.255057918024063e-25,0.0001878938159567707,0.00018789381594385568,3.530408606994351e-08,3.1425588351952527,0.024096622539834713,0.13612621077612855,0.0026186104866083295,3.1426512182998563,0.13615139507602392,0.0017716403146686602,3.138709404559269e-06,CALIBRATED,-0.007581318095151566,0.010585325966964826,0.0002812856876546254,0.00427658560290846,0.0,0.0,-0.023350890088311576,0.03430882018408208,-0.0036445194260453745,0.005999881872316547,0.0,0.0
20365542,79,33,36,2.2963439232954492,90.23973959541946,157.18917280690894,336.2891220778046,366.8769611509975,18,transition,False,3,3,3,3.3696642429697554e-33,0.00020249841071620856,0.00020249841071620872,4.1005606342590354e-08,1.7447943098404848,0.005727566308134952,0.1916647974640352,0.004200127122181616,1.7448037106412708,0.19171081256614644,0.0006146015500012678,3.777350652639609e-07,CALIBRATED,0.0016546934369191984,0.004336842465004523,0.0027750104947646395,0.013162504113340473,0.0,0.0,0.0020156035776912307,0.00835210635836142,0.005082023906946004,0.02269260330166449,0.0,0.0
20365542,80,33,48,2.5350617380613443,97.50495008598878,148.3034127161351,338.2450167105542,364.1866884967722,18,transition,False,3,3,3,1.4085163858966887e-33,0.0001444755769555253,0.00014447557695552502,2.0873192336631834e-08,1.6368847887343283,0.004682045331932009,0.19832055487195685,0.004659378175004719,1.6368914848389666,0.19837528144831593,0.00038420073690012356,1.4761020623459797e-07,CALIBRATED,-0.004238770266778517,0.011186121302743275,-0.0010144011349412943,0.0005916790673517971,0.0,0.0,-0.0070739495364321395,0.01809869397908466,-0.0010682216426549105,0.0023358410968521417,0.0,0.0
20365542,81,34,46,3.097150601364138,-49.82699623144926,193.45940899292225,255.22603984304894,339.79955039195943,17,transition,False,4,4,3,1.976107607686338e-19,0.00019190324922429083,0.00019190325359575247,3.682685874063568e-08,1.4766250453373655,0.0033024847774923557,0.19404934905081195,0.006481338013071286,1.4766287383507348,0.19415755872353654,0.0004159651743165367,1.7302702624418675e-07,CALIBRATED,0.004916900262359902,0.00668947359466489,0.005279910795348903,0.009751965464725402,0.0,0.0,0.0061029518742193286,0.00988816464941212,0.008541901511708173,0.014421486440998155,0.0,0.0
20365542,82,34,82,5.391481627541605,-45.60531683285474,177.1736106482315,244.87057322021917,322.9754663257034,16,transition,False,4,4,3,6.064791616957541e-18,0.00021040480734744348,0.00021040474622026584,4.427015723201447e-08,1.1886797297833331,0.0011847730987827217,-4.411011694331944,6.07255794038578,1.18868032022284,7.50553023489184,0.0003069926927977717,9.424451343122703e-08,CALIBRATED,-0.012410702464253635,0.0014620426625397778,0.00730715746424479,-0.0009203757980737423,0.0,0.0,-0.013498529578643746,0.0003677940898813884,0.01068377727042527,-0.003240991014434361,-0.0,0.0
20365542,83,34,86,2.8990442182200837,-61.58976046830236,194.1132506802187,249.04247848436265,342.33603163146637,18,transition,False,4,4,3,1.5529362323843857e-18,0.0005112960575149005,0.0005112960317838731,2.614236321179354e-07,1.5252897080391552,0.0037094469305550297,0.20048289678743544,0.005635537508707803,1.525294218649865,0.2005620881106236,0.0011886977713898988,1.4130023917073123e-06,CALIBRATED,-0.010324054621653072,-0.0017868606271172524,0.019921732640293746,0.0021544432368734725,0.0,0.0,-0.015658071222817965,-0.0020527735778361647,0.030420841112334666,0.003725737997670474,0.0,0.0
20365542,84,35,75,2.058932653464776,64.839146320494,22.00112853471706,266.90810128466364,255.3702724928119,13,transition,False,3,3,2,3.502593841638609e-21,0.0006236295690338119,0.0006236295699445414,3.889138405092137e-07,1.858057940765663,0.006837161213873397,0.1841486926908308,0.003774373943744764,1.8580705201944838,0.184187369052303,0.00214736000153503,4.611154976192524e-06,CALIBRATED,0.007694216949275616,0.021701187523544697,-0.0035053386175553894,-0.009011085213571335,0.0,0.0,0.014533836577713307,0.040998344941794926,-0.005384305701728755,-0.015042358857947852,0.0,0.0
20365542,85,36,38,2.8103119390231157,101.82983878431801,176.05212864973467,355.9867034253427,389.0161007534504,19,transition,False,3,3,2,4.093952602141097e-37,0.0001287897469058654,0.0001287897469058654,1.6586798908076865e-08,1.5524945500220269,0.003946548652758443,0.19995575733149273,0.005397567696256684,1.5524995662139052,0.20002859452349928,0.0003081728981448354,9.497053515098711e-08,CALIBRATED,-0.0002490327085530489,0.007767381975366277,-0.0016594899654837117,0.008101950377480108,0.0,0.0,-0.0013518975139666992,0.011794371054623953,-0.0017537134877825956,0.012812594260538499,0.0,0.0
20365542,86,36,48,2.9556107183466125,101.39871309014467,158.74948124711534,346.72861192116267,375.33486045841994,19,transition,False,3,3,3,3.0213322447974726e-35,4.841916707884977e-05,4.841916707884972e-05,2.344415740609565e-09,1.5079467217956677,0.003558295458729905,0.20081894624284377,0.005787242384858287,1.507950920037145,0.2009023179172089,0.00010850304223799561,1.177291017490026e-08,CALIBRATED,-0.003833751023524412,-0.002042207044966446,0.005278685876111228,0.0012986092465820881,0.0,0.0,-0.006150299202611861,-0.0023244551371632083,0.007647542311346312,0.0026055454069793178,0.0,0.0
20365542,87,37,39,4.364366881074467,-122.09916774809359,125.44477206737787,158.81420821301455,311.2252022374227,15,transition,False,3,2,3,5.725955970745801e-08,0.000995525983083736,0.000985325981219777,9.708672892667166e-07,1.2758907002473465,0.0017773020921632377,-0.012950876278687379,0.022310316887040035,1.2758919381281437,0.02579681057778289,0.0016022668983066554,2.56725921340923e-06,CALIBRATED,-0.02119343702791191,0.011759523613336657,0.016829373127007632,-0.010707474618370126,0.0,0.0,-0.026328627149568597,0.01542279686167288,0.022355686067728964,-0.013093163411887026,0.0,0.0
20365542,88,38,44,3.7023083596662367,120.96075745541651,187.58352695961833,378.3209367647082,411.3536296271055,20,transition,False,3,2,3,7.999108842390588e-42,7.446824091736172e-05,7.446824091736172e-05,5.545518905326227e-09,1.366294784556633,0.002447869137595834,0.15023841360006152,0.010063355537300369,1.3662969773698435,0.15057507112976326,0.0001377492761491717,1.8974863079620762e-08,CALIBRATED,-0.005333434583410206,0.006513874232123858,-0.0016469798743385014,0.0009378785867277695,0.0,0.0,-0.0073645093690006755,0.008629305094885933,-0.0020266904675687457,0.0022228129096067964,0.0,0.0
20365542,89,39,59,2.4577994246449535,-141.53348868645435,138.14139216232172,162.0507366717995,334.4393572332553,16,transition,False,3,3,3,2.881772434392624e-08,0.001258568263025698,0.0012500823944134368,1.5627059928224315e-06,1.6677674849187674,0.0049729677504142915,0.1967762501141921,0.004489667685798052,1.6677748991277321,0.19682746181600774,0.003476219893284159,1.2084104746464528e-05,CALIBRATED,-0.024909161405690626,0.020007508817164243,0.011411520755587896,-0.009954539540057655,0.0,0.0,-0.041402193141943607,0.033500833262481614,0.019586482419429355,-0.01600444230437746,0.0,0.0
20365542,90,39,169,4.354962995974454,-132.8251308051223,145.4160145801825,172.05662204932622,333.8944944849985,16,transition,False,3,3,3,3.160455899421629e-09,0.00020570087305603823,0.00020552541999406586,4.2240698263737165e-08,1.2768231729348982,0.0017837584584626974,-0.009295373695105053,0.022039714315513794,1.2768244189150595,0.02391971946409729,0.00033499402609006243,1.1222099751602942e-07,CALIBRATED,-0.0015323634236382585,0.0005064648907804352,0.013957399511739837,-0.0028481177145709465,0.0,0.0,-0.0021170075878872946,0.00043250306476156155,0.017807287397106648,-0.003636724022895969,0.0,0.0
20365542,91,40,54,1.7222776605996302,57.1281809095157,-42.65503667303247,258.575997451694,261.79837190503554,13,transition,False,4,3,4,6.332662289106628e-20,0.000861103319934098,0.0008611033255585864,7.414989372880568e-07,2.1159725315210327,0.009751614258669699,0.16962926947831333,0.0033203357754573387,2.115995001915689,0.16966176261434993,0.003839203887858915,1.4739486492551009e-05,CALIBRATED,0.011175318474427801,0.02706633373130416,0.0014917059565962667,0.0011848941887025828,0.0,0.0,0.023381489943828913,0.05737960078144248,0.00023991869775343044,0.00018349127035138156,0.0,0.0
20365542,92,41,50,1.664322262979379,-91.49748077338812,169.89892457247737,212.612629528425,337.4765899846633,17,transition,False,2,2,2,1.0476797471134577e-13,0.0009352307384241686,0.0009352217945370724,8.74639804977142e-07,2.1639272628808195,0.010302327394304391,0.16698868194811112,0.003247641020194145,2.163951787122027,0.16702025946262766,0.0043625874922086855,1.903216962717567e-05,CALIBRATED,-0.013815829053405003,0.0004962171373845832,0.026833796056069083,-0.004903653727377128,0.0,0.0,-0.030574433058621973,0.0042106358587041945,0.05775982044543133,-0.00859448795039337,0.0,0.0
20365542,93,42,100,3.4981098688866332,-64.67356700934988,38.25195552235711,144.50688184500024,198.95050711404892,10,source,False,2,2,2,1.0091128872516794e-06,0.006231593847131428,0.006373256350013671,4.061839650298958e-05,1.403523544214208,0.0027362422460446853,0.16502154539661348,0.008854674722489547,1.4035262114350557,0.1652589353394474,0.012516894026491499,0.00015667263607041857,CALIBRATED,0.07101297508379867,0.034035800436175705,-0.012542832424997206,-0.0038282323843677173,0.0,0.0,0.10019415535782765,0.04795311339317086,-0.012174175265147752,-0.0055057816101040215,0.0,0.0
20365542,94,43,45,3.2952698442830908,80.74889170520402,-180.52054473291764,326.67059428719733,390.94436706377195,20,transition,False,2,2,2,2.283342958609059e-31,0.00015658055841704808,0.00015658055841704958,2.4517471274195075e-08,1.4405046330365163,0.0030226969019505347,0.1797063298231864,0.007654034868208384,1.4405078043857413,0.1798692559285316,0.0003235874157350413,1.0470881562208246e-07,CALIBRATED,0.0015591653005417178,0.0025580279207151413,-0.0035173020138111757,-0.011629043025250094,0.0,0.0,0.0015177326081436157,0.004355990724781859,-0.005225001789870925,-0.016583383387194513,0.0,0.0
20365542,95,44,47,2.761739171954993,133.46226448402777,202.02878658932957,396.62078157936486,430.4573780487159,21,transition,False,3,3,3,6.7774144452720025e-46,8.424548829194298e-05,8.424548829194298e-05,7.097302297547901e-09,1.5673867004853983,0.004076340052554141,0.19966719693117793,0.005267301096840538,1.5673920011939348,0.19973666161022763,0.00020577956778802716,4.234523051902727e-08,CALIBRATED,0.0005927932987480916,0.0005202423006356159,-0.000250195796661732,0.00914116154593411,0.0,0.0,9.182939195654611e-05,0.0012801894535957796,-0.00035077334285378033,0.014283179204072368,0.0,0.0
20365542,96,44,53,3.0773199664053266,143.1880054065652,194.77958746403635,401.02096655882383,434.71671671475485,21,transition,False,4,3,4,6.657012842434176e-47,6.44554452004686e-05,6.44554452004686e-05,4.154504415990611e-09,1.4802404978312604,0.0033304899886168553,0.19548500554898773,0.00636395757637598,1.4802442445702337,0.19558856651277368,0.00014060568611124854,1.976995896681495e-08,CALIBRATED,-0.005839263974542895,0.004780368625653805,-0.0024252443288994936,0.0012746400213706243,0.0,0.0,-0.00875219609940432,0.006830220449703394,-0.0033489084689697617,0.002477428147038076,0.0,0.0
20365542,97,45,49,1.5128885218542756,90.27526645474109,-200.3356042532749,345.21972667589904,412.930462662216,21,transition,False,2,2,2,6.02545208767861e-35,0.00019547211268031484,0.00019547211268031484,3.82093468357057e-08,2.289229903750362,0.011741305536812328,0.16008899589838427,0.003057694281810754,2.289260013733826,0.16011819416316783,0.0010128724734895544,1.025910647552848e-06,CALIBRATED,0.0007782039670630264,0.009098036220865044,0.0009720543886866079,-0.010542644756190215,0.0,0.0,-0.0003669560854372241,0.019355537328040934,0.00079839688902051,-0.025248040594694304,0.0,0.0
20365542,98,46,56,1.7258796267316292,-37.797256268363896,212.3527956737548,277.5859764870997,362.1976463791391,18,transition,False,3,3,3,7.498332887775464e-23,0.0002390059038194708,0.000239005903886207,5.7123822092462817e-08,2.1129921133836422,0.009717387074585814,0.169793383732428,0.003324853802374309,2.1130144577908188,0.16982593386204214,0.001041125994375002,1.0839433361633367e-06,CALIBRATED,0.0038534442541537303,0.007320629987795497,0.0018032917316807456,0.012934967598667487,0.0,0.0,0.004034619238211333,0.015898123982376184,0.006056767743779995,0.02711850033310394,0.0,0.0
20365542,99,46,86,3.561844702300945,-55.0637585625277,203.64115131998972,260.5901980634664,351.24907250106946,18,transition,False,3,3,3,3.1719470502871884e-20,0.00018940074103371206,0.0001894007366853478,3.587263905695246e-08,1.3919036307371881,0.00264623466588097,0.160407405307733,0.00923193054886188,1.391906146195667,0.16067284841944623,0.00036565586940837363,1.3370421483279358e-07,CALIBRATED,-0.012207674757738334,0.0062559372258229745,0.00029094037760362247,-0.0010733204637331376,0.0,0.0,-0.01698174362989476,0.008724731454482233,0.000888461861632002,-0.000604937405436423,0.0,0.0
20365542,100,47,53,4.260331774357162,144.25492994882063,206.1103360957094,407.9090167112437,441.99603803191854,22,transition,False,4,3,4,1.6725039516283315e-48,3.516972457398763e-05,3.516972457398763e-05,1.2369095266101493e-09,1.286206638237728,0.0018487288216294806,0.027489919981979596,0.019316642771788555,1.2862079668720192,0.033598041439770444,5.8169531292926366e-05,3.3836943708387398e-09,CALIBRATED,-0.003644729967882484,-0.003073158638067938,0.002763890058053648,0.0021914095389651837,0.0,0.0,-0.004709859516909908,-0.0038992257551126314,0.003513766132054193,0.002904520735645517,0.0,0.0
20365542,101,47,87,2.564509771715283,139.50117131535984,223.4871542613579,413.5960416385774,452.7493034672494,22,transition,False,3,3,3,7.618804770952785e-50,7.690655460935495e-05,7.690655460935495e-05,5.914618141881696e-09,1.6278561791966046,0.004603357175175054,0.19849549932936744,0.004738354429295744,1.6278626880194318,0.1985520467200289,0.00020154644532183159,4.062096962186605e-08,CALIBRATED,-0.0004421701339865347,0.004293237387207931,-0.0023869150249358744,0.00725133019402514,0.0,0.0,-0.0015800139084739746,0.0061422027373891795,-0.0035063246971342435,0.012207744837681353,0.0,0.0
20365542,102,48,57,4.3440302170887755,119.17422532788757,156.00306224362384,360.98001795648304,387.18325546567706,19,transition,False,3,3,2,3.8386747026126554e-38,0.00010452179874974164,0.00010452179874974164,1.0924806413881493e-08,1.2779072480380618,0.0017912645077610705,-0.005045555557463943,0.02172511688594843,1.2779085034605369,0.022303325639724154,0.00017045038590112778,2.905333405384338e-08,CALIBRATED,-0.0032517862732738536,0.008161811300864266,-0.0023334641947687705,0.004678404206939145,0.0,0.0,-0.004413381511776525,0.010378183208476081,-0.0025738451056196085,0.006053187936634714,-0.0,0.0
20365542,103,49,58,1.200021781606715,99.49087793961137,-219.1492942512832,363.32719402450243,433.87998357275785,22,transition,False,2,2,2,1.247460171190738e-38,0.00020475449846900283,0.00020475449846900283,4.1924404643292885e-08,2.835351559697327,0.019636936036421675,0.14464815584343987,0.0027727920424569378,2.835419559136701,0.14467472953013868,0.0016377990377368294,2.6823856880116845e-06,CALIBRATED,0.001273224946168203,0.0036001328647865586,-0.0008271012500772963,-0.013765476511311265,0.0,0.0,0.0008867218710025179,0.010315842624909905,-0.0027762093487230274,-0.0390242080592351,0.0,0.0
20365542,104,50,110,3.656093572630489,-101.25103549864284,190.33181654052532,226.01555286907444,360.1180321639163,18,transition,False,2,2,2,2.1487196883412267e-15,0.00041224859361498913,0.00041224792336145666,1.6994835031583345e-07,1.3747205040250343,0.0025131345650870906,0.1535841743110769,0.009789803434944401,1.3747228011610875,0.1538958701528735,0.000777240182368066,6.041023010875444e-07,CALIBRATED,-0.007229659475057912,0.00020705268074579586,0.01887586710883494,-0.001907542217923703,0.0,0.0,-0.010856599372670557,0.0009044634043379378,0.025559046982511907,-0.0023003251347055043,0.0,0.0
20365542,105,51,77,3.083429866692576,74.17780951636118,-80.59523441958123,282.12497699190675,304.9310578896901,15,transition,False,3,3,2,1.3979300149430637e-23,0.0002988986131794159,0.00029889861321853435,8.9340380983963e-08,1.479126562030573,0.0033218614677525734,0.19504267387030902,0.006400122972258246,1.4791302921879441,0.19514765231623915,0.0006523949079599246,4.256191159320385e-07,CALIBRATED,0.005231283629794021,0.01129637311264805,-0.0040501993262519,-0.011292480893083427,0.0,0.0,0.007196320792469756,0.017266514017768818,-0.006497931924352133,-0.016132335521940717,0.0,0.0
20365542,106,52,90,4.774667211859271,47.3552459653273,-165.31306779926066,290.2305928276079,367.2296253958493,19,transition,False,3,3,2,6.506884073167901e-25,0.00012492907292284736,0.00012492907292600478,1.560727326215102e-08,1.2352060419299344,0.0014956047723680027,-0.172443884038466,0.03411696099504549,1.2352069473792033,0.1757864049629816,0.00019012614016784908,3.614794917512459e-08,CALIBRATED,0.001957115197411248,0.0013444021563958442,-0.007275969370577678,-0.00814565071620189,0.0,0.0,0.0019962807492877304,0.0023221420281635844,-0.009069219099380606,-0.009924612066289475,0.0,0.0
20365542,107,53,71,3.456651620578299,162.1944210564082,207.23299066060238,423.7306299055347,457.43963657622595,22,transition,False,4,4,2,2.7877558617637143e-52,4.742125982157973e-05,4.742125982157973e-05,2.248775883065772e-09,1.4110820680612863,0.002794790396375642,0.16802295224568653,0.00860927727045827,1.4110848357407417,0.16824337174603904,9.350673856900997e-05,8.743510157813176e-09,CALIBRATED,-0.002758118396143031,0.003963433723865621,-0.0035451008549998056,0.0033966889434920993,0.0,0.0,-0.004360930448507937,0.005187562178923297,-0.00456264712364176,0.005173052682625075,0.0,0.0
20365542,108,53,88,1.0246257886336956,161.18105204323007,191.20194423437857,414.7385566670834,447.72475801420785,22,transition,False,4,4,3,4.0751623754997786e-50,7.320159073896295e-05,7.320159073896295e-05,5.358472886714626e-09,3.1484310868115934,0.02418186922299218,0.13596331422488386,0.002615663313924758,3.1485239511874052,0.13598847197312836,0.0006796655237912793,4.619452242304741e-07,CALIBRATED,-0.003275320314416419,-0.004562196785566602,0.0058348320004811645,0.0027595223486793527,0.0,0.0,-0.013758447827762177,-0.011321153203947568,0.014960241441025708,0.011764068315042647,0.0,0.0
20365542,109,54,81,4.266772869351055,66.50490208624971,-30.617418676454033,266.8332547584749,262.31699367822523,14,transition,False,4,4,3,3.596338146530762e-21,6.791373954447221e-05,6.791373952692295e-05,4.612276016530736e-09,1.285567950600028,0.00184430659951512,0.02498612084568018,0.01950198923766462,1.285569273542577,0.03169595903488204,0.00010714643663996452,1.1480358884641932e-08,CALIBRATED,-0.000146318293343812,-0.0008059158785093168,-0.005271039707451414,-0.00628163756381988,0.0,0.0,0.0008293564110951091,0.0009120274617596836,-0.006639458125221356,-0.007845024301795902,0.0,0.0
20365542,110,54,84,5.741121825105207,77.44698327561795,-33.93017422486339,277.98134204497177,273.7495563864829,15,transition,False,4,4,3,6.484768572303379e-23,7.533584857872473e-05,7.533584859321707e-05,5.675490083260126e-09,1.1670816603298448,0.001045333476228661,-8.118332598852698,11.45982122512068,1.1670821284726896,14.044031710919796,0.00012841918504050877,1.6491487086468434e-08,CALIBRATED,0.0008998327911168216,0.006409922364039653,0.00035831952399242243,0.005771538091961113,0.0,0.0,-0.001969251797763478,0.009508384982893966,0.003676194483639951,0.0045406432950679775,0.0,0.0
20365542,111,54,104,1.7163661061843705,77.09518612100806,-48.5743296847762,279.1120376523738,282.6243011009836,14,transition,False,4,4,3,4.2758859147646763e-23,0.0006307573158058844,0.0006307573159046759,3.9785479156727114e-07,2.1208640000561996,0.009807787985400636,0.1693599248182123,0.0033129207801490816,2.1208866776514843,0.16939232443805138,0.0028285580848417227,8.000740839323474e-06,CALIBRATED,0.007554004465973619,0.01891650830709434,-0.004664529703372888,-0.0139320568670498,0.0,0.0,0.015614750012634704,0.04165912232352936,-0.010096023799914847,-0.027337254755176447,0.0,0.0
20365542,112,55,81,2.919116790091124,53.677605231417424,-16.94405891313138,253.458996498842,243.5686521030554,13,transition,False,3,3,3,3.5802129556033323e-19,0.0008083022878420637,0.0008083023050691943,6.533526163801729e-07,1.5191355649146523,0.0036558109662504176,0.20060214363549603,0.005689369848041269,1.5191399637763405,0.2006828068381145,0.0018650490272164254,3.478407873920935e-06,CALIBRATED,0.014395559098701742,0.02423141815148977,-0.0017206449414246352,-0.0033087669392360985,0.0,0.0,0.021715253935554926,0.03683089077396076,-0.0030535761908950633,-0.00525908081072749,0.0,0.0
20365542,113,56,68,4.59857505363793,-30.197060132343946,233.8375777831356,299.53681464198087,384.9870922608086,19,transition,False,3,3,3,1.7275103937890745e-26,0.00011681724215861791,0.00011681724215879149,1.3646268065585731e-08,1.2526670302647658,0.0016165032588815976,-0.10399288400170792,0.02904980095071106,1.2526680732720594,0.1079741212433267,0.0001831506458486033,3.354415907476051e-08,CALIBRATED,0.0006603309315445908,0.0015604709985357354,0.005675752455678916,0.00904057351854519,0.0,0.0,0.001248223480946414,0.0019517515756264205,0.007021942334909317,0.011334706684447788,0.0,0.0
20365542,114,56,199,2.7051746311956357,-21.860703326778182,226.19462088301196,298.1654518251557,383.3061717843774,19,transition,False,3,3,2,2.970141711672154e-26,0.00010627254007992936,0.00010627254007808103,1.1293852774647339e-08,1.584729085997396,0.004227486288749853,0.1993311591159501,0.005115601475488449,1.584734724692579,0.1993967912805124,0.0002634965073262345,6.943040937312436e-08,CALIBRATED,-0.005362387616442698,0.0077377736915688715,-0.003327508103050224,0.0025635692405906975,0.0,0.0,-0.00904629832496012,0.011860205089775915,-0.004082220116360287,0.004932748533231254,0.0,0.0
20365542,115,57,63,2.4136877388542928,140.42284910985342,165.34892627497055,384.13482143982924,410.39638078563223,20,transition,False,2,2,2,4.2678860738946635e-43,0.00012592517567375645,0.00012592517567375645,1.5857149868466423e-08,1.6888121880722624,0.005179133623971016,0.1953797365773169,0.004410561540394861,1.6888201295598406,0.19542951291481883,0.0003571927708444635,1.275866755435454e-07,CALIBRATED,-0.006633760300140306,0.008626057543378538,-0.002134599725073267,0.0017184339458001293,0.0,0.0,-0.011310609889030425,0.014182366597930332,-0.0034036640102829254,0.00406674609112069,0.0,0.0
20365542,116,58,69,5.065255570931221,106.1451458214242,-241.29278868358313,381.6405116542727,457.001696889816,23,transition,False,2,2,2,1.5089242149704136e-42,6.602762444932791e-05,6.602762444932791e-05,4.359647190421485e-09,1.2088314545486958,0.0013148749535409317,-0.9519566780646985,1.0460602163039352,1.208832169658989,1.4143774224180092,9.649564572384126e-05,9.311409643661084e-09,CALIBRATED,-3.211156273507171e-05,0.002667071383669542,0.00035535559562719575,-0.0076672710876774216,0.0,0.0,-0.00032650931783492965,0.0030620698937332456,0.0003454116107094139,-0.009321665954875654,-0.0,0.0
20365542,117,59,73,1.4241893018547778,-160.31510213662727,149.29336046958537,167.10398228426828,356.2823286638535,17,transition,False,3,3,2,9.595443837299619e-09,0.0011861072948696227,0.0011823354930955154,1.3979172182334156e-06,2.435215501603701,0.013828214954159783,0.15574794995149768,0.002973612807160543,2.435254762602834,0.15577633416928624,0.006980253399467206,4.872393752077349e-05,CALIBRATED,-0.019203486314631153,0.01797188310261324,0.016133069335144995,-0.015175542759081093,0.0,0.0,-0.04925554201289706,0.045661994540876424,0.036438895417645646,-0.03378363710102559,0.0,0.0
20365542,118,59,169,2.6941074565006886,-142.96782163023283,150.2341066896813,172.91421805670356,345.123394197321,17,transition,False,3,3,3,2.598971740707593e-09,0.0002789374006948949,0.00027830223493547577,7.745213397008075e-08,1.5881222225368568,0.004257058911067748,0.19926541140271298,0.005085920580211611,1.5881279281802134,0.1993303056979562,0.0006885435180094088,4.740921761927731e-07,CALIBRATED,-0.006204054605362408,0.009395905439646527,-0.007568563174122041,0.00970802522852623,0.0,0.0,-0.011522448892675747,0.01616677640642659,-0.010110294168675866,0.013863404414952752,0.0,0.0
20365542,119,62,64,2.148963700141657,92.08363661651057,-129.7408443152018,314.2855931382687,351.2651748121359,17,transition,False,3,3,3,4.3444344747087257e-29,0.00033092615157914653,0.0003309261515791557,1.0951211779899033e-07,1.8151061329180802,0.0064163808910933685,0.18699894819954072,0.003935827965316769,1.8151174738017832,0.1870403629420855,0.0010858165395106621,1.1789975574749093e-06,CALIBRATED,0.0006919628671204646,0.015205951190009016,0.0009040446211161493,-0.009920135619021365,0.0,0.0,0.0001238705503607064,0.02734611397111924,0.00017144333418486808,-0.018383738832433848,0.0,0.0
20365542,120,62,93,1.5054158887474962,89.04415903758668,-114.7193558317891,306.15638606869766,344.3633149855989,17,transition,False,3,3,2,1.219454917433911e-27,9.598568650200768e-05,9.59856865016239e-05,9.213252013188024e-09,2.295413074393654,0.011812313197507663,0.15974852473245713,0.003048321190482343,2.2954434675766686,0.15977760611636665,0.00044712594813798537,1.999216134982924e-07,CALIBRATED,-0.005495113058088672,-0.003560273798897408,-0.007254051107739589,0.000701863222881728,0.0,0.0,-0.011949482046834744,-0.0024079497125184183,-0.017092042382592074,-0.002529761317598593,0.0,0.0
20365542,121,63,88,2.8288557616558876,159.77130217987389,176.04910035868792,406.2398275890013,432.5064771586615,21,transition,False,3,2,3,4.1074950935314394e-48,9.562241903990323e-05,9.562241903990323e-05,9.143647023042847e-09,1.5468091132334247,0.0038969976627212673,0.20006592220793007,0.005447300105183675,1.5468140222317475,0.20014006672164736,0.00022731911605353015,5.167398052335831e-08,CALIBRATED,-0.0040761692784449036,0.005845162339226967,-0.004576604458304001,0.00488835677029407,0.0,0.0,-0.007014253201263346,0.008893629666319016,-0.006309494952436884,0.007694997913296718,0.0,0.0
20365542,122,64,85,2.543342153605291,102.46015646251465,-147.1433622872874,330.60922170623934,371.526462922305,18,transition,False,3,3,3,4.12322402454874e-32,0.00017998309909252288,0.00017998309909252326,3.239391595894905e-08,1.6343460576382236,0.004659919214990151,0.19836974704626273,0.004681585301338488,1.6343527009078223,0.19842498276208057,0.00047629138764945144,2.2685348594904003e-07,CALIBRATED,0.0009731158314678348,0.00012602171902970004,-0.004570547186612797,-0.012574989527325603,0.0,0.0,0.000901004855866416,0.0019376418455608565,-0.00748479441706139,-0.02038879531781647,0.0,0.0
20365542,123,64,105,4.032556381480937,112.64415338192642,-139.79207811685055,337.1123641847673,374.1510252572549,18,transition,False,3,3,3,2.3356398120325133e-33,0.00013168488849862843,0.0001316848884986281,1.7340909858896114e-08,1.3087924451137742,0.002005111141784597,0.11603136091625031,0.012762265895935657,1.308793981059503,0.11673111044993834,0.0002254251920270417,5.081651720042862e-08,CALIBRATED,-0.0034645172200077515,0.010371947990347114,0.0012902455401476185,-0.0032310942825243385,0.0,0.0,-0.004598179565186759,0.01346526151837257,0.0015681119456024929,-0.004528762952643269,0.0,0.0
20365542,124,65,130,2.5937194798616474,92.3625911299792,84.24129975466829,307.90328940444545,304.6699560326759,15,transition,False,3,3,3,6.000027233170183e-28,0.0002986163556457364,0.00029861635564590067,8.917172785923904e-08,1.61890063898419,0.004525305848541277,0.19866902794600919,0.004816691521865094,1.6189069637556204,0.19872740923745014,0.0007791652051062832,6.070984168483163e-07,CALIBRATED,0.003353338655332595,0.009173270903769098,0.004080568447148508,0.013659119209625202,0.0,0.0,0.005230556208213781,0.016155078368506794,0.0066661475946388484,0.021127763866838675,0.0,0.0
20365542,125,66,80,3.0983572696944606,36.200341477217705,-121.98092760622843,259.86672006900034,326.26187175314055,17,transition,False,4,4,4,4.068592432402762e-20,0.00018114530759273087,0.00018114530450205423,3.281362134314195e-08,1.4764050497581402,0.0033007806968404696,0.19396199122121305,0.006488480459889244,1.4764087395110288,0.19407048826953646,0.0003906316023418641,1.5259304874817225e-07,CALIBRATED,-0.0076612825171812355,0.0015423581416925387,-0.010005646085564973,0.004467463762266061,0.0,0.0,-0.01085145705319692,0.0036439503064736784,-0.015117849955922764,0.0055722276549548385,0.0,0.0
20365542,126,68,96,1.4711965962009401,-28.796488598851248,256.66989456152373,319.3687526819234,407.8623253763223,20,transition,False,3,3,3,5.1650578393008404e-30,0.0003180551151049016,0.00031805511510490676,1.0115905624439549e-07,2.3513081030630656,0.012610142588517852,0.15807554535087526,0.003015724352966989,2.3513419171243757,0.15810430933832798,0.0017379453649596626,3.0204540915847748e-06,CALIBRATED,0.0011424633385083564,-0.0007229225354461234,0.01214236827337003,0.012991927045156625,0.0,0.0,-0.001521210227204145,-0.001968113253546212,0.028112720205379152,0.0306827765575346,0.0,0.0
20365542,127,68,199,2.619428371809054,-19.764245248068946,238.31391695133124,309.1920491790367,395.60545931119634,20,transition,False,3,3,2,3.5464744307187236e-28,0.0002214536312723209,0.00022145363127194036,4.904171080352852e-08,1.6110184302850157,0.004456609060722489,0.1988217589638157,0.004885639826252382,1.6110245944995119,0.19888177722953276,0.0005731648804822899,3.2851798021827765e-07,CALIBRATED,-0.010103192147134439,-0.004660840062995301,0.00934809259154679,0.003204508467310917,0.0,0.0,-0.0163154057777692,-0.006801969197653292,0.014980499014315649,0.006024141358342194,0.0,0.0
20365542,128,69,72,3.172016218950649,113.41934043346302,-264.285725636845,401.4666493264806,481.1178544815736,24,transition,False,2,2,2,5.255130361178459e-47,7.911811788744729e-05,7.911811788744729e-05,6.259676578052007e-09,1.4629758059472842,0.0031967580858946842,0.18862938591794928,0.006924478583407067,1.4629792985717076,0.18875643998400346,0.00016883904285445734,2.8506622392009284e-08,CALIBRATED,-0.0001043220704794454,0.00283837663203382,0.0015641910105940087,-0.008282762786061148,0.0,0.0,-0.000589621058624402,0.0037404467120667993,0.00218645640419411,-0.012236006564579443,0.0,0.0
20365542,129,70,142,3.083829512160701,19.816024954083872,-97.23104609337514,235.137868972003,301.25397156686535,15,transition,False,3,3,2,1.3312392802167565e-16,0.00014425715311393753,0.00014425701004799814,2.0810084947988236e-08,1.479053700056793,0.0033212970805943693,0.19501374118033354,0.006402488532396348,1.479057429130454,0.1951188128001951,0.00030812531560493153,9.494121011663867e-08,CALIBRATED,-0.006199801562577807,0.004537453966790434,-0.005425019876002675,0.007469949228534931,0.0,0.0,-0.008134418336526884,0.008149312450007705,-0.008969916166686182,0.009751198105160105,0.0,0.0
20365542,130,71,74,4.580635973420076,169.8862469413319,227.88407524035918,441.249553662187,479.47668446754415,23,transition,False,3,2,3,1.2419961052218483e-56,3.183274549917591e-05,3.183274549917591e-05,1.0133236860153042e-09,1.254445837870882,0.0016288195804582712,-0.09701955825537772,0.02853359289562117,1.254446895330689,0.10112843619675761,4.986825530389022e-05,2.4868428870539755e-09,CALIBRATED,0.00043566779463033683,-0.00027724760079540745,-0.0013831917539170438,0.005445443362266008,0.0,0.0,3.9787037236953914e-05,-0.00027518767417715256,-0.0017655665508100197,0.0068318166540240165,-0.0,0.0
20365542,131,72,79,4.152210354431013,120.74019635360992,-286.78045866913675,421.45176572232793,504.7738885024662,25,transition,False,3,2,3,9.960848942446184e-52,5.55068869333255e-05,5.55068869333255e-05,3.0810144970289816e-09,1.2969277678504554,0.0019229610654772828,0.06951915850171211,0.016205382483310285,1.2969291934415017,0.07138296589674985,9.292533362316143e-05,8.635117628975856e-09,CALIBRATED,-0.0006458825057814136,0.0027881609789463155,0.002299517197730481,-0.0064829084317822895,0.0,0.0,-0.0010238646253035793,0.003050549680553105,0.0029314464373578096,-0.008601035012345487,0.0,0.0
20365542,132,73,194,3.134003794651271,-176.1902618566804,164.65122722573486,179.29646663537585,378.3704423777232,18,transition,False,2,2,1,5.879599517469019e-10,0.00034802700315827935,0.0003477091640834003,1.20901662787577e-07,1.4699060991283963,0.003250439976064576,0.19138132926571222,0.006699477469051642,1.4699096930134505,0.19149855401508725,0.0007431010088574507,5.52199109364961e-07,CALIBRATED,-0.006541830519313721,0.007738105055941477,0.010811171554735943,-0.011320508703113005,0.0,0.0,-0.011293757342670976,0.012399968934957095,0.01460289912925175,-0.01576541028249229,0.0,0.0
20365542,133,74,76,3.285394887273622,180.06675850064877,244.74700228462518,459.06693664358517,499.1715759514475,24,transition,False,3,3,2,3.076639406543703e-61,3.3994011829279527e-05,3.3994011829279527e-05,1.1555928402491964e-09,1.442305000902757,0.0030366425096665724,0.18042123614006916,0.00759558354940158,1.4423081975870597,0.18058104922656346,6.986495839937781e-05,4.881112412146792e-09,CALIBRATED,-0.00536378931754659,0.0003071629426221588,-0.0021939410390639023,-0.0005621829151117192,0.0,0.0,-0.007691126626917391,0.00010974985475816381,-0.0032700913656391684,-7.737595138572264e-05,0.0,0.0
20365542,134,74,87,5.738173560282753,156.91873812282097,236.8890397158215,435.5499620451329,474.7261587297053,23,transition,False,3,3,3,3.381097365909398e-55,1.60372253182864e-05,1.60372253182864e-05,2.571925959094863e-10,1.1672637813469542,0.001046509270479142,-8.087071422693576,11.414394300692773,1.1672642504703223,13.988892788474532,2.887740060436299e-05,8.339042656648641e-10,CALIBRATED,-0.003906475201665882,0.00028242053840344343,-0.0008311530941802179,7.810243644381419e-05,0.0,0.0,-0.0041018593083960555,-0.0002178556725735331,-0.0027123570617455127,0.0021558777548864893,0.0,0.0
20365542,135,75,78,4.055158927378741,86.9968965884333,20.65100364563902,288.7273120716588,277.56911782657806,14,transition,False,2,2,2,1.1568543508153596e-24,0.0003344707236147247,0.00033447072362265714,1.118706649606639e-07,1.3065512164625643,0.001989593053881081,0.10724524070675918,0.0134126680412125,1.3065527313202199,0.10808071668079594,0.0005704343537134152,3.2539535189644166e-07,CALIBRATED,0.003687541079918304,0.017414669104518023,0.000930250358095059,0.004091051045633827,0.0,0.0,0.004826549856716364,0.022887680846495066,0.000995006358298451,0.004722583827734044,0.0,0.0
20365542,136,76,118,1.3631949360163347,198.55567548090238,256.64282782984856,481.04579555528994,521.1568145561363,25,transition,False,2,2,2,3.589891372588915e-67,5.27398769027995e-05,5.27398769027995e-05,2.7814946157224447e-09,2.544089637720778,0.015408726075275336,0.15272777601278845,0.002918970925157597,2.5441363001218122,0.15275566751212338,0.0003358371942681587,1.1278662105390897e-07,CALIBRATED,-0.005059380519939707,0.0015715046831569666,-0.0049621621705280075,0.0002233053547289395,0.0,0.0,-0.013139715919403517,0.002424181809284389,-0.01236781505757426,0.002084599022043947,0.0,0.0
20365542,137,77,93,1.4929039043203325,88.91742130648369,-97.16268217618104,300.6630135683596,327.1061899274297,16,transition,False,2,2,2,1.1049232808451806e-26,0.00032212423130612933,0.00032212423130718664,1.0376402039524588e-07,2.312560845239516,0.012047653882871571,0.15915039620571272,0.0030351708731915475,2.3125922271120314,0.15917933557677896,0.0017112167210417716,2.9282626663729527e-06,CALIBRATED,0.005029069512554868,0.008828309202142288,-0.005058547386644638,-0.01390340771586298,0.0,0.0,0.009531027444636275,0.022106999919071574,-0.012961249690047149,-0.0310429186440609,0.0,0.0
20365542,138,78,102,4.148345127396617,110.5253321274923,25.860664039002238,312.712744584664,301.667413208821,15,transition,False,2,2,2,8.338731319305738e-29,0.0002394941573260309,0.0002394941573260395,5.7357451393309754e-08,1.2973110369570457,0.0019256147901133482,0.07102165957016374,0.016094158200589223,1.297312466063163,0.07282237332225464,0.00040306513105095587,1.6246149986912423e-07,CALIBRATED,0.00047056751335290226,0.0150596839793892,0.0001158699699429685,0.0035306112972699295,0.0,0.0,0.000582158345745475,0.019518018522751333,0.0001406570464489909,0.004664053092778315,0.0,0.0
20365542,139,79,91,2.3068043906383267,117.85480324869377,-306.9591834997889,432.70433340949813,525.1578633150751,26,transition,False,3,3,2,1.7317894744181066e-54,0.00011019140180959252,0.00011019140180959252,1.214214503276307e-08,1.7398038537712612,0.005678676963987227,0.19199596105446554,0.004218886034605366,1.7398131212775105,0.19204230799644342,0.00033156365764616994,1.0993445907170659e-07,CALIBRATED,0.00036290017122366257,-0.006923699767272618,-0.0004302380157583456,-0.00787000521332634,0.0,0.0,-1.427942627286121e-06,-0.01131463495045361,-0.00017749888396587047,-0.014265734670577408,0.0,0.0
20365542,140,79,98,3.818252066765165,131.87118978604755,-307.70951550126415,443.5926765401644,528.4788338657314,26,transition,False,3,3,2,3.1535600831618634e-57,2.2402580078341e-05,2.2402580078341e-05,5.018755941664811e-10,1.3451563305508534,0.00228413116336522,0.14184456555309305,0.010749643344000054,1.3451582698241156,0.14225131144902992,4.005767651504121e-05,1.6046174477836841e-09,CALIBRATED,-0.002150804154482687,0.0023184596702029983,0.002711218588294723,-0.0022473673690628308,0.0,0.0,-0.002809463904024773,0.0026236316930514114,0.0037188124567307085,-0.003384018282737815,0.0,0.0
20365542,141,80,156,2.7420827665998395,18.170897397109897,-130.4706892451111,247.52490182037886,339.5917677142992,17,transition,False,4,4,3,2.5558416369971047e-18,0.0002221846384696681,0.0002221846320063764,4.9366010699808903e-08,1.5734132491830959,0.004128863977378497,0.19955042243920637,0.005214584868449226,1.5734186665419507,0.19961854370527798,0.0005474504276829139,2.997019707702054e-07,CALIBRATED,-0.002021420289607669,0.014665845024419664,0.001198776060598737,-0.0012547580226399046,0.0,0.0,-0.0033557521821720587,0.02307424782979895,0.0004793055785788094,-0.0018811454558654013,0.0,0.0
20365542,142,80,171,1.1853748582704,23.712191345963294,-140.25971498487027,257.1154162749866,348.39935042019624,18,transition,False,4,4,2,1.0419825251130098e-19,0.00027792296122180105,0.000277922955446437,7.72411691640822e-08,2.8614961240860803,0.02001647314456195,0.14392290432988564,0.002759670577127354,2.8615661319209114,0.14394935975003043,0.0022394680725052354,5.015217247770314e-06,CALIBRATED,-0.00894579926320073,0.0006075124175460835,-0.013224721161011768,0.004757447831029692,0.0,0.0,-0.025053588776234936,0.006324955918666258,-0.03830147491024536,0.01023609858604948,0.0,0.0
20365542,143,81,84,2.8651254165152658,75.9625666060266,-21.88793300803804,275.85498183156926,266.3954213561519,14,transition,False,3,3,3,1.4126766806872764e-22,0.0005121219661664511,0.0005121219663568064,2.622689084251619e-07,1.535689031137569,0.0038000814366453816,0.20028139245509188,0.005544571166432916,1.535693732804549,0.20035812544833356,0.001207716181086805,1.4585783740588963e-06,CALIBRATED,0.008007803467640792,0.020092701449383975,-0.002360589429152375,-0.006221576648514717,0.0,0.0,0.0121975795000771,0.030937872958686767,-0.003679316240712925,-0.009393928050559486,0.0,0.0
20365542,144,83,101,3.0707643041742365,-36.86111904447779,4.18502183134267,163.80447862964985,140.92786673585175,7,transition,False,3,3,2,1.975016588225235e-08,0.017551697587720662,0.017586439847296447,0.00030928286650257626,1.4814357034014176,0.0033397480232296604,0.19595960856101724,0.0063251536501723795,1.4814394679599,0.1960616631473001,0.038594426932023584,0.0014895297902113075,CALIBRATED,0.12367716099103482,0.04294372935552404,0.01974006138321495,0.0075210226778354185,0.0,0.0,0.18316650564116346,0.0641928502141953,0.028640158426180177,0.010172386638857047,0.0,0.0
20365542,145,84,89,3.4301282151198045,96.55707478208029,-31.839467081970355,296.9017557853149,289.26826108886064,15,transition,False,3,3,3,4.883143727466483e-26,0.00027013301118625243,0.000270133011187754,7.297184373336323e-08,1.4159177232286912,0.0028322472690954833,0.16994313783123777,0.008452281343609173,1.4159205558850094,0.17015319907612259,0.0005404525381727056,2.9208894601731976e-07,CALIBRATED,0.0033974852377968083,0.012660773623703043,-0.002403777646524312,-0.009618563797268389,0.0,0.0,0.004816094353083084,0.018465866866020135,-0.00331612568789374,-0.012855848655900467,0.0,0.0
20365542,146,85,92,2.735712750907986,108.96559548420788,-168.4034002147011,345.58466258515296,393.75954524437714,19,transition,False,3,3,2,5.100381139976717e-35,0.00014033712253366888,0.00014033712253366888,1.9694507961029993e-08,1.5753662619073674,0.004145885310591955,0.19951257954103516,0.005197501215767025,1.575371717253106,0.1995802680978402,0.0003461249908425321,1.1980250928574293e-07,CALIBRATED,0.0014127192231359264,0.005524565943981496,-0.0006619458681027139,-0.01036254533059097,0.0,0.0,0.0010589169635902692,0.008654333390089109,-0.001603893904978171,-0.016356458162497024,0.0,0.0
20365542,147,85,105,5.120125175572159,113.84070262194456,-151.00005914734135,342.5777767083004,383.54274111304545,19,transition,False,3,3,3,2.003335276732752e-34,3.683428339431539e-05,3.6834283394315264e-05,1.3567644331727293e-09,1.2054420343956973,0.0012929924668756757,-1.5337525748912815,1.8914922020706044,1.2054427278463118,2.435187818522329,5.4415139896942514e-05,2.9610074500038248e-09,CALIBRATED,-0.00471510037202891,0.0008496790604263425,-0.0037219779327626675,0.00016443125709197085,0.0,0.0,-0.006501456682386128,0.000720205856897242,-0.003355606728515565,0.0006061418243540538,-0.0,0.0
20365542,148,86,114,2.4667781856197912,-69.01101812277182,215.3139317353372,263.17624852267716,364.79808724476413,19,transition,False,3,3,2,1.2953972086646794e-20,0.0003789621786195151,0.00037896217824762016,1.4361233254218104e-07,1.6634839179678609,0.004931003493853814,0.1970605049782033,0.004505769432047033,1.6634912263469142,0.19711201023894828,0.001035634006204459,1.0725377948070972e-06,CALIBRATED,-0.0016337619764961774,-0.0014813619169681944,0.018925849213133953,0.003988834226243154,0.0,0.0,-0.00569952935914501,-0.0014987594469989712,0.03087059084448044,0.0069216842113328635,0.0,0.0
20365542,149,87,183,3.4950432682259347,145.09242607562413,245.34596105702514,430.9374216213356,475.311873452171,23,transition,False,3,3,1,4.7496306350430964e-54,5.584803481126429e-05,5.584803481126429e-05,3.119002992280188e-09,1.4040826361963623,0.0027405729595652443,0.1652435546855236,0.008836523063429183,1.404085310801403,0.1654796558642728,0.00010989213973184175,1.2076282374842633e-08,CALIBRATED,0.0002895930969402885,0.00044385381097266247,-0.0006674058378206217,0.007424401248019723,0.0,0.0,3.7935087985684448e-06,0.0005618210774740795,-0.0009362400336730613,0.01042592619470263,0.0,0.0
20365542,150,88,120,2.494513181348516,179.1684807662544,186.72714876401676,428.37813653641194,454.64854695483194,22,transition,False,3,3,2,2.03301605716651e-53,8.485289362772022e-05,8.485289362772022e-05,7.200013556997203e-09,1.6502521690194214,0.004801377760445202,0.19793855568712773,0.004555507014402998,1.6502591537639486,0.19799097068216123,0.000229145059139234,5.250745812792305e-08,CALIBRATED,-0.008099195753563307,0.0036291572919529766,-0.002459655753352036,0.00018770375182471108,0.0,0.0,-0.01341018495484383,0.005601655625682207,-0.003968340594165833,0.0014784200337091815,0.0,0.0
20365542,151,89,104,5.6258120285728666,96.2052776274704,-46.483622541883165,297.8353179078387,301.84841756293594,15,transition,False,3,3,3,3.382783758633577e-26,5.120514709120349e-05,5.1205147090854615e-05,2.621967088596057e-09,1.1742046084677518,0.0010913200493323735,-6.895674500157919,9.683125531783165,1.174205115610708,11.887524842304186,0.00010963298329422207,1.2019391025991175e-08,CALIBRATED,-0.0009484228316183627,0.005177149071769918,-0.0006302385126999229,0.004806825161070588,0.0,0.0,0.0025238704644464103,0.008084453137676875,-0.005298091943493031,0.0031360644757271678,0.0,0.0
20365542,152,89,132,4.191151159449504,113.48734886019993,-48.13929577393674,315.19418979939996,312.7697205275359,16,transition,False,3,3,3,2.9765095175614883e-29,0.00012308613833072338,0.00012308613833073763,1.515019744917348e-08,1.2930664661942957,0.0018962257216782762,0.05438198787085609,0.01732592807305707,1.293067856559814,0.057075287019678546,0.00020406537567213198,4.1642677548208357e-08,CALIBRATED,0.0013057966069123157,0.00575131608959082,-0.0013848886418185752,-0.009294378959322112,0.0,0.0,0.0014824196003282533,0.008429933780482056,-0.0019201437412115438,-0.01127462071514906,0.0,0.0
20365542,153,90,99,2.701648012258655,51.92701307949804,-188.5972608818971,306.8306586846019,390.95839911165075,20,transition,False,2,2,2,9.278680891536265e-28,0.00018327099616286641,0.00018327099616300926,3.3588258034581754e-08,1.5858103284920397,0.0042369097751189695,0.19931020822857762,0.005106143487317572,1.5858159884918783,0.19937560484029143,0.00045888477577152276,2.1057523743488072e-07,CALIBRATED,0.0023444240193651695,0.001511496738831456,-0.008695617473977266,-0.009993812412447815,0.0,0.0,0.002495925430669125,0.00260670459407575,-0.013949033527306016,-0.015851961608248328,0.0,0.0
20365542,154,91,97,1.4227012870908915,110.79642169651996,-326.4502444504983,441.1743559070807,545.8876054051335,27,transition,False,3,2,3,1.297697810506954e-56,0.00011685224944746453,0.00011685224944746453,1.3654448200932474e-08,2.4378715882720448,0.013866773005389231,0.15567426997551093,0.0029722797671980932,2.4379110255088565,0.15570264217225974,0.0006850219312089366,4.692550462372211e-07,CALIBRATED,0.00044114669888065046,0.0010260824537468515,0.0027386250339416535,-0.010397342293062786,0.0,0.0,0.00017387310483850708,-0.0002403562107827822,0.006835653037599898,-0.025262774507045737,0.0,0.0
20365542,155,92,94,4.748551299624367,123.57773318835059,-186.6146406461841,366.9507606347458,417.10828924353285,20,transition,False,2,2,2,2.16871287481542e-39,6.420274860298114e-05,6.420274860298114e-05,4.121992928177596e-09,1.2377956498005696,0.00151353501011972,-0.1622920389625238,0.033365459574796495,1.2377965751501503,0.16568632956056067,9.805998267510001e-05,9.615760202240915e-09,CALIBRATED,-0.0014694292201379259,0.006080962922541335,0.0015092711946623452,-0.004773627212678637,0.0,0.0,-0.0019899629336085807,0.007139899782306921,0.0016907861365574842,-0.006345321389575357,-0.0,0.0
20365542,156,94,186,2.8688949733046805,135.29879870389857,-205.94972447609408,386.59260687777027,439.7186595087323,21,transition,False,2,2,2,1.2198164041772187e-43,8.933128537826184e-05,8.933128537826184e-05,7.980078547332457e-09,1.5345333051973635,0.003790008795496045,0.2003037865841856,0.005554680686106242,1.5345379854948573,0.20038079098927514,0.00020962015383610305,4.394060889427151e-08,CALIBRATED,0.00043941649361389784,0.0018646696597201023,0.0005661360839552524,-0.009238002788371794,0.0,0.0,-4.871987362037852e-05,0.003034674743594092,0.0007488762373511845,-0.014136750467902456,0.0,0.0
20365542,157,95,115,4.29354190898766,35.11841252501874,64.29464499970999,247.2904958704956,255.82045255263282,13,transition,False,3,3,3,2.759550053209056e-18,0.0003079345447866345,0.0003079345666179095,9.482369731815974e-08,1.2829135797663087,0.001825927948187444,0.014580390393753903,0.020272284800180874,1.2829148791567104,0.024971049538493887,0.0005050067041873007,2.5503177127411987e-07,CALIBRATED,0.006570978136846296,0.005824467854248077,0.010424433755785565,0.01105276291381783,0.0,0.0,0.008520615147719337,0.008601784467646466,0.013288724913730694,0.013484246950835097,0.0,0.0
20365542,158,96,106,4.122586390161306,-24.340982323387642,278.28878275404185,340.1041724020905,429.93556398897937,21,transition,False,4,3,4,6.118392425122675e-34,4.469899163914303e-05,4.469899163914307e-05,1.997999853556182e-09,1.299865227983658,0.0019432998044700697,0.08103466265474638,0.015352934710402834,1.2998666806004133,0.08247623388461937,7.511553079614798e-05,5.642342966787055e-09,CALIBRATED,0.0006679174052127256,0.00316671098748719,0.0006806767858580519,0.005810464578145092,0.0,0.0,0.0005122347497602143,0.0037007372512466875,0.0010387314522548247,0.0077510468405640395,0.0,0.0
20365542,159,96,122,3.016154601931504,-36.655925573460785,276.38954551883523,332.2633912082771,429.0904996604207,21,transition,False,3,3,3,1.9970563873041668e-32,0.00023697179380187752,0.00023697179380187532,5.615563105767852e-08,1.4913919546548158,0.0034168689144129364,0.19991312664306868,0.006001910813502426,1.4913958687760571,0.200003202818407,0.0005267614500516786,2.7747762526054705e-07,CALIBRATED,-0.007732574473331222,-0.005716513563029201,0.010018901075269903,0.006642452840925592,0.0,0.0,-0.011698848474648568,-0.008208810181295049,0.014771409367139828,0.010213681761966726,0.0,0.0
20365542,160,97,125,2.2451343034533373,108.01377137363207,-347.97424944127494,454.82640962208495,567.5907372911643,28,transition,False,3,3,3,3.988813234636189e-60,0.00011470049010886712,0.00011470049010886712,1.3156202431214323e-08,1.7692252792959469,0.00596690597108413,0.1900435733814388,0.004108292145561205,1.7692353412891935,0.19008797396979007,0.00035867241768608796,1.2864590320878355e-07,CALIBRATED,0.0008743303307047164,-0.0021479148339940248,0.0027419228056457206,-0.010089814556049344,0.0,0.0,0.0012394178208854844,-0.004211448236577524,0.00498831526245093,-0.01773461800390374,0.0,0.0
20365542,161,97,127,3.532599990249672,120.24452745341875,-343.9210873999117,460.26820799617207,565.7495553536309,28,transition,False,4,3,4,1.4824190889482068e-61,7.58333363171719e-06,7.58333363171719e-06,5.7506948969933025e-11,1.397235425071491,0.0026875346210751523,0.16252460231029464,0.009058826809181492,1.3972380097596289,0.1627768678261078,1.3711172112658636e-05,1.879962407029479e-10,CALIBRATED,-0.002096187436802497,-0.00047977856061419514,0.0012124111657637422,0.0012203292831916073,0.0,0.0,-0.0027796598041144533,-0.001189772459763207,0.0019014265525802098,0.0009765664571246449,0.0,0.0
20365542,162,98,139,3.9779275468419293,143.57527384393686,-328.3272265782241,466.0986784838354,552.186967357998,27,transition,False,3,2,3,4.1696580330219196e-63,2.1536420265317168e-05,2.1536420265317168e-05,4.6381739784436397e-10,1.316044851576203,0.002058634322732358,0.13028471681160425,0.011694785928686433,1.316046461693319,0.1308085450289763,3.682319860183134e-05,1.3559479552699135e-09,CALIBRATED,-0.001265331800208594,0.0016345574389383544,0.0032450235852233716,-0.002594879498330007,0.0,0.0,-0.0017449386968097801,0.0015750538862152133,0.0042445080350320095,-0.003644412756847691,0.0,0.0
20365542,163,99,141,2.006998112568194,52.27860489159272,-210.6946206574445,320.2607156858178,413.0585558045865,21,transition,False,2,2,1,3.542062362534093e-30,0.00018895314169855226,0.00018895314169855003,3.570328975775233e-08,1.8828347539160009,0.007079888958229478,0.1825045186336962,0.0036812389553630047,1.8828480648691726,0.18254164139166615,0.0006669277219120986,4.447925862548615e-07,CALIBRATED,-0.0005924229323931075,-0.0017202038789388874,-0.01009130654054083,-0.00915470412888621,0.0,0.0,-0.0024445894914279648,-0.002487842343367338,-0.018749963302353404,-0.01741267414171205,0.0,0.0
20365542,164,100,107,2.905828501911426,-84.70835022848892,47.411445754990396,129.98279951982784,220.97977854911005,11,source,False,2,2,2,1.4082225792715371e-05,0.0010497018732194708,0.001063888208954124,1.1318581211516137e-06,1.5232096829630468,0.0036913186308912393,0.20052320076301658,0.005653732180728569,1.5232141556936833,0.20060288814425492,0.0021698236278909376,4.70813457615379e-06,CALIBRATED,0.0037665007840088967,0.017176991342466696,-0.018658783600268212,-0.02016190575757586,0.0,0.0,0.015664251260112082,0.028858479552683898,-0.017673173462685987,-0.027915980334141086,0.0,0.0
20365542,165,101,103,2.3624646071050783,-59.289905701889,0.5818743251865008,141.12602614237642,118.21150384751098,6,source,False,2,2,2,1.910834660457783e-06,0.060153481685443,0.0608035507587691,0.0036970717848742105,1.7132496037577634,0.005418536437853588,0.19375808472686623,0.004318702332669499,1.713258172405216,0.19380620884497402,0.17836948705253028,0.031815673911382764,CALIBRATED,0.2358265304102612,0.05530025564326274,0.04505964380249168,0.010045324266026627,0.0,0.0,0.405203219494364,0.09623997116356901,0.06824573353011189,0.016131514786432582,0.0,0.0
20365542,166,102,108,3.079401889108606,131.88554173381112,35.04717738349267,335.1130266259318,324.91930736509084,16,transition,False,2,2,2,5.679621096229988e-33,0.00020030455921090073,0.00020030455921090048,4.012191644067314e-08,1.479860928914516,0.0033275498565952973,0.19533428289871096,0.006376280782192859,1.4798646700005318,0.19543832539235237,0.0004375591004001072,1.914579663429511e-07,CALIBRATED,-0.0014194727103998296,0.011298831818530168,-0.0011720076972732134,0.008321805929570412,0.0,0.0,-0.0022735679604580098,0.017207014264660234,-0.0015579886047726505,0.011570709603670114,0.0,0.0
20365542,167,103,109,2.448686718866721,-81.49550214163192,-0.1879376737987839,118.9583668499416,95.99256769479419,5,source,False,3,2,3,8.643701372601825e-05,0.16950659901394902,0.1771316917439895,0.03137563622008772,1.672114953953121,0.005015558028105117,0.19648775474728966,0.004473325734331261,1.672122476093178,0.19653866899100667,0.49521514969157626,0.2452380444840503,CALIBRATED,0.4147254291760295,0.06201922839110192,-0.035273118884378944,-0.006628162089781552,0.0,0.0,0.692613355755405,0.10588891164954847,-0.06470345667221038,-0.010143480919028924,0.0,0.0
20365542,168,104,145,3.8458279253666987,95.07795362812487,-62.44868045175192,298.9331068326579,305.3372387449806,15,transition,False,3,3,2,2.1936305674001043e-26,0.00021311352901389588,0.00021311352901483106,4.541737624915524e-08,1.340128795781579,0.002245187995701688,0.1398481866839194,0.010912868895356278,1.340130676520809,0.14027332613974622,0.0003815859161033742,1.4560781136845133e-07,CALIBRATED,0.0031571684227608985,0.009969767113931093,-0.002350964011972033,-0.009910727948720164,0.0,0.0,0.003926458303184352,0.0139492767876633,-0.003443028475955094,-0.012638515471037294,0.0,0.0
20365542,169,105,112,2.7149866703317365,135.35412235458125,-144.44679350896706,359.93151343193097,397.3331102825617,19,transition,False,3,3,2,6.327352421867043e-38,0.00012695545392648258,0.00012695545392648258,1.611768728167924e-08,1.5817207673038702,0.004201267516973096,0.1993894503377997,0.005141916240916685,1.581726346865694,0.19945573997415694,0.0003158898930810768,9.978642455077412e-08,CALIBRATED,-0.007406161059850802,0.008457271784044875,0.0007282809493267845,0.0002199843441663953,0.0,0.0,-0.011770081532078591,0.013266910076954802,0.0008660587335222396,-0.0007707873178667594,0.0,0.0
20365542,170,106,122,4.921069746551186,-31.504532752780648,287.2954130012845,344.29469821394514,441.1517928555013,22,transition,False,4,4,3,9.186104802755136e-35,7.352527992513388e-05,7.352527992513369e-05,5.405966788069267e-09,1.2206890243848822,0.0013950901041125388,-0.22935385668461483,0.03832978388093284,1.2206898215886435,0.23253465098446263,0.00010943360044479155,1.1975712906310282e-08,CALIBRATED,-0.008280045755275718,-0.001943887775872137,-0.0010875183820660407,-6.874808475575341e-05,0.0,0.0,-0.010061981774198515,-0.0023350205315679873,-0.0016040871225735315,-0.00040584090582167237,0.0,0.0
20365542,171,106,129,2.5603282564246435,-12.628306810288445,298.3702522434207,363.3497059896494,453.1831914921894,22,transition,False,4,4,3,1.2340405715476935e-38,3.779526244855362e-05,3.779526244855362e-05,1.4284818635550474e-09,1.6291382094088378,0.0046145306115592324,0.19847065784309806,0.004727140084093745,1.62914474471994,0.19852694496729342,9.723552775183685e-05,9.454747857178234e-09,CALIBRATED,-0.0019484176437723553,0.002985042377610663,-0.004085058311023668,0.0028984050326679913,0.0,0.0,-0.004108885933412054,0.003990379047181711,-0.006010004514011124,0.005320648920895317,0.0,0.0
20365542,172,106,192,3.9979071121621814,-25.32288445423026,299.5076313515042,357.9707215009496,451.1771191956158,22,transition,False,4,4,2,1.6047677644836475e-37,8.985944919103456e-05,8.985944919103456e-05,8.07472060891612e-09,1.3124022466160454,0.0020304187892342352,0.12883827836713063,0.011813047906033332,1.3124038172465449,0.12937870796014497,0.00015474140357055847,2.3944901978986445e-08,CALIBRATED,-0.0031268373824724347,-0.0037294642390951955,0.005427618827398014,0.006059239847405957,0.0,0.0,-0.0041835404372847764,-0.004790065474780125,0.007058911760431836,0.008029098983442548,0.0,0.0
20365542,173,107,126,3.02726445513181,-101.02799237815523,63.55852296916932,124.98598099109954,243.9375402530267,12,source,False,3,2,3,3.269588101687255e-05,0.000858605539245042,0.0007174702959967539,5.147636256376697e-07,1.4893664448038562,0.0034011793621074758,0.199108818915458,0.006067671663973492,1.4893703283363515,0.1992012510235075,0.0013918707023740694,1.9373040521272853e-06,CALIBRATED,-0.00948222894260318,0.014851824766440615,-0.003222710658285749,-0.019914694760320203,0.0,0.0,-0.005700533967947291,0.024896880926999248,0.00337120170706366,-0.02698434609197452,0.0,0.0
20365542,174,108,166,3.1701269341789455,152.69352740058943,44.42183842237611,357.107218023296,347.74158895792925,17,transition,False,2,2,2,2.4138553307933102e-37,0.0001624740585958465,0.0001624740585958465,2.6397819716606564e-08,1.4633202537853751,0.003199426170855945,0.18876616237342003,0.006913295629759595,1.4633237514187754,0.18889271482419015,0.00034782035128357947,1.2097899676703262e-07,CALIBRATED,-0.003948048728387988,0.01167087261011115,-0.0012420658812424784,0.003022412066434882,0.0,0.0,-0.005873503985977715,0.017032798255894824,-0.0016072856439456342,0.004541224355065039,0.0,0.0
20365542,175,109,111,3.1724081684561476,-103.48581216410986,5.022870182056302,97.95552540263242,73.39331431342482,4,source,False,3,3,2,0.0017572766010225224,0.4333387525084522,0.48402837474432325,0.23428346755763102,1.4629043470746823,0.003196204567125647,0.1886010103840496,0.006926798590013689,1.4629078386602614,0.18872816868870157,1.0296659151489456,1.0602118968195156,CALIBRATED,0.6255611291109223,0.0554451835765269,-0.29819935395157604,-0.026544781235096737,0.0,0.0,0.9396704438739142,0.08527663272284872,-0.3718162526547765,-0.03414589626819326,0.0,0.0
20365542,176,109,150,4.725027538102882,-98.98492058985028,-9.759462009007343,100.82220818744696,88.84567238493602,5,source,False,3,3,2,0.0012056469703482604,0.019411203173570427,0.021451226517974865,0.000460155119125468,1.240128224570888,0.0015296855712451027,-0.15314782142872618,0.032688548883950785,1.240129167996338,0.15659756203882436,0.031602183141491026,0.0009986979793083397,CALIBRATED,0.046737376243254025,0.006343414141136591,0.1372105482623784,0.01999676779989546,0.0,0.0,0.09390262252111356,0.012839853294759205,0.14876621754872352,0.0220959568419928,0.0,0.0
20365542,177,110,116,2.656645392935289,-111.59397414831594,211.00531797535692,240.81261532519207,383.2344774245286,19,transition,False,2,2,2,2.2321774034811114e-17,0.00037815910254927965,0.0003781590177572197,1.430042427111052e-07,1.5996078907612319,0.00435716137512069,0.19904285731095434,0.00498545161535046,1.5996138249717793,0.19910528314014656,0.0009647674126509501,9.307761605132088e-07,CALIBRATED,-0.008973476350690348,8.456539417510212e-05,0.017188257775748304,-0.0014806698718339128,0.0,0.0,-0.01535903097934205,0.0009061076260188097,0.026920503766625064,-0.0018256576754029424,0.0,0.0
20365542,178,111,113,3.2600097825273338,-125.89254631137233,10.12966208643904,77.42351615988738,50.41199453624999,3,source,False,3,2,3,0.019001445297484928,1.5282796738167375,1.8863014740918584,3.558133251161118,1.446933125037631,0.0030724918518239925,0.18225901343068926,0.007445325391411971,1.4469363871771779,0.18241102172542142,3.9489925344199692,15.594542036904652,CALIBRATED,1.3675550392149562,0.07504200711839829,-0.1021213526263805,-0.005883478141230282,0.0,0.0,1.9774719017346485,0.11275704138583223,-0.16062306653758424,-0.009137416697243259,0.0,0.0
20365542,179,112,117,3.391694536527165,156.00696251908562,-152.30645010994897,382.02831291121544,419.4309384280135,20,transition,False,2,2,2,1.2405987919247752e-42,9.283267886423937e-05,9.283267886423937e-05,8.617906265110994e-09,1.4229248180295349,0.002886524062829703,0.17272557825913762,0.0082247867633105,1.4229277458063534,0.17292128990455571,0.0001872424547138633,3.5059736847273153e-08,CALIBRATED,-0.004150007269730094,0.0061430277278106465,0.003886424583911918,-0.004771690771030892,0.0,0.0,-0.006369758737510449,0.008802546425421437,0.004953854052719158,-0.006681551825169871,0.0,0.0
20365542,180,113,136,2.9747014952308497,-148.2583361759779,15.064784439031811,58.6883099004878,28.43261737520846,2,source,False,3,3,3,0.10256742871943354,2.791562659981987,3.8642754452704633,14.932624716920238,1.5020935917603955,0.0035072829510109727,0.20093236045728022,0.005838441662458308,1.502097686384392,0.20101716563512756,8.717887560371963,76.00156351528823,CALIBRATED,1.834875893724476,0.06958532148122609,-0.7012688190989758,-0.02976283409138414,0.0,0.0,2.765666020491302,0.1126519835325108,-1.0268763192436892,-0.04258613688151931,0.0,0.0
20365542,181,113,147,2.1567883268827615,-136.35427110132457,0.06139837041218854,64.74760123989644,35.892434631205894,2,source,False,3,3,2,0.06255326963325845,0.34365837580721953,0.18769835835072218,0.03523067372755612,1.8113731777135365,0.006379810740158972,0.18724666480726243,0.003949859985395189,1.8113844127973266,0.1872883201786687,0.4497221043665911,0.20224997115591506,CALIBRATED,-0.1867339346099075,-0.016053963533965713,-0.3902046005492868,-0.01764754886228113,0.0,0.0,0.02620372776978285,-0.0010168178322528068,-0.6693614970903278,-0.03145824712296346,0.0,0.0
20365542,182,114,124,3.872803514633368,-79.95566465737852,234.44073316996568,274.99602550078805,386.8348706054814,20,transition,False,2,2,2,1.9315394121602195e-22,0.00032908435274999273,0.00032908435237645223,1.0829651097902898e-07,1.335210700032702,0.002207092540150721,0.13789526484842335,0.01107254136448354,1.3352125241845583,0.1383390951245707,0.000586258158003334,3.436986278254622e-07,CALIBRATED,-0.01343865516685239,-0.0015667948506830284,0.012050890732779571,0.0008989361074984096,0.0,0.0,-0.017706487527834238,-0.0017943814003341617,0.01634076943272504,0.001580476879501378,0.0,0.0
20365542,183,115,133,3.779821262095677,36.502926676497815,85.24073049193687,255.90121654865294,276.81224563667695,14,transition,False,3,3,2,1.5729659246865842e-19,6.593913493145926e-05,6.593913156248222e-05,4.347969071214338e-09,1.352162901388009,0.002338403898488872,0.1446267979207641,0.010522165774874002,1.3521649233813273,0.14500905712888235,0.00011054539269736498,1.2220283846614634e-08,CALIBRATED,-0.004247255409183139,-0.0006387314477703654,0.0060339265646315665,-0.003329219938951085,0.0,0.0,-0.00441170703762628,0.0013151291176520645,0.008807032348144004,-0.003433489527313653,0.0,0.0
20365542,184,116,123,3.3388750247135626,-120.28814809873217,232.08421755553337,257.7306343494384,406.03598325618935,20,transition,False,2,2,2,8.451075178435358e-20,0.00016482883845540106,0.00016482883725424898,2.7168545590587694e-08,1.4325546879812252,0.0029611168120233264,0.17654949390899813,0.007912140326341084,1.4325577483193337,0.1767266979379943,0.00033480468616671304,1.120941778791912e-07,CALIBRATED,-0.0020659128054365834,-0.0004834330463045657,0.01263657610913157,0.0008025448663146682,0.0,0.0,-0.004512841098526978,-0.00037871656017522416,0.017682615357972626,0.0012730433045260066,0.0,0.0
20365542,185,117,152,2.10729136410313,176.2873514282418,-160.82680581577307,404.01946503355833,441.4284527344163,21,transition,False,2,2,2,1.3494480419751309e-47,9.198080244375692e-05,9.198080244375692e-05,8.460468018197439e-09,1.8349870766164316,0.0066111459155656655,0.18567966102318578,0.00386109634228158,1.8349989859941707,0.1857198012669881,0.0003065540334018224,9.397537539492563e-08,CALIBRATED,-0.007903988802867022,0.005353828836201033,0.0008825536299938273,0.000255693822288835,0.0,0.0,-0.014502147513373642,0.00956306806365737,0.0018954399875248573,-0.0010939777720416783,0.0,0.0
20365542,186,118,119,3.2339338808913567,217.12696169838765,268.2725838742387,502.94456773617424,543.0690006046297,26,remote,True,2,2,2,2.3324084384065027e-73,2.6501198335041518e-05,2.6501198335041518e-05,7.023135131932073e-10,1.4516871928622954,0.0031093167508801233,0.18414680157802987,0.007290978305319561,1.4516905227255112,0.1842910819764943,5.53428443256263e-05,3.0628304180505074e-09,CALIBRATED,-0.004803292678064293,-0.0007707270689349088,-0.0015409710028224132,-0.0006789447234988756,0.0,0.0,-0.0068039487352085995,-0.00129633212976496,-0.002650872828727709,-0.0005843989985718608,0.0,0.0
20365542,187,119,128,2.7214574373214475,235.53411374718453,281.0143415788669,525.3300318992696,565.4559529642291,27,remote,True,2,2,2,5.732876506553743e-80,3.4363417880925185e-05,3.4363417880925185e-05,1.1808444884590888e-09,1.57973686477081,0.004183976965990721,0.19942789177784112,0.005159270097043137,1.5797424054506992,0.19949461668648746,8.528143841377708e-05,7.272923737922853e-09,CALIBRATED,-0.0040399961111938845,0.00044279019422917233,-0.004222721338824689,-0.00012004432928130467,0.0,0.0,-0.0062179313018579,0.0002639783425596421,-0.006820534065089125,0.00017146206802405809,0.0,0.0
20365542,188,120,121,2.8205597916843885,199.2940269738251,196.46798791119605,450.72441289397545,477.0074726321601,23,transition,False,3,2,3,4.649782301452718e-59,7.069635564836823e-05,7.069635564836823e-05,4.9979747019605675e-09,1.5493526132337831,0.003919165342683864,0.20001663762810332,0.005425051263656282,1.5493575700887565,0.20009019593489655,0.00016911063175523982,2.8598405772656327e-08,CALIBRATED,-0.006093303367231386,0.003275468102391319,-0.004461348669356473,0.0017133845113993288,0.0,0.0,-0.009570253693150581,0.00467907415450437,-0.006752640090479719,0.0031668585173753446,0.0,0.0
20365542,189,121,157,1.728560620008512,207.31847750683679,213.80894944745086,466.0361943810096,496.1150824606714,24,transition,False,3,3,3,4.333355562992071e-63,5.123008987471332e-05,5.123008987471332e-05,2.624522108571204e-09,2.1107737468871735,0.009691911307448436,0.16991553624463887,0.003328216632380278,2.110795997649443,0.16994812880186486,0.00022449541437239735,5.0398191074234395e-08,CALIBRATED,0.0013106206129450766,-0.0007755855691114682,-0.00313920006957334,0.006249500254565446,0.0,0.0,0.0009988504798532716,-0.0016032175031155571,-0.0069029979078054715,0.013163435175281242,0.0,0.0
20365542,190,121,159,3.3622207204631565,217.9513821551645,210.0676713983699,473.57754252249947,500.0953112775154,24,transition,False,3,3,3,4.001158388218807e-65,4.263873440224259e-05,4.263873440224259e-05,1.818061671424986e-09,1.4282983818117612,0.002928147563198281,0.17485936145096273,0.008050326923378183,1.4283013832991436,0.17504457732421105,8.696092065836661e-05,7.562201721750732e-09,CALIBRATED,-0.004995172672191417,0.0016155424506620513,-0.0037258172481591805,0.0010932944711572732,0.0,0.0,-0.0071097603075436005,0.002215708397662061,-0.005363900310139559,0.0016527065036051343,0.0,0.0
20365542,191,122,154,2.6919889595782287,-53.61701421504753,291.11804921067704,337.48807739672475,451.55396664368845,22,transition,False,3,3,2,1.9752825485210406e-33,0.0002501620240410534,0.0002501620240410524,6.258103827231609e-08,1.5887717423569077,0.004262719751444483,0.19925282586647713,0.005080239014045628,1.5887774608457548,0.19931757936573608,0.000630909401307591,3.9804667265830293e-07,CALIBRATED,-0.01191976619802112,-0.006542924347037027,0.007323269717232042,0.0034118996853934164,0.0,0.0,-0.01912879587719322,-0.010198258306740211,0.011245640550928224,0.005876194832082212,0.0,0.0
20365542,192,123,162,2.7245818506866613,-128.39959171931216,253.51544240305932,275.98880435588933,428.95088923625093,21,transition,False,2,2,2,1.3453583244559846e-22,0.00018849602634203786,0.0001884960262364751,3.5530751906941906e-08,1.5787789363522113,0.004175628214031774,0.1994464532481018,0.005167649415925381,1.578784458290745,0.19951338880820296,0.0004626873500958994,2.140795839387654e-07,CALIBRATED,-0.004550528682606917,-0.0005272856754361,0.012908283339807322,0.0009417568587376583,0.0,0.0,-0.009287262585922489,-0.0007881150300344855,0.01932201991031539,0.0015724264818532138,0.0,0.0
20365542,193,124,151,3.528794170081195,-92.71268709331855,253.6132268775066,287.38167034375977,409.8636816124955,21,transition,False,2,2,2,1.9314238399205375e-24,0.00019135910658999334,0.00019135910658085205,3.6618307671421894e-08,1.397929288986994,0.002692909274864174,0.16280012805453384,0.009036299601440161,1.3979318827353662,0.16305071727858053,0.000370837351468151,1.3752034124391298e-07,CALIBRATED,-0.0032888078624833247,-0.0013200900068501872,0.012848362948023636,0.00370402232096238,0.0,0.0,-0.006071650023901594,-0.001866230534689775,0.01741734519342626,0.005208232661837357,0.0,0.0
20365542,194,125,127,5.769712207689597,117.6436326597167,-354.73528391730326,466.3274785367958,576.8721225053575,29,transition,False,4,3,4,3.621119910650682e-63,3.8431851657161194e-05,3.8431851657161194e-05,1.4770072217980436e-09,1.1653155674347417,0.0010339313772022227,-8.421483448674751,11.900342422244737,1.165316026114739,14.57873565310039,5.6021203170453305e-05,3.1383752046652075e-09,CALIBRATED,0.000346748621531324,-0.005833142082982808,0.00017157290627647088,-0.0020631609797090843,0.0,0.0,0.0001100102531943231,-0.0073708801031622815,0.0011076236536133536,-0.0006726048330245966,0.0,0.0
20365542,195,125,134,3.366625184016087,103.1910491825454,-370.25854953879184,468.3414142733876,590.390927644944,29,transition,False,3,3,3,1.0431508210112314e-63,8.81953999828967e-05,8.81953999828967e-05,7.778428578143137e-09,1.427495375313493,0.0029219274934957134,0.17454049638517558,0.008076397589109528,1.4274983657439637,0.17472725338767522,0.00017904612418200074,3.205751458459643e-08,CALIBRATED,0.0006501183171233013,-0.0010954100244672405,0.0032938480098861373,-0.00870191865755497,0.0,0.0,0.0009137207183660104,-0.0022744874696671194,0.004730773075578938,-0.012274271118422228,0.0,0.0
20365542,196,126,180,2.4199195641769577,-119.57173400583184,75.56783254876905,119.5372771988997,266.03038683586186,13,source,False,3,3,2,7.889608622245731e-05,0.001860274886676555,0.002297617760030727,5.279047371208615e-06,1.685839122961074,0.0051500077883002305,0.19557702734656665,0.00442173716588425,1.6858469892271906,0.19562700576680062,0.006379374562718878,4.069641981146467e-05,CALIBRATED,0.02905982878958553,0.03157801876379244,-0.017855911220848758,-0.011710647982816414,0.0,0.0,0.05240682234812202,0.05371429181496881,-0.01977014867535782,-0.01888956352756406,0.0,0.0
20365542,197,127,139,1.4616633781608037,139.0069930634819,-345.0477375261622,474.2925625833572,569.5203073606978,28,transition,False,4,4,3,2.556111848123124e-65,8.565085641559924e-05,8.565085641559924e-05,7.336069204725598e-09,2.3683247711481927,0.01285717125953255,0.15760350213375068,0.003007184007180999,2.368359670423168,0.15763218910005722,0.00047722127348177174,2.2774014386356398e-07,CALIBRATED,0.0014057601960672278,-0.007840457602893073,-1.4051578248748222e-05,-0.004711870309880909,0.0,0.0,0.002558885673943078,-0.01843075215308223,0.001439432290431664,-0.011353800568196454,0.0,0.0
20365542,198,127,153,2.882210920194556,135.67747159257357,-360.5423005533003,482.9449871360159,585.3685626787823,29,transition,False,4,4,2,1.0700159568509342e-67,1.0594087491086567e-05,1.0594087491086567e-05,1.1223468976879687e-10,1.5304507071364344,0.0037544272239537404,0.20038289377113513,0.005590392530912557,1.5304553122186195,0.2004608605307872,2.288932493582139e-05,5.239211960176149e-10,CALIBRATED,-0.001659038925173602,0.0011143376288595091,0.0025667531131720995,-0.00010820092778940051,0.0,0.0,-0.002398082351260572,0.0006610767072164098,0.004014138395815782,-0.0007669396969823416,0.0,0.0
20365542,199,128,140,3.390781319737659,247.4601511930078,300.3132328946398,546.0957677689868,588.1424594202085,28,remote,True,2,2,2,2.3435844747434656e-86,2.9247357488543243e-05,2.9247357488543243e-05,8.554079200626465e-10,1.4230913125429956,0.0028878137254676204,0.17279169140280753,0.008219381299200431,1.4230942425937432,0.17298707132842248,5.91056545860284e-05,3.4934784040428996e-09,CALIBRATED,-0.001937406534453977,0.0004644998569453274,-0.0050028770496010466,0.0004992739911823623,0.0,0.0,-0.002805603134702166,0.00036709593424111335,-0.0071023309345794134,0.0008101737513384043,0.0,0.0
20365542,200,129,131,3.4200413384942436,-2.786969271012511,318.78710970851887,385.9247314670545,475.84814226010633,23,transition,False,3,3,2,1.7157001386894858e-43,2.7949363534456044e-05,2.7949363534456044e-05,7.811669219811812e-10,1.417756727543341,0.0028464921538443747,0.17067338625766795,0.008392575641514449,1.4177595850538218,0.170879607041208,5.497263038099142e-05,3.021990091005101e-09,CALIBRATED,-0.00015373663402242562,0.0017057682987837895,-0.0027559597470200657,0.0041738194696806005,0.0,0.0,-0.0009727941195802502,0.0018605369227129658,-0.0037003273508222708,0.006072255086693898,0.0,0.0
20365542,201,129,192,5.490855834480893,-18.7616017618112,308.68323335843377,369.1825934480974,462.4572833238281,23,transition,False,3,3,2,7.3190935861239755e-40,6.065339604047127e-05,6.065339604047127e-05,3.6788344512422557e-09,1.182541159223323,0.0011451417806340044,-5.464700821964865,7.603717744733761,1.1825417136857959,9.36373208796378,8.833489413744037e-05,7.803053522272797e-09,CALIBRATED,-0.0065939951652074676,-0.004048247189640673,0.0007144754024084563,0.0005233004802324115,0.0,0.0,-0.00797462827506083,-0.004806076933128334,-0.0011825128896287747,0.0004934427938011078,0.0,0.0
20365542,202,130,135,2.845391971994445,101.25760399426161,104.41012202952805,323.13030639725514,326.7131555692819,16,transition,False,3,3,2,1.0450194444547609e-30,0.00015003733490378222,0.00015003733490378474,2.2511201865030465e-08,1.5417391996312126,0.0038528112179970586,0.2001641602899461,0.0054916483278207116,1.5417440137175087,0.20023947978841655,0.0003526797246618324,1.243829881875459e-07,CALIBRATED,0.0012237552011833991,0.0007298313484293402,0.004428959364264827,0.011330993922154491,0.0,0.0,0.001294951797711426,0.002745477496751139,0.006887032691225795,0.017205637405462684,0.0,0.0
20365542,203,131,137,3.5162045005042373,5.50113494248976,340.66661737598514,408.9900598194028,499.2448413269531,24,transition,False,2,2,2,9.328154005226825e-49,2.2411157601963644e-05,2.2411157601963644e-05,5.022599850600528e-10,1.4002245938203424,0.0027106886528428763,0.1637115684080871,0.008961779500804842,1.400227217623024,0.16395667452853763,4.311532439251564e-05,1.858931197471854e-09,CALIBRATED,-0.0011740239868218074,0.0019978735082433704,-0.0030274424704897674,0.0028064067440883946,0.0,0.0,-0.0019070099291571044,0.0021105875217377213,-0.004125393577404744,0.004243251779850517,0.0,0.0
20365542,204,132,143,3.3608436486092934,131.8882635880942,-61.3654013885362,335.13550665528555,335.43077814962794,17,transition,False,3,3,1,5.623322787639586e-33,0.00017442021053827556,0.00017442021053827526,3.042240984421627e-08,1.4285494447695868,0.002930092291043917,0.17495905579557447,0.008042175833112893,1.4285524497169604,0.175143791774101,0.0003555509755045505,1.2641649618223748e-07,CALIBRATED,-0.0019854957648964048,0.012374361303932048,0.0011015091051227168,-0.004017446591671701,0.0,0.0,-0.0030420376952701536,0.017690966190245374,0.0010567967104300365,-0.005675374713049821,0.0,0.0
20365542,205,132,145,1.0130830383783156,112.36002486085441,-64.1043536838055,316.2537017987348,322.6984380107133,16,transition,False,3,3,2,1.912516019402818e-29,0.00017086899565544968,0.00017086899565540788,2.9196213676287798e-08,3.1690347433164963,0.024480969720162837,0.1353917677709923,0.0026053227260889153,3.1691293003324255,0.13541683236090474,0.0016265737256644579,2.645742085021955e-06,CALIBRATED,-0.00478144015817146,0.007367192042144615,-0.0029798679150666862,0.009211497939648598,0.0,0.0,-0.014488762902626446,0.028603580291186828,-0.010794312363761709,0.021953758000285577,0.0,0.0
20365542,206,133,149,2.638379609752043,36.52324589379092,106.01793266493956,264.5993482224951,297.58945774534106,15,transition,False,2,2,2,7.883897887365936e-21,0.00045298454988816216,0.0004529845509988865,2.0519500344366282e-07,1.6052080821424375,0.0044059694153213485,0.19893434420730452,0.0049364648763899855,1.6052141288756125,0.19899558284209767,0.0011599851329717823,1.3455655087155636e-06,CALIBRATED,0.006254690438373275,0.006061399849905983,0.011768886618458466,0.015447204864972742,0.0,0.0,0.009793374868444654,0.011856104757732789,0.018936660268550738,0.023767848440804585,0.0,0.0
20365542,207,134,138,4.158814317968968,106.70077755393814,-392.3616840030029,487.60651910755035,612.7709800663292,30,transition,False,3,3,3,5.374145214519073e-69,8.708189238512703e-06,8.708189238512703e-06,7.583255981374845e-11,1.2962729304547154,0.0019184270237300846,0.06695204868293686,0.01639541559160865,1.296274350047821,0.06893030157531528,1.4560976524865181e-05,2.120220373576749e-10,CALIBRATED,-0.0012607677211571946,0.0009354148171213144,0.0020796881759278644,-0.0013851173966911712,0.0,0.0,-0.001505095326740174,0.0010287338718432367,0.0027691131368432005,-0.001889281249198992,0.0,0.0
20365542,208,134,191,1.436853673023819,94.68992288051584,-390.4151414263855,478.6126927940082,612.2668812224698,30,transition,False,3,3,2,1.6808572597405127e-66,0.00012857185307074402,0.00012857185307074402,1.653072140204499e-08,2.412609766606021,0.013500050554063845,0.15637503416213097,0.002984958200551355,2.412647536895458,0.15640352069140476,0.0007478923084895693,5.593429050978571e-07,CALIBRATED,0.002392756321939692,-0.0060645411749689505,0.002991811809497848,-0.008781626995506988,0.0,0.0,0.0055157392392213124,-0.015020815239478095,0.007581625431964657,-0.020841376981508036,0.0,0.0
20365542,209,135,165,4.632291304065738,114.52381878703468,120.54024198449676,341.50619271303657,347.5979161542077,17,transition,False,2,2,1,3.2526721443076123e-34,0.00010994720792571351,0.00010994720792571348,1.2088388530660073e-08,1.2493237862420863,0.0015933549046970137,-0.11709915223412007,0.030020006772129966,1.249324802303274,0.12088594732452715,0.00017133071163009136,2.9354212747673525e-08,CALIBRATED,-0.0010922688552348007,0.009656433264059145,-0.0008112735537763044,0.003853477456961797,0.0,0.0,-0.0015522626878738584,0.01191182092579811,-0.0006201060258463164,0.005161897221599176,-0.0,0.0
20365542,210,136,161,3.782965754244163,-158.9186533742391,7.156545478185338,45.57747185287495,15.159237766781894,1,source,False,3,3,3,0.2532380267868957,0.5747816214755924,0.06594748487435231,0.004349070761252927,1.3515896085003183,0.0023339631850835475,0.14439914960815015,0.0105407784850742,1.3515916236756547,0.1447833637495287,0.0029833357649859324,8.900292286644198e-06,CALIBRATED,-0.25395676337911555,-0.02036406219019949,-0.03208362361956816,-0.0030648450055136478,0.0,0.0,-0.036111680212466565,-0.00558644487623332,-0.04039890670889798,-0.004000285938410918,0.0,0.0
20365542,211,136,197,2.3855093452924727,-169.63252469800966,22.643554714048506,46.734347862900876,33.990979423198695,2,source,False,3,3,1,0.23597425348287196,4.089895094381155,6.104080673743105,37.259800871564074,1.7022554722547139,0.005310831676765176,0.1944876485205777,0.004360028806077968,1.7022637568115635,0.194536513997382,17.674723506403243,312.39585102780336,CALIBRATED,2.316066696902022,0.06772651442899985,-0.8570858880253104,-0.027067120933436297,0.0,0.0,3.9748869917822183,0.12948462559887203,-1.3624251589905354,-0.045036949795521905,0.0,0.0
20365542,212,137,144,2.7825632206675124,11.458704346089753,362.6565086046205,431.04024348349884,522.0274651759729,25,transition,False,2,2,2,4.479307276000605e-54,4.205945613357045e-05,4.205945613357045e-05,1.7689978502517366e-09,1.5610021585825562,0.004020696065296403,0.199790908142117,0.005323148811014441,1.5610073366567658,0.1998618094822421,0.00010119651468665031,1.0240734584725432e-08,CALIBRATED,0.00011047080583414392,0.0011676895504068288,-0.0023207740618724137,0.005941191900809106,0.0,0.0,-0.0002448538871072554,0.0009169394901800314,-0.003612108331599945,0.009340688231214733,0.0,0.0
20365542,213,138,191,4.335131640379913,100.42147864929319,-401.04817231047116,490.5256935950746,623.4894069028411,31,transition,False,3,3,2,8.136478343416353e-70,1.9432719352411588e-05,1.9432719352411588e-05,3.7763058142959187e-10,1.2787896152353264,0.0017973739476537561,-0.0015864777610535563,0.02146905487384046,1.278790878363942,0.02152759226811699,3.176985142510396e-05,1.0093234595731799e-09,CALIBRATED,0.0005306464915023701,-0.004321429036934237,-0.00015407712377977907,0.0006727889506652063,0.0,0.0,0.0007002029794777956,-0.005519882881013207,-0.00011277880354963614,0.0008931635538923595,-0.0,0.0
20365542,214,138,193,4.052685726341874,116.11803636999193,-414.4423572517784,510.74199337729186,636.775998181876,31,remote,True,3,3,1,1.2538141263375356e-75,8.293738700224565e-06,8.293738700224565e-06,6.878610162760267e-11,1.3067964547224087,0.0019912910639754617,0.10820662982241033,0.013341500161834996,1.3067979718820955,0.10902600774169614,1.385664229620929e-05,1.9200653572509628e-10,CALIBRATED,-0.0010002547328521979,0.000685264169343514,0.002450130444760623,-0.0009058162018325789,0.0,0.0,-0.0010829516120943754,0.00046385140629504127,0.0032762415135011483,-0.0013171717884016877,0.0,0.0
20365542,215,139,178,3.181850047680026,157.2427388684103,-346.58847394791775,488.53486885229154,574.9964556401219,28,transition,False,3,3,1,2.9519283460687484e-69,1.0260368705199211e-05,1.0260368705199211e-05,1.0527516596663134e-10,1.4611829364462314,0.0031828705603413987,0.1879174571195724,0.006982686457892106,1.4611864030392,0.18804714462191538,2.029044256030916e-05,4.1170205929320535e-10,CALIBRATED,-0.002284772434837212,-0.0007664012935818073,0.0013466180948184894,0.0016246330016686243,0.0,0.0,-0.0030567301662088237,-0.001759704717400448,0.0023168360898280123,0.0015756119737191615,0.0,0.0
20365542,216,140,146,2.2850076607487715,258.3692386382513,320.1615165881816,566.508562110793,610.7911360806072,29,remote,True,2,2,2,7.056857228458974e-93,2.455832604351642e-05,2.455832604351642e-05,6.031113780596568e-10,1.750202588302049,0.00578054887792146,0.19130590743704468,0.004179797633129622,1.7502121342410244,0.19135156369511336,7.436289878496193e-05,5.529840715702493e-09,CALIBRATED,-0.003199404659522127,-0.00020829144376610157,-0.0036738887461263297,-0.0008839072483494295,0.0,0.0,-0.005097405966635098,-0.0008297771525121626,-0.006793722746032204,-0.0012394161220059517,0.0,0.0
20365542,217,142,156,4.243376000836864,9.521645538903552,-117.72960154450426,233.97622417148352,324.19225884222016,16,transition,False,3,2,3,1.908664564831197e-16,0.00012013227107835347,0.00012013220541220836,1.4431746777201023e-08,1.2878879428831842,0.001860370040505875,0.03408101220087498,0.01882872997106723,1.287889286546234,0.03893631293483699,0.00019735278920240154,3.894812340596754e-08,CALIBRATED,-0.0023765418079419154,-0.0011294254312425797,-0.010639107902713696,-0.00013429697312304864,0.0,0.0,-0.0030881000131727787,-0.00014809001177283293,-0.013695033675009047,-0.000490458458816965,0.0,0.0
20365542,218,144,148,2.467635567094522,10.715902611634343,385.1137637264513,450.4034652903092,544.4970014868028,26,transition,False,2,2,2,5.629591153202132e-59,6.100245012570071e-05,6.100245012570071e-05,3.721298921338603e-09,1.6630748803556816,0.004926996328914617,0.19708764846216376,0.004507306987059733,1.6630821786559102,0.19713918177932319,0.00016768694684494027,2.8118912142177822e-08,CALIBRATED,0.0005292385613886722,-0.0005558992562222296,-0.002070024200901117,0.007491884442211801,0.0,0.0,0.0005768283530615593,-0.0017611918004981316,-0.0035261586035786837,0.012321470076265686,0.0,0.0
20365542,219,146,175,5.495265069960045,271.0717906669451,340.3299868773338,588.7113496507163,634.6264464802241,30,remote,True,2,2,1,3.0465545944498967e-100,9.254813005098041e-06,9.254813005098041e-06,8.565156375933183e-11,1.182268790729142,0.0011433833382831272,-5.511453028887067,7.671655334793791,1.1822693436174374,9.4461849476653,1.3038655604057631e-05,1.7000653996122346e-10,CALIBRATED,-0.0014364883365419402,-0.000336810250421817,-0.0025778406953456587,-0.0006577313043391015,0.0,0.0,-0.0016567883502547774,-0.0007026893293151594,-0.0030693558500224536,-0.0006156219123108252,0.0,0.0
20365542,220,147,161,4.386918611653808,-147.0145882995858,-7.846840590434284,52.9975338394195,22.619055022779328,1,source,False,3,2,3,0.15613765583778086,4.558571440062645,6.319522853924351,39.93636910127217,1.2736545103536365,0.0017618188922135976,-0.021717243425911942,0.022959256790307022,1.273655728896145,0.031603261451685245,10.251243303169426,105.08798926077601,CALIBRATED,2.4258194171601257,0.08210195939823584,-0.6539575018901781,-0.02284432616182836,0.0,0.0,3.0938452026161554,0.10914638122198166,-0.8164590679038606,-0.02910022890174861,0.0,0.0
20365542,221,148,176,2.69288772645929,8.317199552516502,407.54381419971094,469.28234371452294,567.0549477718438,27,transition,False,2,2,1,5.821355529981051e-64,3.837250118765117e-05,3.837250118765117e-05,1.4724488473962907e-09,1.5884961852406023,0.004260318154446326,0.19925816524791745,0.005082649403906668,1.5885018982786023,0.19932297846191593,9.544257357963167e-05,9.109284851503404e-09,CALIBRATED,0.00013195052476798613,0.0003910234321581738,-0.002339494160945697,0.00572092282705062,0.0,0.0,0.00022666997383114673,-0.0004132609168987508,-0.003739482000925142,0.009013139524156714,0.0,0.0
20365542,222,149,198,3.074389849459486,48.402206308420915,125.47527526884022,284.2199579611428,320.38634090374484,16,transition,False,2,2,2,6.379736896326011e-24,0.00030231158552315826,0.0003023115855500973,9.139229475781379e-08,1.4807747065765298,0.0033346279571618955,0.19569713397767638,0.0063466137844406505,1.4807784612765074,0.19580001979980868,0.0006606952790631693,4.365182517763591e-07,CALIBRATED,0.005332750885578813,0.008516847215576991,0.006003942674037871,0.012856490167065084,0.0,0.0,0.006975108028185258,0.013188221383194662,0.009484663108836219,0.018658915550429058,0.0,0.0
20365542,223,150,177,3.9270761910424277,-112.54912241231543,-29.904464597958814,88.80919402306502,113.13164982850267,6,source,False,2,2,2,0.005436642036869417,0.015103837418110172,0.01904963048982875,0.0003628884217990131,1.3253158941588086,0.0021304476034513043,0.13396614605208168,0.01139378929581555,1.325317606506815,0.13444979257167014,0.032528262165667746,0.0010580878395184117,CALIBRATED,0.06362388790991792,0.007265024890876654,0.12134328076703264,0.014988629126206776,0.0,0.0,0.10604756868203777,0.012725468682259102,0.14422549901208914,0.01786737876206113,0.0,0.0
20365542,224,151,172,2.500321658745044,-103.7648496248676,273.4407902223029,302.18146328296433,432.5635178413251,22,transition,False,2,2,2,6.0324010341248434e-27,0.0002498648307323418,0.0002498648307309498,6.243243363620618e-08,1.6475359111536505,0.004774874375769525,0.19811417150531807,0.004566209260216835,1.6475428303889992,0.19816678636503815,0.0006772342623747453,4.5864624613426535e-07,CALIBRATED,-0.008961441410890447,-0.0031753669926671956,0.012073753298119562,0.0037012057938129116,0.0,0.0,-0.015417037302229706,-0.005102569882804152,0.01933652145592954,0.0062938018535603464,0.0,0.0
20365542,225,152,158,3.0483464295336056,194.62179818167206,-171.13873914094285,424.86475921632075,462.46384925212226,22,transition,False,2,2,2,1.4753986505281157e-52,6.656301100034599e-05,6.656301100034599e-05,4.4306344334321805e-09,1.4855228524486184,0.0033714069849107874,0.19758257058265494,0.006192458962354093,1.4855266781623742,0.1976795860630284,0.00014650064951859308,2.1462440309369647e-08,CALIBRATED,-0.003200758896537994,0.003999149836009826,0.004447533917806102,-0.004532592649432084,0.0,0.0,-0.005152826843976981,0.005762062301488306,0.006301750374036106,-0.006858250891567502,0.0,0.0
20365542,226,153,179,4.422068367048375,151.6874300619504,-377.1053924767381,505.98092833901836,608.404508160907,30,remote,True,2,2,2,3.0773145461607287e-74,6.105166043400296e-06,6.105166043400296e-06,3.727305241748803e-11,1.270169122502661,0.001737686345532077,-0.035380747423524705,0.02397071259789388,1.270170311144539,0.04273631185184419,9.747187309230299e-06,9.500766044122019e-11,CALIBRATED,-0.0013940281883843538,-0.0015100892556389653,0.0006861525309849075,0.0011877190735257621,0.0,0.0,-0.0016326626281693358,-0.0020402601998141946,0.0010755930247257637,0.001327417799347636,0.0,0.0
20365542,227,154,160,2.991509577006152,-60.24181870797685,307.88918230939026,349.98709589586224,469.58613068421033,23,transition,False,2,2,2,6.73487902708122e-36,1.1489699465638826e-05,1.1489699465638833e-05,1.3201319381070128e-10,1.4969403238304997,0.003462370038011031,0.20103221366924162,0.0058835190131578535,1.4969443279948795,0.20111829038835283,1.99341551761299e-05,3.9737054258602645e-10,CALIBRATED,0.0013102027116288861,0.0016000183533107612,-0.0005389822922975381,0.0026310658824395786,0.0,0.0,0.0002000107120910467,0.0013918855854032066,-0.0003117816824265737,0.004226061711668295,0.0,0.0
20365542,228,156,171,2.497196586354203,12.378460093838616,-139.33932482557276,246.8565954170661,345.9900002317688,17,transition,False,3,3,2,3.1798268565201987e-18,0.00019324249578773892,0.0001932425152441994,3.734266969790464e-08,1.6489719762366455,0.004788836264304489,0.19802350849154207,0.004560319204704745,1.6489789299340833,0.1980760117393033,0.0005219363725491893,2.724175769898061e-07,CALIBRATED,0.005455470035513956,0.004541717024281494,-0.007631434124458416,-0.009198607590891786,0.0,0.0,0.007726289472371539,0.008246214013884002,-0.013246359361963531,-0.014791035853828974,0.0,0.0
20365542,229,157,159,2.5438082586739874,216.63733403175783,220.85219105312123,477.60785196103524,507.79619282090295,25,transition,False,3,3,3,3.1726788677169927e-66,2.356967519246719e-05,2.356967519246719e-05,5.555295886784033e-10,1.6342031523183551,0.004658673734590957,0.19837251607659248,0.004682835341761026,1.6342097926178922,0.19842778051824295,6.253669578193374e-05,3.9108383193221285e-09,CALIBRATED,-0.0031245248535744395,-0.0032863891525243827,0.0014571729267399438,0.0009398473448433155,0.0,0.0,-0.00525163846557278,-0.00528785430174802,0.0019198216996085616,0.0018193050140224332,0.0,0.0
20365542,230,157,182,3.7710330454069343,213.74543439645726,233.61246818190864,481.5002368517139,516.9353881531213,25,transition,False,3,3,2,2.688324661144036e-67,2.3157296493575716e-05,2.3157296493575716e-05,5.362603808913742e-10,1.3537651385332239,0.0023508147902372837,0.14526302870322647,0.010470147031407636,1.3537671796280397,0.14563986915296817,4.213256892212766e-05,1.7751533639778374e-09,CALIBRATED,-0.002762348555176987,0.0018168377321797426,-0.0031648351431879562,0.0014864878488093226,0.0,0.0,-0.003714381461893672,0.002076407410422788,-0.0043132241091531145,0.0023282116157750665,0.0,0.0
20365542,231,158,174,2.047165624364517,204.7998556170252,-190.65385508831542,441.80434843754404,484.47367895606914,23,transition,False,2,2,2,8.983549415760646e-57,7.138027927951969e-05,7.138027927951969e-05,5.095144270022228e-09,1.8636717283590158,0.006892157067922935,0.18377616520445678,0.003753271954594176,1.8636844724667665,0.18381448786105228,0.0002464619396802322,6.074348771094241e-08,CALIBRATED,-0.0005628570313463098,0.0018180838676146744,0.004705855587531958,-0.006753737149267597,0.0,0.0,-0.002119356906212704,0.0033132062263767225,0.008538851442994261,-0.012573024557372582,0.0,0.0
20365542,232,159,167,1.9684604412429607,235.77691862726311,224.05999278598992,495.90906196446366,522.7566176902659,25,transition,False,3,3,2,2.4301982778990725e-71,3.926745726377218e-05,3.926745726377218e-05,1.5419331999621743e-09,1.912270553863803,0.0074122964964880075,0.18084595001904238,0.0036291283594741563,1.912284919491321,0.18088236014310383,0.00014226614796038293,2.023965685548557e-08,CALIBRATED,-0.0047669770930138635,0.0007026089486735966,-0.004001193875980483,-0.0002004367494082259,0.0,0.0,-0.00921034659057414,0.0006511223670229025,-0.007540454796544166,0.0003914648979395719,0.0,0.0
20365542,233,160,163,3.3394654085028073,-50.40046865154436,328.515091562207,372.8272727258025,492.4395834526362,24,transition,False,2,2,1,1.2244127979773761e-40,8.385287260008681e-06,8.385287260008681e-06,7.03130424328639e-11,1.4324470512591732,0.00296028306047192,0.17650675254820927,0.007915634894575703,1.4324501101039777,0.17668415597019163,1.5736398509262864e-05,2.476342380423305e-10,CALIBRATED,-0.0011100685510175244,0.000859212174032856,-0.0025316948448035562,7.287472016663842e-05,0.0,0.0,-0.0021475492441777187,0.0005458570223881341,-0.003240340825567701,0.0005715436976849302,0.0,0.0
20365542,234,161,164,1.0317953704022784,-169.2870495548058,-3.9023355824209527,31.820405177295722,0.0,0,source,False,3,3,2,0.511991766916953,27.24022273604859,35.15797391636673,1236.0831299039232,3.135633478202255,0.023996088068237546,0.13631832052278148,0.002622086193081286,3.135725294388102,0.13634353613631903,345.3596133241091,119273.26251537816,CALIBRATED,5.8905093177390935,0.17690455309070713,-0.6542679496433115,-0.022630138332681116,0.0,0.0,18.510392897176754,0.6984036987288,-1.4946372990164403,-0.057094082428386976,0.0,0.0
20365542,235,162,196,2.186044963694151,-144.53506567816578,262.7130411435187,281.2764166545544,447.52370115225716,22,transition,False,2,2,1,1.9176080130429078e-23,0.00037979552628387704,0.00037979552611455854,1.4424464165663431e-07,1.7974154876835702,0.006243073275302687,0.18817288851914785,0.004002326349446507,1.7974263298752156,0.18821544726681472,0.0012253614244180629,1.501510620451864e-06,CALIBRATED,-0.019332800227746774,-0.0005032687029015181,-0.0023999220523451426,-0.00015955006718947556,0.0,0.0,-0.03484536377096787,-0.0010415256547119762,-0.003172372204754517,-0.0001154425920553577,0.0,0.0
20365542,236,164,168,2.3536639173588476,-189.7610354629411,-8.080310365418427,11.176831958679436,20.895922383419336,1,source,False,2,2,1,0.9207260132674128,21.98503098516672,30.205362956778462,912.3639513507245,1.7174482168902192,0.005459668438522161,0.19347946734591245,0.004302919924216157,1.7174568948532165,0.193527309195194,88.81084918977547,7887.366933809042,CALIBRATED,4.763226806622094,0.12222321253129717,2.7379089747927674,0.07713155983703919,0.0,0.0,8.393271138964975,0.24575385714444395,4.276344284914649,0.1278020976724801,0.0,0.0
20365542,237,166,185,3.014681920429389,175.38213838989142,46.95528063363368,379.90941977294807,370.5712056446294,18,transition,False,2,2,1,3.607477568179144e-42,0.00010709878898609314,0.00010709878898609314,1.1470150602287706e-08,1.4916604488316585,0.0034189486640766025,0.200019742733408,0.00599319379570696,1.4916643670137837,0.20010950965661684,0.00023805654742501827,5.667091977191997e-08,CALIBRATED,-0.005243754135154294,0.00889189275562148,0.00023668939765976517,-0.0006928585048240989,0.0,0.0,-0.00785357541707097,0.013263142224473161,0.0003238518154296612,-0.0006017299464351148,0.0,0.0
20365542,238,167,182,5.588875012550364,232.88501899196257,236.82026991477733,499.6300440672527,535.8404915777699,26,transition,False,2,2,2,2.0988277407697517e-72,9.968554832205858e-06,9.968554832205858e-06,9.937208544269476e-11,1.1764862918754884,0.001106050860058203,-6.504022245625797,9.113999236659463,1.1764868117915483,11.19675343380502,1.4361710169348335e-05,2.0625871898836336e-10,CALIBRATED,-0.0007851530431911595,-0.002670044978952336,0.00039781760152202914,0.0014369030925097902,0.0,0.0,-0.001192121324170599,-0.0033864015526303922,-6.581680442242793e-05,0.0012118207748690235,0.0,0.0
20365542,239,169,170,5.513907306789985,-138.24265442705172,169.62788990919657,192.79357052683613,358.7050662063814,17,transition,False,3,3,2,2.1247454326738444e-11,0.00011018836732813595,0.00011016356782464437,1.213601167585502e-08,1.181117217401398,0.0011359486483211488,-5.709121245494492,7.958895299532118,1.181117763654985,9.794798608683642,0.0001942255451287857,3.772356238057397e-08,CALIBRATED,-0.0026877402086617004,0.0004040981300110183,0.009814236956948944,-0.002541078127403142,0.0,0.0,-0.0034239292002652523,0.007017995594215458,0.011512833950832522,-0.0008394320821168907,0.0,0.0
20365542,240,170,190,1.5911815095575754,-150.24289003730715,188.97697258465325,208.04412533712062,381.4733040627308,18,transition,False,2,2,1,3.732846614021006e-13,0.00045178370554880285,0.0004517673664545675,2.0409375339329545e-07,2.224446995741205,0.010997337269373051,0.16365621302604952,0.0031558989325183332,2.2244741801803607,0.1636866389174754,0.0022224324195124667,4.939205859300037e-06,CALIBRATED,-0.01337112618998348,0.006035843941469043,0.013822728609660138,-0.00674396860639341,0.0,0.0,-0.03162317266951795,0.014605629500007036,0.028811231035830845,-0.013378935792312538,0.0,0.0
20365542,241,172,173,4.004961230086568,-112.85769208675984,294.0319906644236,319.1782573981653,455.07301183129255,23,transition,False,2,2,2,5.59760915239044e-30,5.760731752803891e-05,5.760731752803828e-05,3.3186030327762263e-09,1.3115287317347226,0.002024056971470546,0.12675821967128925,0.011968198460024367,1.3115302935778166,0.1273219699369019,9.733896048067576e-05,9.474873227458556e-09,CALIBRATED,-0.00013319394815348076,-0.00037045623500096277,0.006468910706677057,0.003950383949339789,0.0,0.0,-0.0013058675221881912,-0.0008334001566041571,0.008281178939650543,0.005134314953684697,0.0,0.0
20365542,242,173,189,2.4699805055124564,-119.21897026914323,316.2299448993688,339.02423334766945,478.16446116498287,24,transition,False,2,2,1,9.936386055701444e-34,9.096368013741552e-05,9.096368013741538e-05,8.274391104142018e-09,1.6619561624460364,0.0049160367324107695,0.19716188589347222,0.004511512200171083,1.6619634332046873,0.197213495966688,0.00024835494299535525,6.168017771022616e-08,CALIBRATED,-0.002160510832870678,-0.001625134195851183,0.007524879481813897,0.005199134611463257,0.0,0.0,-0.004801710555244828,-0.0033890533514985364,0.011972177859020392,0.008395224442007741,0.0,0.0
20365542,243,174,187,2.1510025198324847,215.01248706889223,-209.54547312121684,458.9382067908637,505.94903862878965,24,transition,False,2,2,1,3.326663702791468e-61,4.6880854514195634e-05,4.6880854514195634e-05,2.1978145199811773e-09,1.8141334574374697,0.006406852009232472,0.18706349434522648,0.003939484211139677,1.8141447707244027,0.18710497174713556,0.00015277984602500374,2.334168135142385e-08,CALIBRATED,-0.003604842754358981,0.0032570474628815537,0.0040639347446084955,-0.002600392171700629,0.0,0.0,-0.0066089814620727905,0.005063533451437519,0.007345545724560906,-0.005431831832221995,0.0,0.0
20365542,244,177,195,2.6313071011642073,-117.0052845303556,-50.387006458176614,90.7638469392512,134.09332681002851,7,source,False,2,2,1,0.004310670754509022,0.0712151301982178,0.06993190553817413,0.0048904714122001095,1.6073764754294788,0.0044248678813773356,0.19889232794937808,0.004917497218200228,1.6073825659188488,0.19895310979226732,0.17601442729387282,0.03098107861559004,CALIBRATED,0.023055470891912094,-0.0011484180152297717,-0.2630871384063688,-0.013571644754293932,0.0,0.0,0.09520799635776775,0.004327136910516852,-0.4080095474882695,-0.02143244661692264,0.0,0.0
20365542,245,179,181,2.1238507169716563,168.84508125983027,-392.41370585594814,528.9140723460188,631.3986259553388,31,remote,True,2,2,1,4.7145403502890055e-81,9.197260543260132e-06,9.197260543260132e-06,8.458960150060965e-11,1.8270869780533,0.00653375205975441,0.18620390669705408,0.003890792477269868,1.8270986605238146,0.1862445519615175,2.8682652334656583e-05,8.226945449507807e-10,CALIBRATED,-0.002054118056866327,-0.0003602331248422748,0.0017177093375118418,0.0013775217890497546,0.0,0.0,-0.0030874626565318246,-0.0014177029394716882,0.0036651146561168984,0.0019254297214150611,0.0,0.0
20365542,246,180,184,2.413272744734069,-140.0770083296255,84.47096031442877,114.36486391187415,288.38507223077835,14,source,False,2,2,1,0.00017556772635368332,0.001362060796411449,0.001819460739768095,3.3104373835574636e-06,1.689010172527266,0.0051810731922233575,0.1953665984508493,0.004409817325236735,1.6890181190324773,0.19541636133931406,0.005086857899827206,2.5876123293034454e-05,CALIBRATED,0.023885216922746734,0.025379338935120593,-0.019041737769480614,-0.015564656445165605,0.0,0.0,0.044200136976009385,0.044359541221099176,-0.024492222251917568,-0.023781672416915707,0.0,0.0
20365542,247,186,188,2.9791309343928027,141.84454583976844,-227.8480457814005,403.4961431483438,462.574365176184,22,transition,False,2,2,1,1.7844217060032393e-47,6.528313071115405e-05,6.528313071115405e-05,4.2618871554496255e-09,1.5007355494158932,0.003495447036694346,0.20095867480614057,0.005850320911094464,1.5007396201308902,0.20104381421621245,0.00014630105725062193,2.1403999352649757e-08,CALIBRATED,-0.00023725782396249735,0.0032071671354272613,0.00175078350821237,-0.007202477039805785,0.0,0.0,-0.0008625767226041597,0.004321491501043832,0.0024619558626751267,-0.01099183802577571,0.0,0.0
