upstream_hotspot,downstream_hotspot,upstream_geodesic_nm,downstream_geodesic_nm,upstream_steps,downstream_steps,upstream_M4,downstream_M4,ratio,delta_log10_M4,upstream_particles,downstream_particles,upstream_coordination,downstream_coordination,upstream_gap_nm,downstream_gap_nm,near_branch,downstream_class,Gamma_DE_PDA,Gamma_DE_corrected
0,1,306.9500180518242,317.6412268914049,14,15,1.2419537032380828e-07,6.81250727207447e-08,0.5485314995488613,-0.2607984279115955,"[0, 1]","[0, 2]","[2, 3]","[2, 3]",2.418659204525966,3.424481581403718,True,transition,0.5485314995488613,0.2738252038364193
2,0,306.43189728914194,306.9500180518242,14,14,2.6910209518975056e-09,1.2419537032380828e-07,46.15176639046049,1.664188327657689,"[1, 2]","[0, 1]","[3, 3]","[2, 3]",2.453198893153857,2.418659204525966,True,transition,46.15176639046049,56.43809777000465
3,0,284.49605663170087,306.9500180518242,13,14,7.213552604747022e-08,1.2419537032380828e-07,1.7216949418526326,0.2359562035598325,"[1, 3]","[0, 1]","[3, 2]","[2, 3]",3.7228801202257062,2.418659204525966,True,transition,1.7216949418526322,4.056702315414942
2,1,306.43189728914194,317.6412268914049,14,15,2.6910209518975056e-09,6.81250727207447e-08,25.315697624988022,1.4033898997460934,"[1, 2]","[0, 2]","[3, 3]","[2, 3]",2.453198893153857,3.424481581403718,True,transition,25.315697624988026,15.454173626011283
1,4,317.6412268914049,327.56221816501585,15,15,6.81250727207447e-08,6.026036231048288e-08,0.8845548328072912,-0.0532752403715259,"[0, 2]","[2, 4]","[2, 3]","[3, 2]",3.424481581403718,2.9860014002403688,True,transition,0.8845548328072912,1.0817250960819436
3,2,284.49605663170087,306.43189728914194,13,14,7.213552604747022e-08,2.6910209518975056e-09,0.0373050714307763,-1.4282321240978564,"[1, 3]","[1, 2]","[3, 2]","[3, 3]",3.7228801202257062,2.453198893153857,True,transition,0.03730507143077636,0.0718787924417072
2,4,306.43189728914194,327.56221816501585,14,15,2.6910209518975056e-09,6.026036231048288e-08,22.393122680071222,1.3501146593745674,"[1, 2]","[2, 4]","[3, 3]","[3, 2]",2.453198893153857,2.9860014002403688,True,transition,22.393122680071222,16.717167450464093
5,3,261.0897739800745,284.49605663170087,12,13,2.134637847788117e-07,7.213552604747022e-08,0.3379286379758331,-0.4711750021053693,"[3, 11]","[1, 3]","[2, 3]","[3, 2]",3.155795655823006,3.7228801202257062,True,transition,0.33792863797583317,0.25335135589384433
4,6,327.56221816501585,348.38299567029594,15,16,6.026036231048288e-08,1.9088713865413848e-07,3.167706454710973,0.5007449295443718,"[2, 4]","[4, 5]","[3, 2]","[2, 4]",2.9860014002403688,2.491017479293401,True,transition,3.1677064547109732,4.766065047330277
21,5,253.5556814904596,261.0897739800745,12,12,4.625475174050718e-07,2.134637847788117e-07,0.4614959041967416,-0.335832149010003,"[11, 12]","[3, 11]","[3, 2]","[2, 3]",2.0278770443448515,3.155795655823006,True,transition,0.4614959041967416,0.17569338100301507
22,5,239.64803465739763,261.0897739800745,11,12,2.603530357215267e-07,2.134637847788117e-07,0.8199012705468598,-0.0862384405896738,"[11, 14]","[3, 11]","[3, 3]","[2, 3]",1.7885237686800366,3.155795655823006,True,transition,0.8199012705468597,0.21874602324255946
6,7,348.38299567029594,370.9655045694788,16,17,1.9088713865413848e-07,8.09251686075586e-08,0.4239424886250927,-0.3726930551215457,"[4, 5]","[5, 6]","[2, 4]","[4, 4]",2.491017479293401,3.1001357411092307,True,transition,0.4239424886250927,0.2713385461474324
6,8,348.38299567029594,369.7004271852538,16,17,1.9088713865413848e-07,3.766598916787667e-08,0.1973207280146952,-0.7048272908777374,"[4, 5]","[5, 10]","[2, 4]","[4, 4]",2.491017479293401,3.1963251033621454,True,transition,0.1973207280146952,0.11748278974834774
6,9,348.38299567029594,365.61598870759553,16,17,1.9088713865413848e-07,3.154402188813481e-09,0.0165249592563112,-1.7818596026308846,"[4, 5]","[5, 39]","[2, 4]","[4, 3]",2.491017479293401,2.5535227214779432,True,transition,0.016524959256311283,0.013132057608400386
8,7,369.7004271852538,370.9655045694788,17,17,3.766598916787667e-08,8.09251686075586e-08,2.1484944480517028,0.3321342357561916,"[5, 10]","[5, 6]","[4, 4]","[4, 4]",3.1963251033621454,3.1001357411092307,True,transition,2.1484944480517028,2.30960251053494
9,7,365.61598870759553,370.9655045694788,17,17,3.154402188813481e-09,8.09251686075586e-08,25.654676786157808,1.409166547509339,"[5, 39]","[5, 6]","[4, 3]","[4, 4]",2.5535227214779432,3.1001357411092307,True,transition,25.654676786157808,20.662302453947593
7,10,370.9655045694788,393.875994790595,17,18,8.09251686075586e-08,4.335799514892132e-08,0.5357788670071623,-0.2710144204836484,"[5, 6]","[6, 7]","[4, 4]","[4, 2]",3.1001357411092307,3.415378888241367,True,transition,0.5357788670071623,0.4521290142779475
7,11,370.9655045694788,381.25049505580847,17,18,8.09251686075586e-08,1.1698858444745896e-08,0.1445639057173764,-0.8399401268514513,"[5, 6]","[6, 10]","[4, 4]","[4, 4]",3.1001357411092307,2.378620962607908,True,transition,0.14456390571737648,0.24470639913652503
7,12,370.9655045694788,377.1660565781502,17,18,8.09251686075586e-08,8.158231395835813e-09,0.1008120407558077,-0.9964875936691736,"[5, 6]","[6, 39]","[4, 4]","[4, 3]",3.1001357411092307,4.3582981106012895,True,transition,0.10081204075580777,0.056301862350032914
9,8,365.61598870759553,369.7004271852538,17,17,3.154402188813481e-09,3.766598916787667e-08,11.940769411539312,1.0770323117531473,"[5, 39]","[5, 10]","[4, 3]","[4, 4]",2.5535227214779432,3.1963251033621454,True,transition,11.940769411539312,8.94625908990802
8,11,369.7004271852538,381.25049505580847,17,18,3.766598916787667e-08,1.1698858444745896e-08,0.3105947488224531,-0.5078058910952598,"[5, 10]","[6, 10]","[4, 4]","[4, 4]",3.1963251033621454,2.378620962607908,True,transition,0.31059474882245314,0.5651745137896832
8,19,369.7004271852538,391.02106941262457,17,18,3.766598916787667e-08,1.1086194271527841e-07,2.943290357281436,0.4688331076126782,"[5, 10]","[10, 21]","[4, 4]","[4, 2]",3.1963251033621454,2.785116746716497,True,transition,2.9432903572814357,3.926948041894916
8,20,369.7004271852538,385.6597161682271,17,18,3.766598916787667e-08,4.45984810310633e-08,1.1840517670275068,0.07337069026099,"[5, 10]","[10, 185]","[4, 4]","[4, 1]",3.1963251033621454,2.662957410937352,True,transition,1.1840517670275066,1.6886436101940134
9,12,365.61598870759553,377.1660565781502,17,18,3.154402188813481e-09,8.158231395835813e-09,2.586300321743217,0.4126789538401654,"[5, 39]","[6, 39]","[4, 3]","[4, 3]",2.5535227214779432,4.3582981106012895,True,transition,2.5863003217432166,1.1633261085969047
9,77,365.61598870759553,386.6534846440155,17,18,3.154402188813481e-09,3.094613830760576e-08,9.810460573908635,0.9916893967797092,"[5, 39]","[39, 73]","[4, 3]","[3, 3]",2.5535227214779432,1.657562869629853,True,transition,9.810460573908635,35.60206854493866
11,10,381.25049505580847,393.875994790595,18,18,1.1698858444745896e-08,4.335799514892132e-08,3.706173158150652,0.5689257063678029,"[6, 10]","[6, 7]","[4, 4]","[4, 2]",2.378620962607908,3.415378888241367,True,transition,3.706173158150652,1.847638704477436
12,10,377.1660565781502,393.875994790595,18,18,8.158231395835813e-09,4.335799514892132e-08,5.314631694689665,0.7254731731855251,"[6, 39]","[6, 7]","[4, 3]","[4, 2]",4.3582981106012895,3.415378888241367,True,transition,5.314631694689665,8.030445093752448
10,13,393.875994790595,416.2813038933766,18,19,4.335799514892132e-08,5.786328978907377e-08,1.3345471715269868,0.1253339291702175,"[6, 7]","[7, 8]","[4, 2]","[2, 3]",3.415378888241367,1.584632114402151,True,transition,1.334547171526987,7.915399066177415
12,11,377.1660565781502,381.25049505580847,18,18,8.158231395835813e-09,1.1698858444745896e-08,1.4339944379019842,0.1565474668177222,"[6, 39]","[6, 10]","[4, 3]","[4, 4]",4.3582981106012895,2.378620962607908,True,transition,1.4339944379019842,4.346328681192941
11,19,381.25049505580847,391.02106941262457,18,18,1.1698858444745896e-08,1.1086194271527841e-07,9.476304311132845,0.9766389987079378,"[6, 10]","[10, 21]","[4, 4]","[4, 2]",2.378620962607908,2.785116746716497,True,transition,9.476304311132843,6.948204397193041
11,20,381.25049505580847,385.6597161682271,18,18,1.1698858444745896e-08,4.45984810310633e-08,3.812207938210676,0.5811765813562497,"[6, 10]","[10, 185]","[4, 4]","[4, 1]",2.378620962607908,2.662957410937352,True,transition,3.8122079382106753,2.9878268906202012
12,77,377.1660565781502,386.6534846440155,18,18,8.158231395835813e-09,3.094613830760576e-08,3.7932410599926754,0.5790104429395438,"[6, 39]","[39, 73]","[4, 3]","[3, 3]",4.3582981106012895,1.657562869629853,True,transition,3.7932410599926754,30.60368737694588
13,14,416.2813038933766,435.0092597982796,19,20,5.786328978907377e-08,2.379033625417456e-08,0.4111473153513448,-0.3860025411871463,"[7, 8]","[8, 9]","[2, 3]","[3, 4]",1.584632114402151,3.543836123631557,True,transition,0.4111473153513448,0.06511444388886867
13,15,416.2813038933766,438.3964233822635,19,20,5.786328978907377e-08,2.7299101418782613e-08,0.4717861967111566,-0.3262547696392127,"[7, 8]","[8, 15]","[2, 3]","[3, 5]",1.584632114402151,2.7341203350701093,True,transition,0.47178619671115657,0.12106149195256193
14,15,435.0092597982796,438.3964233822635,20,20,2.379033625417456e-08,2.7299101418782613e-08,1.147486993337152,0.0597477715479336,"[8, 9]","[8, 15]","[3, 4]","[3, 5]",3.543836123631557,2.7341203350701093,True,transition,1.147486993337152,1.8592110248100795
14,16,435.0092597982796,446.3763199658146,20,21,2.379033625417456e-08,5.32571474043413e-09,0.2238604231371303,-0.6500226796787743,"[8, 9]","[9, 15]","[3, 4]","[4, 5]",3.543836123631557,3.370293611388416,True,transition,0.22386042313713037,0.2427419109806364
14,17,435.0092597982796,458.1680027844744,20,21,2.379033625417456e-08,1.4124835782130766e-08,0.5937215695995991,-0.2264171730919278,"[8, 9]","[9, 18]","[3, 4]","[4, 3]",3.543836123631557,4.341560549656062,True,transition,0.5937215695995991,0.4180824671051685
14,18,435.0092597982796,449.6225250285551,20,21,2.379033625417456e-08,7.330528177745716e-09,0.30813049884738,-0.5112653129599853,"[8, 9]","[9, 124]","[3, 4]","[4, 3]",3.543836123631557,3.1825502846020264,True,transition,0.30813049884738,0.3517916722350412
15,16,438.3964233822635,446.3763199658146,20,21,2.7299101418782613e-08,5.32571474043413e-09,0.1950875473421215,-0.7097704512267079,"[8, 15]","[9, 15]","[3, 5]","[4, 5]",2.7341203350701093,3.370293611388416,True,transition,0.19508754734212155,0.1305617854785649
15,27,438.3964233822635,460.8245837110316,20,21,2.7299101418782613e-08,1.992689630653267e-08,0.7299469678816006,-0.1367086911028437,"[8, 15]","[15, 22]","[3, 5]","[5, 4]",2.7341203350701093,3.4402159857315238,True,transition,0.7299469678816006,0.4773745307441795
15,28,438.3964233822635,459.8014009060928,20,21,2.7299101418782613e-08,9.904353269839593e-09,0.362808764944369,-0.4403222295474642,"[8, 15]","[15, 56]","[3, 5]","[5, 3]",2.7341203350701093,1.8859859352315809,True,transition,0.36280876494436903,0.8790806478923217
15,29,438.3964233822635,450.9292832198933,20,21,2.7299101418782613e-08,5.962901720445488e-09,0.2184284980289801,-0.6606907005400006,"[8, 15]","[15, 110]","[3, 5]","[5, 2]",2.7341203350701093,5.436158091802639,True,transition,0.21842849802898018,0.0718203715683422
16,17,446.3763199658146,458.1680027844744,21,21,5.32571474043413e-09,1.4124835782130766e-08,2.6521953334998503,0.4236055065868464,"[9, 15]","[9, 18]","[4, 5]","[4, 3]",3.370293611388416,4.341560549656062,True,transition,2.6521953334998503,1.7223332609362174
16,18,446.3763199658146,449.6225250285551,21,21,5.32571474043413e-09,7.330528177745716e-09,1.3764402591994933,0.1387573667187888,"[9, 15]","[9, 124]","[4, 5]","[4, 3]",3.370293611388416,3.1825502846020264,True,transition,1.3764402591994933,1.4492415867283162
16,27,446.3763199658146,460.8245837110316,21,21,5.32571474043413e-09,1.992689630653267e-08,3.741637935513668,0.5730617601238642,"[9, 15]","[15, 22]","[4, 5]","[5, 4]",3.370293611388416,3.4402159857315238,True,transition,3.741637935513668,3.656311293495239
16,28,446.3763199658146,459.8014009060928,21,21,5.32571474043413e-09,9.904353269839593e-09,1.8597228264299093,0.2694482216792437,"[9, 15]","[15, 56]","[4, 5]","[5, 3]",3.370293611388416,1.8859859352315809,True,transition,1.8597228264299095,6.73306239394716
16,29,446.3763199658146,450.9292832198933,21,21,5.32571474043413e-09,5.962901720445488e-09,1.1196434677910323,0.0490797506867073,"[9, 15]","[15, 110]","[4, 5]","[5, 2]",3.370293611388416,5.436158091802639,True,transition,1.1196434677910325,0.5500872349829604
18,17,449.6225250285551,458.1680027844744,21,21,7.330528177745716e-09,1.4124835782130766e-08,1.9268510316912029,0.2848481398680575,"[9, 124]","[9, 18]","[4, 3]","[4, 3]",3.1825502846020264,4.341560549656062,True,transition,1.9268510316912029,1.1884376467724815
17,34,458.1680027844744,481.71617814609726,21,22,1.4124835782130766e-08,2.7564098277056916e-08,1.9514632737839024,0.2903603823438472,"[9, 18]","[18, 20]","[4, 3]","[3, 2]",4.341560549656062,2.755746422771644,True,transition,1.9514632737839026,4.419611213332716
17,35,458.1680027844744,474.88384144189,21,22,1.4124835782130766e-08,1.921230609989069e-09,0.1360179077210657,-0.8664039099205436,"[9, 18]","[18, 22]","[4, 3]","[3, 4]",4.341560549656062,4.971037679916861,True,transition,0.13601790772106567,0.10838859579471036
64,18,430.6550375273261,449.6225250285551,20,21,6.222163883789481e-09,7.330528177745716e-09,1.178131645944563,0.0711938217862877,"[33, 124]","[9, 124]","[3, 3]","[4, 3]",3.3924663837018194,3.1825502846020264,True,transition,1.178131645944563,1.2630457614910588
73,18,441.7262859819902,449.6225250285551,21,21,2.4015810600590035e-08,7.330528177745716e-09,0.3052375911711102,-0.5153619824050407,"[37, 124]","[9, 124]","[3, 3]","[4, 3]",3.8526132212191015,3.1825502846020264,True,transition,0.3052375911711102,0.40860114643694617
20,19,385.6597161682271,391.02106941262457,18,18,4.45984810310633e-08,1.1086194271527841e-07,2.4857784425003606,0.3954624173516882,"[10, 185]","[10, 21]","[4, 1]","[4, 2]",2.662957410937352,2.785116746716497,True,transition,2.4857784425003606,2.3255043386234333
19,38,391.02106941262457,413.871328680247,18,19,1.1086194271527841e-07,1.0024429835491628e-07,0.9042264270288772,-0.0437228043741674,"[10, 21]","[21, 33]","[4, 2]","[2, 3]",2.785116746716497,2.946444660701175,True,transition,0.9042264270288775,0.7950429279520479
22,21,239.64803465739763,253.5556814904596,11,12,2.603530357215267e-07,4.625475174050718e-07,1.7766165703549244,0.2495937084203291,"[11, 14]","[11, 12]","[3, 3]","[3, 2]",1.7885237686800366,2.0278770443448515,True,transition,1.776616570354924,1.245044190018778
23,21,238.65381107275525,253.5556814904596,12,12,4.283789476964202e-07,4.625475174050718e-07,1.0797624857439678,0.0333282346768005,"[12, 13]","[11, 12]","[2, 2]","[3, 2]",4.080662243492832,2.0278770443448515,True,transition,1.0797624857439678,4.495692015013478
25,22,217.5012225556982,239.64803465739763,10,11,1.8162917295995274e-07,2.603530357215267e-07,1.4334318186810866,0.1563770405160008,"[14, 17]","[11, 14]","[3, 3]","[3, 3]",2.937381648035064,1.7885237686800366,True,transition,1.4334318186810868,4.738228486770499
26,22,224.93765274183693,239.64803465739763,11,11,2.029814486373643e-07,2.603530357215267e-07,1.2826444853423988,0.1081062982692734,"[14, 186]","[11, 14]","[3, 2]","[3, 3]",3.608052809367216,1.7885237686800366,True,transition,1.2826444853423988,6.022254807023482
24,23,215.53504734180115,238.65381107275525,11,12,1.935424853795485e-06,4.283789476964202e-07,0.2213358719954138,-0.6549481940838281,"[13, 16]","[12, 13]","[2, 3]","[2, 2]",2.1651695351515023,4.080662243492832,True,transition,0.22133587199541394,0.06059597596256162
30,24,211.89698742615428,215.53504734180115,11,11,6.219143367097329e-07,1.935424853795485e-06,3.112044118543628,0.4930457452277511,"[16, 19]","[13, 16]","[3, 2]","[2, 3]",3.22466616508412,2.1651695351515023,True,transition,3.112044118543627,7.462016107226406
31,24,196.38979467172092,215.53504734180115,10,11,1.3284406939857564e-06,1.935424853795485e-06,1.4569147592043257,0.1634341429229482,"[16, 65]","[13, 16]","[3, 2]","[2, 3]",4.066998363042909,2.1651695351515023,True,transition,1.4569147592043252,5.377603407940539
25,26,217.5012225556982,224.93765274183693,10,11,1.8162917295995274e-07,2.029814486373643e-07,1.1175597252877405,0.0482707422467273,"[14, 17]","[14, 186]","[3, 3]","[3, 2]",2.937381648035064,3.608052809367216,True,transition,1.1175597252877405,0.7867864510223842
32,25,195.3675953071537,217.5012225556982,9,10,7.311237622881518e-07,1.8162917295995274e-07,0.2484246612249605,-0.6048052937519189,"[17, 31]","[14, 17]","[3, 2]","[3, 3]",1.823449260077684,2.937381648035064,True,transition,0.2484246612249606,0.07879886872515166
33,25,213.4689619178194,217.5012225556982,10,10,9.698106889736938e-08,1.8162917295995274e-07,1.87283121360688,0.2724986389330481,"[17, 186]","[14, 17]","[3, 2]","[3, 3]",4.346081354050835,2.937381648035064,True,transition,1.8728312136068799,3.6561168304732754
33,26,213.4689619178194,224.93765274183693,10,11,9.698106889736938e-08,2.029814486373643e-07,2.0930007365888104,0.3207693811797756,"[17, 186]","[14, 186]","[3, 2]","[3, 2]",4.346081354050835,3.608052809367216,True,transition,2.0930007365888104,2.8765831855712762
28,27,459.8014009060928,460.8245837110316,21,21,9.904353269839593e-09,1.992689630653267e-08,2.0119331130093463,0.3036135384446204,"[15, 56]","[15, 22]","[5, 3]","[5, 4]",1.8859859352315809,3.4402159857315238,True,transition,2.0119331130093463,0.5430383797990886
29,27,450.9292832198933,460.8245837110316,21,21,5.962901720445488e-09,1.992689630653267e-08,3.341811963495507,0.5239820094371569,"[15, 110]","[15, 22]","[5, 2]","[5, 4]",5.436158091802639,3.4402159857315238,True,transition,3.341811963495507,6.646784475208731
27,35,460.8245837110316,474.88384144189,21,22,1.992689630653267e-08,1.921230609989069e-09,0.0964139412598453,-1.0158601634575617,"[15, 22]","[18, 22]","[5, 4]","[3, 4]",3.4402159857315238,4.971037679916861,True,transition,0.09641394125984529,0.0510572729339311
27,39,460.8245837110316,482.9316681520738,21,22,1.992689630653267e-08,1.9927213831532352e-08,1.0000159344935005,6.92020746431811e-06,"[15, 22]","[22, 27]","[5, 4]","[4, 3]",3.4402159857315238,2.083208790941619,True,transition,1.0000159344935005,2.7861019853709155
27,40,460.8245837110316,471.5215088989586,21,22,1.992689630653267e-08,1.1902127240052622e-08,0.5972895656686247,-0.2238150720805196,"[15, 22]","[22, 56]","[5, 4]","[4, 3]",3.4402159857315238,2.773573073633745,True,transition,0.5972895656686248,0.8834418901560207
29,28,450.9292832198933,459.8014009060928,21,21,5.962901720445488e-09,9.904353269839593e-09,1.6609955578975464,0.2203684709925363,"[15, 110]","[15, 56]","[5, 2]","[5, 3]",5.436158091802639,1.8859859352315809,True,transition,1.6609955578975464,12.23999025201107
28,40,459.8014009060928,471.5215088989586,21,22,9.904353269839593e-09,1.1902127240052622e-08,1.2017066552236764,0.0797984663641007,"[15, 56]","[22, 56]","[5, 3]","[4, 3]",1.8859859352315809,2.773573073633745,True,transition,1.2017066552236766,0.4797428526769699
28,109,459.8014009060928,482.15450600985736,21,22,9.904353269839593e-09,4.640432727101723e-09,0.4685245568968763,-0.3292676413924048,"[15, 56]","[56, 102]","[5, 3]","[3, 3]",1.8859859352315809,3.021949395935984,True,transition,0.4685245568968763,0.14981716657638786
145,29,432.12324885698223,450.9292832198933,20,21,1.335561213809606e-08,5.962901720445488e-09,0.4464716149877308,-0.3502061467330068,"[81, 110]","[15, 110]","[3, 2]","[5, 2]",3.094556656921988,5.436158091802639,True,transition,0.44647161498773075,0.19348158556024023
31,30,196.38979467172092,211.89698742615428,10,11,1.3284406939857564e-06,6.219143367097329e-07,0.4681536326953268,-0.3296116023048029,"[16, 65]","[16, 19]","[3, 2]","[3, 2]",4.066998363042909,3.22466616508412,True,transition,0.46815363269532684,0.7206636022579381
30,36,211.89698742615428,218.11501008913703,11,11,6.219143367097329e-07,8.242851683342134e-07,1.3253998495920405,0.1223469169708242,"[16, 19]","[19, 23]","[3, 2]","[2, 4]",3.22466616508412,2.172092137061366,True,transition,1.3253998495920403,2.955106426418468
121,31,173.38005130911995,196.38979467172092,9,10,1.189781857712471e-05,1.3284406939857564e-06,0.1116541394016443,-0.9521251715090832,"[65, 72]","[16, 65]","[2, 3]","[3, 2]",3.4266310581966835,4.066998363042909,True,transition,0.11165413940164437,0.07916400291669937
32,33,195.3675953071537,213.4689619178194,9,10,7.311237622881518e-07,9.698106889736938e-08,0.1326465831090674,-0.8773039326849671,"[17, 31]","[17, 186]","[3, 2]","[3, 2]",1.823449260077684,4.346081354050835,True,transition,0.13264658310906743,0.021552612342246005
59,32,172.8571825108199,195.3675953071537,8,9,1.7494549999348807e-06,7.311237622881518e-07,0.417915157757911,-0.3789118767356847,"[31, 47]","[17, 31]","[2, 2]","[3, 2]",3.7177475871085655,1.823449260077684,True,transition,0.417915157757911,1.983869869161057
35,34,474.88384144189,481.71617814609726,22,22,1.921230609989069e-09,2.7564098277056916e-08,14.34710551338433,1.156764292264391,"[18, 22]","[18, 20]","[3, 4]","[3, 2]",4.971037679916861,2.755746422771644,True,transition,14.347105513384333,40.775610948069904
34,37,481.71617814609726,504.52088377606094,22,23,2.7564098277056916e-08,1.991495358599605e-08,0.7224961029315563,-0.1411644911041276,"[18, 20]","[20, 29]","[3, 2]","[2, 2]",2.755746422771644,3.0624038013435,True,transition,0.7224961029315564,0.5783759871761269
35,39,474.88384144189,482.9316681520738,22,22,1.921230609989069e-09,1.9927213831532352e-08,10.372109276171551,1.015867083665026,"[18, 22]","[22, 27]","[3, 4]","[4, 3]",4.971037679916861,2.083208790941619,True,transition,10.372109276171553,54.56817070853304
40,35,471.5215088989586,474.88384144189,22,22,1.1902127240052622e-08,1.921230609989069e-09,0.1614190951953371,-0.7920450913770418,"[22, 56]","[18, 22]","[4, 3]","[3, 4]",2.773573073633745,4.971037679916861,True,transition,0.1614190951953371,0.057793583825772744
41,36,215.42313370782745,218.11501008913703,11,11,3.8986569148694915e-08,8.242851683342134e-07,21.14279831062813,1.325162466908837,"[23, 24]","[19, 23]","[4, 3]","[2, 4]",4.363310405480171,2.172092137061366,True,transition,21.142798310628127,82.83544726152023
42,36,198.4369214581485,218.11501008913703,10,11,7.864710020492065e-06,8.242851683342134e-07,0.1048080814405718,-0.979605228900666,"[23, 30]","[19, 23]","[4, 4]","[2, 4]",4.338554619088921,2.172092137061366,True,transition,0.1048080814405718,0.38527781735842614
36,43,218.11501008913703,222.11178057308143,11,11,8.242851683342134e-07,1.2104603311558497e-06,1.4684970416270526,0.1668730759481342,"[19, 23]","[23, 140]","[2, 4]","[4, 2]",2.172092137061366,3.857222644832007,True,transition,1.4684970416270529,0.47785506012678064
37,55,504.52088377606094,527.7407307470618,23,24,1.991495358599605e-08,1.2320992780670132e-08,0.6186804667892425,-0.2085335954711277,"[20, 29]","[29, 34]","[2, 2]","[2, 3]",3.0624038013435,3.387756131141508,True,transition,0.6186804667892424,0.5247585945928522
38,63,413.871328680247,435.9208484869197,19,20,1.0024429835491628e-07,6.245394985060004e-08,0.6230174770587051,-0.2054997702209371,"[21, 33]","[33, 37]","[2, 3]","[3, 3]",2.946444660701175,2.142496909328244,True,transition,0.623017477058705,1.2859239120742867
38,64,413.871328680247,430.6550375273261,19,20,1.0024429835491628e-07,6.222163883789481e-09,0.0620700028420551,-1.2071182347291696,"[21, 33]","[33, 124]","[2, 3]","[3, 3]",2.946444660701175,3.3924663837018194,True,transition,0.06207000284205518,0.048014289484826916
40,39,471.5215088989586,482.9316681520738,22,22,1.1902127240052622e-08,1.9927213831532352e-08,1.674256494626775,0.223821992287984,"[22, 56]","[22, 27]","[4, 3]","[4, 3]",2.773573073633745,2.083208790941619,True,transition,1.6742564946267748,3.153690148062681
39,51,482.9316681520738,503.2831403661608,22,23,1.9927213831532352e-08,1.8493949061820253e-08,0.928075004271589,-0.0324169239697477,"[22, 27]","[27, 28]","[4, 3]","[3, 3]",2.083208790941619,2.7031208661412585,True,transition,0.928075004271589,0.5230556242642734
39,52,482.9316681520738,506.7525856012917,22,23,1.9927213831532352e-08,2.3486472781220047e-09,0.1178612975189517,-0.9286287821258252,"[22, 27]","[27, 36]","[4, 3]","[3, 4]",2.083208790941619,5.571825385997279,True,transition,0.11786129751895173,0.06248671622662864
40,109,471.5215088989586,482.15450600985736,22,22,1.1902127240052622e-08,4.640432727101723e-09,0.3898826347180949,-0.4090661077565056,"[22, 56]","[56, 102]","[4, 3]","[3, 3]",2.773573073633745,3.021949395935984,True,transition,0.38988263471809487,0.3122863962233237
42,41,198.4369214581485,215.42313370782745,10,11,7.864710020492065e-06,3.8986569148694915e-08,0.0049571527808542,-2.304767695809503,"[23, 30]","[23, 24]","[4, 4]","[4, 3]",4.338554619088921,4.363310405480171,True,transition,0.0049571527808543,0.004651122557980082
41,43,215.42313370782745,222.11178057308143,11,11,3.8986569148694915e-08,1.2104603311558497e-06,31.04813677087485,1.4920355428569714,"[23, 24]","[23, 140]","[4, 3]","[4, 2]",4.363310405480171,3.857222644832007,True,transition,31.04813677087485,39.58333763178252
41,44,215.42313370782745,239.38374467880132,11,12,3.8986569148694915e-08,5.0022408234514e-08,1.2830677160569928,0.1082495776016062,"[23, 24]","[24, 25]","[4, 3]","[3, 2]",4.363310405480171,3.670366039798033,True,transition,1.2830677160569928,1.6434905185614321
41,45,215.42313370782745,234.251910883412,11,12,3.8986569148694915e-08,1.6748226114780777e-06,42.958963767504095,1.6330537970052192,"[23, 24]","[24, 175]","[4, 3]","[3, 2]",4.363310405480171,2.732463427136832,True,transition,42.95896376750409,105.71392468356467
42,43,198.4369214581485,222.11178057308143,10,11,7.864710020492065e-06,1.2104603311558497e-06,0.1539103575340868,-0.8127321529525317,"[23, 30]","[23, 140]","[4, 4]","[4, 2]",4.338554619088921,3.857222644832007,True,transition,0.1539103575340869,0.18410695457932555
56,42,196.94987026791568,198.4369214581485,10,10,9.473361720907255e-08,7.864710020492065e-06,83.019209570928,1.9191785941277997,"[30, 41]","[23, 30]","[4, 4]","[4, 4]",4.301697678171163,4.338554619088921,True,transition,83.019209570928,82.72208284635705
57,42,188.672340960881,198.4369214581485,10,10,1.0453706648412108e-05,7.864710020492065e-06,0.7523369733822304,-0.1235875943800588,"[30, 78]","[23, 30]","[4, 4]","[4, 4]",2.517554995865815,4.338554619088921,True,transition,0.7523369733822304,0.2849103900788649
58,42,176.78591842210716,198.4369214581485,9,10,5.855170958490722e-05,7.864710020492065e-06,0.1343207581170155,-0.8718568656705783,"[30, 90]","[23, 30]","[4, 4]","[4, 4]",1.8408983096198064,4.338554619088921,True,transition,0.13432075811701558,0.02185065206392078
43,222,222.11178057308143,240.940557748666,11,12,1.2104603311558497e-06,3.2454545194979764e-08,0.0268117379476528,-1.5716750339614567,"[23, 140]","[140, 175]","[4, 2]","[2, 2]",3.857222644832007,2.5400950711624866,True,transition,0.02681173794765288,0.048751310280386956
45,44,234.251910883412,239.38374467880132,12,12,1.6748226114780777e-06,5.0022408234514e-08,0.0298672873722237,-1.524804219403613,"[24, 175]","[24, 25]","[3, 2]","[3, 2]",2.732463427136832,3.670366039798033,True,transition,0.029867287372223755,0.015546585026342754
44,46,239.38374467880132,262.9529636170626,12,13,5.0022408234514e-08,2.791339259616783e-07,5.58017768063162,0.7466480276991035,"[24, 25]","[25, 26]","[3, 2]","[2, 5]",3.670366039798033,3.664542100080148,True,transition,5.580177680631619,6.069103334761933
45,222,234.251910883412,240.940557748666,12,12,1.6748226114780777e-06,3.2454545194979764e-08,0.0193779000668839,-1.7126932881097043,"[24, 175]","[140, 175]","[3, 2]","[2, 2]",2.732463427136832,2.5400950711624866,True,transition,0.019377900066883932,0.01825435561679003
46,47,262.9529636170626,286.7740164901828,13,14,2.791339259616783e-07,4.7437731631873735e-08,0.169946134166387,-0.7696887100412119,"[25, 26]","[26, 32]","[2, 5]","[5, 4]",3.664542100080148,4.1802935742350265,True,transition,0.16994613416638707,0.13528391413340518
46,48,262.9529636170626,277.0671394003205,13,14,2.791339259616783e-07,1.9573139602236164e-07,0.7012096266980933,-0.1541521302377377,"[25, 26]","[26, 51]","[2, 5]","[5, 3]",3.664542100080148,2.636769250467175,True,transition,0.7012096266980933,1.3074449322128965
46,49,262.9529636170626,281.9070342119611,13,14,2.791339259616783e-07,1.1728720700504396e-07,0.4201825578921068,-0.3765619794608395,"[25, 26]","[26, 136]","[2, 5]","[5, 2]",3.664542100080148,2.5499404168520954,True,transition,0.42018255789210684,0.780227787247419
46,50,262.9529636170626,284.70335961853976,13,14,2.791339259616783e-07,6.200455111379194e-07,2.2213190639644576,0.3466109438555089,"[25, 26]","[26, 150]","[2, 5]","[5, 3]",3.664542100080148,3.3789221890090566,True,transition,2.2213190639644576,2.6307298154565473
48,47,277.0671394003205,286.7740164901828,14,14,1.9573139602236164e-07,4.7437731631873735e-08,0.2423613819545543,-0.6155365798034742,"[26, 51]","[26, 32]","[5, 3]","[5, 4]",2.636769250467175,4.1802935742350265,True,transition,0.24236138195455437,0.10347197866638437
49,47,281.9070342119611,286.7740164901828,14,14,1.1728720700504396e-07,4.7437731631873735e-08,0.4044578504613352,-0.3931267305803723,"[26, 136]","[26, 32]","[5, 2]","[5, 4]",2.5499404168520954,4.1802935742350265,True,transition,0.4044578504613352,0.17339027953705158
50,47,284.70335961853976,286.7740164901828,14,14,6.200455111379194e-07,4.7437731631873735e-08,0.0765068543836646,-1.1162996538967207,"[26, 150]","[26, 32]","[5, 3]","[5, 4]",3.3789221890090566,4.1802935742350265,True,transition,0.07650685438366468,0.051424480514327346
47,60,286.7740164901828,310.4693104772338,14,15,4.7437731631873735e-08,2.7056005615132276e-08,0.5703477945592399,-0.24386023345853,"[26, 32]","[32, 43]","[5, 4]","[4, 3]",4.1802935742350265,3.55243331564056,True,transition,0.5703477945592399,0.6928148585727115
47,61,286.7740164901828,293.9971809990786,14,15,4.7437731631873735e-08,8.839687489789806e-07,18.634296341122603,1.2703129977908303,"[26, 32]","[32, 136]","[5, 4]","[4, 2]",4.1802935742350265,3.142198788321611,True,transition,18.6342963411226,31.25610719852883
47,62,286.7740164901828,296.79350640565724,14,15,4.7437731631873735e-08,4.540872208237332e-08,0.9572279390328796,-0.0189846339295459,"[26, 32]","[32, 150]","[5, 4]","[4, 3]",4.1802935742350265,2.0857626039521584,True,transition,0.9572279390328793,3.4476748568100195
48,49,277.0671394003205,281.9070342119611,14,14,1.9573139602236164e-07,1.1728720700504396e-07,0.5992253127936832,-0.2224098492231018,"[26, 51]","[26, 136]","[5, 3]","[5, 2]",2.636769250467175,2.5499404168520954,True,transition,0.5992253127936833,0.596757666823379
48,50,277.0671394003205,284.70335961853976,14,14,1.9573139602236164e-07,6.200455111379194e-07,3.167838802248574,0.5007630740932466,"[26, 51]","[26, 150]","[5, 3]","[5, 3]",2.636769250467175,3.3789221890090566,True,transition,3.167838802248574,2.012115195554695
48,100,277.0671394003205,288.756600494825,14,15,1.9573139602236164e-07,8.385422280911002e-09,0.0428414779198376,-1.3681355555488903,"[26, 51]","[51, 150]","[5, 3]","[3, 3]",2.636769250467175,3.068758093096978,True,transition,0.04284147791983763,0.029436729183738807
48,101,277.0671394003205,298.3955268970099,14,15,1.9573139602236164e-07,4.217572976144672e-07,2.154775913243284,0.3334021122219797,"[26, 51]","[51, 151]","[5, 3]","[3, 2]",2.636769250467175,3.5003998493329758,True,transition,2.154775913243284,1.2856219521214949
49,50,281.9070342119611,284.70335961853976,14,14,1.1728720700504396e-07,6.200455111379194e-07,5.286557050601899,0.7231729233163485,"[26, 136]","[26, 150]","[5, 2]","[5, 3]",2.5499404168520954,3.3789221890090566,True,transition,5.286557050601898,3.371745865060191
49,61,281.9070342119611,293.9971809990786,14,15,1.1728720700504396e-07,8.839687489789806e-07,7.536787442989971,0.877186267210458,"[26, 136]","[32, 136]","[5, 2]","[4, 2]",2.5499404168520954,3.142198788321611,True,transition,7.53678744298997,5.419505164392963
50,62,284.70335961853976,296.79350640565724,14,15,6.200455111379194e-07,4.540872208237332e-08,0.0732344985435639,-1.1352842878262668,"[26, 150]","[32, 150]","[5, 3]","[4, 3]",3.3789221890090566,2.0857626039521584,True,transition,0.07323449854356394,0.17729488849376315
50,100,284.70335961853976,288.756600494825,14,15,6.200455111379194e-07,8.385422280911002e-09,0.0135238819252508,-1.868898629642137,"[26, 150]","[51, 150]","[5, 3]","[3, 3]",3.3789221890090566,3.068758093096978,True,transition,0.0135238819252508,0.014629743490219883
51,52,503.2831403661608,506.7525856012917,23,23,1.8493949061820253e-08,2.3486472781220047e-09,0.126995444308358,-0.8962118581560776,"[27, 28]","[27, 36]","[3, 3]","[3, 4]",2.7031208661412585,5.571825385997279,True,transition,0.12699544430835805,0.11946476307280327
51,53,503.2831403661608,516.0690530591594,23,24,1.8493949061820253e-08,8.977755796039827e-09,0.4854428746413016,-0.3138618691292767,"[27, 28]","[28, 36]","[3, 3]","[3, 4]",2.7031208661412585,1.327225968538322,True,transition,0.48544287464130165,3.3370113940596635
51,54,503.2831403661608,525.8830544501371,23,24,1.8493949061820253e-08,1.2676507709163957e-08,0.6854408253634651,-0.1640300322346443,"[27, 28]","[28, 183]","[3, 3]","[3, 2]",2.7031208661412585,2.5228332712134147,True,transition,0.6854408253634652,0.7769816966035648
52,53,506.7525856012917,516.0690530591594,23,24,2.3486472781220047e-09,8.977755796039827e-09,3.82252195962712,0.5823499890268009,"[27, 36]","[28, 36]","[3, 4]","[3, 4]",5.571825385997279,1.327225968538322,True,transition,3.82252195962712,27.933018140470832
52,70,506.7525856012917,529.1438314749976,23,24,2.3486472781220047e-09,8.825581884685199e-09,3.757729807662817,0.5749255497773719,"[27, 36]","[36, 38]","[3, 4]","[4, 4]",5.571825385997279,2.3739966980602603,True,transition,3.757729807662817,5.319768936573876
52,71,506.7525856012917,530.0697503666088,23,24,2.3486472781220047e-09,3.394342252415982e-09,1.445232872570854,0.159937831261446,"[27, 36]","[36, 70]","[3, 4]","[4, 3]",5.571825385997279,2.502656207925199,True,transition,1.4452328725708539,1.745294014424247
53,54,516.0690530591594,525.8830544501371,24,24,8.977755796039827e-09,1.2676507709163957e-08,1.4119907020366584,0.1498318368946323,"[28, 36]","[28, 183]","[3, 4]","[3, 2]",1.327225968538322,2.5228332712134147,True,transition,1.4119907020366587,0.2328375917405312
53,70,516.0690530591594,529.1438314749976,24,24,8.977755796039827e-09,8.825581884685199e-09,0.9830498941147682,-0.007424439249429,"[28, 36]","[36, 38]","[3, 4]","[4, 4]",1.327225968538322,2.3739966980602603,True,transition,0.9830498941147682,0.19044733762107555
53,71,516.0690530591594,530.0697503666088,24,24,8.977755796039827e-09,3.394342252415982e-09,0.3780836023534142,-0.4224121577653548,"[28, 36]","[36, 70]","[3, 4]","[4, 3]",1.327225968538322,2.502656207925199,True,transition,0.3780836023534142,0.06248139766520872
54,235,525.8830544501371,546.9671323485596,24,25,1.2676507709163957e-08,6.205254038586196e-10,0.0489508165888651,-1.3102400589766745,"[28, 183]","[156, 183]","[3, 2]","[2, 2]",2.5228332712134147,5.669930552138013,True,transition,0.04895081658886512,0.01661892466445768
55,65,527.7407307470618,551.0671922259154,24,25,1.2320992780670132e-08,2.4727153210641447e-09,0.2006912401526182,-0.6974715833491161,"[29, 34]","[34, 35]","[2, 3]","[3, 4]",3.387756131141508,4.648380652469513,True,transition,0.20069124015261822,0.11900455078031758
55,66,527.7407307470618,549.211764508785,24,25,1.2320992780670132e-08,2.7451662569010163e-08,2.228039822576463,0.3479229488763118,"[29, 34]","[34, 42]","[2, 3]","[3, 4]",3.387756131141508,1.2996250838350214,True,transition,2.2280398225764633,26.423105189622152
57,56,188.672340960881,196.94987026791568,10,10,1.0453706648412108e-05,9.473361720907255e-08,0.0090622035221796,-2.0427661885078585,"[30, 78]","[30, 41]","[4, 4]","[4, 4]",2.517554995865815,4.301697678171163,True,transition,0.009062203522179605,0.003444187818723569
58,56,176.78591842210716,196.94987026791568,9,10,5.855170958490722e-05,9.473361720907255e-08,0.0016179479280907,-2.791035459798378,"[30, 90]","[30, 41]","[4, 4]","[4, 4]",1.8408983096198064,4.301697678171163,True,transition,0.0016179479280907605,0.0002641453323232304
56,82,196.94987026791568,217.36871767672747,10,11,9.473361720907255e-08,1.3626866760004437e-06,14.384404566681535,1.157891889253343,"[30, 41]","[41, 64]","[4, 4]","[4, 2]",4.301697678171163,2.345415363743072,True,transition,14.384404566681535,44.35144045562755
56,83,196.94987026791568,209.6572526226716,10,11,9.473361720907255e-08,2.608408808042865e-06,27.53414136278817,1.4398715377914304,"[30, 41]","[41, 66]","[4, 4]","[4, 4]",4.301697678171163,1.344034740958424,True,transition,27.534141362788162,427.25392301066654
56,84,196.94987026791568,197.9158436518796,10,10,9.473361720907255e-08,5.116644388517071e-05,540.1086266161338,2.732481113888978,"[30, 41]","[41, 78]","[4, 4]","[4, 4]",4.301697678171163,1.8124810510470617,True,transition,540.1086266161337,3491.523896106084
58,57,176.78591842210716,188.672340960881,9,10,5.855170958490722e-05,1.0453706648412108e-05,0.1785380260033729,-0.7482692712905195,"[30, 90]","[30, 78]","[4, 4]","[4, 4]",1.8408983096198064,2.517554995865815,True,transition,0.17853802600337298,0.07669306850435462
57,84,188.672340960881,197.9158436518796,10,10,1.0453706648412108e-05,5.116644388517071e-05,4.894574298480316,0.6897149253811203,"[30, 78]","[41, 78]","[4, 4]","[4, 4]",2.517554995865815,1.8124810510470617,True,transition,4.894574298480316,12.02546407175083
57,122,188.672340960881,201.63469220422928,10,10,1.0453706648412108e-05,7.804214504558509e-07,0.0746549981459825,-1.12694111098577,"[30, 78]","[66, 78]","[4, 4]","[4, 4]",2.517554995865815,3.4828179415839813,True,transition,0.0746549981459825,0.039458134728094015
141,57,177.75189180607111,188.672340960881,9,10,4.532365063743959e-07,1.0453706648412108e-05,23.06457335494689,1.3629454255037472,"[78, 90]","[30, 78]","[4, 4]","[4, 4]",4.289920161417964,2.517554995865815,True,transition,23.06457335494689,60.75223212717982
58,141,176.78591842210716,177.75189180607111,9,9,5.855170958490722e-05,4.532365063743959e-07,0.00774079031317,-2.1112146967942667,"[30, 90]","[78, 90]","[4, 4]","[4, 4]",1.8408983096198064,4.289920161417964,True,transition,0.007740790313170052,0.0012623909578137634
159,58,155.10717976939523,176.78591842210716,8,9,1.1775392080045171e-05,5.855170958490722e-05,4.972378769801659,0.6965642035113063,"[90, 94]","[30, 90]","[4, 4]","[4, 4]",2.7369723913051693,1.8408983096198064,True,transition,4.97237876980166,13.495511521650288
160,58,161.84416311079133,176.78591842210716,9,9,8.022285168546576e-05,5.855170958490722e-05,0.7298632291765718,-0.1367585157411822,"[90, 101]","[30, 90]","[4, 4]","[4, 4]",4.342948250802433,1.8408983096198064,True,transition,0.7298632291765718,4.4877256038511435
95,59,149.5436616205417,172.8571825108199,7,8,1.5699337997008277e-05,1.7494549999348807e-06,0.1114349535164007,-0.9529785637557152,"[47, 55]","[31, 47]","[2, 3]","[2, 2]",2.970979785075425,3.7177475871085655,True,transition,0.1114349535164007,0.07550388835884246
61,60,293.9971809990786,310.4693104772338,15,15,8.839687489789806e-07,2.7056005615132276e-08,0.0306074232221252,-1.5141732312493603,"[32, 136]","[32, 43]","[4, 2]","[4, 3]",3.142198788321611,3.55243331564056,True,transition,0.03060742322212527,0.02216574361522925
62,60,296.79350640565724,310.4693104772338,15,15,4.540872208237332e-08,2.7056005615132276e-08,0.5958327910230891,-0.2248755995289841,"[32, 150]","[32, 43]","[4, 3]","[4, 3]",2.0857626039521584,3.55243331564056,True,transition,0.5958327910230892,0.20095133310040214
60,87,310.4693104772338,333.46980716609505,15,16,2.7056005615132276e-08,1.678586433485341e-07,6.2041177007537165,0.7926800283909183,"[32, 43]","[43, 52]","[4, 3]","[3, 2]",3.55243331564056,3.8874347554086057,True,transition,6.2041177007537165,5.808672612851427
60,88,310.4693104772338,330.75212365891906,15,16,2.7056005615132276e-08,1.989378597817935e-08,0.7352817064412813,-0.1335462389928141,"[32, 43]","[43, 60]","[4, 3]","[3, 2]",3.55243331564056,3.3268124702682518,True,transition,0.7352817064412813,0.8516719213742691
61,62,293.9971809990786,296.79350640565724,15,15,8.839687489789806e-07,4.540872208237332e-08,0.0513691486659706,-1.2892976317203764,"[32, 136]","[32, 150]","[4, 2]","[4, 3]",3.142198788321611,2.0857626039521584,True,transition,0.05136914866597062,0.11030403866071638
100,62,288.756600494825,296.79350640565724,15,15,8.385422280911002e-09,4.540872208237332e-08,5.4151980140277525,0.7336143418158703,"[51, 150]","[32, 150]","[3, 3]","[4, 3]",3.068758093096978,2.0857626039521584,True,transition,5.4151980140277525,12.118796793141753
64,63,430.6550375273261,435.9208484869197,20,20,6.222163883789481e-09,6.245394985060004e-08,10.037336048526535,1.0016184645082322,"[33, 124]","[33, 37]","[3, 3]","[3, 3]",3.3924663837018194,2.142496909328244,True,transition,10.037336048526535,26.782108532099674
63,72,435.9208484869197,457.7774949390118,20,21,6.245394985060004e-08,3.000317584679777e-08,0.4804047769367706,-0.3183926828116682,"[33, 37]","[37, 53]","[3, 3]","[3, 4]",2.142496909328244,4.898960554777304,True,transition,0.4804047769367706,0.10015968439308254
63,73,435.9208484869197,441.7262859819902,20,21,6.245394985060004e-08,2.4015810600590035e-08,0.3845362968721713,-0.4150626603169038,"[33, 37]","[37, 124]","[3, 3]","[3, 3]",2.142496909328244,3.8526132212191015,True,transition,0.3845362968721713,0.1154183175498671
64,73,430.6550375273261,441.7262859819902,20,21,6.222163883789481e-09,2.4015810600590035e-08,3.859720034561947,0.5865558041913285,"[33, 124]","[37, 124]","[3, 3]","[3, 3]",3.3924663837018194,3.8526132212191015,True,transition,3.859720034561947,3.091145907212885
66,65,549.211764508785,551.0671922259154,25,25,2.7451662569010163e-08,2.4727153210641447e-09,0.0900752482603936,-1.045394532225428,"[34, 42]","[34, 35]","[3, 4]","[3, 4]",1.2996250838350214,4.648380652469513,True,transition,0.09007524826039359,0.004503806419657951
65,67,551.0671922259154,574.244246791233,25,26,2.4727153210641447e-09,1.164450947631902e-09,0.4709199387864734,-0.327052921106182,"[34, 35]","[35, 40]","[3, 4]","[4, 5]",4.648380652469513,4.699856214733586,True,transition,0.4709199387864734,0.4636493466826076
65,68,551.0671922259154,561.5359548350198,25,26,2.4727153210641447e-09,5.362642248768841e-09,2.168726097616851,0.3362047056310593,"[34, 35]","[35, 42]","[3, 4]","[4, 4]",4.648380652469513,3.068461178780229,True,transition,2.168726097616851,4.275181619683007
65,69,551.0671922259154,575.3419982444086,25,26,2.4727153210641447e-09,1.925700711860192e-09,0.7787797873276646,-0.1085853288083688,"[34, 35]","[35, 61]","[3, 4]","[4, 3]",4.648380652469513,4.1549025865752185,True,transition,0.7787797873276644,0.9069143249886441
66,68,549.211764508785,561.5359548350198,25,26,2.7451662569010163e-08,5.362642248768841e-09,0.1953485416516324,-0.7091898265943686,"[34, 42]","[35, 42]","[3, 4]","[4, 4]",1.2996250838350214,3.068461178780229,True,transition,0.19534854165163243,0.019254590423932006
66,85,549.211764508785,570.6826250344178,25,26,2.7451662569010163e-08,8.705774341580906e-09,0.3171310415059795,-0.498761246162907,"[34, 42]","[42, 54]","[3, 4]","[4, 3]",1.2996250838350214,2.018947270478982,True,transition,0.31713104150597954,0.07844488113087104
66,86,549.211764508785,568.1379559762632,25,26,2.7451662569010163e-08,1.400392520662273e-08,0.5101303125600701,-0.2923188693987572,"[34, 42]","[42, 154]","[3, 4]","[4, 3]",1.2996250838350214,3.064833565816219,True,transition,0.5101303125600701,0.050463521159201705
68,67,561.5359548350198,574.244246791233,26,26,5.362642248768841e-09,1.164450947631902e-09,0.2171412698468255,-0.6632576267372414,"[35, 42]","[35, 40]","[4, 4]","[4, 5]",3.068461178780229,4.699856214733586,True,transition,0.2171412698468255,0.10845138006487451
67,69,574.244246791233,575.3419982444086,26,26,1.164450947631902e-09,1.925700711860192e-09,1.653741375518148,0.2184675922978132,"[35, 40]","[35, 61]","[4, 5]","[4, 3]",4.699856214733586,4.1549025865752185,True,transition,1.6537413755181476,1.9560349464041729
67,78,574.244246791233,596.8172305258508,26,27,1.164450947631902e-09,4.1632034945075275e-09,3.575250209529281,0.5533064407707826,"[35, 40]","[40, 46]","[4, 5]","[5, 3]",4.699856214733586,2.448363609820124,True,transition,3.575250209529281,11.39161777153707
67,79,574.244246791233,587.1311603060219,26,27,1.164450947631902e-09,2.367809676460923e-09,2.033412984270608,0.3082255923984944,"[35, 40]","[40, 54]","[4, 5]","[5, 3]",4.699856214733586,4.808767038012999,True,transition,2.033412984270608,1.9681914995428669
67,80,574.244246791233,586.3216980845206,26,27,1.164450947631902e-09,7.704449419379244e-09,6.616379534962361,0.8206204096660422,"[35, 40]","[40, 61]","[4, 5]","[5, 3]",4.699856214733586,1.3500043755894566,True,transition,6.616379534962361,116.56178346107261
67,81,574.244246791233,596.8053261642282,26,27,1.164450947631902e-09,2.0384605145184824e-09,1.7505765431030127,0.2431811048299889,"[35, 40]","[40, 68]","[4, 5]","[5, 3]",4.699856214733586,3.241706542171901,True,transition,1.7505765431030127,3.2223093211946936
68,69,561.5359548350198,575.3419982444086,26,26,5.362642248768841e-09,1.925700711860192e-09,0.3590955022782465,-0.4447900344394281,"[35, 42]","[35, 61]","[4, 4]","[4, 3]",3.068461178780229,4.1549025865752185,True,transition,0.3590955022782465,0.2121346893926554
68,85,561.5359548350198,570.6826250344178,26,26,5.362642248768841e-09,8.705774341580906e-09,1.623411359126107,0.2104285804314615,"[35, 42]","[42, 54]","[4, 4]","[4, 3]",3.068461178780229,2.018947270478982,True,transition,1.623411359126107,4.074087238613498
68,86,561.5359548350198,568.1379559762632,26,26,5.362642248768841e-09,1.400392520662273e-08,2.611385312872169,0.4168709571956114,"[35, 42]","[42, 154]","[4, 4]","[4, 3]",3.068461178780229,3.064833565816219,True,transition,2.611385312872169,2.62085663980052
69,80,575.3419982444086,586.3216980845206,26,27,1.925700711860192e-09,7.704449419379244e-09,4.0008550508022,0.6021528173682289,"[35, 61]","[40, 61]","[4, 3]","[5, 3]",4.1549025865752185,1.3500043755894566,True,transition,4.000855050802201,59.59084916931111
69,117,575.3419982444086,600.0121792268635,26,27,1.925700711860192e-09,5.539947280448114e-10,0.2876847500926883,-0.5410831590555557,"[35, 61]","[61, 117]","[4, 3]","[3, 3]",4.1549025865752185,5.833763039491924,True,transition,0.28768475009268835,0.2778792900647157
70,71,529.1438314749976,530.0697503666088,24,24,8.825581884685199e-09,3.394342252415982e-09,0.3846026581325018,-0.4149877185159258,"[36, 38]","[36, 70]","[4, 4]","[4, 3]",2.3739966980602603,2.502656207925199,True,transition,0.3846026581325017,0.3280770340277748
70,74,529.1438314749976,548.9597109774048,24,25,8.825581884685199e-09,1.947651144147248e-09,0.2206824625951242,-0.6562321783960705,"[36, 38]","[38, 44]","[4, 4]","[4, 3]",2.3739966980602603,3.224190940279932,True,transition,0.22068246259512428,0.11329287590287627
70,75,529.1438314749976,540.3951595789601,24,25,8.825581884685199e-09,1.1826535126537015e-09,0.1340028938721796,-0.8728858226863249,"[36, 38]","[38, 70]","[4, 4]","[4, 3]",2.3739966980602603,5.783410193970664,True,transition,0.1340028938721796,0.22110660861282092
70,76,529.1438314749976,551.3837360933971,24,25,8.825581884685199e-09,5.3542048296563244e-09,0.6066687612912339,-0.2170483672582346,"[36, 38]","[38, 156]","[4, 4]","[4, 2]",2.3739966980602603,2.947065614803087,True,transition,0.606668761291234,0.37407737718199213
71,75,530.0697503666088,540.3951595789601,24,25,3.394342252415982e-09,1.1826535126537015e-09,0.3484190528553587,-0.457898104170399,"[36, 70]","[38, 70]","[4, 3]","[4, 3]",2.502656207925199,5.783410193970664,True,transition,0.34841905285535874,0.6739472309241314
71,128,530.0697503666088,553.617774404965,24,25,3.394342252415982e-09,8.065284723887415e-10,0.2376096493553886,-0.6241359265834938,"[36, 70]","[70, 100]","[4, 3]","[3, 3]",2.502656207925199,4.618706988368537,True,transition,0.2376096493553886,0.08091508059005487
73,72,441.7262859819902,457.7774949390118,21,21,2.4015810600590035e-08,3.000317584679777e-08,1.2493093131764053,0.0966699775052356,"[37, 124]","[37, 53]","[3, 3]","[3, 4]",3.8526132212191015,4.898960554777304,True,transition,1.2493093131764053,0.8677971271744453
72,103,457.7774949390118,480.5831074470795,21,22,3.000317584679777e-08,7.41643857769115e-08,2.4718845150130013,0.3930281769086179,"[37, 53]","[53, 71]","[3, 4]","[4, 4]",4.898960554777304,1.217259714972986,True,transition,2.4718845150130013,66.29938684142522
72,104,457.7774949390118,480.11249632344,21,22,3.000317584679777e-08,1.5814801177630752e-08,0.5271042391773556,-0.2781034910058164,"[37, 53]","[53, 125]","[3, 4]","[4, 4]",4.898960554777304,3.519948660288509,True,transition,0.5271042391773557,0.9016193754850471
72,105,457.7774949390118,473.0412409818477,21,22,3.000317584679777e-08,5.556017257318021e-09,0.1851809716974016,-0.732403641365653,"[37, 53]","[53, 166]","[3, 4]","[4, 2]",4.898960554777304,4.238056866566151,True,transition,0.1851809716974016,0.22809192839447345
75,74,540.3951595789601,548.9597109774048,25,25,1.1826535126537015e-09,1.947651144147248e-09,1.646848483776963,0.2166536442902544,"[38, 70]","[38, 44]","[4, 3]","[4, 3]",5.783410193970664,3.224190940279932,True,transition,1.6468484837769632,0.5123902745994493
74,76,548.9597109774048,551.3837360933971,25,25,1.947651144147248e-09,5.3542048296563244e-09,2.749057420137007,0.4391838111378358,"[38, 44]","[38, 156]","[4, 3]","[4, 2]",3.224190940279932,2.947065614803087,True,transition,2.7490574201370075,3.3018614295101942
74,89,548.9597109774048,572.5889541841094,25,26,1.947651144147248e-09,9.308615481023922e-10,0.4779405957271455,-0.3206260794362898,"[38, 44]","[44, 45]","[4, 3]","[3, 3]",3.224190940279932,4.262872422200189,True,transition,0.4779405957271455,0.30517040316065847
74,90,548.9597109774048,568.5324038695861,25,26,1.947651144147248e-09,2.7528283357335723e-09,1.413409349002724,0.1502679596310782,"[38, 44]","[44, 49]","[4, 3]","[3, 3]",3.224190940279932,3.467222600103476,True,transition,1.413409349002724,1.294297169452466
75,76,540.3951595789601,551.3837360933971,25,25,1.1826535126537015e-09,5.3542048296563244e-09,4.52728104416844,0.6558374554280902,"[38, 70]","[38, 156]","[4, 3]","[4, 2]",5.783410193970664,2.947065614803087,True,transition,4.527281044168442,1.6918416845560589
75,128,540.3951595789601,553.617774404965,25,25,1.1826535126537015e-09,8.065284723887415e-10,0.6819651434332694,-0.1662378224130948,"[38, 70]","[70, 100]","[4, 3]","[3, 3]",5.783410193970664,4.618706988368537,True,transition,0.6819651434332695,0.1200614482518198
235,76,546.9671323485596,551.3837360933971,25,25,6.205254038586196e-10,5.3542048296563244e-09,8.62850222788981,0.9359354155743784,"[156, 183]","[38, 156]","[2, 2]","[4, 2]",5.669930552138013,2.947065614803087,True,transition,8.628502227889811,18.411125246940347
77,134,386.6534846440155,409.0390991290352,18,19,3.094613830760576e-08,1.4256902428734858e-08,0.4607005335212012,-0.3365812848057541,"[39, 73]","[73, 81]","[3, 3]","[3, 3]",1.657562869629853,3.123780741319809,True,transition,0.46070053352120127,0.10027623640444447
77,135,386.6534846440155,406.776605017491,18,19,3.094613830760576e-08,1.136147706390799e-09,0.0367137151361972,-1.4351716661222076,"[39, 73]","[73, 85]","[3, 3]","[3, 3]",1.657562869629853,4.30292696913018,True,transition,0.03671371513619724,0.004606928685301563
79,78,587.1311603060219,596.8172305258508,27,27,2.367809676460923e-09,4.1632034945075275e-09,1.7582508999330184,0.2450808483722881,"[40, 54]","[40, 46]","[5, 3]","[5, 3]",4.808767038012999,2.448363609820124,True,transition,1.7582508999330184,5.787860466922498
80,78,586.3216980845206,596.8172305258508,27,27,7.704449419379244e-09,4.1632034945075275e-09,0.5403635312389345,-0.2673139688952596,"[40, 61]","[40, 46]","[5, 3]","[5, 3]",1.3500043755894566,2.448363609820124,True,transition,0.5403635312389345,0.0977302974721681
81,78,596.8053261642282,596.8172305258508,27,27,2.0384605145184824e-09,4.1632034945075275e-09,2.042327268473456,0.3101253359407936,"[40, 68]","[40, 46]","[5, 3]","[5, 3]",3.241706542171901,2.448363609820124,True,transition,2.0423272684734557,3.5352340933283055
78,93,596.8172305258508,620.5712649317784,27,28,4.1632034945075275e-09,7.909380525320846e-10,0.1899830391609637,-0.721285169192402,"[40, 46]","[46, 48]","[5, 3]","[3, 3]",2.448363609820124,5.369610398436091,True,transition,0.1899830391609637,0.059635934729722215
78,94,596.8172305258508,614.4276790552589,27,28,4.1632034945075275e-09,3.309458041177801e-09,0.7949306454858467,-0.0996707601443984,"[40, 46]","[46, 117]","[5, 3]","[3, 3]",2.448363609820124,1.8828900397862576,True,transition,0.7949306454858467,1.5415211782941058
80,79,586.3216980845206,587.1311603060219,27,27,7.704449419379244e-09,2.367809676460923e-09,0.3073301604790989,-0.5123948172675477,"[40, 61]","[40, 54]","[5, 3]","[5, 3]",1.3500043755894566,4.808767038012999,True,transition,0.3073301604790989,0.016885392802866397
79,81,587.1311603060219,596.8053261642282,27,27,2.367809676460923e-09,2.0384605145184824e-09,0.8609055595909606,-0.0650444875685055,"[40, 54]","[40, 68]","[5, 3]","[5, 3]",4.808767038012999,3.241706542171901,True,transition,0.8609055595909606,1.6371929875436961
85,79,570.6826250344178,587.1311603060219,26,27,8.705774341580906e-09,2.367809676460923e-09,0.2719815129082413,-0.5654606147702085,"[42, 54]","[40, 54]","[4, 3]","[5, 3]",2.018947270478982,4.808767038012999,True,transition,0.2719815129082413,0.05239286049996846
79,106,587.1311603060219,591.7969042822185,27,27,2.367809676460923e-09,9.699875932056949e-09,4.096560643571231,0.6124193883357554,"[40, 54]","[54, 68]","[5, 3]","[3, 3]",4.808767038012999,1.870297727987673,True,transition,4.096560643571231,27.407515753211644
80,81,586.3216980845206,596.8053261642282,27,27,7.704449419379244e-09,2.0384605145184824e-09,0.2645822437864383,-0.5774393048360532,"[40, 61]","[40, 68]","[5, 3]","[5, 3]",1.3500043755894566,3.241706542171901,True,transition,0.26458224378643835,0.027644646688773665
80,117,586.3216980845206,600.0121792268635,27,27,7.704449419379244e-09,5.539947280448114e-10,0.0719058167416001,-1.1432359764237847,"[40, 61]","[61, 117]","[5, 3]","[3, 3]",1.3500043755894566,5.833763039491924,True,transition,0.07190581674160013,0.004663120159190845
106,81,591.7969042822185,596.8053261642282,27,27,9.699875932056949e-09,2.0384605145184824e-09,0.210153256474303,-0.6774638759042608,"[54, 68]","[40, 68]","[3, 3]","[5, 3]",1.870297727987673,3.241706542171901,True,transition,0.21015325647430294,0.05973518367318088
81,126,596.8053261642282,614.0971693875849,27,28,2.0384605145184824e-09,1.7783925030014795e-09,0.8724194019630374,-0.0592746845974768,"[40, 68]","[68, 75]","[5, 3]","[3, 2]",3.241706542171901,3.62051538034812,True,transition,0.8724194019630372,0.7167461577314974
83,82,209.6572526226716,217.36871767672747,11,11,2.608408808042865e-06,1.3626866760004437e-06,0.5224206695663213,-0.2819796485380873,"[41, 66]","[41, 64]","[4, 4]","[4, 2]",1.344034740958424,2.345415363743072,True,transition,0.5224206695663214,0.10380581211075339
84,82,197.9158436518796,217.36871767672747,10,11,5.116644388517071e-05,1.3626866760004437e-06,0.0266324288445494,-1.5745892246356357,"[41, 78]","[41, 64]","[4, 4]","[4, 2]",1.8124810510470617,2.345415363743072,True,transition,0.026632428844549496,0.012702602581380128
82,120,217.36871767672747,220.82996030454316,11,12,1.3626866760004437e-06,3.0282079170028917e-05,22.22233452733859,1.3467896810262652,"[41, 64]","[64, 66]","[4, 2]","[2, 4]",2.345415363743072,1.0712479515867308,True,transition,22.222334527338592,237.94904890675957
84,83,197.9158436518796,209.6572526226716,10,11,5.116644388517071e-05,2.608408808042865e-06,0.0509788957367593,-1.2926095760975482,"[41, 78]","[41, 66]","[4, 4]","[4, 4]",1.8124810510470617,1.344034740958424,True,transition,0.05097889573675934,0.12236889556653494
83,120,209.6572526226716,220.82996030454316,11,12,2.608408808042865e-06,3.0282079170028917e-05,11.609406883099004,1.0648100324881775,"[41, 66]","[64, 66]","[4, 4]","[2, 4]",1.344034740958424,1.0712479515867308,True,transition,11.609406883099009,24.700494262747554
122,83,201.63469220422928,209.6572526226716,10,11,7.804214504558509e-07,2.608408808042865e-06,3.342307936973377,0.5240464602693419,"[66, 78]","[41, 66]","[4, 4]","[4, 4]",3.4828179415839813,1.344034740958424,True,transition,3.3423079369733766,37.293773952458615
83,123,209.6572526226716,222.9776131781576,11,11,2.608408808042865e-06,1.980776441555483e-07,0.0759381135137974,-1.1195401959863776,"[41, 66]","[66, 84]","[4, 4]","[4, 3]",1.344034740958424,1.8647352298357236,True,transition,0.07593811351379749,0.012887379497129915
84,122,197.9158436518796,201.63469220422928,10,10,5.116644388517071e-05,7.804214504558509e-07,0.0152526029013721,-1.8166560363668904,"[41, 78]","[66, 78]","[4, 4]","[4, 4]",1.8124810510470617,3.4828179415839813,True,transition,0.015252602901372165,0.003281215135870359
141,84,177.75189180607111,197.9158436518796,9,10,4.532365063743959e-07,5.116644388517071e-05,112.89126794853696,2.0526603508848678,"[78, 90]","[41, 78]","[4, 4]","[4, 4]",4.289920161417964,1.8124810510470617,True,transition,112.89126794853696,730.5737847240674
86,85,568.1379559762632,570.6826250344178,26,26,1.400392520662273e-08,8.705774341580906e-09,0.6216667265163467,-0.2064423767641498,"[42, 154]","[42, 54]","[4, 3]","[4, 3]",3.064833565816219,2.018947270478982,True,transition,0.6216667265163467,1.5544868714847322
85,106,570.6826250344178,591.7969042822185,26,27,8.705774341580906e-09,9.699875932056949e-09,1.114188761558862,0.0469587735655468,"[42, 54]","[54, 68]","[4, 3]","[3, 3]",2.018947270478982,1.870297727987673,True,transition,1.1141887615588622,1.435958149508706
167,86,546.5753211677218,568.1379559762632,25,26,2.094847539633924e-08,1.400392520662273e-08,0.6684937658551479,-0.1749026384653222,"[95, 154]","[42, 154]","[3, 3]","[4, 3]",2.720383102708748,3.064833565816219,True,transition,0.668493765855148,0.5177852091181108
180,86,558.8107563049274,568.1379559762632,26,26,1.953063237567654e-09,1.400392520662273e-08,7.170236445627447,0.8555334771933438,"[103, 154]","[42, 154]","[3, 3]","[4, 3]",4.85134648728982,3.064833565816219,True,transition,7.170236445627447,15.151265687715142
88,87,330.75212365891906,333.46980716609505,16,16,1.989378597817935e-08,1.678586433485341e-07,8.437742495704494,0.9262262673837324,"[43, 60]","[43, 52]","[3, 2]","[3, 2]",3.3268124702682518,3.8874347554086057,True,transition,8.437742495704494,6.820317151560516
87,102,333.46980716609505,356.0546877147582,16,17,1.678586433485341e-07,3.347852608895713e-07,1.9944475554615224,0.2998226209050111,"[43, 52]","[52, 91]","[3, 2]","[2, 2]",3.8874347554086057,1.4214536977109589,True,transition,1.9944475554615222,22.212588531749745
88,116,330.75212365891906,344.5198053515114,16,17,1.989378597817935e-08,3.020138705438862e-09,0.1518131696375705,-0.8186905522031345,"[43, 60]","[60, 74]","[3, 2]","[2, 3]",3.3268124702682518,4.962888139958778,True,transition,0.15181316963757047,0.08144470360294429
90,89,568.5324038695861,572.5889541841094,26,26,2.7528283357335723e-09,9.308615481023922e-10,0.3381473287016048,-0.4708940390673681,"[44, 49]","[44, 45]","[3, 3]","[3, 3]",3.467222600103476,4.262872422200189,True,transition,0.33814732870160485,0.23578078540475866
89,91,572.5889541841094,580.6638400806862,26,27,9.308615481023922e-10,2.5551575169548994e-09,2.7449383016880606,0.4385325872059447,"[44, 45]","[45, 49]","[3, 3]","[3, 3]",4.262872422200189,1.980603109173892,True,transition,2.7449383016880606,12.57949743308379
89,92,572.5889541841094,595.7531519704781,26,27,9.308615481023922e-10,1.793535858120613e-09,1.9267482492716836,0.2848249730391322,"[44, 45]","[45, 79]","[3, 3]","[3, 2]",4.262872422200189,3.0031896845764514,True,transition,1.9267482492716834,3.416837984325283
90,91,568.5324038695861,580.6638400806862,26,27,2.7528283357335723e-09,2.5551575169548994e-09,0.9281935541665376,-0.0323614518614233,"[44, 49]","[45, 49]","[3, 3]","[3, 3]",3.467222600103476,1.980603109173892,True,transition,0.9281935541665377,2.9660037847696414
90,98,568.5324038695861,592.1379456100192,26,27,2.7528283357335723e-09,1.540494648827153e-09,0.5596043272406388,-0.2521189359073985,"[44, 49]","[49, 50]","[3, 3]","[3, 2]",3.467222600103476,4.377467757535918,True,transition,0.5596043272406388,0.3740829535608752
91,92,580.6638400806862,595.7531519704781,27,27,2.5551575169548994e-09,1.793535858120613e-09,0.7019277074777188,-0.1537076141668125,"[45, 49]","[45, 79]","[3, 3]","[3, 2]",1.980603109173892,3.0031896845764514,True,transition,0.7019277074777188,0.2716195939067548
91,98,580.6638400806862,592.1379456100192,27,27,2.5551575169548994e-09,1.540494648827153e-09,0.6028961575187084,-0.2197574840459752,"[45, 49]","[49, 50]","[3, 3]","[3, 2]",1.980603109173892,4.377467757535918,True,transition,0.6028961575187084,0.12612355907358655
92,142,595.7531519704781,618.160121333882,27,28,1.793535858120613e-09,7.187271406095024e-10,0.4007319604764595,-0.3971460189223316,"[45, 79]","[79, 105]","[3, 2]","[2, 2]",3.0031896845764514,3.877210687516488,True,remote,0.40073196047645954,0.25762370528366074
94,93,614.4276790552589,620.5712649317784,28,28,3.309458041177801e-09,7.909380525320846e-10,0.2389932256855561,-0.6216144090480035,"[46, 117]","[46, 48]","[3, 3]","[3, 3]",1.8828900397862576,5.369610398436091,True,transition,0.2389932256855561,0.038686419343078475
93,96,620.5712649317784,644.2987318165135,28,29,7.909380525320846e-10,2.921257395889617e-09,3.6934085881158376,0.5674273546990519,"[46, 48]","[48, 63]","[3, 3]","[3, 2]",5.369610398436091,2.80325729161072,True,transition,3.693408588115838,9.019466423014824
93,97,620.5712649317784,638.0749939681226,28,29,7.909380525320846e-10,2.172096895640984e-10,0.2746228846478304,-0.5612632753215478,"[46, 48]","[48, 126]","[3, 3]","[3, 3]",5.369610398436091,5.622461476312871,True,transition,0.2746228846478305,0.2943203004044897
117,94,600.0121792268635,614.4276790552589,27,28,5.539947280448114e-10,3.309458041177801e-09,5.973807824593785,0.7762512473841265,"[61, 117]","[46, 117]","[3, 3]","[3, 3]",5.833763039491924,1.8828900397862576,True,transition,5.973807824593786,32.307407523565026
94,197,614.4276790552589,624.607446148185,28,28,3.309458041177801e-09,1.4427688514259186e-09,0.4359532084934525,-0.3605601217030007,"[46, 117]","[117, 126]","[3, 3]","[3, 3]",1.8828900397862576,3.382548133323596,True,transition,0.4359532084934524,0.11964860297151764
107,95,126.6156315069239,149.5436616205417,6,7,9.255282590251928e-05,1.5699337997008277e-05,0.1696257012567451,-0.7705083438934134,"[55, 58]","[47, 55]","[3, 4]","[2, 3]",2.952129439124871,2.970979785075425,True,source,0.16962570125674512,0.16621163966625965
108,95,133.38433253605552,149.5436616205417,8,7,1.1112562114213937e-05,1.5699337997008277e-05,1.4127559275396495,0.1500671381552911,"[55, 199]","[47, 55]","[3, 4]","[2, 3]",2.26872341133069,2.970979785075425,True,source,1.4127559275396495,0.8126173335047859
97,96,638.0749939681226,644.2987318165135,29,29,2.172096895640984e-10,2.921257395889617e-09,13.449019708798748,1.1286906300205997,"[48, 126]","[48, 63]","[3, 3]","[3, 2]",5.622461476312871,2.80325729161072,True,transition,13.449019708798748,30.645070729471293
96,119,644.2987318165135,666.5481768728687,29,30,2.921257395889617e-09,3.536743465546122e-09,1.2106921733506026,0.0830337348777845,"[48, 63]","[63, 67]","[3, 2]","[2, 3]",2.80325729161072,1.7514159879434956,True,transition,1.2106921733506026,3.942231681975764
197,97,624.607446148185,638.0749939681226,28,29,1.4427688514259186e-09,2.172096895640984e-10,0.1505505815082059,-0.8223175626665505,"[117, 126]","[48, 126]","[3, 3]","[3, 3]",3.382548133323596,5.622461476312871,True,transition,0.1505505815082059,0.09516365657306841
97,208,638.0749939681226,646.9019114654717,29,29,2.172096895640984e-10,1.7646333810240435e-09,8.124100653913517,0.9097752954772824,"[48, 126]","[126, 144]","[3, 3]","[3, 2]",5.622461476312871,2.9437415250790764,True,transition,8.124100653913516,16.45128930393433
98,99,592.1379456100192,615.3414443003772,27,28,1.540494648827153e-09,1.7228345138697147e-09,1.1183644910298034,0.0485833694221426,"[49, 50]","[50, 57]","[3, 2]","[2, 2]",4.377467757535918,3.1952386518121862,True,transition,1.1183644910298034,1.9095634277458757
99,110,615.3414443003772,638.106455608958,28,29,1.7228345138697147e-09,2.0222559289699383e-09,1.1737958072523655,0.0695925538993013,"[50, 57]","[57, 77]","[2, 2]","[2, 2]",3.1952386518121862,2.8110110313244405,False,remote,1.1737958072523655,1.5075462036237033
100,101,288.756600494825,298.3955268970099,15,15,8.385422280911002e-09,4.217572976144672e-07,50.29648877368725,1.70153766777087,"[51, 150]","[51, 151]","[3, 3]","[3, 2]",3.068758093096978,3.5003998493329758,True,transition,50.29648877368726,43.67407615489045
101,232,298.3955268970099,318.3378680329732,15,16,4.217572976144672e-07,9.624703151441624e-09,0.0228204780471627,-1.6416752621496058,"[51, 151]","[151, 165]","[3, 2]","[2, 1]",3.5003998493329758,3.9674456027046814,True,transition,0.022820478047162723,0.01701063939598448
102,161,356.0546877147582,376.787161719388,17,18,3.347852608895713e-07,1.4315200747304286e-08,0.0427593517984238,-1.368968887011001,"[52, 91]","[91, 104]","[2, 2]","[2, 2]",1.4214536977109589,2.8037476864170827,False,transition,0.04275935179842384,0.006479100643350585
104,103,480.11249632344,480.5831074470795,22,22,1.5814801177630752e-08,7.41643857769115e-08,4.689555369296286,0.6711316679144346,"[53, 125]","[53, 71]","[4, 4]","[4, 4]",3.519948660288509,1.217259714972986,True,transition,4.689555369296285,73.5336757883646
105,103,473.0412409818477,480.5831074470795,22,22,5.556017257318021e-09,7.41643857769115e-08,13.34848009682242,1.1254318182742709,"[53, 166]","[53, 71]","[4, 2]","[4, 4]",4.238056866566151,1.217259714972986,True,transition,13.34848009682242,290.6695879512395
103,129,480.5831074470795,498.1474445773469,22,23,7.41643857769115e-08,1.596076324563843e-08,0.2152079206001765,-0.6671417487600723,"[53, 71]","[71, 80]","[4, 4]","[4, 2]",1.217259714972986,2.8159751372841484,True,transition,0.2152079206001765,0.020108439545619756
103,130,480.5831074470795,503.392764003044,22,23,7.41643857769115e-08,1.0387145545848804e-08,0.1400557078311633,-0.8536991872398058,"[53, 71]","[71, 87]","[4, 4]","[4, 3]",1.217259714972986,4.40718035822897,True,transition,0.14005570783116333,0.006095748078082936
103,131,480.5831074470795,490.7211261809264,22,23,7.41643857769115e-08,1.5204192901395006e-08,0.2050066584132393,-0.6882320332605013,"[53, 71]","[71, 125]","[4, 4]","[4, 4]",1.217259714972986,3.271101961403513,True,transition,0.20500665841323937,0.014842143397626423
105,104,473.0412409818477,480.11249632344,22,22,5.556017257318021e-09,1.5814801177630752e-08,2.846427655853756,0.4543001503598365,"[53, 166]","[53, 125]","[4, 2]","[4, 4]",4.238056866566151,3.519948660288509,True,transition,2.8464276558537565,3.952877165936982
104,131,480.11249632344,490.7211261809264,22,23,1.5814801177630752e-08,1.5204192901395006e-08,0.9613900757032964,-0.0171003653460667,"[53, 125]","[71, 125]","[4, 4]","[4, 4]",3.519948660288509,3.271101961403513,True,transition,0.9613900757032962,1.0913973606054777
104,206,480.11249632344,500.444367917938,22,23,1.5814801177630752e-08,3.648733365494573e-08,2.3071636023192785,0.3630783916885295,"[53, 125]","[125, 128]","[4, 4]","[4, 2]",3.519948660288509,1.9073302725366863,True,transition,2.3071636023192785,8.689756876616126
104,207,480.11249632344,484.8012153119919,22,23,1.5814801177630752e-08,2.131755841195314e-08,1.3479498207100933,0.1296737252895555,"[53, 125]","[125, 166]","[4, 4]","[4, 2]",3.519948660288509,3.0840084594277606,True,transition,1.347949820710093,1.6660744655968835
105,207,473.0412409818477,484.8012153119919,22,23,5.556017257318021e-09,2.131755841195314e-08,3.836841648372321,0.5839738756493921,"[53, 166]","[125, 166]","[4, 2]","[4, 2]",4.238056866566151,3.0840084594277606,True,transition,3.8368416483723213,6.585787711808581
106,126,591.7969042822185,614.0971693875849,27,28,9.699875932056949e-09,1.7783925030014795e-09,0.1833417783338962,-0.7367385605017378,"[54, 68]","[68, 75]","[3, 3]","[3, 2]",1.870297727987673,3.62051538034812,True,transition,0.18334177833389617,0.04281496337913768
107,108,126.6156315069239,133.38433253605552,6,8,9.255282590251928e-05,1.1112562114213937e-05,0.1200672373409557,-0.9205754820487044,"[55, 58]","[55, 199]","[3, 4]","[3, 4]",2.952129439124871,2.26872341133069,True,source,0.12006723734095572,0.2045386343771373
111,107,110.81816575841924,126.6156315069239,6,6,1.743578222879367e-06,9.255282590251928e-05,53.08211853533957,1.724948247460055,"[58, 59]","[55, 58]","[4, 3]","[3, 4]",5.477407164367747,2.952129439124871,True,source,53.082118535339575,0.08995164011819548
112,107,104.13272101339376,126.6156315069239,5,6,0.0014542787541612,9.255282590251928e-05,0.0636417369350208,-1.1962579759299032,"[58, 62]","[55, 58]","[4, 3]","[3, 4]",2.4955788614805137,2.952129439124871,True,source,0.06364173693502245,0.04547624336371923
113,107,121.90826781649308,126.6156315069239,7,6,3.718055892384083e-05,9.255282590251928e-05,2.489280112547549,0.3960737694446291,"[58, 199]","[55, 58]","[4, 4]","[3, 4]",3.469867272522233,2.952129439124871,True,source,2.489280112547549,3.3156738350360606
113,108,121.90826781649308,133.38433253605552,7,8,3.718055892384083e-05,1.1112562114213937e-05,0.2988809860813675,-0.5245017126040754,"[58, 199]","[55, 199]","[4, 4]","[3, 4]",3.469867272522233,2.26872341133069,True,source,0.29888098608136754,0.6781833982582814
115,108,117.92491776904694,133.38433253605552,6,8,0.0004799484103034,1.1112562114213937e-05,0.0231536595926798,-1.635380356037077,"[59, 199]","[55, 199]","[3, 4]","[3, 4]",2.180204116147685,2.26872341133069,True,source,0.0231536595926823,0.02057065395478897
165,108,132.86419956236827,133.38433253605552,7,8,1.4881182910891896e-05,1.1112562114213937e-05,0.7467526056735976,-0.1268232533201638,"[94, 199]","[55, 199]","[4, 4]","[3, 4]",1.881727902106551,2.26872341133069,True,source,0.7467526056735977,0.5003473735416145
109,177,482.15450600985736,505.2158872618364,22,23,4.640432727101723e-09,1.693425764974251e-09,0.364928416068627,-0.437792317886899,"[56, 102]","[102, 107]","[3, 3]","[3, 2]",3.021949395935984,3.691901224968316,True,transition,0.364928416068627,0.2685509235489735
109,178,482.15450600985736,503.175332822598,22,23,4.640432727101723e-09,3.2240279769711754e-09,0.6947688214811829,-0.1581596792325637,"[56, 102]","[102, 119]","[3, 3]","[3, 3]",3.021949395935984,2.7566548688974706,True,transition,0.6947688214811829,0.871209526142925
110,140,638.106455608958,660.193532041212,29,30,2.0222559289699383e-09,1.928351359093889e-09,0.95356444823288,-0.0206499491140131,"[57, 77]","[77, 163]","[2, 2]","[2, 3]",2.8110110313244405,2.1105520705973007,True,remote,0.9535644482328799,1.8432493174726223
112,111,104.13272101339376,110.81816575841924,5,6,0.0014542787541612,1.743578222879367e-06,0.0011989298598293,-2.9212062233899583,"[58, 62]","[58, 59]","[4, 3]","[4, 3]",2.4955788614805137,5.477407164367747,True,source,0.0011989298598294035,0.5055632482516598
111,113,110.81816575841924,121.90826781649308,6,7,1.743578222879367e-06,3.718055892384083e-05,21.324284988166685,1.328874478015426,"[58, 59]","[58, 199]","[4, 3]","[4, 4]",5.477407164367747,3.469867272522233,True,source,21.324284988166685,0.027129218552106826
114,111,99.570376327679,110.81816575841924,5,6,0.0132388443327013,1.743578222879367e-06,0.0001317016938232,-3.880408639515291,"[59, 62]","[58, 59]","[3, 3]","[4, 3]",1.3030625699531662,5.477407164367747,True,source,0.00013170169382327056,0.00825098680271479
111,115,110.81816575841924,117.92491776904694,6,6,1.743578222879367e-06,0.0004799484103034,275.2663482518481,2.439753121448428,"[58, 59]","[59, 199]","[4, 3]","[3, 4]",5.477407164367747,2.180204116147685,True,source,275.26634825181924,0.8944093692984476
112,113,104.13272101339376,121.90826781649308,5,7,0.0014542787541612,3.718055892384083e-05,0.0255663220118242,-1.5923317453745325,"[58, 62]","[58, 199]","[4, 3]","[4, 4]",2.4955788614805137,3.469867272522233,True,source,0.025566322011824932,0.013715535853732318
114,112,99.570376327679,104.13272101339376,5,5,0.0132388443327013,0.0014542787541612,0.1098493733753647,-0.9592024161253327,"[59, 62]","[58, 62]","[3, 3]","[4, 3]",1.3030625699531662,2.4955788614805137,True,source,0.10984937337536199,0.016320384899907926
118,112,81.16737984050741,104.13272101339376,4,5,0.0232897473262369,0.0014542787541612,0.062442873844446,-1.2045171173638896,"[62, 83]","[58, 62]","[3, 3]","[4, 3]",3.440054383086615,2.4955788614805137,True,source,0.06244287384444453,0.13229708294640422
115,113,117.92491776904694,121.90826781649308,6,7,0.0004799484103034,3.718055892384083e-05,0.0774678238861822,-1.1108786434330018,"[59, 199]","[58, 199]","[3, 4]","[4, 4]",2.180204116147685,3.469867272522233,True,source,0.07746782388619038,0.03033199280256457
113,165,121.90826781649308,132.86419956236827,7,7,3.718055892384083e-05,1.4881182910891896e-05,0.400240968441973,-0.3976784592839115,"[58, 199]","[94, 199]","[4, 4]","[4, 4]",3.469867272522233,1.881727902106551,True,source,0.400240968441973,1.3554251188686934
114,115,99.570376327679,117.92491776904694,5,6,0.0132388443327013,0.0004799484103034,0.0362530443173146,-1.4406555180668634,"[59, 62]","[59, 199]","[3, 3]","[3, 4]",1.3030625699531662,2.180204116147685,True,source,0.03625304431731086,0.007379759902305951
118,114,81.16737984050741,99.570376327679,4,5,0.0232897473262369,0.0132388443327013,0.5684408743149894,-0.2453147012385566,"[62, 83]","[59, 62]","[3, 3]","[3, 3]",3.440054383086615,1.3030625699531662,True,source,0.5684408743149898,8.106247723799124
115,165,117.92491776904694,132.86419956236827,6,7,0.0004799484103034,1.4881182910891896e-05,0.0310057968552977,-1.5085571027169131,"[59, 199]","[94, 199]","[3, 4]","[4, 4]",2.180204116147685,1.881727902106551,True,source,0.031005796855301047,0.04111274494994044
136,116,339.8689694449753,344.5198053515114,17,17,2.88249535948866e-07,3.020138705438862e-09,0.0104775145448096,-1.9797417276092537,"[74, 92]","[60, 74]","[3, 2]","[2, 3]",2.7714855531438687,4.962888139958778,True,transition,0.010477514544809602,0.003685642650627454
137,116,324.63645436118,344.5198053515114,16,17,2.6688591623903496e-07,3.020138705438862e-09,0.0113162161121079,-1.946298767171238,"[74, 122]","[60, 74]","[3, 4]","[2, 3]",1.1088481980717295,4.962888139958778,True,transition,0.011316216112107957,0.0003434020457081077
117,197,600.0121792268635,624.607446148185,27,28,5.539947280448114e-10,1.4427688514259186e-09,2.604300688054952,0.4156911256811258,"[61, 117]","[117, 126]","[3, 3]","[3, 3]",5.833763039491924,3.382548133323596,True,transition,2.6043006880549524,3.865536175826054
147,118,60.63904239466997,81.16737984050741,3,4,9.957023822885926,0.0232897473262369,0.0023390269763848,-2.6309647693718947,"[83, 86]","[62, 83]","[3, 3]","[3, 3]",1.9534173207280008,3.440054383086615,True,source,0.0023390269763848615,0.0005891735937330332
148,118,75.68529538538121,81.16737984050741,4,4,0.0138095649354229,0.0232897473262369,1.6864939217959196,0.2269847803101305,"[83, 112]","[62, 83]","[3, 2]","[3, 3]",2.8865705326645674,3.440054383086615,True,source,1.6864939217959283,1.1798623408535598
119,124,666.5481768728687,689.5668749618271,30,31,3.536743465546122e-09,2.9721457967618607e-10,0.0840362278382812,-1.075533450147411,"[63, 67]","[67, 69]","[2, 3]","[3, 2]",1.7514159879434956,4.87157689794774,True,remote,0.08403622783828119,0.009984493627411583
119,125,666.5481768728687,684.3554527387522,30,31,3.536743465546122e-09,1.0983353187708908e-10,0.0310549896951967,-1.507868610527912,"[63, 67]","[67, 149]","[2, 3]","[3, 3]",1.7514159879434956,5.164908685792632,True,remote,0.0310549896951967,0.004128387382837668
122,120,201.63469220422928,220.82996030454316,10,12,7.804214504558509e-07,3.0282079170028917e-05,38.80221276893516,1.5888564927575195,"[66, 78]","[64, 66]","[4, 4]","[2, 4]",3.4828179415839813,1.0712479515867308,True,transition,38.80221276893516,921.1746495489081
120,123,220.82996030454316,222.9776131781576,12,11,3.0282079170028917e-05,1.980776441555483e-07,0.0065410846805919,-2.184350228474555,"[64, 66]","[66, 84]","[2, 4]","[4, 3]",1.0712479515867308,1.8647352298357236,True,transition,0.006541084680591935,0.0005217458144781428
132,121,150.54440400297116,173.38005130911995,8,9,8.112525049189695e-05,1.189781857712471e-05,0.1466598685980402,-0.8336887084524469,"[72, 94]","[65, 72]","[3, 4]","[2, 3]",2.2454926084629,3.4266310581966835,True,transition,0.14665986859804028,0.060537529668638144
133,121,168.9558367509661,173.38005130911995,9,9,1.3605081088262602e-06,1.189781857712471e-05,8.74512875001474,0.941766207755157,"[72, 155]","[65, 72]","[3, 1]","[2, 3]",3.085076694913951,3.4266310581966835,True,transition,8.74512875001474,7.837168968129991
122,123,201.63469220422928,222.9776131781576,10,11,7.804214504558509e-07,1.980776441555483e-07,0.2538085595159506,-0.5954937357170356,"[66, 78]","[66, 84]","[4, 4]","[4, 3]",3.4828179415839813,1.8647352298357236,True,transition,0.2538085595159506,0.4806190178055128
141,122,177.75189180607111,201.63469220422928,9,10,4.532365063743959e-07,7.804214504558509e-07,1.7218856810514374,0.2360043145179773,"[78, 90]","[66, 78]","[4, 4]","[4, 4]",4.289920161417964,3.4828179415839813,True,transition,1.7218856810514374,2.3971697603067033
123,149,222.9776131781576,243.94051760906345,11,12,1.980776441555483e-07,5.028479429051903e-06,25.386405671823777,1.4046012157459336,"[66, 84]","[84, 88]","[4, 3]","[3, 2]",1.8647352298357236,2.135975480213414,True,transition,25.386405671823777,36.75015746605071
123,150,222.9776131781576,243.2682800323035,11,12,1.980776441555483e-07,3.634569436913277e-06,18.3492157956962,1.2636175082132066,"[66, 84]","[84, 93]","[4, 3]","[3, 2]",1.8647352298357236,3.7777557678880456,True,transition,18.349215795696196,8.681596671256843
125,124,684.3554527387522,689.5668749618271,31,31,1.0983353187708908e-10,2.9721457967618607e-10,2.7060459096297538,0.432335160380501,"[67, 149]","[67, 69]","[3, 3]","[3, 2]",5.164908685792632,4.87157689794774,True,remote,2.7060459096297538,2.41849727303175
124,127,689.5668749618271,713.4304298630037,31,32,2.9721457967618607e-10,9.151900950622296e-11,0.3079223421876965,-0.5115587984732097,"[67, 69]","[69, 82]","[3, 2]","[2, 2]",4.87157689794774,4.408565056819931,True,remote,0.3079223421876965,0.3477920101040967
226,125,668.604201446997,684.3554527387522,30,31,2.6084301939921925e-10,1.0983353187708908e-10,0.4210713866526338,-0.3756442694823176,"[144, 149]","[67, 149]","[2, 3]","[3, 3]",4.271944377385594,5.164908685792632,True,remote,0.4210713866526337,0.3977111943475948
125,231,684.3554527387522,691.8881989660945,31,31,1.0983353187708908e-10,4.2358849156971767e-10,3.8566409031054474,0.5862092030195085,"[67, 149]","[149, 194]","[3, 3]","[3, 1]",5.164908685792632,3.4610789204311168,True,remote,3.8566409031054465,6.012130532832422
126,138,614.0971693875849,637.0680425203719,28,29,1.7783925030014795e-09,2.2970611189392463e-09,1.2916502487850037,0.1111449319362982,"[68, 75]","[75, 76]","[3, 2]","[2, 2]",3.62051538034812,2.3242212523709505,True,transition,1.2916502487850037,3.149660304002589
127,146,713.4304298630037,732.1132042338509,32,33,9.151900950622296e-11,1.1475942824233104e-09,12.539408901112266,1.0982770646417714,"[69, 82]","[82, 97]","[2, 2]","[2, 2]",4.408565056819931,1.611473123825352,False,remote,12.539408901112267,116.10263325061334
128,173,553.617774404965,576.2332352980724,25,26,8.065284723887415e-10,1.714561726003551e-09,2.125853934115228,0.3275334211529372,"[70, 100]","[100, 161]","[3, 3]","[3, 1]",4.618706988368537,1.1460749872691167,True,transition,2.125853934115228,58.16790733468622
128,174,553.617774404965,574.7400491344919,25,26,8.065284723887415e-10,2.516419750866738e-09,3.120063131080436,0.4941633815833423,"[70, 100]","[100, 184]","[3, 3]","[3, 2]",4.618706988368537,3.828349460803004,True,transition,3.1200631310804363,4.16306821400003
129,130,498.1474445773469,503.392764003044,23,23,1.596076324563843e-08,1.0387145545848804e-08,0.6507925332886121,-0.1865574384797334,"[71, 80]","[71, 87]","[4, 2]","[4, 3]",2.8159751372841484,4.40718035822897,True,transition,0.6507925332886121,0.30314376529583964
131,129,490.7211261809264,498.1474445773469,23,23,1.5204192901395006e-08,1.596076324563843e-08,1.049760638341678,0.021090284500429,"[71, 125]","[71, 80]","[4, 4]","[4, 2]",3.271101961403513,2.8159751372841484,True,transition,1.049760638341678,1.354820460017623
129,143,498.1474445773469,516.0678003449825,23,24,1.596076324563843e-08,5.8034978182528286e-09,0.363610294127929,-0.439363830016433,"[71, 80]","[80, 123]","[4, 2]","[2, 2]",2.8159751372841484,2.581981560906652,True,transition,0.363610294127929,0.42217090546226244
131,130,490.7211261809264,503.392764003044,23,23,1.5204192901395006e-08,1.0387145545848804e-08,0.6831763851730511,-0.1654671539793044,"[71, 125]","[71, 87]","[4, 4]","[4, 3]",3.271101961403513,4.40718035822897,True,transition,0.6831763851730511,0.41070537554958375
130,154,503.392764003044,526.7329646423665,23,24,1.0387145545848804e-08,1.6459771788739732e-08,1.584628973964636,0.1999275924702352,"[71, 87]","[87, 95]","[4, 3]","[3, 3]",4.40718035822897,2.2881504299093827,True,transition,1.5846289739646364,5.459948303777
130,155,503.392764003044,521.3131197706796,23,24,1.0387145545848804e-08,3.298011190810281e-08,3.1750890331254893,0.5017559079123957,"[71, 87]","[87, 123]","[4, 3]","[3, 2]",4.40718035822897,1.0891743032752714,True,transition,3.1750890331254893,98.60963322208679
131,206,490.7211261809264,500.444367917938,23,23,1.5204192901395006e-08,3.648733365494573e-08,2.399820489754373,0.3801787570345963,"[71, 125]","[125, 128]","[4, 4]","[4, 2]",3.271101961403513,1.9073302725366863,True,transition,2.3998204897543736,7.962046812899827
207,131,484.8012153119919,490.7211261809264,23,23,2.131755841195314e-08,1.5204192901395006e-08,0.7132239352922208,-0.1467740906356223,"[125, 166]","[71, 125]","[4, 2]","[4, 4]",3.0840084594277606,3.271101961403513,True,transition,0.7132239352922208,0.655071176674253
132,133,150.54440400297116,168.9558367509661,8,9,8.112525049189695e-05,1.3605081088262602e-06,0.0167704641967441,-1.775454916207604,"[72, 94]","[72, 155]","[3, 4]","[3, 1]",2.2454926084629,3.085076694913951,True,transition,0.016770464196744172,0.007724412975503687
132,159,150.54440400297116,155.10717976939523,8,8,8.112525049189695e-05,1.1775392080045171e-05,0.1451507638946685,-0.838180674235571,"[72, 94]","[90, 94]","[3, 4]","[4, 4]",2.2454926084629,2.7369723913051693,True,transition,0.14515076389466847,0.08983186138620672
164,132,150.4756769151387,150.54440400297116,8,8,4.859615835561222e-05,8.112525049189695e-05,1.669375795062781,0.222554112204113,"[94, 101]","[72, 94]","[4, 4]","[3, 4]",2.300008478232524,2.2454926084629,True,transition,1.669375795062781,1.8225546522085085
165,132,132.86419956236827,150.54440400297116,7,8,1.4881182910891896e-05,8.112525049189695e-05,5.451532380031391,0.7365185959737476,"[94, 199]","[72, 94]","[4, 4]","[3, 4]",1.881727902106551,2.2454926084629,True,transition,5.451532380031391,4.032546704053367
135,134,406.776605017491,409.0390991290352,19,19,1.136147706390799e-09,1.4256902428734858e-08,12.548458575007617,1.0985903813164533,"[73, 85]","[73, 81]","[3, 3]","[3, 3]",4.30292696913018,3.123780741319809,True,transition,12.548458575007617,21.76639649846903
134,144,409.0390991290352,418.3384953881509,19,20,1.4256902428734858e-08,1.5195584815437936e-08,1.0658405562775797,0.0276922415499034,"[73, 81]","[81, 85]","[3, 3]","[3, 3]",3.123780741319809,3.8401169873877663,True,transition,1.0658405562775795,0.7394120830153751
134,145,409.0390991290352,432.12324885698223,19,20,1.4256902428734858e-08,1.335561213809606e-08,0.936782180060218,-0.0283613792242534,"[73, 81]","[81, 110]","[3, 3]","[3, 2]",3.123780741319809,3.094556656921988,True,transition,0.9367821800602182,0.930796371672663
135,144,406.776605017491,418.3384953881509,19,20,1.136147706390799e-09,1.5195584815437936e-08,13.374656068012278,1.1262826228663567,"[73, 85]","[81, 85]","[3, 3]","[3, 3]",4.30292696913018,3.8401169873877663,True,transition,13.374656068012282,16.094336574671555
135,151,406.776605017491,429.1923022049742,19,20,1.136147706390799e-09,1.271060894449725e-09,1.1187461694461407,0.0487315613150282,"[73, 85]","[85, 138]","[3, 3]","[3, 2]",4.30292696913018,1.5707855386801377,True,transition,1.1187461694461407,7.779689283541509
137,136,324.63645436118,339.8689694449753,16,17,2.6688591623903496e-07,2.88249535948866e-07,1.0800477597727445,0.0334429604380156,"[74, 122]","[74, 92]","[3, 4]","[3, 2]",1.1088481980717295,2.7714855531438687,True,transition,1.0800477597727445,0.09317290856986528
136,162,339.8689694449753,362.0993828908855,17,18,2.88249535948866e-07,8.610882169835699e-08,0.2987301312208608,-0.5247209703554159,"[74, 92]","[92, 145]","[3, 2]","[2, 3]",2.7714855531438687,3.0786156212651328,True,transition,0.29873013122086084,0.23254816412878052
188,137,311.3466454064709,324.63645436118,15,16,9.31722587927322e-07,2.6688591623903496e-07,0.2864435398445584,-0.5429609679387104,"[111, 122]","[74, 122]","[3, 4]","[3, 4]",2.2675478428532188,1.1088481980717295,True,transition,0.28644353984455845,2.0820531154675233
137,204,324.63645436118,333.346516847983,16,16,2.6688591623903496e-07,5.086739396803613e-07,1.905960220189252,0.2801138321194191,"[74, 122]","[122, 132]","[3, 4]","[4, 2]",1.1088481980717295,1.9686643077217312,True,transition,1.905960220189252,0.3480309378187783
205,137,319.90633425484845,324.63645436118,16,16,2.329140028685872e-06,2.6688591623903496e-07,0.1145856036786311,-0.9408699428893428,"[122, 135]","[74, 122]","[4, 2]","[3, 4]",1.3246304703985563,1.1088481980717295,True,transition,0.11458560367863117,0.1709176072141345
138,139,637.0680425203719,659.4112507026246,29,30,2.2970611189392463e-09,8.419494649883308e-10,0.3665333316760559,-0.4358865255118904,"[75, 76]","[76, 99]","[2, 2]","[2, 2]",2.3242212523709505,2.598032731397605,False,transition,0.3665333316760559,0.27981267857788383
139,172,659.4112507026246,682.6088371983453,30,31,8.419494649883308e-10,1.4608603567445924e-10,0.1735092683697874,-0.7606773214820666,"[76, 99]","[99, 129]","[2, 2]","[2, 3]",2.598032731397605,3.9971275145966665,True,transition,0.17350926836978744,0.07479560311312747
140,241,660.193532041212,683.033655307027,30,31,1.928351359093889e-09,3.5542028438685276e-10,0.1843130312900345,-0.7344439582302834,"[77, 163]","[163, 193]","[2, 3]","[3, 2]",2.1105520705973007,3.968195564641171,True,remote,0.18431303129003462,0.05000063721322647
140,242,660.193532041212,681.3587441467824,30,31,1.928351359093889e-09,2.0930186120041286e-10,0.1085392764204348,-0.9644130779809744,"[77, 163]","[163, 197]","[2, 3]","[3, 2]",2.1105520705973007,3.9848618095656327,True,remote,0.10853927642043486,0.028929049636324512
159,141,155.10717976939523,177.75189180607111,8,9,1.1775392080045171e-05,4.532365063743959e-07,0.0384901414146931,-1.4146504932829602,"[90, 94]","[78, 90]","[4, 4]","[4, 4]",2.7369723913051693,4.289920161417964,True,transition,0.03849014141469311,0.017036611716002785
160,141,161.84416311079133,177.75189180607111,9,9,8.022285168546576e-05,4.532365063743959e-07,0.005649718214349,-2.247973212535449,"[90, 101]","[78, 90]","[4, 4]","[4, 4]",4.342948250802433,4.289920161417964,True,transition,0.00564971821434902,0.005665264223450994
142,182,618.160121333882,640.0244596420999,28,29,7.187271406095024e-10,1.3561553968928234e-09,1.8868849112095067,0.2757454115846849,"[79, 105]","[105, 109]","[2, 2]","[2, 3]",3.877210687516488,2.3620911488270018,True,remote,1.8868849112095065,5.063067482468467
143,155,516.0678003449825,521.3131197706796,24,24,5.8034978182528286e-09,3.298011190810281e-08,5.682799053421827,0.7545622994490951,"[80, 123]","[87, 123]","[2, 2]","[3, 2]",2.581981560906652,1.0891743032752714,True,transition,5.682799053421827,70.80756897885567
144,145,418.3384953881509,432.12324885698223,20,20,1.5195584815437936e-08,1.335561213809606e-08,0.8789139937890013,-0.0560536207741568,"[81, 85]","[81, 110]","[3, 3]","[3, 2]",3.8401169873877663,3.094556656921988,True,transition,0.8789139937890014,1.258833055414525
144,151,418.3384953881509,429.1923022049742,20,20,1.5195584815437936e-08,1.271060894449725e-09,0.0836467243536683,-1.0775510615513284,"[81, 85]","[85, 138]","[3, 3]","[3, 2]",3.8401169873877663,1.5707855386801377,True,transition,0.08364672435366832,0.4833805511303142
146,169,732.1132042338509,748.0505669949171,33,34,1.1475942824233104e-09,5.656050926059981e-12,0.0049286154633991,-2.3072750647096547,"[82, 97]","[97, 98]","[2, 2]","[2, 3]",1.611473123825352,4.471159596851464,True,remote,0.004928615463399151,0.0005184608255221885
147,148,60.63904239466997,75.68529538538121,3,4,9.957023822885926,0.0138095649354229,0.0013869169323148,-2.8579495496820253,"[83, 86]","[83, 112]","[3, 3]","[3, 2]",1.9534173207280008,2.8865705326645674,True,source,0.0013869169323148572,0.0004993579109464596
152,147,38.23229792713454,60.63904239466997,2,3,14.15694308536391,9.957023822885926,0.7033314863842286,-0.1528399398781655,"[86, 89]","[83, 86]","[3, 3]","[3, 3]",3.194620598112856,1.9534173207280008,True,source,0.7033314863842286,2.172033152570092
153,147,41.546042232669535,60.63904239466997,2,3,24.453657627284624,9.957023822885926,0.4071793256717633,-0.390214281198341,"[86, 120]","[83, 86]","[3, 2]","[3, 3]",2.836650070467435,1.9534173207280008,True,source,0.40717932567176335,0.9845797241990067
148,190,75.68529538538121,97.14416766058672,4,5,0.0138095649354229,0.0005596352660899,0.0405251916846725,-1.392274922256161,"[83, 112]","[112, 115]","[3, 2]","[2, 2]",2.8865705326645674,3.5682046277630484,True,source,0.04052519168466923,0.01976427932580619
150,149,243.2682800323035,243.94051760906345,12,12,3.634569436913277e-06,5.028479429051903e-06,1.383514475740056,0.1409837075327268,"[84, 93]","[84, 88]","[3, 2]","[3, 2]",3.7777557678880456,2.135975480213414,True,transition,1.383514475740056,4.233110435517428
149,156,243.94051760906345,263.8952005443957,12,13,5.028479429051903e-06,2.7273317569819087e-06,0.5423770337459917,-0.2656987083898009,"[84, 88]","[88, 114]","[3, 2]","[2, 2]",2.135975480213414,1.627886205129613,True,transition,0.5423770337459917,1.0214374790295684
150,163,243.2682800323035,266.27422222749027,12,13,3.634569436913277e-06,4.440993007230615e-06,1.221875956510053,0.0870271190508971,"[84, 93]","[93, 106]","[3, 2]","[2, 2]",3.7777557678880456,2.623971930301668,True,transition,1.221875956510053,2.4378855465461347
151,220,429.1923022049742,449.0805604650879,20,21,1.271060894449725e-09,5.207309502043766e-09,4.096821422783322,0.6124470338115618,"[85, 138]","[138, 192]","[3, 2]","[2, 1]",1.5707855386801377,3.498936135995809,True,transition,4.096821422783323,0.8398521945625128
152,153,38.23229792713454,41.546042232669535,2,2,14.15694308536391,24.453657627284624,1.7273261239967777,0.2373743413201755,"[86, 89]","[86, 120]","[3, 3]","[3, 2]",3.194620598112856,2.836650070467435,True,source,1.7273261239967777,2.2060510684770844
157,152,33.39684578907303,38.23229792713454,2,2,21.35890873382497,14.15694308536391,0.6628120969000776,-0.1786095739264938,"[89, 96]","[86, 89]","[3, 2]","[3, 3]",3.562644748490591,3.194620598112856,True,source,0.6628120969000777,0.8018324561270211
158,152,19.242269575533623,38.23229792713454,1,2,109.37944560068264,14.15694308536391,0.1294296474773461,-0.8879662316964753,"[89, 147]","[86, 89]","[3, 3]","[3, 3]",3.730348001051901,3.194620598112856,True,source,0.12942964747734612,0.16723018514135848
201,153,22.556013881068637,41.546042232669535,1,2,27.78336681076729,24.453657627284624,0.8801545829142544,-0.0554410453375094,"[120, 147]","[86, 120]","[2, 3]","[3, 2]",2.877822565743063,2.836650070467435,True,source,0.8801545829142544,0.925306896898089
155,154,521.3131197706796,526.7329646423665,24,24,3.298011190810281e-08,1.6459771788739732e-08,0.49908174461639,-0.3018283154421604,"[87, 123]","[87, 95]","[3, 2]","[3, 3]",1.0891743032752714,2.2881504299093827,True,transition,0.49908174461639004,0.05536931966352827
154,166,526.7329646423665,550.0674219454454,24,25,1.6459771788739732e-08,2.9845769740821413e-09,0.1813255379472464,-0.7415410254218532,"[87, 95]","[95, 103]","[3, 3]","[3, 3]",2.2881504299093827,4.4708702744113005,True,transition,0.18132553794724635,0.051808824552942494
154,167,526.7329646423665,546.5753211677218,24,25,1.6459771788739732e-08,2.094847539633924e-08,1.27270752384734,0.1047286115302024,"[87, 95]","[95, 154]","[3, 3]","[3, 3]",2.2881504299093827,2.720383102708748,True,transition,1.2727075238473395,0.8759884203565357
156,193,263.8952005443957,286.2558704044747,13,14,2.7273317569819087e-06,3.370350259235355e-06,1.235768347802695,0.0919370672738712,"[88, 114]","[114, 133]","[2, 2]","[2, 2]",1.627886205129613,3.125769489772836,False,transition,1.235768347802695,0.2988827473309323
158,157,19.242269575533623,33.39684578907303,1,2,109.37944560068264,21.35890873382497,0.1952735142926311,-0.7093566577699814,"[89, 147]","[89, 96]","[3, 3]","[3, 2]",3.730348001051901,3.562644748490591,True,source,0.1952735142926311,0.20856001009126893
168,157,33.22058910192354,33.39684578907303,2,2,102.16930506225926,21.35890873382497,0.2090540668825086,-0.679741379381435,"[96, 176]","[89, 96]","[2, 2]","[3, 2]",3.499193065969376,3.562644748490591,True,source,0.20905406688250858,0.1961270580370009
158,201,19.242269575533623,22.556013881068637,1,1,109.37944560068264,27.78336681076729,0.2540090293764836,-0.5951508450387903,"[89, 147]","[120, 147]","[3, 3]","[2, 3]",3.730348001051901,2.877822565743063,True,source,0.2540090293764836,0.39869834521869585
229,158,0.0,19.242269575533623,0,1,126.34487577242106,109.37944560068264,0.8657212643724671,-0.0626219149463758,"[147, 169]","[89, 147]","[3, 2]","[3, 3]",2.2485287702685746,3.730348001051901,True,source,0.8657212643724671,0.3146693412448598
159,160,155.10717976939523,161.84416311079133,8,9,1.1775392080045171e-05,8.022285168546576e-05,6.812754186029448,0.8333227192524886,"[90, 94]","[90, 101]","[4, 4]","[4, 4]",2.7369723913051693,4.342948250802433,True,transition,6.812754186029449,3.007205144198012
164,159,150.4756769151387,155.10717976939523,8,8,4.859615835561222e-05,1.1775392080045171e-05,0.2423111718806322,-0.6156265620314579,"[94, 101]","[90, 94]","[4, 4]","[4, 4]",2.300008478232524,2.7369723913051693,True,transition,0.24231117188063217,0.16372347688598093
165,159,132.86419956236827,155.10717976939523,7,8,1.4881182910891896e-05,1.1775392080045171e-05,0.7912940893580765,-0.1016620782618233,"[94, 199]","[90, 94]","[4, 4]","[4, 4]",1.881727902106551,2.7369723913051693,True,transition,0.7912940893580764,0.3622511765519268
164,160,150.4756769151387,161.84416311079133,8,9,4.859615835561222e-05,8.022285168546576e-05,1.650806450551478,0.2176961572210306,"[94, 101]","[90, 101]","[4, 4]","[4, 4]",2.300008478232524,4.342948250802433,True,transition,1.650806450551478,0.4923500819175062
160,175,161.84416311079133,173.29120272065404,9,9,8.022285168546576e-05,0.0002019823413935,2.51776566339792,0.4010153064592437,"[90, 101]","[101, 108]","[4, 4]","[4, 2]",4.342948250802433,4.513959045001847,True,source,2.5177656633975505,2.3742476246884934
160,176,161.84416311079133,172.604757848308,9,9,8.022285168546576e-05,6.198474775078485e-08,0.0007726569979562,-3.112013257639758,"[90, 101]","[101, 134]","[4, 4]","[4, 3]",4.342948250802433,3.163832208166653,True,source,0.0007726569979562922,0.000659021754972057
161,181,376.787161719388,399.9468888511098,18,19,1.4315200747304286e-08,1.9928766626107035e-08,1.3921402136019536,0.1436829787565491,"[91, 104]","[104, 148]","[2, 2]","[2, 2]",2.8037476864170827,4.5490656776021545,False,transition,1.3921402136019536,0.6535763229990823
162,219,362.0993828908855,370.7346151880416,18,18,8.610882169835699e-08,6.702885018786241e-09,0.077842024621667,-1.108785876868905,"[92, 145]","[137, 145]","[2, 3]","[3, 3]",3.0786156212651328,3.385802703897216,True,transition,0.07784202462166702,0.05966629361062067
162,227,362.0993828908855,384.0290345620209,18,19,8.610882169835699e-08,1.9129816105155545e-07,2.2215860962734038,0.3466631487323731,"[92, 145]","[145, 162]","[2, 3]","[3, 3]",3.0786156212651328,2.911715860236111,True,transition,2.2215860962734033,2.558200618165901
163,183,266.27422222749027,288.9050961707903,13,14,4.440993007230615e-06,2.114635153136523e-06,0.476162684717939,-0.322244641808231,"[93, 106]","[106, 111]","[2, 2]","[2, 3]",2.623971930301668,2.7261404424236098,True,transition,0.476162684717939,0.44040202859283495
165,164,132.86419956236827,150.4756769151387,7,8,1.4881182910891896e-05,4.859615835561222e-05,3.2656112519148945,0.5139644837696346,"[94, 199]","[94, 101]","[4, 4]","[4, 4]",1.881727902106551,2.300008478232524,True,source,3.2656112519148945,2.212579304092125
164,175,150.4756769151387,173.29120272065404,8,9,4.859615835561222e-05,0.0002019823413935,4.156343798114308,0.6187114636802744,"[94, 101]","[101, 108]","[4, 4]","[4, 2]",2.300008478232524,4.513959045001847,True,source,4.1563437981136975,1.168961012507824
164,176,150.4756769151387,172.604757848308,8,9,4.859615835561222e-05,6.198474775078485e-08,0.0012755071562899,-2.894317100418728,"[94, 101]","[101, 134]","[4, 4]","[4, 3]",2.300008478232524,3.163832208166653,True,source,0.0012755071562899874,0.0003244694150459109
167,166,546.5753211677218,550.0674219454454,25,25,2.094847539633924e-08,2.9845769740821413e-09,0.1424722762690261,-0.8462696369520556,"[95, 154]","[95, 103]","[3, 3]","[3, 3]",2.720383102708748,4.4708702744113005,True,transition,0.14247227626902617,0.05914327558331857
166,179,550.0674219454454,573.2035186708827,25,26,2.9845769740821413e-09,9.794307589898902e-09,3.281640136927942,0.5160909548050464,"[95, 103]","[103, 121]","[3, 3]","[3, 3]",4.4708702744113005,2.607757356367113,True,transition,3.2816401369279427,8.491268868784642
166,180,550.0674219454454,558.8107563049274,25,26,2.9845769740821413e-09,1.953063237567654e-09,0.6543852795648828,-0.1841664787066105,"[95, 103]","[103, 154]","[3, 3]","[3, 3]",4.4708702744113005,4.85134648728982,True,transition,0.6543852795648829,0.5778237024025571
167,180,546.5753211677218,558.8107563049274,25,26,2.094847539633924e-08,1.953063237567654e-09,0.0932317603365519,-1.030436115658666,"[95, 154]","[103, 154]","[3, 3]","[3, 3]",2.720383102708748,4.85134648728982,True,transition,0.09323176033655191,0.034174386469767885
244,168,20.19158380461698,33.22058910192354,1,2,0.5981032939692024,102.16930506225926,170.82217418371243,2.232544245161906,"[169, 176]","[96, 176]","[2, 2]","[2, 2]",2.58759771912516,3.499193065969376,False,source,170.82217418371243,193.24503248756002
169,170,748.0505669949171,761.2862669516774,34,35,5.656050926059981e-12,9.133132005877838e-11,16.147542031132314,1.2081064236604622,"[97, 98]","[98, 113]","[2, 3]","[3, 3]",4.471159596851464,4.622701992916262,True,remote,16.147542031132314,15.960714146740864
169,171,748.0505669949171,769.1136305544123,34,35,5.656050926059981e-12,2.792275332071469e-10,49.36793123990796,1.693444928517549,"[97, 98]","[98, 157]","[2, 3]","[3, 3]",4.471159596851464,2.0648141534134794,True,remote,49.36793123990796,233.91832858837662
170,171,761.2862669516774,769.1136305544123,35,35,9.133132005877838e-11,2.792275332071469e-10,3.057303157640156,0.4853385048570869,"[98, 113]","[98, 157]","[3, 3]","[3, 3]",4.622701992916262,2.0648141534134794,True,remote,3.057303157640156,14.655881086382474
170,191,761.2862669516774,781.7827586007313,35,36,9.133132005877838e-11,2.284964031529421e-10,2.501840584433555,0.3982596332924375,"[98, 113]","[113, 118]","[3, 3]","[3, 3]",4.622701992916262,2.7808085488256005,True,remote,2.5018405844335545,6.02255758195758
170,192,761.2862669516774,772.3186740283841,35,36,9.133132005877838e-11,9.941157765791944e-13,0.0108847192391329,-1.963182768686998,"[98, 113]","[113, 157]","[3, 3]","[3, 3]",4.622701992916262,4.9661787658973005,True,remote,0.010884719239132954,0.00921632686310958
171,192,769.1136305544123,772.3186740283841,35,36,2.792275332071469e-10,9.941157765791944e-13,0.0035602355009944,-2.448521273544085,"[98, 157]","[113, 157]","[3, 3]","[3, 3]",2.0648141534134794,4.9661787658973005,True,remote,0.003560235500994462,0.0006288483652936391
171,236,769.1136305544123,789.6291445507094,35,36,2.792275332071469e-10,1.2010188689866889e-11,0.0430121935037009,-1.3664084090557131,"[98, 157]","[157, 164]","[3, 3]","[3, 2]",2.0648141534134794,2.0415435998708418,True,remote,0.04301219350370097,0.03386803913545042
172,212,682.6088371983453,700.5758378192728,31,32,1.4608603567445924e-10,5.57740575006062e-10,3.81789109705832,0.5818235362574459,"[99, 129]","[129, 143]","[2, 3]","[3, 2]",3.9971275145966665,3.934585312817653,True,transition,3.81789109705832,4.061550240749712
172,213,682.6088371983453,705.6243674926945,31,32,1.4608603567445924e-10,2.7864829457012335e-10,1.907425944469246,0.2804476855350735,"[99, 129]","[129, 171]","[2, 3]","[3, 2]",3.9971275145966665,3.3198488080065545,True,transition,1.9074259444692458,2.8048746973960768
174,173,574.7400491344919,576.2332352980724,26,26,2.516419750866738e-09,1.714561726003551e-09,0.6813496537741764,-0.166629960430405,"[100, 184]","[100, 161]","[3, 2]","[3, 1]",3.828349460803004,1.1460749872691167,True,transition,0.6813496537741764,13.97236469464341
223,174,568.0967533592438,574.7400491344919,26,26,2.708197429009749e-09,2.516419750866738e-09,0.92918622693873,-0.0318972362467911,"[141, 184]","[100, 184]","[2, 2]","[3, 2]",3.1086985534067324,3.828349460803004,True,transition,0.92918622693873,0.6528408101966318
176,175,172.604757848308,173.29120272065404,9,9,6.198474775078485e-08,0.0002019823413935,3258.5813239995346,3.513028564099002,"[101, 134]","[101, 108]","[4, 3]","[4, 2]",3.163832208166653,4.513959045001847,True,source,3258.5813239990557,3602.6847471661436
175,185,173.29120272065404,184.86173737080887,9,10,0.0002019823413935,0.0045155098534784,22.35596350812045,1.3493933920408947,"[101, 108]","[108, 134]","[4, 2]","[2, 3]",4.513959045001847,1.0471677285404368,True,source,22.35596350812336,828.0607482385332
176,185,172.604757848308,184.86173737080887,9,10,6.198474775078485e-08,0.0045155098534784,72848.72516757641,4.8624219561398965,"[101, 134]","[108, 134]","[4, 3]","[2, 3]",3.163832208166653,1.0471677285404368,True,source,72848.72516757519,2983241.8274059477
176,217,172.604757848308,194.19717610576637,9,10,6.198474775078485e-08,1.0162808023197248e-05,163.95659241944028,2.214728883608771,"[101, 134]","[134, 170]","[4, 3]","[3, 2]",3.163832208166653,2.1803875789148286,True,source,163.95659241944026,582.7556437009295
178,177,503.175332822598,505.2158872618364,23,23,3.2240279769711754e-09,1.693425764974251e-09,0.5252515725887545,-0.2796326386543353,"[102, 119]","[102, 107]","[3, 3]","[3, 2]",2.7566548688974706,3.691901224968316,True,transition,0.5252515725887545,0.30825067390839883
177,184,505.2158872618364,515.0212834350822,23,24,1.693425764974251e-09,2.502035625552e-09,1.4774994436145503,0.1695273260100266,"[102, 107]","[107, 119]","[3, 2]","[2, 3]",3.691901224968316,4.926111345741624,True,transition,1.4774994436145503,0.9398130800748211
178,184,503.175332822598,515.0212834350822,23,24,3.2240279769711754e-09,2.502035625552e-09,0.7760589062575526,-0.1101053126443086,"[102, 119]","[107, 119]","[3, 3]","[2, 3]",2.7566548688974706,4.926111345741624,True,transition,0.7760589062575525,0.2896980152809916
178,200,503.175332822598,524.8647993559889,23,24,3.2240279769711754e-09,5.778452097044342e-10,0.1792308298289932,-0.746587284445149,"[102, 119]","[119, 127]","[3, 3]","[3, 3]",2.7566548688974706,3.2697263399169323,True,transition,0.17923082982899327,0.12162468739529314
180,179,558.8107563049274,573.2035186708827,26,26,1.953063237567654e-09,9.794307589898902e-09,5.0148440672595616,0.7002574335116569,"[103, 154]","[103, 121]","[3, 3]","[3, 3]",4.85134648728982,2.607757356367113,True,transition,5.0148440672595616,14.695258836697844
179,202,573.2035186708827,595.4858365055117,26,27,9.794307589898902e-09,5.93999402588546e-09,0.6064741148227277,-0.217187730707642,"[103, 121]","[121, 167]","[3, 3]","[3, 1]",2.607757356367113,3.55795006707935,True,transition,0.6064741148227277,0.34357927980076236
179,203,573.2035186708827,594.2634618580691,26,27,9.794307589898902e-09,1.3516157252262711e-09,0.1380001304656006,-0.8601205030156934,"[103, 121]","[121, 181]","[3, 3]","[3, 2]",2.607757356367113,2.091028318000358,True,transition,0.13800013046560064,0.2217418181399584
181,230,399.9468888511098,422.0700759529404,19,21,1.9928766626107035e-08,9.685658957258637e-09,0.4860139686000563,-0.3133512484357629,"[104, 148]","[148, 191]","[2, 2]","[2, 3]",4.5490656776021545,3.737460242364488,True,transition,0.4860139686000564,0.6533443337777975
182,186,640.0244596420999,662.6065094094528,29,30,1.3561553968928234e-09,5.674952430909815e-10,0.4184588612715084,-0.3783472311019459,"[105, 109]","[109, 116]","[2, 3]","[3, 3]",2.3620911488270018,3.2443526027223517,True,remote,0.41845886127150844,0.22091277594061468
182,187,640.0244596420999,657.8716781027586,29,30,1.3561553968928234e-09,6.839273106866978e-10,0.5043133790225578,-0.2972995102097018,"[105, 109]","[109, 131]","[2, 3]","[3, 2]",2.3620911488270018,2.1645943949491304,True,remote,0.5043133790225578,0.6270832945047633
183,188,288.9050961707903,311.3466454064709,14,15,2.114635153136523e-06,9.31722587927322e-07,0.4406067810540975,-0.3559488232276616,"[106, 111]","[111, 122]","[2, 3]","[3, 4]",2.7261404424236098,2.2675478428532188,True,transition,0.44060678105409756,0.6799264263732873
183,189,288.9050961707903,308.77256033342184,14,15,2.114635153136523e-06,4.7704086255991855e-09,0.0022559015055261,-2.6466798659210933,"[106, 111]","[111, 135]","[2, 3]","[3, 2]",2.7261404424236098,3.863594921024742,True,transition,0.0022559015055261416,0.0011130106875964316
184,200,515.0212834350822,524.8647993559889,24,24,2.502035625552e-09,5.778452097044342e-10,0.2309500327665996,-0.6364819718008403,"[107, 119]","[119, 127]","[2, 3]","[3, 3]",4.926111345741624,3.2697263399169323,True,transition,0.2309500327665997,0.4198326566970909
185,217,184.86173737080887,194.19717610576637,10,10,0.0045155098534784,1.0162808023197248e-05,0.0022506446343746,-2.647693072531126,"[108, 134]","[134, 170]","[2, 3]","[3, 2]",1.0471677285404368,2.1803875789148286,True,source,0.0022506446343747,0.00019534307891079004
187,186,657.8716781027586,662.6065094094528,30,30,6.839273106866978e-10,5.674952430909815e-10,0.8297595873473562,-0.081047720892244,"[109, 131]","[109, 116]","[3, 2]","[3, 3]",2.1645943949491304,3.2443526027223517,True,remote,0.8297595873473562,0.3522861761372223
186,195,662.6065094094528,669.4938544041197,30,31,5.674952430909815e-10,1.0544813730314027e-09,1.85813253215648,0.2690766870158094,"[109, 116]","[116, 131]","[3, 3]","[3, 2]",3.2443526027223517,1.844547594314669,True,remote,1.85813253215648,6.817077894135319
186,196,662.6065094094528,686.3002056969857,30,31,5.674952430909815e-10,2.2643751893029022e-10,0.3990121885373893,-0.399013837812797,"[109, 116]","[116, 142]","[3, 3]","[3, 2]",3.2443526027223517,4.718797843781591,True,remote,0.39901218853738923,0.212786627443033
187,195,657.8716781027586,669.4938544041197,30,31,6.839273106866978e-10,1.0544813730314027e-09,1.5418032831188593,0.1880289661235654,"[109, 131]","[116, 131]","[3, 2]","[3, 2]",2.1645943949491304,1.844547594314669,True,remote,1.5418032831188593,2.401562303754519
189,188,308.77256033342184,311.3466454064709,15,15,4.7704086255991855e-09,9.31722587927322e-07,195.31295137432667,2.2907310426934315,"[111, 135]","[111, 122]","[3, 2]","[3, 4]",3.863594921024742,2.2675478428532188,True,transition,195.31295137432662,610.8893957178451
188,204,311.3466454064709,333.346516847983,15,16,9.31722587927322e-07,5.086739396803613e-07,0.5459499922739234,-0.2628471358192912,"[111, 122]","[122, 132]","[3, 4]","[4, 2]",2.2675478428532188,1.9686643077217312,True,transition,0.5459499922739234,0.7246188983646713
188,205,311.3466454064709,319.90633425484845,15,16,9.31722587927322e-07,2.329140028685872e-06,2.4998213619218963,0.3979089749506322,"[111, 122]","[122, 135]","[3, 4]","[4, 2]",2.2675478428532188,1.3246304703985563,True,transition,2.4998213619218963,12.181618672317468
189,205,308.77256033342184,319.90633425484845,15,16,4.7704086255991855e-09,2.329140028685872e-06,488.2474881055544,2.688640017644064,"[111, 135]","[122, 135]","[3, 2]","[4, 2]",3.863594921024742,1.3246304703985563,True,transition,488.24748810555434,7441.621669597235
190,194,97.14416766058672,119.56971611135604,5,6,0.0005596352660899,0.2228962931711403,398.28850445481817,2.600197771827643,"[112, 115]","[115, 153]","[2, 2]","[2, 2]",3.5682046277630484,2.8734050106375726,False,source,398.2885044548536,879.1587522649822
192,191,772.3186740283841,781.7827586007313,36,36,9.941157765791944e-13,2.284964031529421e-10,229.84888534734907,2.361442401979436,"[113, 157]","[113, 118]","[3, 3]","[3, 3]",4.9661787658973005,2.7808085488256005,True,remote,229.84888534734904,653.4661445292505
191,198,781.7827586007313,804.3999640377378,36,37,2.284964031529421e-10,2.658186960482309e-11,0.116333864507402,-0.9342938447910814,"[113, 118]","[118, 168]","[3, 3]","[3, 1]",2.7808085488256005,3.240911253654179,True,remote,0.11633386450740209,0.08241920456121857
191,199,781.7827586007313,798.9068834425108,36,37,2.284964031529421e-10,7.108770783182987e-11,0.3111108396058554,-0.5070848571040957,"[113, 118]","[118, 198]","[3, 3]","[3, 1]",2.7808085488256005,3.4626529253050045,True,remote,0.3111108396058555,0.20433182617325898
192,236,772.3186740283841,789.6291445507094,36,36,9.941157765791944e-13,1.2010188689866889e-11,12.081277626630763,1.0821128644883715,"[113, 157]","[157, 164]","[3, 3]","[3, 2]",4.9661787658973005,2.0415435998708418,True,remote,12.081277626630763,53.857242865910656
193,216,286.2558704044747,308.4515205758932,14,15,3.370350259235355e-06,6.106637027591221e-07,0.18118701493585,-0.7418729299692445,"[114, 133]","[133, 146]","[2, 2]","[2, 2]",3.125769489772836,2.8347932464999666,False,transition,0.18118701493585,0.20424191466542949
194,234,119.56971611135604,142.32840332923905,6,7,0.2228962931711403,2.962909252924015e-05,0.0001329277042148,-3.876384495853793,"[115, 153]","[153, 188]","[2, 2]","[2, 1]",2.8734050106375726,4.232142224145132,False,source,0.00013292770421485144,7.865235496022017e-08
195,196,669.4938544041197,686.3002056969857,31,31,1.0544813730314027e-09,2.2643751893029022e-10,0.2147382824594919,-0.6680905248286065,"[116, 131]","[116, 142]","[3, 2]","[3, 2]",1.844547594314669,4.718797843781591,True,remote,0.21473828245949192,0.031213759142475365
196,224,686.3002056969857,710.0116771830518,31,32,2.2643751893029022e-10,3.742347569261977e-10,1.6527064891636063,0.2181957323041012,"[116, 142]","[142, 160]","[3, 2]","[2, 2]",4.718797843781591,2.788910446192123,True,remote,1.6527064891636067,4.071426373094841
197,208,624.607446148185,646.9019114654717,28,29,1.4427688514259186e-09,1.7646333810240435e-09,1.2230880776778756,0.0874577328107319,"[117, 126]","[126, 144]","[3, 3]","[3, 2]",3.382548133323596,2.9437415250790764,True,transition,1.2230880776778759,1.5655648455038003
199,198,798.9068834425108,804.3999640377378,37,37,7.108770783182987e-11,2.658186960482309e-11,0.3739306051013355,-0.4272089876869857,"[118, 198]","[118, 168]","[3, 1]","[3, 1]",3.4626529253050045,3.240911253654179,True,remote,0.3739306051013355,0.4033596043493141
200,209,524.8647993559889,545.1899113469506,24,25,5.778452097044342e-10,3.4535801303159805e-09,5.976652695766872,0.7764580196459037,"[119, 127]","[127, 141]","[3, 3]","[3, 2]",3.2697263399169323,3.149830330058556,True,transition,5.976652695766873,6.849743503754487
200,210,524.8647993559889,548.7490091691132,24,25,5.778452097044342e-10,1.9865673810026632e-10,0.3437888465007411,-0.4637082171828706,"[119, 127]","[127, 173]","[3, 3]","[3, 1]",3.2697263399169323,4.624218404436867,True,transition,0.34378884650074115,0.20892423630266346
229,201,0.0,22.556013881068637,0,1,126.34487577242106,27.78336681076729,0.2199010180738325,-0.6577727599851663,"[147, 169]","[120, 147]","[3, 2]","[2, 3]",2.2485287702685746,2.877822565743063,True,source,0.21990101807383253,0.12545814564538274
203,202,594.2634618580691,595.4858365055117,27,27,1.3516157252262711e-09,5.93999402588546e-09,4.394735807687542,0.6429327723080513,"[121, 181]","[121, 167]","[3, 2]","[3, 1]",2.091028318000358,3.55795006707935,True,transition,4.3947358076875425,1.549456402417982
203,251,594.2634618580691,616.7592931675963,27,28,1.3516157252262711e-09,5.34730301283375e-10,0.395623024579606,-0.4027184411474314,"[121, 181]","[181, 195]","[3, 2]","[2, 1]",2.091028318000358,3.7089683902047694,True,transition,0.39562302457960596,0.12625110964013234
205,204,319.90633425484845,333.346516847983,16,16,2.329140028685872e-06,5.086739396803613e-07,0.2183956024178422,-0.6607561107699236,"[122, 135]","[122, 132]","[4, 2]","[4, 2]",1.3246304703985563,1.9686643077217312,True,transition,0.21839560241784223,0.05948461512847682
204,215,333.346516847983,356.04878800281114,16,17,5.086739396803613e-07,2.024455070835276e-07,0.3979867873922135,-0.4001313456597334,"[122, 132]","[132, 137]","[4, 2]","[2, 3]",1.9686643077217312,3.7766334433898976,True,transition,0.39798678739221355,0.10571411855272102
207,206,484.8012153119919,500.444367917938,23,23,2.131755841195314e-08,3.648733365494573e-08,1.7116094136975188,0.2334046663989739,"[125, 166]","[125, 128]","[4, 2]","[4, 2]",3.0840084594277606,1.9073302725366863,True,transition,1.711609413697519,5.2157073744617755
206,211,500.444367917938,522.9491934015955,23,24,3.648733365494573e-08,1.1256499651686222e-08,0.3085043088688516,-0.5107387658125965,"[125, 128]","[128, 130]","[4, 2]","[2, 2]",1.9073302725366863,3.1300383862003045,True,transition,0.3085043088688516,0.09859844001297724
208,226,646.9019114654717,668.604201446997,29,30,1.7646333810240435e-09,2.6084301939921925e-10,0.1478171172574373,-0.8302752716244929,"[126, 144]","[144, 149]","[3, 2]","[2, 3]",2.9437415250790764,4.271944377385594,True,remote,0.1478171172574374,0.07622816389664638
209,210,545.1899113469506,548.7490091691132,25,25,3.4535801303159805e-09,1.9865673810026632e-10,0.0575219715785458,-1.2401662368287742,"[127, 141]","[127, 173]","[3, 2]","[3, 1]",3.149830330058556,4.624218404436867,True,transition,0.0575219715785458,0.03050103061350366
209,223,545.1899113469506,568.0967533592438,25,26,3.4535801303159805e-09,2.708197429009749e-09,0.784171012925641,-0.1055892155414409,"[127, 141]","[141, 184]","[3, 2]","[2, 2]",3.149830330058556,3.1086985534067324,True,transition,0.7841710129256408,0.7829595007837173
211,214,522.9491934015955,546.5081087183017,24,25,1.1256499651686222e-08,3.297391626014362e-09,0.292932237200435,-0.5332328315691409,"[128, 130]","[130, 180]","[2, 2]","[2, 1]",3.1300383862003045,4.039162292301377,False,transition,0.292932237200435,0.18379723431915196
212,213,700.5758378192728,705.6243674926945,32,32,5.57740575006062e-10,2.7864829457012335e-10,0.4996019781546192,-0.3013758507223723,"[129, 143]","[129, 171]","[3, 2]","[3, 2]",3.934585312817653,3.3198488080065545,True,transition,0.4996019781546192,0.6905921461353957
212,225,700.5758378192728,712.235762223276,32,33,5.57740575006062e-10,4.307806299294058e-11,0.0772367385902888,-1.112176073087169,"[129, 143]","[143, 171]","[3, 2]","[2, 2]",3.934585312817653,2.2252545118808733,True,transition,0.0772367385902888,0.22955070178289005
213,225,705.6243674926945,712.235762223276,32,33,2.7864829457012335e-10,4.307806299294058e-11,0.1545965427830736,-0.8108002223647967,"[129, 171]","[143, 171]","[3, 2]","[2, 2]",3.3198488080065545,2.2252545118808733,True,transition,0.15459654278307364,0.33239691917649605
215,218,356.04878800281114,379.5751033815517,17,18,2.024455070835276e-07,1.0917918892216521e-07,0.5393016150124716,-0.2681682791556454,"[132, 137]","[137, 139]","[2, 3]","[3, 2]",3.7766334433898976,3.4106610123227945,True,transition,0.5393016150124716,0.6495126173397873
215,219,356.04878800281114,370.7346151880416,17,18,2.024455070835276e-07,6.702885018786241e-09,0.0331095765737131,-1.4800463732459908,"[132, 137]","[137, 145]","[2, 3]","[3, 3]",3.7766334433898976,3.385802703897216,True,transition,0.03310957657371313,0.035138303079239194
216,228,308.4515205758932,329.0325509883201,15,16,6.106637027591221e-07,4.538283613411269e-06,7.431723210183015,0.8710895262642887,"[133, 146]","[146, 159]","[2, 2]","[2, 2]",2.8347932464999666,1.9414275713565416,False,transition,7.431723210183015,19.793316215406207
217,245,194.19717610576637,216.8025341863331,10,11,1.0162808023197248e-05,1.6645291792182035e-05,1.6378634481914949,0.2142776909720246,"[134, 170]","[170, 172]","[3, 2]","[2, 2]",2.1803875789148286,3.426546032527209,True,source,1.6378634481914949,0.7653960973428265
219,218,370.7346151880416,379.5751033815517,18,18,6.702885018786241e-09,1.0917918892216521e-07,16.28838755493607,1.2118780940903453,"[137, 145]","[137, 139]","[3, 3]","[3, 2]",3.385802703897216,3.4106610123227945,True,transition,16.28838755493607,18.484461696260443
218,221,379.5751033815517,402.9790316907762,18,19,1.0917918892216521e-07,5.4996908519773784e-08,0.5037306932091384,-0.2978015859990577,"[137, 139]","[139, 152]","[3, 2]","[2, 2]",3.4106610123227945,3.8994603377729646,True,transition,0.5037306932091385,0.39050742983490966
219,227,370.7346151880416,384.0290345620209,18,19,6.702885018786241e-09,1.9129816105155545e-07,28.5396751571006,1.455449025601278,"[137, 145]","[145, 162]","[3, 3]","[3, 3]",3.385802703897216,2.911715860236111,True,transition,28.5396751571006,42.87513876529006
221,233,402.9790316907762,426.71982902155975,19,20,5.4996908519773784e-08,2.5932674825118236e-08,0.47152968272379,-0.3264909632927255,"[139, 152]","[152, 158]","[2, 2]","[2, 1]",3.8994603377729646,3.6399389876389705,False,transition,0.47152968272379003,0.5416255311318591
224,238,710.0116771830518,732.5563841059228,32,33,3.742347569261977e-10,1.5221126297010207e-10,0.406726687334708,-0.3906973304674351,"[142, 160]","[160, 174]","[2, 2]","[2, 2]",2.788910446192123,4.162785059260617,False,remote,0.406726687334708,0.19615835514761817
226,231,668.604201446997,691.8881989660945,30,31,2.6084301939921925e-10,4.2358849156971767e-10,1.623921132891876,0.2105649335371908,"[144, 149]","[149, 194]","[2, 3]","[3, 1]",4.271944377385594,3.4610789204311168,True,remote,1.623921132891876,2.391091614786424
227,239,384.0290345620209,407.1547929863565,19,20,1.9129816105155545e-07,6.912577343859672e-08,0.3613509563218807,-0.4420707915762061,"[145, 162]","[162, 179]","[3, 3]","[3, 3]",2.911715860236111,3.638817967487075,True,transition,0.36135095632188075,0.24374558034514904
227,240,384.0290345620209,405.4931010023099,19,20,1.9129816105155545e-07,1.3678912355361117e-08,0.0715057179858336,-1.1456592282632012,"[145, 162]","[162, 191]","[3, 3]","[3, 3]",2.911715860236111,4.558101166984063,True,transition,0.07150571798583367,0.03322621238083061
228,237,329.0325509883201,351.1155793163316,16,17,4.538283613411269e-06,1.4767994312114124e-06,0.3254092421300558,-0.4875701165832886,"[146, 159]","[159, 177]","[2, 2]","[2, 1]",1.9414275713565416,2.6326721917859857,False,transition,0.32540924213005584,0.15506813921881352
229,244,0.0,20.19158380461698,0,1,126.34487577242106,0.5981032939692024,0.0047338943531555,-2.3247814384968284,"[147, 169]","[169, 176]","[3, 2]","[2, 2]",2.2485287702685746,2.58759771912516,True,source,0.004733894353155541,0.0017315682636350684
240,230,405.4931010023099,422.0700759529404,20,21,1.3678912355361117e-08,9.685658957258637e-09,0.7080723017764331,-0.1499223939213463,"[162, 191]","[148, 191]","[3, 3]","[2, 3]",4.558101166984063,3.737460242364488,True,transition,0.7080723017764331,0.959575020767244
250,230,417.31250998605344,422.0700759529404,21,21,1.7304006677220803e-09,9.685658957258637e-09,5.597350450638088,0.7479824989763407,"[179, 191]","[148, 191]","[3, 3]","[2, 3]",5.396961172608126,3.737460242364488,True,transition,5.597350450638089,8.27244970432298
236,243,789.6291445507094,810.0079930589624,36,37,1.2010188689866889e-11,8.682841426044557e-11,7.229562873870877,0.8591120390365893,"[157, 164]","[164, 189]","[3, 2]","[2, 1]",2.0415435998708418,3.2309464859239405,True,remote,7.2295628738708775,3.477742330248117
238,247,732.5563841059228,756.6614030811594,33,34,1.5221126297010207e-10,1.3450458823776362e-10,0.8836704039712457,-0.0537096902223401,"[160, 174]","[174, 178]","[2, 2]","[2, 2]",4.162785059260617,4.076764488226715,False,remote,0.8836704039712457,0.9116100396422697
240,239,405.4931010023099,407.1547929863565,20,20,1.3678912355361117e-08,6.912577343859672e-08,5.053455394902399,0.7035884366869951,"[162, 191]","[162, 179]","[3, 3]","[3, 3]",4.558101166984063,3.638817967487075,True,transition,5.053455394902399,7.335942404490696
239,249,407.1547929863565,429.7653956475097,20,21,6.912577343859672e-08,8.827750878157558e-08,1.2770563624867222,0.1062100651387474,"[162, 179]","[179, 190]","[3, 3]","[3, 1]",3.638817967487075,1.6169580762179976,True,transition,1.277056362486722,8.268898736793245
239,250,407.1547929863565,417.31250998605344,20,21,6.912577343859672e-08,1.7304006677220803e-09,0.0250326409621899,-1.601493329584682,"[162, 179]","[179, 191]","[3, 3]","[3, 3]",3.638817967487075,5.396961172608126,True,transition,0.02503264096218998,0.015812075732322687
240,250,405.4931010023099,417.31250998605344,20,21,1.3678912355361117e-08,1.7304006677220803e-09,0.1265013345190337,-0.897904892897687,"[162, 191]","[179, 191]","[3, 3]","[3, 3]",4.558101166984063,5.396961172608126,True,transition,0.12650133451903373,0.11599647686776428
242,241,681.3587441467824,683.033655307027,31,31,2.0930186120041286e-10,3.5542028438685276e-10,1.698122904155769,0.2299691197506911,"[163, 197]","[163, 193]","[3, 2]","[3, 2]",3.9848618095656327,3.968195564641171,True,remote,1.698122904155769,1.7283885174867137
241,253,683.033655307027,693.342841929103,31,32,3.5542028438685276e-10,1.7408947837426158e-10,0.4898130073656012,-0.3099696860302167,"[163, 193]","[193, 197]","[3, 2]","[2, 2]",3.968195564641171,4.615405007380332,True,remote,0.4898130073656012,0.39779691670435224
242,253,681.3587441467824,693.342841929103,31,32,2.0930186120041286e-10,1.7408947837426158e-10,0.8317626865609458,-0.0800005662795256,"[163, 197]","[193, 197]","[3, 2]","[2, 2]",3.9848618095656327,4.615405007380332,True,remote,0.8317626865609458,0.6875476231234211
245,246,216.8025341863331,239.95285467247868,11,12,1.6645291792182035e-05,1.2308859000099745e-06,0.0739479917431124,-1.131073615943323,"[170, 172]","[172, 182]","[2, 2]","[2, 1]",3.426546032527209,2.9027688509574325,False,source,0.07394799174311245,0.0441673118882385
247,248,756.6614030811594,780.3641948734482,34,35,1.3450458823776362e-10,1.1208428503616996e-10,0.833311982175944,-0.0791923734179784,"[174, 178]","[178, 187]","[2, 2]","[2, 2]",4.076764488226715,3.347223187889501,False,remote,0.8333119821759439,1.192644803688039
248,252,780.3641948734482,800.2303615653008,35,36,1.1208428503616996e-10,8.565179480634968e-11,0.7641730932994716,-0.1168082579814055,"[178, 187]","[187, 196]","[2, 2]","[2, 1]",3.347223187889501,3.1388908048675788,False,remote,0.7641730932994717,0.845305420343069
250,249,417.31250998605344,429.7653956475097,21,21,1.7304006677220803e-09,8.827750878157558e-08,51.01564650791838,1.7077033947234297,"[179, 191]","[179, 190]","[3, 3]","[3, 1]",5.396961172608126,1.6169580762179976,True,transition,51.01564650791838,522.9483387744058
