hotspot_id,particle_i,particle_j,x_nm,y_nm,gap_nm,radius_i_nm,radius_j_nm,coordination_i,coordination_j,euclidean_distance_nm,geodesic_steps,Einc_x_real,Einc_x_imag,Einc_y_real,Einc_y_imag,Einc_z_real,Einc_z_imag,Escat_x_real,Escat_x_imag,Escat_y_real,Escat_y_imag,Escat_z_real,Escat_z_imag,PDA_Ex_real,PDA_Ex_imag,PDA_Ey_real,PDA_Ey_imag,Etotal_z_real,Etotal_z_imag,M2_inc,M2_scat,M2_total,M4,f_inc,f_scat,geodesic_distance_nm,remote_classification,u_gap_x,u_gap_y,gap_axis_x,gap_axis_y,FWcorrected_Ex_real,FWcorrected_Ex_imag,corrected_Ex_real,corrected_Ex_imag,FWcorrected_Ey_real,FWcorrected_Ey_imag,corrected_Ey_real,corrected_Ey_imag,Cparallel_real,Cparallel_imag,Cperp_real,Cperp_imag,M2_PDA,M4_PDA,M2_corrected,M4_corrected
0,0,1,7.24070555340694,-8.556941814750822,2.418659204525966,10.0,10.0,2,3,286.45847754752515,7,1.6557559824569229e-12,0.0,0.0,0.0,0.0,0.0,-0.0111336775016512,-0.0043696250915392,0.0137701757941541,0.0044433653634375,0.0,0.0,-0.0111336774999954,-0.0043696250915392,0.0137701757941541,0.0044433653634375,0.0,0.0,2.7415278734418897e-24,0.0003524136353062,0.0003524136352694,1.2419537032380828e-07,7.779290013412755e-21,1.0000000001046192,306.9500180518242,transition,0.6459534878825545,-0.7633767690284808,0.6459534878825545,-0.7633767690284808,-0.019204373100966197,-0.006896985797930726,-0.019204373100966197,-0.006896985797930726,0.022818367210307985,0.008012546329166594,0.022818367210307985,0.008012546329166594,1.6864404124889245,0.005155898362278224,0.19553712614391724,0.0044194769440854,0.0003524136352694163,1.2419537032380518e-07,0.001001255140119472,1.0025118556156634e-06
1,0,2,11.57309204289811,1.8000346957736555,3.424481581403718,10.0,10.0,2,3,297.6403432522935,8,1.9111984941857605e-13,0.0,0.0,0.0,0.0,0.0,-0.0159637511493316,-0.0010103650345929,-0.0022603787087291,-0.0001905304928855,0.0,0.0,-0.0159637511491405,-0.0010103650345929,-0.0022603787087291,-0.0001905304928855,0.0,0.0,3.652679684177917e-26,0.0002610078020365,0.0002610078020304,6.81250727207447e-08,1.399452298269755e-22,1.0000000000233786,317.6412268914049,transition,0.9881193743972361,0.1536883272757397,0.9881193743972361,0.1536883272757397,-0.02257481757644365,-0.0014834826553136939,-0.02257481757644365,-0.0014834826553136939,-0.0034730062453846937,-0.00023454824115208173,-0.0034730062453846937,-0.00023454824115208173,1.4169471978770491,0.0028402215558337067,0.17035193091346415,0.008418858090504643,0.00026100780203040764,6.812507272074447e-08,0.0005239398946562344,2.7451301321238595e-07
2,1,2,18.81379759630505,-6.756907118977166,2.453198893153857,10.0,10.0,3,3,291.8412566490807,7,5.916814706520931e-13,0.0,0.0,0.0,0.0,0.0,0.0012893978362823,0.0030905626912491,-0.0020184556190888,0.006048699341764,0.0,0.0,0.001289397836874,0.0030905626912491,-0.0020184556190888,0.006048699341764,0.0,0.0,3.5008696271302374e-25,5.1875051342039175e-05,5.187505134356501e-05,2.6910209518975056e-09,6.7486576619350426e-21,0.9999999999705864,306.43189728914194,transition,0.38590372000954803,0.9225390608981239,0.38590372000954803,0.9225390608981239,-0.0005374735788549428,0.0044639908307665226,-0.0005374735788549428,0.0044639908307665226,-0.0022818673522121144,0.010385327269820735,-0.0022818673522121144,0.010385327269820735,1.6699622960633218,0.004994469367881144,0.1966306037987322,0.0044814174839175385,5.187505134356364e-05,2.6910209518973637e-09,0.00013327803309950845,1.776303410687367e-08
3,1,3,17.284434328188564,-28.63936935115712,3.7228801202257062,10.0,10.0,3,2,270.7719398370779,6,2.9780378677018966e-11,0.0,0.0,0.0,0.0,0.0,-0.0024489244702944,-0.0022653391468502,0.0137613467428817,0.00825087388759,0.0,0.0,-0.002448924440514,-0.0022653391468502,0.0137613467428817,0.00825087388759,0.0,0.0,8.86870954146646e-22,0.0002685805765981,0.0002685805764523,7.213552604747022e-08,3.30206661204344e-18,1.0000000005430765,284.49605663170087,transition,0.23631390515562847,-0.9716767663323521,0.23631390515562847,-0.9716767663323521,-0.004358355152424016,-0.0027894814357295886,-0.004358355152424016,-0.0027894814357295886,0.0184807011311426,0.011349173155918973,0.0184807011311426,0.011349173155918973,1.3625442126171552,0.0024188172943812166,0.14874910265326327,0.010185122805119988,0.00026858057645233403,7.213552604746805e-08,0.0004971165119365881,2.4712482643999994e-07
4,2,4,33.63068880984087,8.307959129471135,2.9860014002403688,10.0,10.0,3,2,311.1230869848328,8,1.2674320816126607e-14,0.0,0.0,0.0,0.0,0.0,-0.013619203937756,0.0006131673872146,-0.00768666933009,-0.0007323153560718,0.0,0.0,-0.0136192039377434,0.0006131673872146,-0.00768666933009,-0.0007323153560718,0.0,0.0,1.606384081501002e-28,0.0002454798613138,0.0002454798613134,6.026036231048288e-08,6.543852815077439e-25,1.000000000001406,327.56221816501585,transition,0.9122512908169416,0.40963103203105117,0.9122512908169416,0.40963103203105117,-0.021175051183764122,0.00038434447728151716,-0.021175051183764122,0.00038434447728151716,-0.009818194975252275,-3.917425290988569e-05,-0.009818194975252275,-3.917425290988569e-05,1.4986291013518596,0.003477088449497712,0.20099949077144363,0.005868746713789901,0.0002454798613134737,6.02603623104823e-08,0.0005449290005064073,2.9694761559291205e-07
5,3,11,21.615135275279805,-51.64152353016151,3.155795655823006,10.0,10.0,2,3,251.10180908497173,5,8.86557132079216e-10,0.0,0.0,0.0,0.0,0.0,-0.0010920911917433,-0.0022898464122765,0.0183423878042254,0.0109152262191409,0.0,0.0,-0.0010920903051862,-0.0022898464122765,0.0183423878042254,0.0109152262191409,0.0,0.0,7.859835484405244e-19,0.0004620214135385,0.0004620214116021,2.134637847788117e-07,1.7011842496974985e-15,1.0000000041911514,261.0897739800745,transition,0.13194776361160337,-0.9912566709373997,0.13194776361160337,-0.9912566709373997,-0.003282737869336704,-0.0023060898302432577,-0.003282737869336704,-0.0023060898302432577,0.02662872038852884,0.01620037221145453,0.02662872038852884,0.01620037221145453,1.4659330826827,0.003219665082866405,0.18980368804728806,0.006828466691336014,0.0004620214116021149,2.134637847788109e-07,0.0009876352275440482,9.754233426859838e-07
6,4,5,54.44966451095935,8.58186911580734,2.491017479293401,10.0,10.0,2,4,319.4876485940126,9,2.2163202183556128e-15,0.0,0.0,0.0,0.0,0.0,-0.0182049762938042,-0.0056420987976546,0.0084401629577798,0.0015541993562634,0.0,0.0,-0.018204976293802,-0.0056420987976546,0.0084401629577798,0.0015541993562634,0.0,0.0,4.912075310291871e-30,0.0004369063270933,0.0004369063270932,1.9088713865413848e-07,1.1242856891022224e-26,1.0000000000001843,348.38299567029594,transition,0.9189865230942419,-0.39428894274523657,0.9189865230942419,-0.39428894274523657,-0.0303776659331742,-0.008951501691907195,-0.0303776659331742,-0.008951501691907195,0.01316191141482404,0.0036720595512039224,0.01316191141482404,0.0036720595512039224,1.6519198906388597,0.0048177157093349555,0.19782788670784598,0.004549238119662354,0.0004369063270932761,1.9088713865413676e-07,0.0011896519035270129,1.415271651565445e-06
7,5,6,76.23432388369335,2.632220034086151,3.1001357411092307,10.0,10.0,4,4,323.93491970718543,10,8.606272838995832e-16,0.0,0.0,0.0,0.0,0.0,-0.016424062154142,-0.0031781027393304,0.0021428496738962,0.000177578974271,0.0,0.0,-0.0164240621541411,-0.0031781027393304,0.0021428496738962,0.000177578974271,0.0,0.0,7.406793217923735e-31,0.0002844734936818,0.0002844734936818,8.09251686075586e-08,2.603684836172227e-27,1.0000000000000997,370.9655045694788,transition,0.9913524772309703,-0.13122601071441087,0.9913524772309703,-0.13122601071441087,-0.0242274525136564,-0.004704767669097093,-0.0242274525136564,-0.004704767669097093,0.003202534096636092,0.0005754479326267821,0.003202534096636092,0.0005754479326267821,1.4760808050264305,0.003298269104672489,0.19383323719751505,0.006499007493025098,0.0002844734936818495,8.092516860755727e-08,0.0006196916590849383,3.8401775233944344e-07
8,5,10,69.62100260641422,-6.393556981246422,3.1963251033621454,10.0,10.0,4,4,312.8482654344042,10,8.879300487138632e-15,0.0,0.0,0.0,0.0,0.0,-0.0034914848563951,-0.0031469576723042,0.011345986537679,0.0065766295830128,0.0,0.0,-0.0034914848563862,-0.0031469576723042,0.011345986537679,0.0065766295830128,0.0,0.0,7.884197714090033e-29,0.000194077276279,0.000194077276279,3.766598916787667e-08,4.062401258535693e-25,1.0000000000003193,369.7004271852538,transition,0.4170373623259804,-0.9088893433329434,0.4170373623259804,-0.9088893433329434,-0.0068832464707272965,-0.004459635829610031,-0.0068832464707272965,-0.004459635829610031,0.01570157628953135,0.009693055750520829,0.01570157628953135,0.009693055750520829,1.458543894566136,0.0031624286031747364,0.18686952255798864,0.007068366435395888,0.00019407727627900065,3.7665989167875545e-08,0.0004077622614681992,1.6627006187766005e-07
9,5,39,70.93626816083695,13.59863591479846,2.5535227214779432,10.0,10.0,4,3,331.17539563541123,10,1.7940126568717566e-16,0.0,0.0,0.0,0.0,0.0,-0.0013401544434172,0.0031874797608392,-0.005808120223677,0.0032363193961005,0.0,0.0,-0.0013401544434171,0.0031874797608392,-0.005808120223677,0.0032363193961005,0.0,0.0,3.21848141301606e-32,5.616406492423368e-05,5.616406492423319e-05,3.154402188813481e-09,5.730499416945473e-28,1.0000000000000089,365.61598870759553,transition,0.5455584698478187,0.8380727629372683,0.5455584698478187,0.8380727629372683,-0.004657152210562778,0.004105819720842588,-0.004657152210562778,0.004105819720842588,-0.007890374875423756,0.005960163432728855,-0.007890374875423756,0.005960163432728855,1.63122475000612,0.004632715696750157,0.19843022761836285,0.00470888841863959,5.616406492423219e-05,3.1544021888133683e-09,0.00013632838611196636,1.8585428859893384e-08
10,6,7,99.12402260409117,3.6080553999537015,3.415378888241367,10.0,10.0,4,2,336.3216562234387,11,5.763039989961367e-17,0.0,0.0,0.0,0.0,0.0,-0.013942958675962,0.0001278419575764,-0.0035945427585043,-0.0009394942456128,0.0,0.0,-0.013942958675962,0.0001278419575764,-0.0035945427585043,-0.0009394942456128,0.0,0.0,3.321262992589391e-33,0.0002082258272859,0.0002082258272859,4.335799514892132e-08,1.5950293178704906e-29,1.0000000000000078,393.875994790595,transition,0.9770937621241986,0.21280925735968295,0.9770937621241986,0.21280925735968295,-0.01992575033781512,-0.00010872878479053877,-0.01992575033781512,-0.00010872878479053877,-0.004427089136642058,-0.00019377221525601555,-0.004427089136642058,-0.00019377221525601555,1.4186067692807554,0.002853076557418006,0.17101092850061012,0.008364977914669659,0.00020822582728595624,4.335799514892088e-08,0.00041668401436876064,1.7362556783046553e-07
11,6,10,81.07119100207439,-7.909226311379995,2.378620962607908,10.0,10.0,4,4,317.13101859995635,11,3.63935628757406e-15,0.0,0.0,0.0,0.0,0.0,-0.0024512756278656,0.0049914329590897,-0.0061361185494471,0.0062917529554539,0.0,0.0,-0.002451275627862,0.0049914329590897,-0.0061361185494471,0.0062917529554539,0.0,0.0,1.3244914187904846e-29,0.0001081612612941,0.0001081612612941,1.1698858444745896e-08,1.2245524903673307e-25,1.000000000000165,381.25049505580847,transition,-0.5910392144653789,-0.8066428249009271,-0.5910392144653789,-0.8066428249009271,-0.006217866750903636,0.008123656367584484,-0.006217866750903636,0.008123656367584484,-0.009025940884915446,0.010973814707045944,-0.009025940884915446,0.010973814707045944,1.7055417662651555,0.005343026080767265,0.19426957207453519,0.004347675766458927,0.00010816126129416885,1.1698858444745469e-08,0.00030654787779315495,9.397160137948706e-08
12,6,39,82.38645655649711,12.082966584664888,4.3582981106012895,10.0,10.0,4,3,335.1786171830614,11,7.42758660686578e-17,0.0,0.0,0.0,0.0,0.0,-0.0025746350169248,-0.0030797233189082,0.0059700927524055,0.0062102721149942,0.0,0.0,-0.0025746350169247,-0.0030797233189082,0.0059700927524055,0.0062102721149942,0.0,0.0,5.516904280249192e-33,9.032292840600266e-05,9.032292840600228e-05,8.158231395835813e-09,6.107977650426326e-29,1.0000000000000044,377.1660565781502,transition,-0.4350103360095229,0.9004254591940867,-0.4350103360095229,0.9004254591940867,-0.0036027954719772756,-0.0038478245167597788,-0.0036027954719772756,-0.0038478245167597788,0.007454257973660733,0.007980518135594458,0.007454257973660733,0.007980518135594458,1.2764924688411854,0.0017814686897711198,-0.010591808094853772,0.022135684288004817,9.032292840600102e-05,8.158231395835586e-09,0.0001470405203751142,2.1620914632184375e-08
13,7,8,120.51163253805332,10.283983597880368,1.584632114402151,10.0,10.0,2,3,353.6049661523817,12,1.1186926601926072e-18,0.0,0.0,0.0,0.0,0.0,-0.0135889419886665,0.0007873528405085,-0.0072910347717228,-0.0014523904747083,0.0,0.0,-0.0135889419886665,0.0007873528405085,-0.0072910347717228,-0.0014523904747083,0.0,0.0,1.2514732679688122e-36,0.0002405478950002,0.0002405478950002,5.786328978907377e-08,5.2025949674898155e-33,1.0000000000000002,416.2813038933766,transition,0.9217761559704096,0.38772247585665615,0.9217761559704096,0.38772247585665615,-0.03146854694284282,0.00028368183711117534,-0.03146854694284282,0.00028368183711117534,-0.013488174443625343,-0.00017699464154935412,-0.013488174443625343,-0.00017699464154935412,2.229866240507765,0.011059571989358726,0.1633578068052675,0.003147683879261989,0.00024054789500029458,5.786328978907275e-08,0.001172312099003414,1.3743156574697904e-06
14,8,9,138.77419641684503,6.134876109631598,3.543836123631557,10.0,10.0,3,4,360.8937935440844,13,1.999985309143989e-19,0.0,0.0,0.0,0.0,0.0,-0.0061733456058562,-0.0056613070832639,0.0072539465383035,0.0056089953114953,0.0,0.0,-0.0061733456058562,-0.0056613070832639,0.0072539465383035,0.0056089953114953,0.0,0.0,3.999941236791776e-38,0.0001542411626453,0.0001542411626453,2.379033625417456e-08,2.593303349242878e-34,1.0,435.0092597982796,transition,0.7062964782720103,-0.7079161566037009,0.7062964782720103,-0.7079161566037009,-0.009255349864591048,-0.007871363981507644,-0.009255349864591048,-0.007871363981507644,0.00944962597945491,0.007888587433458598,0.00944962597945491,0.007888587433458598,1.395186892256397,0.0026716667334237775,0.1617111524163514,0.009125335130567699,0.00015424116264529968,2.379033625417379e-08,0.0002991451148922715,8.948779976391031e-08
15,8,15,141.40982426007366,17.518905349870906,2.7341203350701093,10.0,10.0,3,5,371.5954421147588,13,1.4983613454588702e-20,0.0,0.0,0.0,0.0,0.0,-0.0121976768861641,-0.0012108156885294,-0.0036292475672836,-0.0013429680600277,0.0,0.0,-0.0121976768861641,-0.0012108156885294,-0.0036292475672836,-0.0013429680600277,0.0,0.0,2.245086721565316e-40,0.0001652243971657,0.0001652243971657,2.7299101418782613e-08,1.358810659973664e-36,1.0,438.3964233822635,transition,0.9633178633178918,0.26836298964770006,0.9633178633178918,0.26836298964770006,-0.01929927202192877,-0.002316454558633625,-0.01929927202192877,-0.002316454558633625,-0.0054173307057809265,-0.0008471547617327896,-0.0054173307057809265,-0.0008471547617327896,1.575854488082019,0.0041501404085230046,0.19950311933978704,0.005193230538830656,0.00016522439716573937,2.7299101418781984e-08,0.0004078930054647406,1.6637670390705888e-07
16,9,15,149.7242885296408,9.185374359696592,3.370293611388416,10.0,10.0,4,5,369.9939776009936,14,2.2188227197543203e-20,0.0,0.0,0.0,0.0,0.0,0.0002928541327509,0.0020718708147969,-0.0020182006919446,0.0080328045229437,0.0,0.0,0.0002928541327509,0.0020718708147969,-0.0020182006919446,0.0080328045229437,0.0,0.0,4.923174261697959e-40,7.297749475306843e-05,7.297749475306843e-05,5.32571474043413e-09,6.746154110053165e-36,1.0,446.3763199658146,transition,0.22555367827679182,0.9742307417731231,0.22555367827679182,0.9742307417731231,-0.0004928718579345327,0.002708620838972032,-0.0004928718579345327,0.002708620838972032,-0.0026936005194715543,0.011513049569002476,-0.0026936005194715543,0.011513049569002476,1.4268265603754182,0.0029167468685046593,0.17427491731490835,0.008098111548740378,7.297749475306689e-05,5.325714740433905e-09,0.00014738534365446292,2.1722439524144132e-08
17,9,18,158.80786174573214,-5.483197318901027,4.341560549656062,10.0,10.0,4,3,364.4299090261695,14,8.566401758384147e-20,0.0,0.0,0.0,0.0,0.0,-0.0096849509278471,-0.0041416964570354,0.0027709264437487,0.0004668993409479,0.0,0.0,-0.0096849509278471,-0.0041416964570354,0.0027709264437487,0.0004668993409479,0.0,0.0,7.3383239086047e-39,0.0001188479523682,0.0001188479523682,1.4124835782130766e-08,6.174548035851423e-35,1.0,458.1680027844744,transition,0.962896444984548,-0.2698711474687863,0.962896444984548,-0.2698711474687863,-0.012386667239710186,-0.005079585718740612,-0.012386667239710186,-0.005079585718740612,0.003486407995877805,0.0014277152376115528,0.003486407995877805,0.0014277152376115528,1.2781521359119403,0.001792960091811088,-0.004085540033575946,0.02165405068820157,0.0001188479523682694,1.412483578213043e-08,0.00019342512789477208,3.7413280101108935e-08
18,9,124,137.2980644579616,-8.40364359253687,3.1825502846020264,10.0,10.0,4,3,348.4877746842764,14,3.668725647135565e-18,0.0,0.0,0.0,0.0,0.0,-0.0056020210979404,0.0051799429949531,-0.0048665433813076,0.0019289399721924,0.0,0.0,-0.0056020210979404,0.0051799429949531,-0.0048665433813076,0.0019289399721924,0.0,0.0,1.3459547873950267e-35,8.561850371120558e-05,8.561850371120554e-05,7.330528177745716e-09,1.5720372688770446e-31,1.0000000000000004,449.6225250285551,transition,-0.8446522154168288,-0.535315453719994,-0.8446522154168288,-0.535315453719994,-0.008961353204675433,0.006773179544092336,-0.008961353204675433,0.006773179544092336,-0.005917239953774464,0.00402908112028896,-0.005917239953774464,0.00402908112028896,1.4610552716825351,0.0031818816720441947,0.18786676284329634,0.006986831262930671,8.561850371120348e-05,7.330528177745364e-09,0.00017742903573987132,3.148106272358053e-08
19,10,21,85.06469125580878,-21.092613613837003,2.785116746716497,10.0,10.0,4,2,307.9249822606694,11,2.4387016357336043e-14,0.0,0.0,0.0,0.0,0.0,-0.0168399269871721,-0.0016159441498314,0.0068245432515504,-0.0004365363074065,0.0,0.0,-0.0168399269871477,-0.0016159441498314,0.0068245432515504,-0.0004365363074065,0.0,0.0,5.947265668129757e-28,0.0003329593709686,0.0003329593709678,1.1086194271527841e-07,1.786183596768257e-24,1.0000000000024671,391.02106941262457,transition,0.9310306941957671,-0.364940880781186,0.9310306941957671,-0.364940880781186,-0.02637041936167548,-0.002094160117184954,-0.02637041936167548,-0.002094160117184954,0.010386950205406585,0.0006082693084656317,0.010386950205406585,0.0006082693084656317,1.5602192611602148,0.004013872782615275,0.1998060780931696,0.00532999707548449,0.0003329593709678059,1.10861942715277e-07,0.0008080432500282541,6.529338939162236e-07
20,10,185,64.0160480863576,-21.33622707966416,2.662957410937352,10.0,10.0,4,1,297.0431583547155,11,2.1492756141163732e-13,0.0,0.0,0.0,0.0,0.0,-0.0110075355730417,0.0067334075394664,-0.0064368347669396,0.0018016842756557,0.0,0.0,-0.0110075355728268,0.0067334075394664,-0.0064368347669396,0.0018016842756557,0.0,0.0,4.619385665435312e-26,0.0002111835245303,0.0002111835245256,4.45984810310633e-08,2.187379756925544e-22,1.0000000000224052,385.6597161682271,transition,-0.9214879990374364,-0.3884068326252534,-0.9214879990374364,-0.3884068326252534,-0.01851552093061715,0.010191614671363727,-0.01851552093061715,0.010191614671363727,-0.008156879982709303,0.004080435807359565,-0.008156879982709303,0.004080435807359565,1.597672659818296,0.004340295017664207,0.19908035565727908,0.005002379724869786,0.00021118352452561775,4.459848103106219e-08,0.0005298781723719839,2.8077087755627385e-07
21,11,12,31.76720645911633,-69.96849703544305,2.0278770443448515,10.0,10.0,3,2,238.94530478828,5,6.353033331786786e-09,0.0,0.0,0.0,0.0,0.0,-0.0214573079202952,-0.0021426404507657,0.0146238394096047,-0.001115832560434,0.0,0.0,-0.0214573015672618,-0.0021426404507657,0.0146238394096047,-0.001115832560434,0.0,0.0,4.0361032514793906e-17,0.0006801087326684,0.0006801084600305,4.625475174050718e-07,5.934499405136542e-14,1.0000004008742145,253.5556814904596,transition,0.783043544392225,-0.6219668862452902,0.783043544392225,-0.6219668862452902,-0.038185192398799334,-0.0018400743535790425,-0.038185192398799334,-0.0018400743535790425,0.029897570520344675,0.0009364536339451757,0.029897570520344675,0.0009364536339451757,1.8728738804302985,0.006982306579965962,0.1831655160619054,0.003718681455765871,0.0006801084600305056,4.625475174050658e-07,0.002356236460587534,5.55185025820207e-06
22,11,14,18.15118217027953,-72.80160892857108,1.7885237686800366,10.0,10.0,3,3,230.3833612684903,4,2.398233909439603e-08,0.0,0.0,0.0,0.0,0.0,0.0089190132788722,0.0083584317071497,0.0093503767891017,0.0165349890100913,0.0,0.0,0.0089190372612113,0.0083584317071497,0.0093503767891017,0.0165349890100913,0.0,0.0,5.75152588438596e-16,0.0005102475861337,0.0005102480139319,2.603530357215267e-07,1.12720201301023e-12,0.9999991615877668,239.64803465739763,transition,-0.458188988268409,-0.888854797494828,-0.458188988268409,-0.888854797494828,0.012190547736616403,0.017537168474638334,0.012190547736616403,0.017537168474638334,0.02227484303297199,0.034049108211647215,0.02227484303297199,0.034049108211647215,2.061157717938989,0.009122119795641339,0.17264760174941188,0.0034034297548240318,0.0005102480139319729,2.603530357215228e-07,0.0021116721343785744,4.459159203110964e-06
23,12,13,44.178721761789376,-88.24803135116991,4.080662243492832,10.0,10.0,2,2,229.31326126492985,5,2.8217329738831135e-08,0.0,0.0,0.0,0.0,0.0,-0.0070593974646397,-0.0024052248611638,0.0238754850254527,0.0053710388658162,0.0,0.0,-0.0070593692473099,-0.0024052248611638,0.0238754850254527,0.0053710388658162,0.0,0.0,7.962176975899242e-16,0.0006545070428952,0.0006545066445013,4.283789476964202e-07,1.216515835674268e-12,1.0000006086934323,238.65381107275525,transition,0.3145363533825945,-0.9492454279061762,0.3145363533825945,-0.9492454279061762,-0.01012021654706899,-0.002460921785043564,-0.01012021654706899,-0.002460921785043564,0.03081893218246155,0.007279496848569056,0.03081893218246155,0.007279496848569056,1.3040223525445702,0.001972083402398541,0.0973315255822686,0.014146541631704389,0.0006545066445013494,4.283789476964158e-07,0.001111272574227162,1.2349267342294634e-06
24,13,16,51.84819548636241,-110.05757993053678,2.1651695351515023,10.0,10.0,2,3,215.7870188235695,4,2.0647835559866809e-07,0.0,0.0,0.0,0.0,0.0,-0.0137276893935485,-0.0048930094119918,0.0339976073543753,0.0047929993084814,0.0,0.0,-0.0137274829151929,-0.0048930094119918,0.0339976073543753,0.0047929993084814,0.0,0.0,4.2633311330730036e-14,0.0013912011453849,0.0013911954764861,1.935424853795485e-06,3.0645090536387254e-11,1.0000040748398962,215.53504734180115,transition,0.3503110475977162,-0.9366334234539097,0.3503110475977162,-0.9366334234539097,-0.02334799918478357,-0.004522561564732306,-0.02334799918478357,-0.004522561564732306,0.06195148864141866,0.010526944785204466,0.06195148864141866,0.010526944785204466,1.8073746898543257,0.006340639280415056,0.18751200199836898,0.003964890131445588,0.0013911954764861299,1.93542485379547e-06,0.0045143861404380176,2.037968222497886e-05
25,14,17,5.305701554837893,-90.84253224270036,2.937381648035064,10.0,10.0,3,3,208.65099554638937,3,5.619717833544208e-07,0.0,0.0,0.0,0.0,0.0,0.0055666579087171,0.0135833405505249,0.003531891878031,0.0140785086071815,0.0,0.0,0.0055672198805005,0.0135833405505249,0.003531891878031,0.0140785086071815,0.0,0.0,3.1581228528654814e-13,0.0004261734856248,0.0004261797425499,1.8162917295995274e-07,7.410307289524066e-10,0.9999853185768066,217.5012225556982,transition,-0.6848078743458141,-0.7287236617771977,-0.6848078743458141,-0.7287236617771977,0.006809453461666353,0.020335217767566277,0.006809453461666353,0.020335217767566277,0.0067681221155165075,0.021550109472108447,0.0067681221155165075,0.021550109472108447,1.5135356572068666,0.003607005398383826,0.20071065124249746,0.005738354105615908,0.00042617974254995897,1.816291729599493e-07,0.000970104433331345,9.4110261156913e-07
26,14,186,17.164933829678702,-93.58871671863956,3.608052809367216,10.0,10.0,3,2,211.2584458517929,4,3.913113526726213e-07,0.0,0.0,0.0,0.0,0.0,-0.0070812911145899,-0.0024915884419235,0.0194462018172497,0.0040040860684145,0.0,0.0,-0.0070808998032373,-0.0024915884419235,0.0194462018172497,0.0040040860684145,0.0,0.0,1.531245747304766e-13,0.0004505401671739,0.0004505346253478,2.029814486373643e-07,3.398730444130413e-10,1.0000123005553248,224.93765274183693,transition,0.33932340989399684,-0.9406697738834339,0.33932340989399684,-0.9406697738834339,-0.009711630074791942,-0.002329298679136038,-0.009711630074791942,-0.002329298679136038,0.026921294488118253,0.005999557264324763,0.026921294488118253,0.005999557264324763,1.3834791291376225,0.002580978671973498,0.15706212819906354,0.009505443111498868,0.0004505346253478894,2.0298144863736306e-07,0.0008604921753301265,7.404467838043732e-07
27,15,22,163.82892396815947,18.15635653375263,3.4402159857315238,10.0,10.0,5,4,385.80129316173776,14,4.274615936779759e-22,0.0,0.0,0.0,0.0,0.0,-0.0099409269303391,-0.0059803734499975,0.0024066513961822,0.0008853209920477,0.0,0.0,-0.0099409269303391,-0.0059803734499975,0.0024066513961822,0.0008853209920477,0.0,0.0,1.82723414069715e-43,0.0001411626590374,0.0001411626590374,1.992689630653267e-08,1.2944174848760562e-39,1.0,460.8245837110316,transition,0.9785752488177935,-0.20588949074975546,0.9785752488177935,-0.20588949074975546,-0.01411900446208474,-0.008390833308441602,-0.01411900446208474,-0.008390833308441602,0.003027093736145794,0.001704985001798332,0.003027093736145794,0.001704985001798332,1.4140785559255902,0.0028180011218418726,0.16921282468388263,0.008511992337339118,0.0001411626590374822,1.9926896306532456e-08,0.0002818226409541922,7.942400095439554e-08
28,15,56,159.63595427697402,28.74304217203596,1.8859859352315809,10.0,10.0,5,3,391.5202607541176,14,9.832569095849613e-23,0.0,0.0,0.0,0.0,0.0,-0.0053895356570172,0.0034233514791558,-0.0073600746201964,0.0021409084397571,0.0,0.0,-0.0053895356570172,0.0034233514791558,-0.0073600746201964,0.0021409084397571,0.0,0.0,9.667941502465685e-45,9.952061731038244e-05,9.952061731038244e-05,9.904353269839593e-09,9.71451118747942e-41,1.0,459.8014009060928,transition,0.6649038271007742,0.7469289796940161,0.6649038271007742,0.7469289796940161,-0.011867564416147777,0.005205930400755534,-0.011867564416147777,0.005205930400755534,-0.013556801239746924,0.0055416580017173395,-0.013556801239746924,0.0055416580017173395,1.980513425834452,0.008195999062262115,0.17708821284397835,0.003525678736554922,9.952061731038037e-05,9.90435326983918e-09,0.00038243762977092916,1.462585406648063e-07
29,15,110,147.0056778368796,32.10550624847001,5.436158091802639,10.0,10.0,5,2,386.6827896925293,14,3.4129924325526144e-22,0.0,0.0,0.0,0.0,0.0,-0.0013658616822371,-0.0034765451363745,0.0031143035619665,0.007319084393091,0.0,0.0,-0.0013658616822371,-0.0034765451363745,0.0031143035619665,0.007319084393091,0.0,0.0,1.1648517344661408e-43,7.721982724951856e-05,7.721982724951856e-05,5.962901720445488e-09,1.5084878792880276e-39,1.0,450.9292832198933,transition,-0.42099428039923664,0.9070632920977063,-0.42099428039923664,0.9070632920977063,-0.0015707937936631938,-0.003284605643064871,-0.0015707937936631938,-0.003284605643064871,0.0037056371783500516,0.009073300939747442,0.0037056371783500516,0.009073300939747442,1.185919963072383,0.0011669557272190132,-4.8847272197468286,6.760933811588224,7.721982724951823e-05,5.962901720445438e-09,0.00010931256421345636,1.1949236694921021e-08
30,16,19,62.26017940074295,-130.0405126944854,3.22466616508412,10.0,10.0,3,2,207.19505266656003,4,6.864955691980626e-07,0.0,0.0,0.0,0.0,0.0,-0.0172167918484087,0.0001210823805078,0.0219615128478637,-0.0031461825290097,0.0,0.0,-0.0172161053528395,0.0001210823805078,0.0219615128478637,-0.0031461825290097,0.0,0.0,4.712761665285719e-13,0.000788639093567,0.0007886154555356,6.219143367097329e-07,5.975994551215782e-10,1.0000299740909178,211.89698742615428,transition,0.5623014761932051,-0.8269323127505314,0.5623014761932051,-0.8269323127505314,-0.023036112664221352,0.0018665784983167874,-0.023036112664221352,0.0018665784983167874,0.03327846100425197,-0.0033178805255494243,0.03327846100425197,-0.0033178805255494243,1.4533768506214935,0.0031224048006759817,0.18481774612668106,0.007236121336247203,0.0007886154555356666,6.219143367097269e-07,0.0016526108999624172,2.7311227866745904e-06
31,16,65,46.8264837731079,-128.5325118998344,4.066998363042909,10.0,10.0,3,2,198.17423704100105,3,2.299499083518746e-06,0.0,0.0,0.0,0.0,0.0,0.0215194998900795,0.0160762567613146,0.0152843882869009,0.0140475482059042,0.0,0.0,0.021521799389163,0.0160762567613146,0.0152843882869009,0.0140475482059042,0.0,0.0,5.287696035103554e-12,0.0011524810428768,0.001152580016305,1.3284406939857564e-06,4.587704072863311e-09,0.9999141288007376,196.38979467172092,transition,-0.7399396849544371,-0.6726732212817219,-0.7399396849544371,-0.6726732212817219,0.025496140924813775,0.020713726951346313,0.025496140924813775,0.020713726951346313,0.022746733351829463,0.01871358189422201,0.022746733351829463,0.01871358189422201,1.3053772388697453,0.0019814645269357395,0.10264298459683921,0.013753355076631427,0.001152580016305046,1.3284406939857399e-06,0.001946723711763879,3.789733209943734e-06
32,17,31,-7.362663630534579,-108.99218730023668,1.823449260077684,10.0,10.0,3,2,186.9829951379511,2,9.56024048116294e-06,0.0,0.0,0.0,0.0,0.0,0.0122001566991157,0.0079062413905925,0.0158416345375115,0.0198119794135266,0.0,0.0,0.0122097169395968,0.0079062413905925,0.0158416345375115,0.0198119794135266,0.0,0.0,9.13981980576666e-11,0.0008548243895113,0.0008550577537734,7.311237622881518e-07,1.0689125694061533e-07,0.9997270777779969,195.3675953071537,transition,-0.44122405613076277,-0.8973969758649277,-0.44122405613076277,-0.8973969758649277,0.018120989452560844,0.018901152006136724,0.018120989452560844,0.018901152006136724,0.035276398379900764,0.03906188258477095,0.035276398379900764,0.03906188258477095,2.032258898737419,0.008790245152882268,0.17423889127304007,0.003447237582116228,0.000855057753773474,7.311237622881389e-07,0.003455878759622805,1.1943098001212057e-05
33,17,186,9.311084044953912,-101.94622309170816,4.346081354050835,10.0,10.0,3,2,200.2704855552098,3,1.7446940158240383e-06,0.0,0.0,0.0,0.0,0.0,-0.0130520148175114,0.0112686552016748,0.0022883307246761,-0.0029814826270419,0.0,0.0,-0.0130502701234956,0.0112686552016748,0.0022883307246761,-0.0029814826270419,0.0,0.0,3.0439572088522097e-12,0.0003114633770116,0.0003114178365112,9.698106889736938e-08,9.774511450444506e-09,1.0001462360051243,213.4689619178194,transition,0.9742210339626263,-0.225595604976674,0.9742210339626263,-0.225595604976674,-0.016485951894533005,0.014476378195042714,-0.016485951894533005,0.014476378195042714,0.0038299629018132843,-0.003366032373437437,0.0038299629018132843,-0.003366032373437437,1.277703860908678,0.001789856271546332,-0.0058428788322962,0.02178413961225603,0.0003114178365112837,9.698106889736863e-08,0.0005073509252830594,2.5740496138557656e-07
34,18,20,181.44273087588076,-11.97775367963784,2.755746422771644,10.0,10.0,3,2,374.8764057154451,15,6.6680122923378606e-21,0.0,0.0,0.0,0.0,0.0,-0.0108432938766099,-0.0060422352635983,0.0033614931571352,0.0007994531182225,0.0,0.0,-0.0108432938766099,-0.0060422352635983,0.0033614931571352,0.0007994531182225,0.0,0.0,4.4462387930768815e-41,0.0001660243906089,0.0001660243906089,2.7564098277056916e-08,2.6780636126837318e-37,1.0,481.71617814609726,transition,0.9593768420538664,-0.2821277634880172,0.9593768420538664,-0.2821277634880172,-0.017054567596900595,-0.009163611800359206,-0.017054567596900595,-0.009163611800359206,0.005054926004302343,0.002500564858383407,0.005054926004302343,0.002500564858383407,1.5692240453169684,0.004092353291084335,0.19963159529248797,0.005251229229735028,0.000166024390608899,2.7564098277056274e-08,0.0004066351586648882,1.653521522624188e-07
35,18,22,172.9124971842508,3.4877848551550112,4.971037679916861,10.0,10.0,3,4,380.4593420122258,15,1.6541298117526578e-21,0.0,0.0,0.0,0.0,0.0,0.0006191630384222,0.0017260770205614,-0.0006802712657735,0.0063250589687373,0.0,0.0,0.0006191630384222,0.0017260770205614,-0.0006802712657735,0.0063250589687373,0.0,0.0,2.7361454341288832e-42,4.383184470210065e-05,4.383184470210065e-05,1.921230609989069e-09,6.242368882087577e-38,1.0,474.88384144189,transition,0.19105608743822355,0.9815791213411162,0.19105608743822355,0.9815791213411162,-0.0003284354403818658,0.0014286935983052489,-0.0003284354403818658,0.0014286935983052489,-0.0006256520922217441,0.007819192007878837,-0.0006256520922217441,0.007819192007878837,1.2157342920990926,0.0013607839340982822,-0.24877752122026842,0.03976764186396844,4.383184470209957e-05,1.921230609988974e-09,6.368023943291496e-05,4.055172894233377e-09
36,19,23,74.32788064874426,-149.24678205586343,2.172092137061366,10.0,10.0,2,4,202.53560519169335,4,1.2904074727361982e-06,0.0,0.0,0.0,0.0,0.0,-0.0183626348925959,-0.0018631844884538,0.0232759672987158,-0.0050517756919981,0.0,0.0,-0.0183613444851231,-0.0018631844884538,0.0232759672987158,-0.0050517756919981,0.0,0.0,1.6651514456934221e-12,0.0009079489079699,0.0009079015190725,8.242851683342134e-07,1.8340661522347238e-09,1.0000521960768016,218.11501008913703,transition,0.4995531481112375,-0.8662832401773407,0.4995531481112375,-0.8662832401773407,-0.02713093688786492,0.0023251031867901296,-0.02713093688786492,0.0023251031867901296,0.04547327364704429,-0.005620994905093468,0.04547327364704429,-0.005620994905093468,1.8040720706133775,0.006308284945175965,0.18773116177665092,0.00397730453691286,0.0009079015190725254,8.242851683341993e-07,0.002840908041144591,8.070758498239997e-06
37,20,29,202.60245676588116,-20.48190555559495,3.0624038013435,10.0,10.0,2,2,384.0283854280705,16,6.7118863796469695e-22,0.0,0.0,0.0,0.0,0.0,-0.0084101358118106,-0.0063632195411894,0.0047971819871093,0.002624204470682,0.0,0.0,-0.0084101358118106,-0.0063632195411894,0.0047971819871093,0.002624204470682,0.0,0.0,4.5049418773290506e-43,0.0001411203514238,0.0001411203514238,1.991495358599605e-08,3.192269457860148e-39,1.0,504.52088377606094,transition,0.8883772834274116,-0.45911414952071805,0.8883772834274116,-0.45911414952071805,-0.012686309018721094,-0.009115499095799562,-0.012686309018721094,-0.009115499095799562,0.006649079186893595,0.0045831464202129675,0.006649079186893595,0.0045831464202129675,1.482959961241491,0.003351554889089929,0.19656487461739391,0.006275666607760379,0.00014112035142386712,1.9914953585995755e-08,0.00030925024542669926,9.563571429647373e-08
38,21,33,106.0161502427222,-30.212411578553727,2.946444660701175,10.0,10.0,2,3,312.1737811022828,12,1.0207104144523796e-14,0.0,0.0,0.0,0.0,0.0,-0.0159161906721153,-0.0019180298379122,0.0077190463283272,-0.0001617399711823,0.0,0.0,-0.0159161906721051,-0.0019180298379122,0.0077190463283272,-0.0001617399711823,0.0,0.0,1.0418497501715483e-28,0.0003166138000073,0.000316613800007,1.0024429835491628e-07,3.290601199784366e-25,1.000000000001026,413.871328680247,transition,0.9016331382801478,-0.4325016577483741,0.9016331382801478,-0.4325016577483741,-0.024080746886121863,-0.0024020041358617113,-0.024080746886121863,-0.0024020041358617113,0.01157437010253626,0.0009355098063956983,0.01157437010253626,0.0009355098063956983,1.5107569860208938,0.0035827881019170438,0.2007644926586005,0.0057626600678194586,0.00031661380000706655,1.0024429835491474e-07,0.0007204932163305122,5.191104747782863e-07
39,22,27,185.92862982291476,18.72748140334705,2.083208790941619,10.0,10.0,4,3,400.4985114986253,15,9.370442716152389e-24,0.0,0.0,0.0,0.0,0.0,-0.010454632558954,-0.0034930810302756,-0.0034624152390157,-0.0027702901285887,0.0,0.0,-0.010454632558954,-0.0034930810302756,-0.0034624152390157,-0.0027702901285887,0.0,0.0,8.780519669669334e-47,0.0001411637837107,0.0001411637837107,1.9927213831532352e-08,6.220093737117182e-43,1.0,482.9316681520738,transition,0.9627856495045116,0.2702661523538891,0.9627856495045116,0.2702661523538891,-0.01950752969148779,-0.007294380308114391,-0.01950752969148779,-0.007294380308114391,-0.005566752894398969,-0.0023805931272378633,-0.005566752894398969,-0.0023805931272378633,1.8464763360784588,0.0067237012315628664,0.1849172408431355,0.003817908703902998,0.00014116378371073642,1.9927213831531575e-08,0.00047040766016843614,2.212833667451429e-07
40,22,56,171.10496187226406,26.329995105852685,2.773573073633745,10.0,10.0,4,3,396.7324577147222,15,2.5282036688445257e-23,0.0,0.0,0.0,0.0,0.0,-0.0002644409031754,-0.0035491692242031,0.0030464015416888,0.0093354045104081,0.0,0.0,-0.0002644409031754,-0.0035491692242031,0.0030464015416888,0.0093354045104081,0.0,0.0,6.39181379115892e-46,0.0001090968708994,0.0001090968708994,1.1902127240052622e-08,5.858842456672859e-42,1.0,471.5215088989586,transition,-0.36823116667975686,0.9297342673504431,-0.36823116667975686,0.9297342673504431,-0.0015101489509484383,-0.005724849763974848,-0.0015101489509484383,-0.005724849763974848,0.004286060674146779,0.014541829633833513,0.004286060674146779,0.014541829633833513,1.5637584895555667,0.004044718657343658,0.19973749960512113,0.005299038266093361,0.00010909687089945443,1.1902127240052226e-08,0.00026488957987603963,7.016648952690478e-08
41,23,24,89.71501449182833,-166.0190256502811,4.363310405480171,10.0,10.0,4,3,204.4653271527,4,9.953330498931676e-07,0.0,0.0,0.0,0.0,0.0,-0.0029410977266281,0.0103150371809911,-0.0003781506900258,-0.0090698939739782,0.0,0.0,-0.0029401023935782,0.0103150371809911,-0.0003781506900258,-0.0090698939739782,0.0,0.0,9.906878802096349e-13,0.0001974560225263,0.0001974501687735,3.8986569148694915e-08,5.017407107643115e-09,1.0000296467351184,215.42313370782745,transition,0.808516122441879,-0.5884740264035012,0.808516122441879,-0.5884740264035012,-0.0022108868923918666,0.014089862998641532,-0.0022108868923918666,0.014089862998641532,0.001675563818046802,-0.010291742633587175,0.001675563818046802,-0.010291742633587175,1.2759954585069666,0.0017780274299731968,-0.012540200348115121,0.022279916152712638,0.00019745016877352608,3.8986569148693936e-08,0.00031213974071578137,9.743121773411522e-08
42,23,30,72.97113726921049,-168.87804333911097,4.338554619088921,10.0,10.0,4,4,189.179001148063,3,7.27567925929173e-06,0.0,0.0,0.0,0.0,0.0,0.0258488896739934,0.0127841300444596,0.0385504268363679,0.0220521734818515,0.0,0.0,0.0258561653532527,0.0127841300444596,0.0385504268363679,0.0220521734818515,0.0,0.0,5.293550868408786e-11,0.0028040328429117,0.0028044090323082,7.864710020492065e-06,1.8875815929218377e-08,0.9998658578716124,198.4369214581485,transition,-0.5665753534736876,-0.8240099324863542,-0.5665753534736876,-0.8240099324863542,0.03363072960211978,0.018451003748142656,0.03363072960211978,0.018451003748142656,0.04883413979329899,0.026844889703577516,0.04883413979329899,0.026844889703577516,1.2784501986939423,0.0017950238546714167,-0.0029170669144989447,0.02156755318927991,0.002804409032308229,7.864710020491977e-06,0.0045768868254335805,2.0947893012827478e-05
43,23,140,89.75707127287218,-152.18279330394716,3.857222644832007,10.0,10.0,4,2,212.6384493703917,4,3.225060789429354e-07,0.0,0.0,0.0,0.0,0.0,0.0206619280305182,0.0192853169433489,0.0117243541837166,0.012802214404922,0.0,0.0,0.0206622505365972,0.0192853169433489,0.0117243541837166,0.012802214404922,0.0,0.0,1.0401017095514689e-13,0.0011001958942385,0.0011002092215373,1.2104603311558497e-06,9.453671985207472e-11,0.9999878865778122,222.11178057308143,transition,0.8291930337188556,0.5589623536805685,0.8291930337188556,0.5589623536805685,0.02637843609525173,0.02574965435674534,0.02637843609525173,0.02574965435674534,0.017477556473315326,0.017306203278637366,0.017477556473315326,0.017306203278637366,1.338051350102525,0.002229096149676973,0.13902325580907665,0.010980315911028615,0.0011002092215373566,1.2104603311558362e-06,0.0019638362425225785,3.8566527874451995e-06
44,24,25,108.09302845006602,-181.39301280564115,3.670366039798033,10.0,10.0,3,2,212.1686555731943,5,3.445006975880003e-07,0.0,0.0,0.0,0.0,0.0,-0.0001280196134411,0.0086822057182255,-0.0030061277469366,-0.0117992837652964,0.0,0.0,-0.0001276751127435,0.0086822057182255,-0.0030061277469366,-0.0117992837652964,0.0,0.0,1.1868073063861886e-13,0.0002236569865599,0.0002236568984728,5.0022408234514e-08,5.30637469485444e-10,1.0000003938488466,239.38374467880132,transition,0.7206436363894199,-0.693305668036425,0.7206436363894199,-0.693305668036425,0.001722442833708837,0.014001170149002644,0.001722442833708837,0.014001170149002644,-0.002100395576538209,-0.014026682969719801,-0.002100395576538209,-0.014026682969719801,1.3721183973793263,0.0024929787073889455,0.15255090632562698,0.009874284261318656,0.00022365689847289098,5.002240823451306e-08,0.0004001590715676865,1.6012728255791284e-07
45,24,175,108.54273981955302,-166.2180455275994,2.732463427136832,10.0,10.0,3,2,220.13838318443112,5,1.1029196129248983e-07,0.0,0.0,0.0,0.0,0.0,0.0202923984232569,0.0190886584813229,0.015309780946311,0.0168403441882077,0.0,0.0,0.0202925087152182,0.0190886584813229,0.015309780946311,0.0168403441882077,0.0,0.0,1.2164316725744071e-14,0.0012941449013861,0.0012941493775751,1.6748226114780777e-06,9.399468822166904e-12,0.9999965412114824,234.251910883412,transition,0.7899417260307202,0.6131819220065171,0.7899417260307202,0.6131819220065171,0.031615268075129134,0.031524378062322805,0.031615268075129134,0.031524378062322805,0.024442262193310388,0.02487167168519092,0.024442262193310388,0.02487167168519092,1.576362487188014,0.004154567835926739,0.19949327600482034,0.005188786901479074,0.0012941493775751154,1.6748226114780584e-06,0.0032093358212209964,1.0299836413372247e-05
46,25,26,126.49464744888348,-196.12014761123223,3.664542100080148,10.0,10.0,2,5,222.47094775010365,6,7.840101554395094e-08,0.0,0.0,0.0,0.0,0.0,0.0082699493882636,0.0158159059579792,-0.0075632924048938,-0.012352798567754,0.0,0.0,0.0082700277892791,0.0158159059579792,-0.0075632924048938,-0.012352798567754,0.0,0.0,6.1467192383228375e-15,0.0005283299686135,0.0005283312653645,2.791339259616783e-07,1.1634214443246882e-11,0.9999975455720818,262.9529636170626,transition,0.8343850160523231,-0.551182043418837,0.8343850160523231,-0.551182043418837,0.012501702006656058,0.02280074559343655,0.012501702006656058,0.02280074559343655,-0.008560967454349819,-0.015373912090883563,-0.008560967454349819,-0.015373912090883563,1.3731801978421483,0.0025012033891358733,0.15297253563393362,0.009839811507985626,0.0005283312653645201,2.79133925961675e-07,0.000985813889412497,9.718290245585951e-07
47,26,32,145.064030957377,-211.0406220037734,4.1802935742350265,10.0,10.0,5,4,234.79741122643367,7,1.2164605237137251e-08,0.0,0.0,0.0,0.0,0.0,0.005831060346613,0.0097626014601696,-0.0046499280396946,-0.0081774337184705,0.0,0.0,0.0058310725112183,0.0097626014601696,-0.0046499280396946,-0.0081774337184705,0.0,0.0,1.47977620575387e-16,0.0002178019050302,0.0002178020468955,4.7437731631873735e-08,6.794133603637767e-13,0.9999993486505548,286.7740164901828,transition,0.7193224359969764,-0.6946763513114403,0.7193224359969764,-0.6946763513114403,0.006912330700571888,0.011880554235451387,0.006912330700571888,0.011880554235451387,-0.006639262473225812,-0.01138350288591227,-0.006639262473225812,-0.01138350288591227,1.2941430852254288,0.001903680145730367,0.05860257652978497,0.01701349438757976,0.00021780204689550762,4.74377316318729e-08,0.00036259182879752806,1.314728343107359e-07
48,26,51,139.9665943812677,-191.91103797952545,2.636769250467175,10.0,10.0,5,3,236.52846458599876,7,9.28884987723628e-09,0.0,0.0,0.0,0.0,0.0,0.0034407257520516,0.0030655578756906,0.0130929699279508,0.0158035833564457,0.0,0.0,0.0034407350409014,0.0030655578756906,0.0130929699279508,0.0158035833564457,0.0,0.0,8.628273204183243e-17,0.0004424153472283,0.0004424154111492,1.9573139602236164e-07,1.9502650646300467e-13,0.9999998555184684,277.0671394003205,transition,0.31800273462493356,0.948089795731957,0.31800273462493356,0.948089795731957,0.006714665475903403,0.007763530146313469,0.006714665475903403,0.007763530146313469,0.020550073047749133,0.024485711021021535,0.020550073047749133,0.024485711021021535,1.6057018096819187,0.004410272459977336,0.198924777407883,0.004932146077183426,0.00044241541114924696,1.9573139602235722e-07,0.0011272146792588081,1.2706129331365377e-06
49,26,136,133.78334726900076,-213.61676577156877,2.5499404168520954,10.0,10.0,5,2,223.26672687466944,7,6.972631507329506e-08,0.0,0.0,0.0,0.0,0.0,0.0006257021403409,-0.000167968388708,0.0124810085691239,0.0136483266435042,0.0,0.0,0.0006257718666559,-0.000167968388708,0.0124810085691239,0.0136483266435042,0.0,0.0,4.861759013700414e-15,0.0003424721116183,0.000342472198879,1.1728720700504396e-07,1.4196069139666387e-11,0.9999997452036364,281.9070342119611,transition,-0.22917753236942462,-0.9733846406519169,-0.22917753236942462,-0.9733846406519169,0.004164606375804253,0.004322555722797068,0.004164606375804253,0.004322555722797068,0.019569827906688663,0.021254829448522604,0.019569827906688663,0.021254829448522604,1.6323230654349887,0.004642287980973357,0.19840894591424593,0.004699281087827502,0.000342472198879034,1.1728720700504061e-07,0.0008707743734252693,7.582480094141703e-07
50,26,150,147.82984130783456,-200.3497136908734,3.3789221890090566,10.0,10.0,5,3,240.8376824357,7,4.7057729469524885e-09,0.0,0.0,0.0,0.0,0.0,0.0143377733264396,0.0236047202494074,0.0025118402083819,0.0042855161049875,0.0,0.0,0.0143377780322125,0.0236047202494074,0.0025118402083819,0.0042855161049875,0.0,0.0,2.2144299028269902e-17,0.0007874295515317,0.0007874296864723,6.200455111379194e-07,2.8122255750193776e-14,0.9999998286315132,284.70335961853976,transition,0.9805861960836438,0.1960885311541943,0.9805861960836438,0.1960885311541943,0.020280461933750476,0.03358008775659751,0.020280461933750476,0.03358008775659751,0.0039973442243488025,0.006636646910536252,0.0039973442243488025,0.006636646910536252,1.4252534280706732,0.0029045614221751767,0.17365024374511012,0.008149185365149877,0.0007874296864723303,6.200455111379124e-07,0.0015989432730501572,2.5566195904323493e-06
51,27,28,206.01012327550933,15.423538002779749,2.7031208661412585,10.0,10.0,3,3,411.6561053471,16,4.685839028011852e-25,0.0,0.0,0.0,0.0,0.0,-0.0055154805314506,-0.0079343355588821,0.0044758210999798,0.0047523971639888,0.0,0.0,-0.0055154805314506,-0.0079343355588821,0.0044758210999798,0.0047523971639888,0.0,0.0,2.195708739643905e-49,0.000135992459577,0.000135992459577,1.8493949061820253e-08,1.6145812396308586e-45,1.0,503.2831403661608,transition,0.8325547178162651,-0.5539428145954048,0.8325547178162651,-0.5539428145954048,-0.009225482139633175,-0.012265085899732138,-0.009225482139633175,-0.012265085899732138,0.006301561182381101,0.008059742663354573,0.006301561182381101,0.008059742663354573,1.5853587593730818,0.00423297415895678,0.19931895813787096,0.005110093512780562,0.0001359924595770647,1.8493949061819575e-08,0.000340210977971289,1.1574350953218089e-07
52,27,36,208.69266734809355,25.74422592446971,5.571825385997279,10.0,10.0,3,4,420.9956422400993,16,3.583569123788784e-26,0.0,0.0,0.0,0.0,0.0,-0.0062112525100459,-0.0025431197478692,-0.0018382229645337,-0.0001914806570306,0.0,0.0,-0.0062112525100459,-0.0025431197478692,-0.0018382229645337,-0.0001914806570306,0.0,0.0,1.2841967664972316e-51,4.846284430491059e-05,4.846284430491059e-05,2.3486472781220047e-09,2.6498584326118627e-47,1.0,506.7525856012917,transition,0.948961529540057,0.3153918443032344,0.948961529540057,0.3153918443032344,-0.005071918802901084,-0.0021328722426781645,-0.005071918802901084,-0.0021328722426781645,-0.008901885815306957,-0.00284118661564268,-0.008901885815306957,-0.00284118661564268,1.1775394860477133,0.0011128504028677156,-6.323240867011496,8.85129824350158,4.846284430490974e-05,2.348647278121923e-09,0.00011758941680047884,1.3827270943476736e-08
53,28,36,218.14346254122296,19.456110588124726,1.327225968538322,10.0,10.0,3,4,423.0049552813378,17,2.045707968471463e-26,0.0,0.0,0.0,0.0,0.0,-0.0001729999206214,0.0034681544326794,-0.0051291829551481,0.0075089598545704,0.0,0.0,-0.0001729999206214,0.0034681544326794,-0.0051291829551481,0.0075089598545704,0.0,0.0,4.18492109226764e-52,9.475102002638192e-05,9.475102002638192e-05,8.977755796039827e-09,4.416755715244453e-48,1.0,516.0690530591594,transition,0.25156052423709296,0.9678415689799436,0.25156052423709296,0.9678415689799436,-0.003159327400347907,0.005537933869534971,-0.003159327400347907,0.005537933869534971,-0.012811963253782263,0.02041282813000014,-0.012811963253782263,0.02041282813000014,2.608293768829616,0.016340768770245255,0.1509467502297332,0.0028867480788392253,9.475102002638051e-05,8.977755796039561e-09,0.0006214800158471235,3.862374100973409e-07
54,28,183,224.3912306127222,2.2747354085898914,2.5228332712134147,10.0,10.0,3,2,415.4838745706768,17,1.6452626593047302e-25,0.0,0.0,0.0,0.0,0.0,-0.0034836015749773,-0.0077676683593914,0.003751593955266,0.0051032724191909,0.0,0.0,-0.0034836015749773,-0.0077676683593914,0.003751593955266,0.0051032724191909,0.0,0.0,2.706889218102472e-50,0.0001125899982643,0.0001125899982643,1.2676507709163957e-08,2.404200426175709e-46,1.0,525.8830544501371,transition,0.793000777171081,-0.6092206229323343,0.793000777171081,-0.6092206229323343,-0.006428054461801749,-0.012158154241794068,-0.006428054461801749,-0.012158154241794068,0.005155514474922595,0.009174113770040236,0.005155514474922595,0.009174113770040236,1.6406339712336555,0.004714721045615853,0.19824790817089646,0.0046265828271482914,0.00011258999826433756,1.2676507709163533e-08,0.0002998842916979227,8.993058840716478e-08
55,29,34,223.45360945892668,-30.69908347946397,3.387756131141508,10.0,10.0,2,3,392.9549496579164,17,6.777724657512113e-23,0.0,0.0,0.0,0.0,0.0,-0.0077124386740153,-0.0057778887654736,0.0037857675078322,0.0019499289655006,0.0,0.0,-0.0077124386740153,-0.0057778887654736,0.0037857675078322,0.0019499289655006,0.0,0.0,4.593755153304769e-45,0.0001109999674804,0.0001109999674804,1.2320992780670132e-08,4.1385193685864265e-41,1.0,527.7407307470618,transition,0.9070639196335831,-0.42099292832417096,0.9070639196335831,-0.42099292832417096,-0.011060048156557553,-0.007898072988242383,-0.011060048156557553,-0.007898072988242383,0.0051749468004517445,0.003540800993853521,0.0051749468004517445,0.003540800993853521,1.423642854421366,0.002892085956059505,0.1730107026283832,0.00820147476422368,0.0001109999674804892,1.2320992780669659e-08,0.0002240215682185559,5.0185663027101096e-08
56,30,41,74.89307953427513,-187.26674680391983,4.301697678171163,10.0,10.0,4,4,180.44870103129864,4,2.1142834823803512e-05,0.0,0.0,0.0,0.0,0.0,0.0052449424269095,0.0106091951876516,-0.0053003370035085,-0.011807117259659,0.0,0.0,0.0052660852617333,0.0106091951876516,-0.0053003370035085,-0.011807117259659,0.0,0.0,4.4701946438663846e-10,0.0003075660339253,0.0003077882668476,9.473361720907255e-08,1.4523603156319266e-06,0.9992779681807706,196.94987026791568,transition,0.7256081426902714,-0.6881081479401148,0.7256081426902714,-0.6881081479401148,0.006943055037571151,0.014716720049453735,0.006943055037571151,0.014716720049453735,-0.006551919108826395,-0.01398235636069155,-0.006551919108826395,-0.01398235636069155,1.2821048680552753,0.0018203284929897067,0.01141005866337648,0.020506972069363662,0.00030778826684763343,9.473361720907e-08,0.0005032217956747115,2.5323217564208115e-07
57,30,78,64.34274174227482,-190.0301604311682,2.517554995865815,10.0,10.0,4,4,170.0435014242107,3,7.059091883643412e-05,0.0,0.0,0.0,0.0,0.0,0.0018018226403907,-0.0009212055869299,0.0541993310076729,0.0170674311248326,0.0,0.0,0.0018724135592271,-0.0009212055869299,0.0541993310076729,0.0170674311248326,0.0,0.0,4.983077822172029e-09,0.003232959871441,0.0032332192391503,1.0453706648412108e-05,1.5412124738814456e-06,0.9999197803519748,188.672340960881,transition,-0.15397612521248097,-0.9880745684737313,-0.15397612521248097,-0.9880745684737313,0.012346542683787192,0.0035451014092933715,0.012346542683787192,0.0035451014092933715,0.08748411368135388,0.027498502611088275,0.08748411368135388,0.027498502611088275,1.642252262210435,0.00472882513700746,0.19821655106815741,0.004612427097058847,0.0032332192391503665,1.0453706648412074e-05,0.008574642652708828,7.352449662165349e-05
58,30,90,55.51624850978013,-181.68791417618743,1.8408983096198064,10.0,10.0,4,4,167.52849983908507,2,9.34625405788416e-05,0.0,0.0,0.0,0.0,0.0,0.0719899466705457,0.0466967774987997,0.0118723594135196,0.0115909039648465,0.0,0.0,0.0720834092111245,0.0466967774987997,0.0118723594135196,0.0115909039648465,0.0,0.0,8.73524649145161e-09,0.0076384434231665,0.0076519088850369,5.855170958490722e-05,1.141577431552159e-06,0.9982402480122632,176.78591842210716,transition,-0.9670001679010344,-0.2547757352641164,-0.9670001679010344,-0.2547757352641164,0.14181730637999243,0.0945149766864609,0.14181730637999243,0.0945149766864609,0.036120957341090484,0.024752504569679527,0.036120957341090484,0.024752504569679527,2.017820821912221,0.008624437977334056,0.1750339120049608,0.0034691243163657505,0.0076519088850369125,5.855170958490685e-05,0.030962639248627764,0.0009586850292406645
59,31,47,-13.997018002894434,-130.50274346048735,3.7177475871085655,10.0,10.0,2,2,164.58310109129934,1,0.000129144635643,0.0,0.0,0.0,0.0,0.0,0.0062737169501312,0.0008457962313007,0.0332584949253315,0.0132223355115418,0.0,0.0,0.0064028615857742,0.0008457962313007,0.0332584949253315,0.0132223355115418,0.0,0.0,1.6678336915373137e-08,0.0013210325367133,0.0013226696488295,1.7494549999348807e-06,1.2609601293967898e-05,0.9987622668157022,172.8571825108199,transition,-0.15345799300953183,-0.9881551722181525,-0.15345799300953183,-0.9881551722181525,0.0072693782356552895,0.002610026839788352,0.0072693782356552895,0.002610026839788352,0.04554175214795584,0.01788525166947382,0.04554175214795584,0.01788525166947382,1.3634799582297847,0.0024260655581835383,0.14912067696427397,0.010154742588858914,0.001322669648829546,1.7494549999348744e-06,0.0024535895160236916,6.020101513141373e-06
60,32,43,160.047999694086,-229.3967555299304,3.55243331564056,10.0,10.0,4,3,244.54794292075047,8,2.5946427786370752e-09,0.0,0.0,0.0,0.0,0.0,0.0024748540085906,0.0032726180917874,-0.0066452301427148,-0.0101731544074254,0.0,0.0,0.0024748566032334,0.0032726180917874,-0.0066452301427148,-0.0101731544074254,0.0,0.0,6.7321711487335204e-18,0.0001644870857854,0.0001644870986282,2.7056005615132276e-08,4.0928262489142197e-14,0.9999999219225642,310.4693104772338,transition,0.5338942956746152,-0.8455512291080338,0.5338942956746152,-0.8455512291080338,0.004971581653280649,0.007335915122934394,0.004971581653280649,0.007335915122934394,-0.00826699420357161,-0.012447074210583496,-0.00826699420357161,-0.012447074210583496,1.3936194820673635,0.00265952561046982,0.16108875103589002,0.00917622317093888,0.00016448709862822635,2.7056005615131862e-08,0.0003018051243917936,9.108633310914602e-08
61,32,136,142.48006110747116,-222.01550482846324,3.142198788321611,10.0,10.0,4,2,229.2317085599967,8,2.8568322383849962e-08,0.0,0.0,0.0,0.0,0.0,0.0183933987758635,0.0236299522100732,0.0041386078181272,0.0051356827224677,0.0,0.0,0.0183934273441859,0.0236299522100732,0.0041386078181272,0.0051356827224677,0.0,0.0,8.161490438275826e-16,0.0009401950716764,0.0009401961226143,8.839687489789806e-07,8.680625501392189e-13,0.9999988822141648,293.9971809990786,transition,-0.9749016324299216,-0.22263604174857674,-0.9749016324299216,-0.22263604174857674,0.026915243676299265,0.034685851067694944,0.026915243676299265,0.034685851067694944,0.006136529459027756,0.007870984502722878,0.006136529459027756,0.007870984502722878,1.4684120163436332,0.0032388668454826452,0.19078804539256503,0.006747984838469634,0.0009401961226143056,8.839687489789743e-07,0.002027147997288501,4.10932900291078e-06
62,32,150,156.52655514630493,-208.74845274776789,2.0857626039521584,10.0,10.0,4,3,246.4211797354788,8,1.9144211725972062e-09,0.0,0.0,0.0,0.0,0.0,0.0001115853272035,-0.000409879623509,0.0079647861290811,0.0122259949625316,0.0,0.0,0.0001115872416246,-0.000409879623509,0.0079647861290811,0.0122259949625316,0.0,0.0,3.665008426088462e-18,0.0002130932234968,0.0002130932239241,4.540872208237332e-08,1.719908478832533e-14,0.9999999979950264,296.79350640565724,transition,0.25046093268815867,0.968126707201582,0.25046093268815867,0.968126707201582,0.0032317754388414477,0.004809407719600237,0.0032317754388414477,0.004809407719600237,0.013832926186121032,0.021173871198081,0.013832926186121032,0.021173871198081,1.8452579687512296,0.006711765412725268,0.18499809094840672,0.00382248849494302,0.00021309322392411203,4.540872208237175e-08,0.0006732574434840463,4.532755852066738e-07
63,33,37,127.42789914918303,-35.47723184818514,2.142496909328244,10.0,10.0,3,3,321.2556658491174,13,1.524023639171556e-15,0.0,0.0,0.0,0.0,0.0,-0.0157001057250912,0.0011690548771985,-0.0007439296613346,-0.0012224738459802,0.0,0.0,-0.0157001057250897,0.0011690548771985,-0.0007439296613346,-0.0012224738459802,0.0,0.0,2.322648052753713e-30,0.00024990788273,0.00024990788273,6.245394985060004e-08,9.294016768822523e-27,1.0000000000001916,435.9208484869197,transition,0.9996263290341588,-0.02733500140281172,0.9996263290341588,-0.02733500140281172,-0.028501113291301235,0.002077503751205199,-0.028501113291301235,0.002077503751205199,0.0005648842351881687,-0.00028379350771629995,0.0005648842351881687,-0.00028379350771629995,1.818191294833448,0.0064466048907719006,0.18679421875542182,0.003924230972701156,0.0002499078827300151,6.2453949850599e-08,0.0008170291136340456,6.675365725256342e-07
64,33,124,121.93412796406656,-24.89161578033853,3.3924663837018194,10.0,10.0,3,3,326.03036566409907,13,5.48630106450103e-16,0.0,0.0,0.0,0.0,0.0,7.758042292743737e-05,0.0042540992056557,-0.0018343537114964,0.0075771011392234,0.0,0.0,7.758042292798601e-05,0.0042540992056557,-0.0018343537114964,0.0075771011392234,0.0,0.0,3.009949937034514e-31,7.888069398648486e-05,7.888069398648494e-05,6.222163883789481e-09,3.815825881996202e-27,0.999999999999999,430.6550375273261,transition,0.4765072800812134,0.8791705250004711,0.4765072800812134,0.8791705250004711,-0.0009381393282765441,0.005914948657456111,-0.0009381393282765441,0.005914948657456111,-0.0020701116499143536,0.010850049029299522,-0.0020701116499143536,0.010850049029299522,1.422784097533277,0.0028854340451310236,0.17266969969477539,0.008229355439936935,7.88806939864833e-05,6.2221638837892224e-09,0.00015787564920091566,2.492472061061058e-08
65,34,35,246.3714299235164,-35.046187144811505,4.648380652469513,10.0,10.0,3,4,408.2031619934724,18,1.1945908385065786e-24,0.0,0.0,0.0,0.0,0.0,-0.0069125710801013,-0.0012963006296038,-0.0004739891761249,0.0001941768980289,0.0,0.0,-0.0069125710801013,-0.0012963006296038,-0.0004739891761249,0.0001941768980289,0.0,0.0,1.4270472714438507e-48,4.9726404666576735e-05,4.9726404666576735e-05,2.4727153210641447e-09,2.869797808654023e-44,1.0,551.0671922259154,transition,0.9989074547566663,0.046732181968732286,0.9989074547566663,0.046732181968732286,-0.008632254998803357,-0.0016118562086133762,-0.008632254998803357,-0.0016118562086133762,-0.0003930364944267459,-0.000111431755722019,-0.0003930364944267459,-0.000111431755722019,1.2477283947855276,0.0015823085418683166,-0.12335344543662508,0.030482987657789357,4.972640466657575e-05,2.4727153210640466e-09,7.728080152374559e-05,5.9723222841525585e-09
66,34,42,239.8508366682547,-44.56040486823251,1.2996250838350214,10.0,10.0,3,4,397.2744064456668,18,2.1929714790501957e-23,0.0,0.0,0.0,0.0,0.0,-0.0023785467160084,-0.0066985195624673,0.0062109770121396,0.0087510884080234,0.0,0.0,-0.0023785467160084,-0.0066985195624673,0.0062109770121396,0.0087510884080234,0.0,0.0,4.8091239079276016e-46,0.0001656854325793,0.0001656854325793,2.7451662569010163e-08,2.902562906744432e-42,1.0,549.211764508785,transition,0.5436839674561711,-0.839290023490758,0.5436839674561711,-0.839290023490758,-0.009123062721350649,-0.016039718153681982,-0.009123062721350649,-0.016039718153681982,0.014467718899879524,0.024530175725086874,0.014467718899879524,0.024530175725086874,2.6575609828883433,0.017055974258925,0.1495800752668846,0.0028620217903631805,0.00016568543257935954,2.7451662569009495e-08,0.0011515472431368257,1.3260610531760236e-06
67,35,40,268.4873609365856,-41.97882399877041,4.699856214733586,10.0,10.0,4,5,422.0544123890757,19,2.667885286873531e-26,0.0,0.0,0.0,0.0,0.0,-0.0032783248580216,-0.0033517060744019,0.002605032931365,0.0023144131601109,0.0,0.0,-0.0032783248580216,-0.0033517060744019,0.002605032931365,0.0023144131601109,0.0,0.0,7.117611903916262e-52,3.41240523330964e-05,3.41240523330964e-05,1.164450947631902e-09,2.0858050018323874e-47,1.0,574.244246791233,transition,0.793948380679602,-0.6079851715430548,0.793948380679602,-0.6079851715430548,-0.004128111497937858,-0.003999840222374665,-0.004128111497937858,-0.003999840222374665,0.0031557049887355735,0.003102158901744647,0.0031557049887355735,0.003102158901744647,1.2426241686729025,0.0015469672885551477,-0.14336315938425742,0.03196422858866774,3.412405233309559e-05,1.1644509476318464e-09,5.26218901715371e-05,2.7690633252253126e-09
68,35,42,252.16156225897052,-43.98446856328962,3.068461178780229,10.0,10.0,4,4,407.5516061393958,19,1.4240564434286347e-24,0.0,0.0,0.0,0.0,0.0,-0.0026695082839341,0.0042171781937683,-0.0046288997455669,0.0051857964268783,0.0,0.0,-0.0026695082839341,0.0042171781937683,-0.0046288997455669,0.0051857964268783,0.0,0.0,2.0279367540706127e-48,7.323006383152237e-05,7.323006383152237e-05,5.362642248768841e-09,2.7692680409731855e-44,1.0,561.5359548350198,transition,-0.5653253769054803,-0.8248680004865486,-0.5653253769054803,-0.8248680004865486,-0.00441122724093423,0.0056612659435772905,-0.00441122724093423,0.0056612659435772905,-0.006574248724831831,0.008065986633764488,-0.006574248724831831,0.008065986633764488,1.4818556012244986,0.0033430005420239522,0.19612634537730628,0.006311521113187377,7.32300638315207e-05,5.362642248768597e-09,0.00015978974452708863,2.5532762456032253e-08
69,35,61,270.3818548344467,-31.4732747708438,4.1549025865752185,10.0,10.0,4,3,429.6490981003324,19,3.1441714449619822e-27,0.0,0.0,0.0,0.0,0.0,-0.0064615416794506,0.0002061166659136,-0.0014303946645639,-0.0002068156461846,0.0,0.0,-0.0064615416794506,0.0002061166659136,-0.0014303946645639,-0.0002068156461846,0.0,0.0,9.885814075314319e-54,4.38828065631654e-05,4.38828065631654e-05,1.925700711860192e-09,2.2527761666940257e-49,1.0,575.3419982444086,transition,0.968722542206974,0.24814640077997802,0.968722542206974,0.24814640077997802,-0.008313355513763665,0.00017742605013042838,-0.008313355513763665,0.00017742605013042838,-0.0021099169427745332,3.13328220503008e-05,-0.0021099169427745332,3.13328220503008e-05,1.2966608108516915,0.0019211126765719603,0.06847262704645929,0.016282853117374832,4.3882806563164243e-05,1.9257007118600907e-09,7.359609115263429e-05,5.416384632946855e-09
70,36,38,231.07956881496196,25.303165282978394,2.3739966980602603,10.0,10.0,4,4,436.28043182051664,17,4.710835052404816e-28,0.0,0.0,0.0,0.0,0.0,-0.0043129851968066,-0.0077889921543163,0.0027037062668255,0.0027137244671784,0.0,0.0,-0.0043129851968066,-0.0077889921543163,0.0027037062668255,0.0027137244671784,0.0,0.0,2.2191966890965886e-55,9.394456814891002e-05,9.394456814891002e-05,8.825581884685199e-09,2.362240556131969e-51,1.0,529.1438314749976,transition,0.9165606252229114,-0.39989576178172465,0.9165606252229114,-0.39989576178172465,-0.007779970175064426,-0.012945265545486277,-0.007779970175064426,-0.012945265545486277,0.0035569342357884095,0.0055186914008014095,0.0035569342357884095,0.0055186914008014095,1.7077478999225792,0.005364638620005677,0.19412317440409638,0.004339383003733307,9.39445681489079e-05,8.825581884684802e-09,0.0002712155719030493,7.355788644269809e-08
71,36,70,228.5620099690381,37.946659964629845,2.502656207925199,10.0,10.0,4,3,443.52186909712,17,5.733485344811396e-29,0.0,0.0,0.0,0.0,0.0,-0.0048530986485215,0.0021192039818449,-0.0054353984693892,0.0008208747978162,0.0,0.0,-0.0048530986485215,0.0021192039818449,-0.0054353984693892,0.0008208747978162,0.0,0.0,3.2872854199167045e-57,5.826098396367832e-05,5.826098396367832e-05,3.394342252415982e-09,5.642344492441286e-53,1.0,530.0697503666088,transition,0.6875635732733087,0.72612418545841,0.6875635732733087,0.72612418545841,-0.008226450356029045,0.002441772083660268,-0.008226450356029045,0.002441772083660268,-0.008742778349328363,0.002296512714564316,-0.008742778349328363,0.002296512714564316,1.646820150867516,0.0047686362216705965,0.1981280405617183,0.0045724702537988295,5.826098396367673e-05,3.3943422524157975e-09,0.00015534688028239336,2.4132653213472258e-08
72,37,53,147.2968513990152,-44.584247310214366,4.898960554777304,10.0,10.0,3,4,327.7082968079757,14,3.817643283045821e-16,0.0,0.0,0.0,0.0,0.0,-0.0082654837573074,-0.0036637764550933,0.0089763501273579,0.0033011978326306,0.0,0.0,-0.008265483757307,-0.0036637764550933,0.0089763501273579,0.0033011978326306,0.0,0.0,1.4574400236584871e-31,0.0001732142483942,0.0001732142483942,3.000317584679777e-08,8.414088547386247e-28,1.0000000000000364,457.7774949390118,transition,0.7070046783605466,-0.7072088692715187,0.7070046783605466,-0.7072088692715187,-0.010607336648765796,-0.004216686979036098,-0.010607336648765796,-0.004216686979036098,0.010467703412490433,0.0043248861971737695,0.010467703412490433,0.0043248861971737695,1.2228813329098938,0.0014102694729754344,-0.22075951436856212,0.03769357830369005,0.000173214248394285,3.000317584679706e-08,0.00025857349520979055,6.686025242500757e-08
73,37,124,133.00123941462755,-25.194248372377647,3.8526132212191015,10.0,10.0,3,3,332.7258619070405,14,1.276563466662982e-16,0.0,0.0,0.0,0.0,0.0,-0.0040047018304665,-0.0037144907859043,0.0084957476182526,0.0072771936760277,0.0,0.0,-0.0040047018304664,-0.0037144907859043,0.0084957476182526,0.0072771936760277,0.0,0.0,1.6296142844186104e-32,0.0001549703539409,0.0001549703539409,2.4015810600590035e-08,1.0515651819697922e-28,1.0000000000000064,441.7262859819902,transition,-0.46064312821115116,0.887585437257645,-0.46064312821115116,0.887585437257645,-0.005736201410942006,-0.005038312378748691,-0.005736201410942006,-0.005038312378748691,0.011160031224468216,0.009733274049115087,0.011160031224468216,0.009733274049115087,1.3388917242071017,0.0022356056679909246,0.13935695914114127,0.010953032056642695,0.00015497035394097117,2.4015810600589876e-08,0.00027757151889902813,7.704594810391354e-08
74,38,44,250.76085495181587,27.608822771245663,3.224190940279932,10.0,10.0,4,3,452.0485895389052,18,4.592933700229784e-30,0.0,0.0,0.0,0.0,0.0,-0.0051515419225743,-0.0003530567500414,-0.0039297355030016,-0.0014234979417692,0.0,0.0,-0.0051515419225743,-0.0003530567500414,-0.0039297355030016,-0.0014234979417692,0.0,0.0,2.1095039974706454e-59,4.4132200762563926e-05,4.4132200762563926e-05,1.947651144147248e-09,4.7799655603399616e-55,1.0,548.9597109774048,transition,0.8118882556505168,0.5838128641412083,0.8118882556505168,0.5838128641412083,-0.007624267274852362,-0.0012321101060096997,-0.007624267274852362,-0.0012321101060096997,-0.005515659147451337,-0.001103823347927738,-0.005515659147451337,-0.001103823347927738,1.4534634919573375,0.0031230759224529967,0.18485215045007486,0.007233308410934426,4.413220076256269e-05,1.947651144147139e-09,9.128846860600992e-05,8.33358450043046e-09
75,38,70,238.8155721701929,33.473026737793546,5.783410193970664,10.0,10.0,4,3,447.5262010470144,18,1.7626215210331306e-29,0.0,0.0,0.0,0.0,0.0,-0.0001609977692703,-0.0013790663771665,-0.0018917375535573,0.0053743199039116,0.0,0.0,-0.0001609977692703,-0.0013790663771665,-0.0018917375535573,0.0053743199039116,0.0,0.0,3.1068346264091458e-58,3.43897297554619e-05,3.43897297554619e-05,1.1826535126537015e-09,9.034193198089052e-54,1.0,540.3951595789601,transition,-0.19528517189805417,0.9807465022301877,-0.19528517189805417,0.9807465022301877,0.008445326326568041,-0.004977526476800394,0.008445326326568041,-0.004977526476800394,-0.0004897258891977203,0.005584960074293765,-0.0004897258891977203,0.005584960074293765,1.1644694116976928,0.0010284684983625444,-8.566726562148283,12.111401273832794,3.43897297554605e-05,1.1826535126536053e-09,0.00012753091706747808,1.6264134808071972e-08
76,38,156,249.3483095752972,12.619850713545931,2.947065614803087,10.0,10.0,4,2,440.87255954089295,18,1.2439544920835952e-28,0.0,0.0,0.0,0.0,0.0,-0.0008193882669185,-0.0057635213844802,0.0018315966728735,0.0059940061658692,0.0,0.0,-0.0008193882669185,-0.0057635213844802,0.0018315966728735,0.0059940061658692,0.0,0.0,1.5474227783749552e-56,7.317243216988433e-05,7.317243216988433e-05,5.3542048296563244e-09,2.114761984106673e-52,1.0,551.3837360933971,transition,0.6985798266084183,-0.7155321277593006,0.6985798266084183,-0.7155321277593006,-0.0018668852868850795,-0.008767365921236746,-0.0018668852868850795,-0.008767365921236746,0.0021108934316763153,0.009004036090345025,0.0021108934316763153,0.009004036090345025,1.5105666048160604,0.003581128849068982,0.20076818161385343,0.005764325395617978,7.317243216988352e-05,5.3542048296562045e-09,0.00016588050286738137,2.7516341231535317e-08
77,39,73,87.18685377205021,26.95882687778682,1.657562869629853,10.0,10.0,3,3,350.5420718430117,11,2.282174359705369e-18,0.0,0.0,0.0,0.0,0.0,-0.0119270616456859,-0.0002638142896452,-0.005520132462467,-0.0017660366101822,0.0,0.0,-0.0119270616456859,-0.0002638142896452,-0.005520132462467,-0.0017660366101822,0.0,0.0,5.208319808096612e-36,0.000175915145191,0.000175915145191,3.094613830760576e-08,2.9607000593602765e-32,1.0000000000000002,386.6534846440155,transition,0.9325567238750072,0.3610234850470445,0.9325567238750072,0.3610234850470445,-0.026478019632607007,-0.001820140327906163,-0.026478019632607007,-0.001820140327906163,-0.010395600483172585,-0.0009849015488155536,-0.010395600483172585,-0.0009849015488155536,2.1695202689776045,0.01036655759303234,0.16668070770371993,0.0032391625614923516,0.00017591514519109847,3.094613830760525e-08,0.00081343697494459,6.616797122070055e-07
78,40,46,289.49089947799786,-50.24870691346368,2.448363609820124,10.0,10.0,5,3,435.0433391383584,20,6.727465633117055e-28,0.0,0.0,0.0,0.0,0.0,-0.007770891653797,-0.0015576486386768,0.0010678672583025,-0.0007546683948568,0.0,0.0,-0.007770891653797,-0.0015576486386768,0.0010678672583025,-0.0007546683948568,0.0,0.0,4.525879384477106e-55,6.452289124417417e-05,6.452289124417417e-05,4.1632034945075275e-09,7.014377838943714e-51,1.0,596.8172305258508,transition,0.9976970538877158,-0.06782763937933009,0.9976970538877158,-0.06782763937933009,-0.013041125097271908,-0.0025578710584237704,-0.013041125097271908,-0.0025578710584237704,0.0009964528409858453,7.226718082801027e-06,0.0009964528409858453,7.226718082801027e-06,1.6722691020852989,0.005017068150823246,0.19647752557219986,0.004472746298049032,6.45228912441738e-05,4.16320349450748e-09,0.00017760661864398017,3.1544110986148206e-08
79,40,54,270.1565106847422,-58.85080084185514,4.808767038012999,10.0,10.0,5,3,414.1073881083532,20,2.399822161635929e-25,0.0,0.0,0.0,0.0,0.0,-0.0035733826470041,0.0027946166618426,-0.0042439650380801,0.0031733199598791,0.0,0.0,-0.0035733826470041,0.0027946166618426,-0.0042439650380801,0.0031733199598791,0.0,0.0,5.759146407478945e-50,4.866014464077273e-05,4.866014464077273e-05,2.367809676460923e-09,1.183544859966016e-45,1.0,587.1311603060219,transition,-0.6559016545828638,-0.7548463549063886,-0.6559016545828638,-0.7548463549063886,-0.00449891796334108,0.0034093178380352482,-0.00449891796334108,0.0034093178380352482,-0.005151663775003758,0.00392696859221636,-0.005151663775003758,0.00392696859221636,1.2318247632136974,0.001472193069007673,-0.18569925682098587,0.03509820444364781,4.866014464077162e-05,2.3678096764608152e-09,7.382443293655811e-05,5.450046898404365e-09
80,40,61,280.1870602568001,-38.9818479297456,1.3500043755894566,10.0,10.0,5,3,433.4051449290658,20,1.0767241594932834e-27,0.0,0.0,0.0,0.0,0.0,0.000321380117261,0.0018590840493444,-0.0048969481685986,0.0077611476653961,0.0,0.0,0.000321380117261,0.0018590840493444,-0.0048969481685986,0.0077611476653961,0.0,0.0,1.1593349156365175e-54,8.77749931323224e-05,8.77749931323224e-05,7.704449419379244e-09,1.3208031972031022e-50,1.0,586.3216980845206,transition,0.17747011799465312,0.9841261896824838,0.17747011799465312,0.9841261896824838,-0.0020161895857050546,0.003688547760783256,-0.0020161895857050546,0.003688547760783256,-0.0121887031753448,0.020047217780706027,-0.0121887031753448,0.020047217780706027,2.5676346135826518,0.015750525308070848,0.1520746372139731,0.0029071541444355125,8.777499313232199e-05,7.704449419379173e-09,0.0005681258308728011,3.2276695970491056e-07
81,40,68,280.9149929014785,-60.80848852631212,3.241706542171901,10.0,10.0,5,3,422.1855524346855,20,2.5720071124320932e-26,0.0,0.0,0.0,0.0,0.0,0.0005447798910095,-0.0013433468306491,-0.0003045355712234,0.0065540221089142,0.0,0.0,0.0005447798910095,-0.0013433468306491,-0.0003045355712234,0.0065540221089142,0.0,0.0,6.615220586401275e-52,4.514931355534082e-05,4.514931355534082e-05,2.0384605145184824e-09,1.4651874116076664e-47,1.0,596.8053261642282,transition,0.22566557561349082,-0.9742048285566192,0.22566557561349082,-0.9742048285566192,0.00022341850689936764,-0.002154799662476468,0.00022341850689936764,-0.002154799662476468,-0.0005941909980163102,0.009455914549273716,-0.0005941909980163102,0.009455914549273716,1.4502701082520792,0.0030983400463715643,0.18358409283477942,0.0073369858273828045,4.514931355533981e-05,2.0384605145183914e-09,9.44604603199238e-05,8.922778563851898e-09
82,41,64,92.04064286778984,-203.07277787556703,2.345415363743072,10.0,10.0,4,2,188.12107743658484,4,8.30193935255284e-06,0.0,0.0,0.0,0.0,0.0,0.0139603579365421,0.0158182241099588,-0.0190348800077433,-0.0189651096447306,0.0,0.0,0.0139686598758947,0.0158182241099588,-0.0190348800077433,-0.0189651096447306,0.0,0.0,6.892219701346547e-11,0.0011671098484551,0.0011673417134671,1.3626866760004437e-06,5.9042006482195716e-08,0.9998013734886876,217.36871767672747,transition,0.7456391693477202,-0.6663499299425504,0.7456391693477202,-0.6663499299425504,0.028930042962972982,0.03097649235082634,0.028930042962972982,0.03097649235082634,-0.027098884811499593,-0.028643672741685694,-0.027098884811499593,-0.028643672741685694,1.7213834181680272,0.0054982199069436456,0.1932183298133607,0.004288127669737624,0.0011673417134671518,1.3626866760004259e-06,0.0033513000103599765,1.1231211759438778e-05
83,41,66,81.96641485601096,-206.15649357679524,1.344034740958424,10.0,10.0,4,4,177.68641781978206,4,2.9321841472413277e-05,0.0,0.0,0.0,0.0,0.0,0.0004770489133947,-0.0020355373559216,0.0374804391424982,0.0143483017646344,0.0,0.0,0.0005063707548672,-0.0020355373559216,0.0374804391424982,0.0143483017646344,0.0,0.0,8.59770387333335e-10,0.0016150280698366,0.0016150569055122,2.608408808042865e-06,5.323468073470949e-07,0.9999821457216056,209.6572526226716,transition,-0.16336363369553084,-0.9865659243992733,-0.16336363369553084,-0.9865659243992733,0.01474398028802755,0.0052507361114169605,0.01474398028802755,0.0052507361114169605,0.09418736066285097,0.03585305520074916,0.09418736066285097,0.03585305520074916,2.5782903324257624,0.015905212938537153,0.1517790470444808,0.002901806239483544,0.0016150569055122586,2.608408808042833e-06,0.010401655660307417,0.00010819444047560533
84,41,78,73.15949660051396,-198.3912585217317,1.8124810510470617,10.0,10.0,4,4,173.35709365289796,3,4.846004652182165e-05,0.0,0.0,0.0,0.0,0.0,0.0709111276036969,0.0423616419843381,0.0142512175905639,0.0109637286067524,0.0,0.0,0.0709595876502188,0.0423616419843381,0.0142512175905639,0.0109637286067524,0.0,0.0,2.3483761088971192e-09,0.0071461972774131,0.0071530723388744,5.116644388517071e-05,3.283031399157697e-07,0.9990388659396152,197.9158436518796,transition,-0.9673670562564329,-0.2533791200351038,-0.9673670562564329,-0.2533791200351038,0.14249122959596378,0.0870392404165399,0.14249122959596378,0.0870392404165399,0.03656953350750338,0.022760086289397026,0.03656953350750338,0.022760086289397026,2.041334455789204,0.008894469039449824,0.17373915324717598,0.003433479911495434,0.007153072338874441,5.116644388517067e-05,0.02973493219291511,0.0008841661925172593
85,42,54,253.83071200712715,-60.85644540637436,2.018947270478982,10.0,10.0,4,3,399.3325575349814,19,1.2754022247051005e-23,0.0,0.0,0.0,0.0,0.0,-0.0049389424449968,-0.0050942054679523,0.0056780871706728,0.0032741385697525,0.0,0.0,-0.0049389424449968,-0.0050942054679523,0.0056780871706728,0.0032741385697525,0.0,0.0,1.6266508347827191e-46,9.330473911640773e-05,9.330473911640773e-05,8.705774341580906e-09,1.7433742917959364e-42,1.0,570.6826250344178,transition,0.7438814310980575,-0.6683116162895164,0.7438814310980575,-0.6683116162895164,-0.010282608070917975,-0.008502121454011087,-0.010282608070917975,-0.008502121454011087,0.009469772506579384,0.007404783332431821,0.009469772506579384,0.007404783332431821,1.8771340767222036,0.0070240418842673616,0.18288281206042825,0.0037026675588315416,9.330473911640607e-05,8.705774341580597e-09,0.00032252550548549,1.0402270168867084e-07
86,42,154,241.02365051995352,-64.06642052231061,3.064833565816219,10.0,10.0,4,3,386.9132280134286,19,3.2176731955128457e-22,0.0,0.0,0.0,0.0,0.0,-0.0009397433341685,0.0043937213142549,-0.0039242341483027,0.0090967391604219,0.0,0.0,-0.0009397433341685,0.0043937213142549,-0.0039242341483027,0.0090967391604219,0.0,0.0,1.0353420793121849e-43,0.0001183381815249,0.0001183381815249,1.400392520662273e-08,8.749011231799605e-40,1.0,568.1379559762632,transition,-0.40037735113758294,-0.9163503569574536,-0.40037735113758294,-0.9163503569574536,-0.0022457452017560628,0.006059902928701172,-0.0022457452017560628,0.006059902928701172,-0.005482122667416271,0.013669861460255651,-0.005482122667416271,0.013669861460255651,1.482516975021397,0.0033481235281081637,0.19638896965209449,0.006290048740025273,0.00011833818152491027,1.4003925206622615e-08,0.0002586845762996734,6.691771001534156e-08
87,43,52,176.7371796320209,-245.223761593414,3.8874347554086057,10.0,10.0,3,2,258.162127414675,9,2.7008287981857315e-10,0.0,0.0,0.0,0.0,0.0,0.0080089524080251,0.0156320663099202,-0.0043542042528384,-0.0090687177759081,0.0,0.0,0.008008952678108,0.0156320663099202,-0.0043542042528384,-0.0090687177759081,0.0,0.0,7.294476197109385e-20,0.0004097055525662,0.0004097055568924,1.678586433485341e-07,1.7804191508743994e-16,0.9999999894408024,333.46980716609505,transition,0.8709118535502053,-0.49143925702547,0.8709118535502053,-0.49143925702547,0.010554557684234963,0.020975381408185206,0.010554557684234963,0.020975381408185206,-0.005930382377098116,-0.01186808556107129,-0.005930382377098116,-0.01186808556107129,1.33254318302886,0.002186430015336256,0.13683602312777382,0.011159145824459715,0.000409705556892423,1.6785864334853047e-07,0.0007273862031521897,5.290906885361587e-07
88,43,60,160.87887560744812,-249.6625433453532,3.3268124702682518,10.0,10.0,3,2,241.84461086095848,9,4.007309694811567e-09,0.0,0.0,0.0,0.0,0.0,0.0003686165227036,0.0034460917350145,0.0036140960992974,0.0107690395627638,0.0,0.0,0.0003686205300133,0.0034460917350145,0.0036140960992974,0.0107690395627638,0.0,0.0,1.6058530990130774e-17,0.0001410453301062,0.0001410453330606,1.989378597817935e-08,1.138536854901092e-13,0.9999999790539884,330.75212365891906,transition,-0.4678203669559295,-0.8838235707771203,-0.4678203669559295,-0.8838235707771203,0.0020439940480108474,0.007153418425369625,0.0020439940480108474,0.007153418425369625,0.004345862744129188,0.014292944646587882,0.004345862744129188,0.014292944646587882,1.4347538910144426,0.002978151787688212,0.17742277329263761,0.007840740297477075,0.00014104533306061117,1.9893785978178735e-08,0.0002785240964979567,7.757567233000309e-08
89,44,45,271.2304721377772,39.41288591839088,4.262872422200189,10.0,10.0,3,3,475.0824285227214,19,3.945762900257288e-33,0.0,0.0,0.0,0.0,0.0,-0.004360162606727,-0.002556800415101,-0.0018639023946011,-0.0012196906473495,0.0,0.0,-0.004360162606727,-0.002556800415101,-0.0018639023946011,-0.0012196906473495,0.0,0.0,1.5569044865046802e-65,3.05100237315934e-05,3.05100237315934e-05,9.308615481023922e-10,5.102927812188137e-61,1.0,572.5889541841094,transition,0.9101884606341144,0.4141943579148574,0.9101884606341144,0.4141943579148574,-0.005545524162742571,-0.003323453519141081,-0.005545524162742571,-0.003323453519141081,-0.0025192942612898687,-0.001511542638175683,-0.0025192942612898687,-0.001511542638175683,1.2859547120713495,0.0018469845050052658,0.02650231276906878,0.019389751474452863,3.051002373159259e-05,9.308615481023429e-10,5.0429786255444094e-05,2.5431633417697783e-09
90,44,49,270.3149971393349,28.46077955532157,3.467222600103476,10.0,10.0,3,3,467.06281047892855,19,4.796042493419075e-32,0.0,0.0,0.0,0.0,0.0,-0.0015797577909226,-0.0060551094376653,0.0013709745755934,0.0033805097743322,0.0,0.0,-0.0015797577909226,-0.0060551094376653,0.0013709745755934,0.0033805097743322,0.0,0.0,2.3002023598681457e-63,5.246740260136357e-05,5.246740260136357e-05,2.7528283357335723e-09,4.384059903526396e-59,1.0,568.5324038695861,transition,0.8630265647009452,-0.5051585381051034,0.8630265647009452,-0.5051585381051034,-0.0024505019063530116,-0.008447173565438953,-0.0024505019063530116,-0.008447173565438953,0.0015104266460503036,0.004920897144867834,0.0015104266460503036,0.004920897144867834,1.409154803787268,0.002779861852029516,0.16725765675822868,0.008671848448614714,5.24674026013631e-05,2.7528283357335235e-09,0.00010385631820115755,1.0786134830300089e-08
91,45,49,281.3568903895971,33.48555198736322,1.980603109173892,10.0,10.0,3,3,478.6678696102717,20,1.2740373995099877e-33,0.0,0.0,0.0,0.0,0.0,1.2337913643383668e-05,0.0013649543251334,-0.0051383457505594,0.0047204572170199,0.0,0.0,1.2337913643383668e-05,0.0013649543251334,-0.0051383457505594,0.0047204572170199,0.0,0.0,1.6231712953501723e-66,5.054856592382122e-05,5.054856592382122e-05,2.5551575169548994e-09,3.211112453311452e-62,1.0,580.6638400806862,transition,-0.08329844216696865,-0.9965246457226015,-0.08329844216696865,-0.9965246457226015,-0.0007380355938361973,0.0009366747751528618,-0.0007380355938361973,0.0009366747751528618,-0.009745904398955087,0.009080615371848842,-0.009745904398955087,0.009080615371848842,1.9022232001654575,0.007296912476952316,0.1813991992216775,0.0036443591802385214,5.054856592382055e-05,2.5551575169548324e-09,0.00017886228425720643,3.199171672970572e-08
92,45,79,293.7694920511234,44.75822411459446,3.0031896845764514,10.0,10.0,3,2,495.4325586949358,20,5.7628770072058416e-36,0.0,0.0,0.0,0.0,0.0,-0.0032852242065046,-0.0055609301090535,0.0005412015057701,-0.0005836239166304,0.0,0.0,-0.0032852242065046,-0.0055609301090535,0.0005412015057701,-0.0005836239166304,0.0,0.0,3.321075140018176e-71,4.235015771069351e-05,4.235015771069351e-05,1.793535858120613e-09,7.841942792056231e-67,1.0,595.7531519704781,transition,0.999611516553536,0.0278714185778214,0.999611516553536,0.0278714185778214,-0.004865455075968242,-0.008333437774548199,-0.004865455075968242,-0.008333437774548199,-6.021303222979564e-06,-0.0003146851094121535,-6.021303222979564e-06,-0.0003146851094121535,1.4937556733598307,0.0034351782246541344,0.2008517333940756,0.005925169566234503,4.2350157710692385e-05,1.7935358581205176e-09,9.321790121271021e-05,8.6895771065026e-09
93,46,48,312.8219006070844,-54.71172572056673,5.369610398436091,10.0,10.0,3,3,452.71026144074216,21,3.768273668136653e-30,0.0,0.0,0.0,0.0,0.0,-0.0045066273513126,-0.0021555986119968,0.0016562582715096,0.0006512556936453,0.0,0.0,-0.0045066273513126,-0.0021555986119968,0.0016562582715096,0.0006512556936453,0.0,0.0,1.4199886437972066e-59,2.812362090009188e-05,2.812362090009188e-05,7.909380525320846e-10,5.049096092006302e-55,1.0,620.5712649317784,transition,0.9564725527496093,-0.2918223018150698,0.9564725527496093,-0.2918223018150698,-0.00577169894951675,-0.0021107798000739994,-0.00577169894951675,-0.0021107798000739994,0.0006223256118560838,0.002284115025053746,0.0006223256118560838,0.002284115025053746,1.1900307653008328,0.00119349553960196,-4.179105679418754,5.735565596904655,2.8123620900090736e-05,7.909380525320205e-10,4.337237074310151e-05,1.881162543877048e-09
94,46,117,304.2689275055641,-40.67072252094161,1.8828900397862576,10.0,10.0,3,3,452.6521639931898,21,3.8343700736459454e-30,0.0,0.0,0.0,0.0,0.0,-0.0010391751435042,0.0018939351081462,-0.0062558610163706,0.0037047559997635,0.0,0.0,-0.0010391751435042,0.0018939351081462,-0.0062558610163706,0.0037047559997635,0.0,0.0,1.4702393861671614e-59,5.752788924667584e-05,5.752788924667584e-05,3.309458041177801e-09,2.555698471506352e-55,1.0,614.4276790552589,transition,0.32716838607687493,0.9449660560844781,0.32716838607687493,0.9449660560844781,-0.003890987604615214,0.0027566851313697467,-0.003890987604615214,0.0027566851313697467,-0.01180804404475067,0.007638314219954092,-0.01180804404475067,0.007638314219954092,1.9830750998198718,0.008225417379766599,0.1769471563894735,0.0035217954854521887,5.7527889246674776e-05,3.309458041177679e-09,0.00022051284573830894,4.862591513560723e-08
95,47,55,-16.405039738847442,-153.69157024453608,2.970979785075425,10.0,10.0,2,3,142.48851620378483,0,0.0012165600713118,0.0,0.0,0.0,0.0,0.0,0.0042069005001549,-0.0018122700071423,0.0615726997796515,0.0117619474495306,0.0,0.0,0.0054234605714667,-0.0018122700071423,0.0615726997796515,0.0117619474495306,0.0,0.0,1.4800184071102462e-06,0.0039505231003576,0.0039622390131096,1.5699337997008277e-05,0.0003735308249233,0.9970431080221848,149.5436616205417,source,-0.05121094265408622,-0.9986878588190006,-0.05121094265408622,-0.9986878588190006,0.0052211901162105435,0.0004374193722210742,0.0052211901162105435,0.0004374193722210742,0.09266749746328815,0.01773638462944082,0.09266749746328815,0.01773638462944082,1.5032346481786536,0.003517227741062385,0.20091025057478587,0.00582846046197866,0.003962239013109657,1.5699337997008186e-05,0.00892929658776879,7.973233755233935e-05
96,48,63,336.3418986092546,-57.84260079698009,2.80325729161072,10.0,10.0,3,2,471.71041858791546,22,1.1336703824507471e-32,0.0,0.0,0.0,0.0,0.0,-0.0068759316260685,-0.0025600896285943,-0.0001113687877628,-0.0004513978621391,0.0,0.0,-0.0068759316260685,-0.0025600896285943,-0.0001113687877628,-0.0004513978621391,0.0,0.0,1.2852085360460232e-64,5.404865766963706e-05,5.404865766963706e-05,2.921257395889617e-09,2.3778731821641804e-60,1.0,644.2987318165135,transition,0.9987459112985598,0.05006600308002671,0.9987459112985598,0.05006600308002671,-0.010663784456672801,-0.004029229576221759,-0.010663784456672801,-0.004029229576221759,-0.0004861831336836455,-0.0002653106688577074,-0.0004861831336836455,-0.0002653106688577074,1.5546574671682558,0.003965399391927531,0.19991384718298208,0.005378647939694304,5.40486576696366e-05,2.9212573958895674e-09,0.00013025775370676475,1.6967082400732186e-08
97,48,126,327.9838251156232,-45.96549365326309,5.622461476312871,10.0,10.0,3,3,470.2139499115013,22,1.8065714933332563e-32,0.0,0.0,0.0,0.0,0.0,-0.000638484804006,0.0004354387750836,-0.0032616593808857,0.001871454990897,0.0,0.0,-0.000638484804006,0.0004354387750836,-0.0032616593808857,0.001871454990897,0.0,0.0,3.263700560524352e-64,1.4738035471666444e-05,1.4738035471666444e-05,2.172096895640984e-10,2.21447462709582e-59,1.0,638.0749939681226,transition,0.23645319957348324,0.9716428790514869,0.23645319957348324,0.9716428790514869,-0.0017462442538119728,0.002073854131432484,-0.0017462442538119728,0.002073854131432484,-0.0035902131680992126,0.0018138914617459446,-0.0035902131680992126,0.0018138914617459446,1.174411579693953,0.0010926562793932978,-6.8601477714759,9.631500154324744,1.4738035471665861e-05,2.1720968956408115e-10,2.353007277981874e-05,5.536643250235668e-10
98,49,50,292.3782542717248,20.068265893171677,4.377467757535918,10.0,10.0,3,2,478.438853607206,20,1.3697816231642837e-33,0.0,0.0,0.0,0.0,0.0,-0.0026600270134078,-0.0055127839914613,0.0009096945188335,0.0009772719571149,0.0,0.0,-0.0026600270134078,-0.0055127839914613,0.0009096945188335,0.0009772719571149,0.0,0.0,1.8763016951585796e-66,3.924913564433175e-05,3.924913564433175e-05,1.540494648827153e-09,4.78049175951611e-62,1.0,592.1379456100192,transition,0.979333784730779,-0.20225068129647444,0.979333784730779,-0.20225068129647444,-0.003472293371986937,-0.006988481160609505,-0.003472293371986937,-0.006988481160609505,0.0007142490099737158,0.0014543359625278204,0.0007142490099737158,0.0014543359625278204,1.2745916404062947,0.0017683075057365444,-0.01804348292399363,0.022687302656433532,3.924913564433011e-05,1.5404946488270241e-09,6.352093493348855e-05,4.034909174824486e-09
99,50,57,315.57989988663826,20.3615102169265,3.1952386518121862,10.0,10.0,2,2,496.8341294151236,21,3.638933832769151e-36,0.0,0.0,0.0,0.0,0.0,-0.0041260856326837,-0.0046153305255117,-0.0007807255705768,-0.0016036367462253,0.0,0.0,-0.0041260856326837,-0.0046153305255117,-0.0007807255705768,-0.0016036367462253,0.0,0.0,1.3241839439271981e-71,4.1507041738357054e-05,4.1507041738357054e-05,1.7228345138697147e-09,3.1902633588640145e-67,1.0,615.3414443003772,transition,0.9713033699235687,0.237843989991589,0.9713033699235687,0.237843989991589,-0.005937249894729422,-0.006884949106225233,-0.005937249894729422,-0.006884949106225233,-0.0014075869624486398,-0.0017728179889831745,-0.0014075869624486398,-0.0017728179889831745,1.4587419726394784,0.003163962911334628,0.1869481771865919,0.007061935569331974,4.1507041738355496e-05,1.7228345138695852e-09,8.777764518669392e-05,7.704914994521129e-09
100,51,150,151.42911857019564,-189.61886872351997,3.068758093096978,10.0,10.0,3,3,248.01234963535777,8,1.4760063497035162e-09,0.0,0.0,0.0,0.0,0.0,0.0009211125335719,0.0049639409273473,-0.002139207478158,-0.0078426132254522,0.0,0.0,0.0009211140095782,0.0049639409273473,-0.002139207478158,-0.0078426132254522,0.0,0.0,2.1785947443650983e-18,9.157194866834192e-05,9.157195138748e-05,8.385422280911002e-09,2.3791070424463645e-14,0.999999970305994,288.756600494825,transition,0.6817226046442294,-0.7316107505477811,0.6817226046442294,-0.7316107505477811,0.002089918700564008,0.00896995367733338,0.002089918700564008,0.00896995367733338,-0.002452632738456996,-0.01012692012351131,-0.002452632738456996,-0.01012692012351131,1.4818014688374523,0.0033425812338099834,0.19610485000062633,0.006313278592573865,9.15719513874797e-05,8.385422280910945e-09,0.00019339774768620312,3.740268881009628e-08
101,51,151,154.06730679969408,-175.90884992595687,3.5003998493329758,10.0,10.0,3,2,255.826191404018,8,4.0167203531909664e-10,0.0,0.0,0.0,0.0,0.0,0.0107829143254469,0.0199242584705788,0.0051544837459915,0.0104695945898851,0.0,0.0,0.010782914727119,0.0199242584705788,0.0051544837459915,0.0104695945898851,0.0,0.0,1.6134042395738567e-19,0.0006494284305166,0.0006494284391789,4.217572976144672e-07,2.484344913526598e-16,0.9999999866615166,298.3955268970099,transition,0.8937239556256628,0.4486173103445948,0.8937239556256628,0.4486173103445948,0.01494810849240473,0.028218462703111263,0.01494810849240473,0.028218462703111263,0.007456702190751394,0.01423957227448282,0.007456702190751394,0.01423957227448282,1.4031060429323328,0.0027330082908030547,0.1648557602205304,0.008868229452601543,0.0006494284391789927,4.2175729761446266e-07,0.0012780954109493602,1.6335278794898139e-06
102,52,91,195.52942981921777,-257.75085871522083,1.4214536977109589,10.0,10.0,2,2,275.4032803972744,10,1.2905371804860947e-11,0.0,0.0,0.0,0.0,0.0,0.0080458085051576,0.0159401483000447,-0.0063624288022824,-0.0148088637735618,0.0,0.0,0.008045808518063,0.0159401483000447,-0.0063624288022824,-0.0148088637735618,0.0,0.0,1.665486214216999e-22,0.0005786063088571,0.0005786063090647,3.347852608895713e-07,2.878444614454636e-19,0.9999999996410884,356.0546877147582,transition,0.7833572143049458,-0.6215717776704436,0.7833572143049458,-0.6215717776704436,0.019375384576663525,0.04141081022779306,0.019375384576663525,0.04141081022779306,-0.01536402352965293,-0.03319448999487173,-0.01536402352965293,-0.03319448999487173,2.4400985188106588,0.013899101055078161,0.15561249481185957,0.002971162112628751,0.0005786063090647767,3.3478526088956385e-07,0.0034281881162552697,1.1752473760433855e-05
103,53,71,165.46732726000482,-58.36574827539698,1.217259714972986,10.0,10.0,4,4,331.04742191694737,15,1.8449836107637451e-16,0.0,0.0,0.0,0.0,0.0,-0.0144447037543719,-0.0013166598608342,0.0076733803561483,-0.0017514462017258,0.0,0.0,-0.0144447037543717,-0.0013166598608342,0.0076733803561483,-0.0017514462017258,0.0,0.0,3.403964523986826e-32,0.0002723313896283,0.0002723313896283,7.41643857769115e-08,1.2499346948701474e-28,1.000000000000019,480.5831074470795,transition,0.8831145197423457,-0.4691574842419613,0.8831145197423457,-0.4691574842419613,-0.04050228775130445,-0.0012696666249359465,-0.04050228775130445,-0.0012696666249359465,0.021523746416518864,0.0003178994813368747,0.021523746416518864,0.0003178994813368747,2.804582076682002,0.019190259609575922,0.14550170282920435,0.0027882346674933485,0.00027233138962835416,7.416438577691045e-08,0.0021054200863107855,4.432793739840916e-06
104,53,125,156.0130617080527,-65.14829274614547,3.519948660288509,10.0,10.0,4,4,319.4964050777671,15,2.2122245450567706e-15,0.0,0.0,0.0,0.0,0.0,0.0005426047261517,0.0004786957591228,0.0073941644363503,0.0083999807029945,0.0,0.0,0.0005426047261539,0.0004786957591228,0.0073941644363503,0.0083999807029945,0.0,0.0,4.893937437751634e-30,0.0001257569130411,0.0001257569130411,1.5814801177630752e-08,3.891585217388073e-26,0.9999999999999808,480.11249632344,transition,-0.007281520165749382,-0.9999734893806314,-0.007281520165749382,-0.9999734893806314,0.00015135362676636555,0.00015840984971964017,0.00015135362676636555,0.00015840984971964017,0.010330136331933167,0.01177986534795847,0.010330136331933167,0.01177986534795847,1.3995419716119408,0.002705401077056257,0.16344050662233683,0.00898394173168895,0.00012575691304111424,1.581480117763037e-08,0.00024552494585318197,6.028249903620794e-08
105,53,166,145.79847651847848,-59.7742708775945,4.238056866566151,10.0,10.0,4,2,315.8196217792743,15,4.788433568710392e-15,0.0,0.0,0.0,0.0,0.0,-0.0031914297871204,0.0065120463230521,-0.0024283330544066,0.0040062355837412,0.0,0.0,-0.0031914297871156,0.0065120463230521,-0.0024283330544066,0.0040062355837412,0.0,0.0,2.2929096041952537e-29,7.453869637525584e-05,7.453869637522528e-05,5.556017257318021e-09,3.0761332243494367e-25,1.00000000000041,473.0412409818477,transition,-0.8499209104518546,-0.5269102826636529,-0.8499209104518546,-0.5269102826636529,-0.0043765084217457575,0.008370317281222154,-0.0043765084217457575,0.008370317281222154,-0.0027289079121658,0.0051796779930879805,-0.0027289079121658,0.0051796779930879805,1.2884153788711945,0.0018640219650969197,0.0361486798576169,0.018675668614336498,7.453869637522299e-05,5.5560172573176805e-09,0.0001234920398590988,1.5250283908561247e-08
106,54,68,272.77893722728174,-70.17189221049506,1.870297727987673,10.0,10.0,3,3,410.36897338272496,20,6.64799399677041e-25,0.0,0.0,0.0,0.0,0.0,-0.0095736098451374,-0.0014532712168696,0.0020043348409279,-0.000839396989001,0.0,0.0,-0.0095736098451374,-0.0014532712168696,0.0020043348409279,-0.000839396989001,0.0,0.0,4.419582418109543e-49,9.8487948156396e-05,9.8487948156396e-05,9.699875932056949e-09,4.48743475809992e-45,1.0,591.7969042822185,transition,0.9838441479439526,-0.17902707213278607,0.9838441479439526,-0.17902707213278607,-0.019157688584674093,-0.0026239098561459577,-0.019157688584674093,-0.0026239098561459577,0.0035361900897841825,0.00028369542810013687,0.0035361900897841825,0.00028369542810013687,1.9934945077489927,0.008345074077852389,0.1763734203290355,0.003506000666298433,9.848794815639478e-05,9.699875932056706e-09,0.00038648705828754463,1.4937224622375991e-07
107,55,58,-18.813881962348304,-176.49271153249018,2.952129439124871,10.0,10.0,3,4,121.1890531369496,0,0.0077882735604875,0.0,0.0,0.0,0.0,0.0,0.0087587786838855,0.00198179298784,0.0950914216114586,0.0173299457945133,0.0,0.0,0.016547052244373,0.00198179298784,0.0950914216114586,0.0173299457945133,0.0,0.0,6.065720505298901e-05,0.0094233491928088,0.0096204379267536,9.255282590251928e-05,0.006305035749392,0.9795135382146548,126.6156315069239,source,-0.1586484133499592,-0.9873351411458728,-0.1586484133499592,-0.9873351411458728,0.02334804853142411,0.0040761736664978055,0.02334804853142411,0.0040761736664978055,0.1436919082688914,0.026325424338026236,0.1436919082688914,0.026325424338026236,1.5090140633762383,0.0035675977927443125,0.2007982647090036,0.005777905992612058,0.009620437926753607,9.255282590251924e-05,0.021902139030517822,0.00047970369411213214
108,55,199,-8.056551845100739,-171.80352011007938,2.26872341133069,10.0,10.0,3,4,130.77849851502336,0,0.0035038620395533,0.0,0.0,0.0,0.0,0.0,-0.0529188340234263,0.0119769766136921,0.0234806392325277,-0.0140329303053019,0.0,0.0,-0.0494149719838729,0.0119769766136921,0.0234806392325277,-0.0140329303053019,0.0,0.0,1.2277049192223042e-05,0.0036921145149254,0.0033335509766934,1.1112562114213937e-05,0.0036828742917261,1.107562038420559,133.38433253605552,source,0.8026208321793981,-0.5964895638245907,0.8026208321793981,-0.5964895638245907,-0.077007946424316,0.02462704592192452,-0.077007946424316,0.02462704592192452,0.054725134561812085,-0.019336348753826733,0.054725134561812085,-0.019336348753826733,1.7579714411340925,0.0058566569759530744,0.19079037114903874,0.004150594845270652,0.0033335509766934507,1.1112562114213859e-05,0.009905449939268963,9.81179384993635e-05
109,56,102,176.04963036104408,43.917116944066464,3.021949395935984,10.0,10.0,3,3,413.5693403815674,15,2.780445109245804e-25,0.0,0.0,0.0,0.0,0.0,-0.0062814860713475,0.0014676774154104,-0.005134286132158,-0.0003855948247046,0.0,0.0,-0.0062814860713475,0.0014676774154104,-0.005134286132158,-0.0003855948247046,0.0,0.0,7.730875005528909e-50,6.812072171594869e-05,6.812072171594869e-05,4.640432727101723e-09,1.1348786112051609e-45,1.0,482.15450600985736,transition,0.7938196738090753,0.608153208882148,0.7938196738090753,0.608153208882148,-0.009569086571895686,0.0012253406052021955,-0.009569086571895686,0.0012253406052021955,-0.007386090767342546,0.0006355674111800358,-0.007386090767342546,0.0006355674111800358,1.4903354679372385,0.00340868539281342,0.1994936073646694,0.006036211049083313,6.812072171594735e-05,4.64043272710154e-09,0.0001480271601767685,2.191204014999868e-08
110,57,77,338.23713994233503,22.574023027812757,2.8110110313244405,10.0,10.0,2,2,516.3056947029404,22,5.3547576302012174e-39,0.0,0.0,0.0,0.0,0.0,-0.0028767966041007,-0.0060209734608525,0.0006287898527254,0.0002145767676635,0.0,0.0,-0.0028767966041007,-0.0060209734608525,0.0006287898527254,0.0002145767676635,0.0,0.0,2.8673429278198163e-77,4.4969499985767445e-05,4.4969499985767445e-05,2.0222559289699383e-09,6.376194818104075e-73,1.0,638.106455608958,remote,0.9988538698007939,-0.04786383586778887,0.9988538698007939,-0.04786383586778887,-0.004473579079433163,-0.009352771361289595,-0.004473579079433163,-0.009352771361289595,0.000312935373547213,0.00043603877105842173,0.000312935373547213,0.00043603877105842173,1.552280212063382,0.003944680606652567,0.1999599104890439,0.005399442581758811,4.49694999857668e-05,2.0222559289698804e-09,0.00010777530027438418,1.1615515349233675e-08
111,58,59,-9.61903509512559,-194.2213385854008,5.477407164367747,10.0,10.0,4,3,111.60626555551268,0,0.0162823718966413,0.0,0.0,0.0,0.0,0.0,0.0106933172207336,0.0154277851208226,0.0182214093660668,-0.0047667708929824,0.0,0.0,0.0269756891173749,0.0154277851208226,0.0182214093660668,-0.0047667708929824,0.0,0.0,0.0002651156345805,0.0007071054509494,0.0013204462211235,1.743578222879367e-06,0.2007773056860728,0.535504922228368,110.81816575841924,source,0.8647274234317555,-0.5022414590265101,0.8647274234317555,-0.5022414590265101,-0.07731358051074351,0.11528448291414736,-0.07731358051074351,0.11528448291414736,-0.1664766010314034,0.16138275038277938,-0.1664766010314034,0.16138275038277938,1.1833719141341852,0.0011505052299670855,-5.322101269064775,7.39650036173854,0.0013204462211235048,1.7435782228793438e-06,0.07302675254425309,0.0053329065871595745
112,58,62,-19.151929073268416,-198.9730804887793,2.4955788614805137,10.0,10.0,4,3,102.06788965955955,0,0.0319392789817459,0.0,0.0,0.0,0.0,0.0,-0.0768208953345079,-0.0072817010481657,0.1888085974830122,0.020467970048482,0.0,0.0,-0.044881616352762,-0.0072817010481657,0.1888085974830122,0.020467970048482,0.0,0.0,0.0010201175418737,0.0420220974115579,0.038135006937999,0.0014542787541612,0.0267501601227536,1.1019297172248756,104.13272101339376,source,0.13181366502896372,-0.991274511783508,0.13181366502896372,-0.991274511783508,-0.04579934737132254,-0.005718519719364106,-0.04579934737132254,-0.005718519719364106,0.31513867970893106,0.03553812600605697,0.31513867970893106,0.03553812600605697,1.6497437567555848,0.004796397064935487,0.19797229361175336,0.004557418114511015,0.038135006937999046,0.0014542787541612352,0.10270562753613045,0.010548445927590359
113,58,199,-9.877211304360763,-183.13424208976767,3.469867272522233,10.0,10.0,4,4,120.35273594618968,0,0.0083261228793177,0.0,0.0,0.0,0.0,0.0,0.0587046415630863,0.0305409691994976,0.0226581987952442,0.0125824546684905,0.0,0.0,0.067030764442404,0.0305409691994976,0.0226581987952442,0.0125824546684905,0.0,0.0,6.932432220149811e-05,0.0050506978788245,0.0060975863195071,3.718055892384083e-05,0.0113691415863549,0.8283110093360299,121.90826781649308,source,0.9166928804784424,0.3995924960258088,0.9166928804784424,0.3995924960258088,0.09135408151201718,0.042890259869704454,0.09135408151201718,0.042890259869704454,0.03873208187801075,0.018517098724831624,0.03873208187801075,0.018517098724831624,1.4086726362968276,0.0027761269938368126,0.16706619334057105,0.008687502652530751,0.006097586319507138,3.718055892384061e-05,0.01202819971238515,0.00014467758832102223
114,59,62,-8.136422746785676,-205.37098556200152,1.3030625699531662,10.0,10.0,3,3,104.09206566160404,0,0.027823606681292,0.0,0.0,0.0,0.0,0.0,0.2826865286521186,0.0498278565490051,0.1251486070467031,0.0223303320047565,0.0,0.0,0.3105101353334107,0.0498278565490051,0.1251486070467031,0.0223303320047565,0.0,0.0,0.0007741530887552,0.098555306342826,0.115060177006214,0.0132388443327013,0.0067282452443422,0.8565544474827584,99.570376327679,source,-0.8949787333947445,-0.4461088059780247,-0.8949787333947445,-0.4461088059780247,0.7928707366703507,0.13471265543619063,0.7928707366703507,0.13471265543619063,0.39078277418336144,0.06668825520388172,0.39078277418336144,0.06668825520388172,2.651425115642527,0.016966900703298593,0.14975028452877273,0.0028651012667750175,0.11506017700621403,0.013238844332701304,0.8039500045834366,0.6463356098697077
115,59,199,1.1382950221219763,-189.53214716299,2.180204116147685,10.0,10.0,3,4,122.08089833918504,0,0.0072492439693904,0.0,0.0,0.0,0.0,0.0,-0.0340368325947975,-0.007783828732587,0.1445385130024708,0.0154330899416204,0.0,0.0,-0.026787588625407,-0.007783828732587,0.1445385130024708,0.0154330899416204,0.0,0.0,5.255153812774445e-05,0.022348655968936,0.0219077249002138,0.0004799484103034,0.0023987674834839,1.0201267393456237,117.92491776904694,source,-0.023279876766076776,0.99972898694484,-0.023279876766076776,0.99972898694484,-0.01045062027442522,-0.002163777195211092,-0.01045062027442522,-0.002163777195211092,0.26098019257215577,0.028968812082288332,0.26098019257215577,0.028968812082288332,1.8002020260027702,0.0062703717885003955,0.18798797555290636,0.0039918518702466025,0.021907724900213844,0.0004799484103034497,0.0690637503843292,0.0047698016171489315
116,60,74,159.47516378955294,-271.77611923587494,4.962888139958778,10.0,10.0,2,3,238.50857448564196,10,6.806405471825688e-09,0.0,0.0,0.0,0.0,0.0,0.0017813609904684,4.134909266393799e-05,-0.0063151014634276,-0.0034496813149912,0.0,0.0,0.0017813677968739,4.134909266393799e-05,-0.0063151014634276,-0.0034496813149912,0.0,0.0,4.632715544689867e-17,5.495576439421263e-05,5.4955788643589335e-05,3.020138705438862e-09,8.4298954833219e-13,0.999999558747544,344.5198053515114,transition,0.3246953753315204,-0.9458186471191626,0.3246953753315204,-0.9458186471191626,0.002711720860490606,0.0015344677978786606,0.002711720860490606,0.0015344677978786606,-0.007490892929714186,-0.0036966406870221694,-0.007490892929714186,-0.0036966406870221694,1.216542386131102,0.0013663791125359038,-0.24560961093053751,0.039533133844574415,5.4955788643588346e-05,3.0201387054387538e-09,7.948665070133619e-05,6.3181276397162285e-09
117,61,117,294.9650882843663,-29.40386353722352,5.833763039491924,10.0,10.0,3,3,451.01234694351473,20,6.258065459728107e-30,0.0,0.0,0.0,0.0,0.0,-0.0044891244924112,-0.0017743938886936,0.0004814320714968,6.784820993381995e-05,0.0,0.0,-0.0044891244924112,-0.0017743938886936,0.0004814320714968,6.784820993381995e-05,0.0,0.0,3.916338329824197e-59,2.3537092599656643e-05,2.3537092599656643e-05,5.539947280448114e-10,1.6639006339641655e-54,1.0,600.0121792268635,transition,0.9974183095207694,-0.0718102766512619,0.9974183095207694,-0.0718102766512619,-0.00527271145522301,-0.00187516228613605,-0.00527271145522301,-0.00187516228613605,-0.00028843704796124685,0.0027193229081962254,-0.00028843704796124685,0.0027193229081962254,1.161359002018465,0.0010083873354329593,-9.100630152478773,12.887238943096392,2.3537092599656237e-05,5.539947280447924e-10,3.879563269906431e-05,1.5051011165207077e-09
118,62,83,-16.466291025477396,-221.78084766277783,3.440054383086615,10.0,10.0,3,3,86.53579218267318,0,0.0841193667793866,0.0,0.0,0.0,0.0,0.0,-0.2290977514270607,-0.0128400852635526,0.3611966981409342,0.0310343878205789,0.0,0.0,-0.144978384647674,-0.0128400852635526,0.3611966981409342,0.0310343878205789,0.0,0.0,0.0070760678673649,0.1840768354738218,0.1526097877799354,0.0232897473262369,0.0463670644609553,1.2061928540210154,81.16737984050741,source,0.10264700582940268,-0.9947178455191494,0.10264700582940268,-0.9947178455191494,-0.07225625183682137,-0.007301282806000602,-0.07225625183682137,-0.007301282806000602,0.5243796126358296,0.046066325938756245,0.5243796126358296,0.046066325938756245,1.414108018758564,0.00281822934026243,0.16922452405144034,0.008511035787583152,0.15260978777993545,0.023289747326236933,0.2823703591937177,0.07973301975118917
119,63,67,358.5913273715073,-57.81567368774398,1.7514159879434956,10.0,10.0,2,3,491.4185605568724,23,2.1347413134865324e-35,0.0,0.0,0.0,0.0,0.0,-0.0065652188828869,-0.0039588328477708,0.0008173882770812,-0.0001671703666141,0.0,0.0,-0.0065652188828869,-0.0039588328477708,0.0008173882770812,-0.0001671703666141,0.0,0.0,4.557120475506206e-70,5.947052602378864e-05,5.947052602378864e-05,3.536743465546122e-09,7.662821871935898e-66,1.0,666.5481768728687,transition,0.9987486585821148,-0.05001116855689575,0.9987486585821148,-0.05001116855689575,-0.013743019914599872,-0.008308626746101307,-0.013743019914599872,-0.008308626746101307,0.000772929056962163,0.00035521668702380666,0.000772929056962163,0.00035521668702380666,2.0918622550424817,0.00947473134046705,0.17095688186636598,0.0033568846330619766,5.947052602378746e-05,3.5367434655459818e-09,0.00025862747300095523,6.688816979085983e-08
120,64,66,90.29722333128656,-213.6014265578789,1.0712479515867308,10.0,10.0,2,4,182.3465723463119,5,1.6838786671500152e-05,0.0,0.0,0.0,0.0,0.0,0.058331493942561,0.040308736811064,0.0172743656372594,0.0132359212630498,0.0,0.0,0.0583483327292325,0.040308736811064,0.0172743656372594,0.0132359212630498,0.0,0.0,2.8354473656829115e-10,0.005500950768726,0.0055029155154362,3.0282079170028917e-05,5.15262747125445e-08,0.9996429625887072,220.82996030454316,transition,-0.9562061093795129,-0.29269416869028175,-0.9562061093795129,-0.29269416869028175,0.17743875112563046,0.12562710252972237,0.17743875112563046,0.12562710252972237,0.054230489028165955,0.03857692078569993,0.054230489028165955,0.03857692078569993,3.065211142712723,0.02297377654058104,0.13827183960393233,0.0026574298392715635,0.0055029155154362325,3.0282079170028815e-05,0.05169580404857701,0.002672456156228871
121,65,72,34.08993108025463,-147.69571922833066,3.4266310581966835,10.0,10.0,2,3,175.29493618526223,2,3.876004747178445e-05,0.0,0.0,0.0,0.0,0.0,0.0182969587923073,0.0061258474111718,0.0514017069555566,0.0208197357420668,0.0,0.0,0.0183357188397791,0.0061258474111718,0.0514017069555566,0.0208197357420668,0.0,0.0,1.5023412800149843e-09,0.0034479015818667,0.0034493214661908,1.189781857712471e-05,4.355469024097849e-07,0.9995883583661436,173.38005130911995,transition,-0.32719080178947635,-0.9449582949656347,-0.32719080178947635,-0.9449582949656347,0.02536290753712372,0.009937575402621227,0.02536290753712372,0.009937575402621227,0.07295971148492252,0.029219891435716436,0.07295971148492252,0.029219891435716436,1.4165553127332886,0.002837186022603468,0.1701963176246356,0.0084315811588859,0.003449321466190799,1.1897818577124644e-05,0.006918954039097657,4.787192499514578e-05
122,66,78,71.41607706401064,-208.9199072040436,3.4828179415839813,10.0,10.0,4,4,166.9750579090266,3,9.936104711569016e-05,0.0,0.0,0.0,0.0,0.0,0.012456793249218,0.0144078292303367,-0.0168197000571563,-0.0153385067686176,0.0,0.0,0.0125561542963337,0.0144078292303367,-0.0168197000571563,-0.0153385067686176,0.0,0.0,9.872617683926396e-09,0.0008809293410879,0.0008834146537475,7.804214504558509e-07,1.1175519493644253e-05,0.997186697493603,201.63469220422928,transition,-0.7500733751294365,0.6613546188860675,-0.7500733751294365,0.6613546188860675,0.02116263543942892,0.02190037559387379,0.02116263543942892,0.02190037559387379,-0.019591446359850342,-0.019798101176206884,-0.019591446359850342,-0.019798101176206884,1.4063115152911636,0.0027578378053145546,0.16612861810746127,0.008764159562060971,0.0008834146537475157,7.80421450455843e-07,0.0017032731705491333,2.901139493512497e-06
123,66,84,81.95468219493964,-227.4794890310597,1.8647352298357236,10.0,10.0,4,3,169.70054801227286,4,7.336297053708209e-05,0.0,0.0,0.0,0.0,0.0,-0.0128300220052893,-0.0072061431939625,0.0150432753005173,0.0020243926441953,0.0,0.0,-0.0127566590347522,-0.0072061431939625,0.0150432753005173,0.0020243926441953,0.0,0.0,5.382125446024775e-09,0.0004469362617331,0.0004450591468058,1.980776441555483e-07,1.2093056585067064e-05,1.004217675202845,222.9776131781576,transition,0.15839998584286563,-0.987375027274328,0.15839998584286563,-0.987375027274328,-0.007088909777241848,-0.0022331663251765983,-0.007088909777241848,-0.0022331663251765983,0.03298306443602627,0.006140091693595358,0.03298306443602627,0.006140091693595358,1.9980971524640525,0.008397930945806164,0.17611997951316785,0.0034990235000911117,0.00044505914680584296,1.9807764415554488e-07,0.0011808229392625972,1.3943428138887592e-06
124,67,69,381.0562965551407,-62.834201488705226,4.87157689794774,10.0,10.0,3,2,509.339895606119,24,5.681407884241628e-38,0.0,0.0,0.0,0.0,0.0,-0.0023698307613127,-0.0030029153414966,0.00111866209991,0.0011640056375052,0.0,0.0,-0.0023698307613127,-0.0030029153414966,0.00111866209991,0.0011640056375052,0.0,0.0,3.2278395547122927e-75,1.7239912403379146e-05,1.7239912403379146e-05,2.9721457967618607e-10,1.8723062386788076e-70,1.0,689.5668749618271,remote,0.9330224988252125,-0.3598180327414904,0.9330224988252125,-0.3598180327414904,-0.0029989206239490664,-0.003684173247961494,-0.0029989206239490664,-0.003684173247961494,0.0011132884827982793,0.00142710159950353,0.0011132884827982793,0.00142710159950353,1.2255966481022094,0.0014290700981670495,-0.21011486832878257,0.03690559675382389,1.7239912403378513e-05,2.972145796761643e-10,2.5842687650979027e-05,6.678445050260639e-10
125,67,149,371.9353743474488,-46.02434280155709,5.164908685792632,10.0,10.0,3,3,508.6892646033488,24,7.072128484398814e-38,0.0,0.0,0.0,0.0,0.0,-0.0003510715885753,0.0004572027601567,-0.003089916455868,0.0007747774468242,0.0,0.0,-0.0003510715885753,0.0004572027601567,-0.003089916455868,0.0007747774468242,0.0,0.0,5.001500129984506e-75,1.048014942055165e-05,1.048014942055165e-05,1.0983353187708908e-10,4.7723557454023774e-70,1.0,684.3554527387522,remote,0.19725469595943265,0.9803522759304187,0.19725469595943265,0.9803522759304187,-0.0020053115901179502,0.00029062894020186257,-0.0020053115901179502,0.00029062894020186257,-0.0033987429492477795,0.0009799365379498746,-0.0033987429492477795,0.0009799365379498746,1.2026756552126034,0.0012751324044306394,-2.008603134910131,2.58151743959615,1.048014942055098e-05,1.0983353187707504e-10,1.661746900781492e-05,2.7614027622568937e-10
126,68,75,293.4380402474026,-78.56851570888153,3.62051538034812,10.0,10.0,3,2,424.1155174242191,21,1.4989161728770945e-26,0.0,0.0,0.0,0.0,0.0,-0.0044402896346371,-0.0028803053055583,0.0034145265814812,0.0015810340861576,0.0,0.0,-0.0044402896346371,-0.0028803053055583,0.0034145265814812,0.0015810340861576,0.0,0.0,2.246749693312516e-52,4.217099124992771e-05,4.217099124992771e-05,1.7783925030014795e-09,5.327713735721986e-48,1.0,614.0971693875849,transition,0.8383069246339762,-0.5451985877739641,0.8383069246339762,-0.5451985877739641,-0.006419568576995855,-0.00382439259708642,-0.006419568576995855,-0.00382439259708642,0.004260066751277915,0.002446636856193778,0.004260066751277915,0.002446636856193778,1.3812069964788933,0.0025633787851217066,0.15615988926168844,0.009579210896903778,4.217099124992686e-05,1.7783925030014076e-09,7.997104008283134e-05,6.3953672519298165e-09
127,69,82,400.5144931553924,-76.64897031005796,4.408565056819931,10.0,10.0,2,2,521.3866705196062,25,9.37080210819425e-40,0.0,0.0,0.0,0.0,0.0,-0.000251971010338,-0.0017593653748469,0.0007893541691372,0.0024051238865106,0.0,0.0,-0.000251971010338,-0.0017593653748469,0.0007893541691372,0.0024051238865106,0.0,0.0,8.781193215093777e-79,9.566556826059362e-06,9.566556826059362e-06,9.151900950622296e-11,9.17905300177986e-74,1.0,713.4304298630037,remote,0.6436532560142105,-0.7653172453448994,0.6436532560142105,-0.7653172453448994,-0.000634702888578007,-0.0024330402091109244,-0.000634702888578007,-0.0024330402091109244,0.0007325319431125396,0.0028950481169798827,0.0007325319431125396,0.0028950481169798827,1.2715080869674165,0.0017469572283813656,-0.030131705681519683,0.023582146549598823,9.56655682605906e-06,9.15190095062172e-11,1.5240439063228798e-05,2.3227098283999028e-10
128,70,100,245.32942009926705,54.48036474110682,4.618706988368537,10.0,10.0,3,3,467.06192534153,18,4.797353583589169e-32,0.0,0.0,0.0,0.0,0.0,-0.0039304611351002,0.0005881963567613,-0.003550258945027,2.4630582846690965e-05,0.0,0.0,-0.0039304611351002,0.0005881963567613,-0.003550258945027,2.4630582846690965e-05,0.0,0.0,2.301460140597584e-63,2.8399444930997184e-05,2.8399444930997184e-05,8.065284723887415e-10,8.103891277415801e-59,1.0,553.617774404965,transition,0.7337027715765085,0.679470560790495,0.7337027715765085,0.679470560790495,-0.004863008549576141,0.0003748220626945679,-0.004863008549576141,0.0003748220626945679,-0.004498173517525895,0.00040792952133861005,-0.004498173517525895,0.00040792952133861005,1.250670783066484,0.0016026814029619467,-0.11181862183639685,0.02962910974170142,2.8399444930996015e-05,8.065284723886752e-10,4.418931522008408e-05,1.952695579619954e-09
129,71,80,182.7260342659176,-55.10339156440615,2.8159751372841484,10.0,10.0,4,2,346.1082332413327,16,6.335895359865427e-18,0.0,0.0,0.0,0.0,0.0,-0.0024808444639991,0.0072674563284003,-0.0045977851199904,0.0067989540052103,0.0,0.0,-0.0024808444639991,0.0072674563284003,-0.0045977851199904,0.0067989540052103,0.0,0.0,4.014357001116425e-35,0.0001263359143143,0.0001263359143143,1.596076324563843e-08,3.1775263771222003e-31,1.0000000000000002,498.1474445773469,transition,0.6916269759867442,0.722254889971284,0.6916269759867442,0.722254889971284,-0.005230624703830176,0.01072852165122508,-0.005230624703830176,0.01072852165122508,-0.005859373671600869,0.011034699904612946,-0.005859373671600869,0.011034699904612946,1.5507582437397656,0.003931416007986795,0.199989401178774,0.0054127557455241285,0.0001263359143143309,1.5960763245637957e-08,0.0002985574734214382,8.913656493579277e-08
130,71,87,185.78032437619493,-68.74180631102416,4.40718035822897,10.0,10.0,4,3,339.7070684300453,16,2.7044302494636266e-17,0.0,0.0,0.0,0.0,0.0,-0.0088545335818028,0.0010014455508941,0.0046380086268742,-0.0010002821966536,0.0,0.0,-0.0088545335818028,0.0010014455508941,0.0046380086268742,-0.0010002821966536,0.0,0.0,7.313942974213892e-34,0.0001019173466385,0.0001019173466385,1.0387145545848804e-08,7.17634751633648e-30,1.0000000000000049,503.392764003044,transition,0.8968149449333441,-0.4424058708292677,0.8968149449333441,-0.4424058708292677,-0.01139659243785708,0.0015217111911377634,-0.01139659243785708,0.0015217111911377634,0.005625957146050501,-0.0007293337323052144,0.005625957146050501,-0.0007293337323052144,1.2716453912414298,0.0017479079121915683,-0.029593442057187114,0.023542300996881226,0.00010191734663858079,1.0387145545848635e-08,0.00016438124564613,2.7021193920173332e-08
131,71,125,165.38169676977117,-70.12541084133798,3.271101961403513,10.0,10.0,4,4,323.1629276825223,16,1.015161981245739e-15,0.0,0.0,0.0,0.0,0.0,-0.0034318675669617,0.0080068075927495,-0.0032170040836224,0.0060884715035004,0.0,0.0,-0.0034318675669607,0.0080068075927495,-0.0032170040836224,0.0060884715035004,0.0,0.0,1.0305538481667741e-30,0.0001233052833474,0.0001233052833474,1.5204192901395006e-08,8.35774283298854e-27,1.0000000000000564,490.7211261809264,transition,-0.812532691200665,-0.5829156248808267,-0.812532691200665,-0.5829156248808267,-0.005434276493285262,0.011766286187351715,-0.005434276493285262,0.011766286187351715,-0.004038160023176008,0.008498013720917241,-0.004038160023176008,0.008498013720917241,1.4449108375080633,0.0030568272595453074,0.18145598525153164,0.007510981624966435,0.00012330528334744743,1.5204192901394298e-08,0.000256499825221811,6.57921603388196e-08
132,72,94,26.49174775971011,-169.2302124454514,2.2454926084629,10.0,10.0,3,4,154.13950954357654,1,0.0003881141571741,0.0,0.0,0.0,0.0,0.0,0.0301086873671235,0.004410785178609,0.085921243709306,0.0259804854294152,0.0,0.0,0.0304968015242977,0.004410785178609,0.085921243709306,0.0259804854294152,0.0,0.0,1.5063259899902445e-07,0.008983433824565,0.0090069556728062,8.112525049189695e-05,1.6724030235189597e-05,0.9973884796266692,150.54440400297116,transition,-0.33855795304196756,-0.940945541693053,-0.33855795304196756,-0.940945541693053,0.0545007035723991,0.014887725202059032,0.0545007035723991,0.014887725202059032,0.15163693555316024,0.043989730032759,0.15163693555316024,0.043989730032759,1.7690543399534686,0.005965231352126109,0.19005491681090012,0.00410893469928998,0.009006955672806254,8.112525049189676e-05,0.02812082762388683,0.0007907809462523566
133,72,155,21.21427165976929,-151.59136038959204,3.085076694913951,10.0,10.0,3,1,164.1855884126705,2,0.0001348463789552,0.0,0.0,0.0,0.0,0.0,-0.0285942405267601,0.0065365550387808,0.015551421494762,-0.0084792588676311,0.0,0.0,-0.0284593941478049,0.0065365550387808,0.015551421494762,-0.0084792588676311,0.0,0.0,1.818354591733869e-08,0.0011741016845292,0.0011664082084871,1.3605081088262602e-06,1.5589350096329188e-05,1.0065958692558228,168.9558367509661,transition,-0.7834646113953693,0.6214364027727237,-0.7834646113953693,0.6214364027727237,-0.037713622110511075,0.011620795315481961,-0.037713622110511075,0.011620795315481961,0.02856638175088678,-0.00990469294100847,0.02856638175088678,-0.00990469294100847,1.4788263180286862,0.003319535784680887,0.19492345027296554,0.006409870790025517,0.0011664082084871686,1.360508108826246e-06,0.0024715012850518177,6.108318602012787e-06
134,73,81,108.23515331394329,34.580166803722875,3.123780741319809,10.0,10.0,3,3,367.5259899816151,12,4.049901259914516e-20,0.0,0.0,0.0,0.0,0.0,-0.0099003441022065,-0.0023743423659287,-0.0036860185048458,-0.001470110208352,0.0,0.0,-0.0099003441022065,-0.0023743423659287,-0.0036860185048458,-0.001470110208352,0.0,0.0,1.6401700215057184e-39,0.0001194022714555,0.0001194022714555,1.4256902428734858e-08,1.373650602716449e-35,1.0,409.0390991290352,transition,0.9470636939501265,0.3210457282094582,0.9470636939501265,0.3210457282094582,-0.01469231400095816,-0.0037852972304433822,-0.01469231400095816,-0.0037852972304433822,-0.005039520300379181,-0.0014131755049986276,-0.005039520300379181,-0.0014131755049986276,1.4717699307071241,0.0032648771722249685,0.1921214363261768,0.006638965717062955,0.00011940227145550539,1.4256902428734198e-08,0.0002575863956914155,6.635075124529446e-08
135,73,85,99.59991916996228,42.797254230038135,4.30292696913018,10.0,10.0,3,3,370.3862667992266,12,2.015691830997708e-20,0.0,0.0,0.0,0.0,0.0,1.2233565412314753e-05,0.0010346335938306,-0.0016945073424025,0.0054557143203126,0.0,0.0,1.2233565412314771e-05,0.0010346335938306,-0.0016945073424025,0.0054557143203126,0.0,0.0,4.063013557550891e-40,3.370679021192613e-05,3.370679021192613e-05,1.136147706390799e-09,1.2053991293758123e-35,1.0,406.776605017491,transition,0.1904801394862937,0.9816910493945038,0.1904801394862937,0.9816910493945038,-0.00040349805548277394,0.0013618993161082502,-0.00040349805548277394,0.0013618993161082502,-0.0021012865516377276,0.006984162663800943,-0.0021012865516377276,0.006984162663800943,1.2819829737283939,0.001819484506420792,0.010932205496427913,0.020542345671989194,3.370679021192548e-05,1.1361477063907554e-09,5.521151371451915e-05,3.048311246648536e-09
136,74,92,171.70540015464866,-291.5035805297068,2.7714855531438687,10.0,10.0,3,2,250.71746030258947,10,9.449248932710615e-10,0.0,0.0,0.0,0.0,0.0,0.0102254232185449,0.0122240957449367,-0.0096650876362533,-0.0137654284544425,0.0,0.0,0.0102254241634698,0.0122240957449367,-0.0096650876362533,-0.0137654284544425,0.0,0.0,8.92883053923327e-19,0.0005368887363305,0.000536888755655,2.88249535948866e-07,1.6630690147978138e-15,0.9999999640064826,339.8689694449753,transition,0.7182288725985546,-0.695806931961596,0.7182288725985546,-0.695806931961596,0.015783882628517567,0.020476362137994107,0.015783882628517567,0.020476362137994107,-0.015232799603894773,-0.020219908197811866,-0.015232799603894773,-0.020219908197811866,1.5643985121671469,0.004050296725525429,0.19972509809323322,0.005293439775172587,0.0005368887556550833,2.882495359488638e-07,0.0013092952285374535,1.7142539954709426e-06
137,74,122,156.47305549469283,-291.4315254232486,1.1088481980717295,10.0,10.0,3,4,235.49435013788937,9,1.0915443068292011e-08,0.0,0.0,0.0,0.0,0.0,0.0002914764195673,0.0107254031110944,0.0066377426752388,0.0189058498560177,0.0,0.0,0.0002914873350103,0.0107254031110944,0.0066377426752388,0.0189058498560177,0.0,0.0,1.1914689737712408e-16,0.0005166100169996,0.0005166100233629,2.6688591623903496e-07,2.3063218286305576e-13,0.9999999876825704,324.63645436118,transition,-0.6684187972402862,-0.7437851245459598,-0.6684187972402862,-0.7437851245459598,0.009541503277905424,0.04212781559754751,0.009541503277905424,0.04212781559754751,0.011483295980850454,0.047871738646623134,0.011483295980850454,0.047871738646623134,2.998095200156874,0.021999463472327594,0.1401336391810248,0.0026911140690110288,0.0005166100233629158,2.668859162390324e-07,0.004289362579457655,1.839863133805163e-05
138,75,76,312.832405935229,-90.87784518084943,2.3242212523709505,10.0,10.0,2,2,435.7044466775593,22,5.561669619045684e-28,0.0,0.0,0.0,0.0,0.0,-0.0050187215016514,-0.0026593329105907,0.0038097356056327,0.0010742267268592,0.0,0.0,-0.0050187215016514,-0.0026593329105907,0.0038097356056327,0.0010742267268592,0.0,0.0,3.0932168951415764e-55,4.792766548601388e-05,4.792766548601388e-05,2.2970611189392463e-09,6.453927734168964e-51,1.0,637.0680425203719,transition,0.8505331296547264,-0.5259214726170974,0.8505331296547264,-0.5259214726170974,-0.009161657624194172,-0.004240648081873186,-0.009161657624194172,-0.004240648081873186,0.005803496622774752,0.0025153972046285,0.005803496622774752,0.0025153972046285,1.7314946568213196,0.005597275347853978,0.19254735424526134,0.004250119953055673,4.7927665486013075e-05,2.297061118939169e-09,0.00014192686272486074,2.0143234362921466e-08
139,76,99,330.5251949359738,-104.52277717960288,2.598032731397605,10.0,10.0,2,2,446.0793997716614,23,2.702553727931531e-29,0.0,0.0,0.0,0.0,0.0,-0.0029054470364592,-0.0022098104613692,0.0035050670294352,0.0018455313139015,0.0,0.0,-0.0029054470364592,-0.0022098104613692,0.0035050670294352,0.0018455313139015,0.0,0.0,7.303796652356615e-58,2.901636546827205e-05,2.901636546827205e-05,8.419494649883308e-10,2.5171300865861203e-53,1.0,659.4112507026246,transition,0.7256422905265744,-0.6880721373514167,0.7256422905265744,-0.6880721373514167,-0.005221139450795293,-0.0034105227835880846,-0.005221139450795293,-0.0034105227835880846,0.0051010520503460355,0.0031879172239723803,0.0051010520503460355,0.0031879172239723803,1.6175782191440815,0.004513780399440636,0.19869465204908182,0.004828259168592564,2.9016365468270997e-05,8.419494649882696e-10,7.507551106926365e-05,5.6363323623111284e-09
140,77,163,360.13227323485467,25.47954938753364,2.1105520705973007,10.0,10.0,2,3,535.808947530457,23,6.064079433846024e-42,0.0,0.0,0.0,0.0,0.0,-0.0036395236536208,-0.0050627325978861,-0.0007276031337637,-0.002122780607305,0.0,0.0,-0.0036395236536208,-0.0050627325978861,-0.0007276031337637,-0.002122780607305,0.0,0.0,3.677305937999432e-83,4.39129976099775e-05,4.39129976099775e-05,1.928351359093889e-09,8.374071774056958e-79,1.0,660.193532041212,remote,0.9500169817227392,0.3121982293966715,0.9500169817227392,0.3121982293966715,-0.006410138453617081,-0.009530127592522248,-0.006410138453617081,-0.009530127592522248,-0.0020177227287367385,-0.003215298624577847,-0.0020177227287367385,-0.003215298624577847,1.8334314661469937,0.006595906271223516,0.18578289037561857,0.003866943815970755,4.3912997609976773e-05,1.928351359093826e-09,0.0001463225571795673,2.141029073956774e-08
141,78,90,53.78266557601894,-192.8124258939993,4.289920161417964,10.0,10.0,4,4,159.6865854838846,2,0.0002182896306053,0.0,0.0,0.0,0.0,0.0,0.0077359905998913,0.01549323347089,-0.0101654119723913,-0.0163273378943227,0.0,0.0,0.0079542802304967,0.01549323347089,-0.0101654119723913,-0.0163273378943227,0.0,0.0,4.765036282983747e-08,0.0006698033972289,0.0006732284206526,4.532365063743959e-07,7.077889371284575e-05,0.9949125388670554,177.75189180607111,transition,-0.7267618150935449,0.6868895574413226,-0.7267618150935449,0.6868895574413226,0.011869518721963332,0.02093777408731901,0.011869518721963332,0.02093777408731901,-0.011226686655348733,-0.01986938859801235,-0.011226686655348733,-0.01986938859801235,1.2832727058779136,0.001828414508657483,0.015988245493779196,0.020168066788651077,0.0006732284206525992,4.532365063743931e-07,0.0011001069549388541,1.2102353123048381e-06
142,79,105,314.9552543434106,52.05450756215991,3.877210687516488,10.0,10.0,2,2,516.2440032018292,21,5.4687121057124435e-39,0.0,0.0,0.0,0.0,0.0,-0.0032909665795853,-0.0023602607945383,-0.0022676150598606,-0.0022947149709274,0.0,0.0,-0.0032909665795853,-0.0023602607945383,-0.0022676150598606,-0.0022947149709274,0.0,0.0,2.990681209516584e-77,2.680908690368813e-05,2.680908690368813e-05,7.187271406095024e-10,1.1155475829000187e-72,1.0,618.160121333882,remote,0.8115383120749987,0.5842992110506928,0.8115383120749987,0.5842992110506928,-0.0043310071211593425,-0.0034950924787089783,-0.0043310071211593425,-0.0034950924787089783,-0.0030976611407616287,-0.0025972063668285115,-0.0030976611407616287,-0.0025972063668285115,1.3344071995787632,0.0022008686442790346,0.13757620363826156,0.01109862806713768,2.6809086903686863e-05,7.187271406094345e-10,4.731427957314019e-05,2.2386410515252714e-09
143,80,123,200.4445834048408,-52.42156993532697,2.581981560906652,10.0,10.0,2,2,361.3812696630494,17,1.780235816800549e-19,0.0,0.0,0.0,0.0,0.0,-0.0068987501450867,-0.0026547620245398,0.0046379901281663,-0.000170951744759,0.0,0.0,-0.0068987501450867,-0.0026547620245398,0.0046379901281663,-0.000170951744759,0.0,0.0,3.169239563419518e-38,7.618069189927871e-05,7.618069189927871e-05,5.8034978182528286e-09,4.16016116998476e-34,1.0,516.0678003449825,transition,0.8704707483902739,-0.4922201501329221,0.8704707483902739,-0.4922201501329221,-0.011630588773740189,-0.0033185682039977575,-0.011630588773740189,-0.0033185682039977575,0.006731050752017137,0.001547975745166501,0.006731050752017137,0.001547975745166501,1.6224994221245346,0.0045566707681004735,0.19859929548485944,0.00478521176728696,7.618069189927662e-05,5.803497818252511e-09,0.00019398676328229045,3.763086432873939e-08
144,81,85,110.54976577344584,46.50914974356456,3.8401169873877663,10.0,10.0,3,3,378.9943048147245,13,2.389504289149524e-21,0.0,0.0,0.0,0.0,0.0,-0.0042552473382356,-0.0065641148388707,0.0045002006098,0.0064671348961614,0.0,0.0,-0.0042552473382356,-0.0065641148388707,0.0045002006098,0.0064671348961614,0.0,0.0,5.709730747863973e-42,0.000123270372821,0.000123270372821,1.5195584815437936e-08,4.631875946504377e-38,1.0,418.3384953881509,transition,-0.7244288397199836,0.689349589237535,-0.7244288397199836,0.689349589237535,-0.005963646363794784,-0.008943702147961762,-0.005963646363794784,-0.008943702147961762,0.005735722778477323,0.00854650538475507,0.005735722778477323,0.00854650538475507,1.3411699941598103,0.0022532530941794717,0.14026163513058604,0.010879065015889065,0.00012327037282103647,1.5195584815437327e-08,0.0002214961561470496,4.906054718791817e-08
145,81,110,130.4182196091583,40.96683560712671,3.094556656921988,10.0,10.0,3,2,384.64046574876727,13,5.745098882538405e-22,0.0,0.0,0.0,0.0,0.0,-0.0090462760019007,-0.0046287799771624,-0.0025883182912519,-0.0023677792277642,0.0,0.0,-0.0090462760019007,-0.0046287799771624,-0.0025883182912519,-0.0023677792277642,0.0,0.0,3.3006161170144027e-43,0.0001155664836278,0.0001155664836278,1.335561213809606e-08,2.8560323143900187e-39,1.0,432.12324885698223,transition,0.9728023671209632,0.23163668648089958,0.9728023671209632,0.23163668648089958,-0.01347337458698358,-0.0072326168954419,-0.01347337458698358,-0.0072326168954419,-0.0032843535595619253,-0.001970814651532663,-0.0032843535595619253,-0.001970814651532663,1.4770979642792892,0.003306147996642898,0.19423713997137584,0.006465984075488613,0.00011556648362780486,1.3355612138095688e-08,0.0002485136586123095,6.175903851687551e-08
146,82,97,418.4135798880508,-82.00329121272682,1.611473123825352,10.0,10.0,2,2,535.8692414894467,26,5.935920890183136e-42,0.0,0.0,0.0,0.0,0.0,-0.004157443724869,-0.0033553985005315,-0.0014901504256198,-0.0017642492061741,0.0,0.0,-0.004157443724869,-0.0033553985005315,-0.0014901504256198,-0.0017642492061741,0.0,0.0,3.523515681451256e-83,3.387616097528335e-05,3.387616097528335e-05,1.1475942824233104e-09,1.0401165834647189e-78,1.0,732.1132042338509,remote,0.9294841206226969,0.3688621280509179,0.9294841206226969,0.3688621280509179,-0.009028949154689367,-0.0077551450863357,-0.009028949154689367,-0.0077551450863357,-0.0035554405963422785,-0.003148300363495678,-0.0035554405963422785,-0.003148300363495678,2.2076568614133607,0.010804519016382724,0.164580747854613,0.003181351159466356,3.387616097528249e-05,1.147594282423252e-09,0.00016421715116098835,2.6967272735430897e-08
147,83,86,-22.975438703375005,-241.24989064895183,1.9534173207280008,10.0,10.0,3,3,69.00564096726036,0,0.2071853143011053,0.0,0.0,0.0,0.0,0.0,0.9478218243809992,0.0618896174247839,1.3463154024084147,0.070980529486218,0.0,0.0,1.1550071386821046,0.0618896174247839,1.3463154024084147,0.070980529486218,0.0,0.0,0.0429257544620477,2.719799933846188,3.155475213479885,9.957023822885926,0.0136035784019703,0.8619303749328994,60.63904239466997,source,-0.7025943400681431,-0.7115906079370431,-0.7025943400681431,-0.7115906079370431,2.3765403325985264,0.13543254424647072,2.3765403325985264,0.13543254424647072,2.4387422263316867,0.1392990048968556,2.4387422263316867,0.1392990048968556,1.9247178639113443,0.007555241664819137,0.18016054920948515,0.0036102594359720733,3.155475213479885,9.957023822885926,11.633153785767071,135.33026700330674
148,83,112,-7.962511637318939,-242.25076525137132,2.8865705326645674,10.0,10.0,3,2,81.14135805043043,0,0.1134375884499278,0.0,0.0,0.0,0.0,0.0,0.0376295663782922,0.001444249669567,-0.3072461745027952,-0.0170447173619252,0.0,0.0,0.15106715482822,0.001444249669567,-0.3072461745027952,-0.0170447173619252,0.0,0.0,0.0128680864733352,0.0961088042594763,0.1175141052615514,0.0138095649354229,0.1095024843587471,0.8178490917798057,75.68529538538121,source,0.6379945547794023,-0.7700408742864447,0.6379945547794023,-0.7700408742864447,0.31254647874232355,0.012648107723046973,0.31254647874232355,0.012648107723046973,-0.40218235594344853,-0.01903223382652053,-0.40218235594344853,-0.01903223382652053,1.5291140732820288,0.0037427778936972647,0.20040879329458214,0.005602084512356527,0.11751410526155141,0.013809564935422985,0.25995814935984957,0.06757823941859785
149,84,88,78.79669654902398,-248.2031588035561,2.135975480213414,10.0,10.0,3,2,161.15704663350593,5,0.0001867666085591,0.0,0.0,0.0,0.0,0.0,0.0106319430546071,0.0057205358167774,0.0409829592517462,0.0203237587862625,0.0,0.0,0.0108187096631663,0.0057205358167774,0.0409829592517462,0.0203237587862625,0.0,0.0,3.4881766072686186e-08,0.0022384208633799,0.0022424271290394,5.028479429051903e-06,1.555536214353088e-05,0.998213424370586,243.94051760906345,transition,-0.441785140728797,-0.8971208889727388,-0.441785140728797,-0.8971208889727388,0.031977108350568335,0.016149585809696356,0.031977108350568335,0.016149585809696356,0.06844868827881698,0.03449357140174734,0.06844868827881698,0.03449357140174734,1.821302523465912,0.006477084254826988,0.18658775954001453,0.003912535996402978,0.002242427129039393,5.028479429051854e-06,0.007158373975426831,5.124231797206814e-05
150,84,93,94.33924164491322,-243.55225632907045,3.7777557678880456,10.0,10.0,3,2,177.33236472903675,5,3.0565897037013385e-05,0.0,0.0,0.0,0.0,0.0,0.0315624676836716,0.0213392858351397,-0.0177518757106365,-0.0117405577103877,0.0,0.0,0.0315930335807086,0.0213392858351397,-0.0177518757106365,-0.0117405577103877,0.0,0.0,9.342740616773035e-10,0.0019045242728334,0.0019064546773824,3.634569436913277e-06,4.900583647548729e-07,0.9989874374817982,243.2682800323035,transition,0.8960368403588643,-0.44397970755396354,0.8960368403588643,-0.44397970755396354,0.043692575994980394,0.029490140015026596,0.043692575994980394,0.029490140015026596,-0.021940791809231378,-0.014803164317192356,-0.021940791809231378,-0.014803164317192356,1.352539475118483,0.002341320829867124,0.14477633121545133,0.010509939811732327,0.0019064546773824055,3.634569436913252e-06,0.0034792415742008415,1.210512193164755e-05
151,85,138,108.17754587783426,63.50686070774175,1.5707855386801377,10.0,10.0,3,2,392.67432661154726,13,7.290139387377077e-23,0.0,0.0,0.0,0.0,0.0,-0.0019033793081317,0.0032755865573543,-0.0044631023781466,0.001174877883069,0.0,0.0,-0.0019033793081317,0.0032755865573543,-0.0044631023781466,0.001174877883069,0.0,0.0,5.3146132287386625e-45,3.565194096328733e-05,3.565194096328733e-05,1.271060894449725e-09,1.4906939384342067e-40,1.0,429.1923022049742,transition,0.5806941279109888,0.8141218150926164,0.5806941279109888,0.8141218150926164,-0.006053221782545535,0.003955307982930834,-0.006053221782545535,0.003955307982930834,-0.008767830995028095,0.004983538856937241,-0.008767830995028095,0.004983538856937241,2.241323479113097,0.011191147156587127,0.1627269234589548,0.0031303158087340206,3.565194096328663e-05,1.2710608944496754e-09,0.00015399647508449883,2.3714914338450672e-08
152,86,89,-36.60356956113991,-259.0357346535828,3.194620598112856,10.0,10.0,3,3,47.956960311817966,0,0.4675319373939748,0.0,0.0,0.0,0.0,0.0,0.3132815760021055,0.0277999532662889,1.773793442269896,0.076063024053393,0.0,0.0,0.7808135133960803,0.0277999532662889,1.773793442269896,0.076063024053393,0.0,0.0,0.2185861124833635,3.2510469427318047,3.762571339571372,14.15694308536391,0.0580948752212269,0.8640492496554657,38.23229792713454,source,-0.5101146151877575,-0.8601064349089862,-0.5101146151877575,-0.8601064349089862,1.3942217114365205,0.058534768598295164,1.3942217114365205,0.058534768598295164,2.4361016302677574,0.10738140659146327,2.4361016302677574,0.10738140659146327,1.4588546540434397,0.0031648357388750457,0.18699292173519097,0.007058277218841473,3.7625713395713722,14.15694308536391,7.893402419250624,62.305801752231595
153,86,120,-41.89743681001698,-246.888723165946,2.836650070467435,10.0,10.0,3,2,50.803613547488375,0,0.426038524390009,0.0,0.0,0.0,0.0,0.0,1.7160395827276584,0.0716298512283484,-0.5922389680462202,-0.0262205662111508,0.0,0.0,2.1420781071176678,0.0716298512283484,-0.5922389680462202,-0.0262205662111508,0.0,0.0,0.1815088242644162,3.3013571984399954,4.94506396594469,24.453657627284624,0.0367050508374448,0.6676065711536887,41.546042232669535,source,-0.9817398519224937,0.19022844988907472,-0.9817398519224937,0.19022844988907472,3.3524740381162483,0.12197521849138954,3.3524740381162483,0.12197521849138954,-0.6849852203032144,-0.02707316581417242,-0.6849852203032144,-0.02707316581417242,1.544419419860248,0.0038761704726690766,0.20011222652630845,0.00546820354892321,4.9450639659446916,24.45365762728464,11.723897838510531,137.4497805278319
154,87,95,206.45655436832465,-79.57040175071023,2.2881504299093827,10.0,10.0,3,3,349.6767702662058,17,2.788283937652802e-18,0.0,0.0,0.0,0.0,0.0,-0.0094458528867207,0.0001747800179948,0.0059669592821947,-0.0018537406073165,0.0,0.0,-0.0094458528867207,0.0001747800179948,0.0059669592821947,-0.0018537406073165,0.0,0.0,7.774527316972615e-36,0.0001282956421268,0.0001282956421268,1.6459771788739732e-08,6.059852998970873e-32,1.0000000000000004,526.7329646423665,transition,0.8732773020589836,-0.48722351514328915,0.8732773020589836,-0.48722351514328915,-0.01698193490568188,0.0014143836994654207,-0.01698193490568188,0.0014143836994654207,0.009615388347644103,-0.0011223549570984147,0.009615388347644103,-0.0011223549570984147,1.748703243108603,0.005765860440203203,0.19140540306042433,0.0041854336080359164,0.00012829564212684367,1.6459771788739144e-08,0.00038410196811586344,1.4753432191047977e-07
155,87,123,203.4988735151181,-66.05998468194497,1.0891743032752714,10.0,10.0,3,2,355.3047830731747,17,7.51118446678345e-19,0.0,0.0,0.0,0.0,0.0,-0.0015492875062767,0.0081910144349214,-0.0050079593917358,0.0093290731750261,0.0,0.0,-0.0015492875062767,0.0081910144349214,-0.0050079593917358,0.0093290731750261,0.0,0.0,5.641789209404896e-37,0.0001816042728244,0.0001816042728244,3.298011190810281e-08,3.106639024324128e-33,1.0,521.3131197706796,transition,0.6424326516566793,0.7663421481853702,0.6424326516566793,0.7663421481853702,-0.009381566286203081,0.024149896607214068,-0.009381566286203081,0.024149896607214068,-0.011629582524262688,0.028737892474415678,-0.011629582524262688,0.028737892474415678,3.0332128420993465,0.022509261534722748,0.13915947405084617,0.0026734891847577207,0.0001816042728244622,3.2980111908101694e-08,0.0016323449456812655,2.6645500216911735e-06
156,88,114,77.99998168383172,-268.1419304927356,1.627886205129613,10.0,10.0,2,2,157.4154451191504,6,0.0002769674138571,0.0,0.0,0.0,0.0,0.0,0.0037696092930478,-0.0013906493933535,-0.0389829877675029,-0.0106527693893858,0.0,0.0,0.004046576706905,-0.0013906493933535,-0.0389829877675029,-0.0106527693893858,0.0,0.0,7.67109483387395e-08,0.0016492986909021,0.0016514635197248,2.7273317569819087e-06,4.645028329267693e-05,0.9986891452358608,263.8952005443957,transition,0.3784889209547089,-0.9256058214567042,0.3784889209547089,-0.9256058214567042,0.029529743847494554,0.007056186829934893,0.029529743847494554,0.007056186829934893,-0.07697976705482845,-0.019672716466109512,-0.07697976705482845,-0.019672716466109512,2.1940759882410377,0.010648555985471892,0.165328567377968,0.003201938455516779,0.0016514635197248163,2.7273317569818786e-06,0.007234695853249176,5.234082408902083e-05
157,89,96,-48.243680011596574,-279.3079190816444,3.562644748490591,10.0,10.0,3,2,30.679639470235085,0,0.7326011851430176,0.0,0.0,0.0,0.0,0.0,0.0697734710653633,0.0182268553060108,1.9931219323277856,0.0699828424541462,0.0,0.0,0.802374656208381,0.0182268553060108,1.9931219323277856,0.0699828424541462,0.0,0.0,0.536704496472954,3.982633190882864,4.621569942543872,21.35890873382497,0.1161303416686004,0.861748981492355,33.39684578907303,source,-0.48586676335704326,-0.8740328874046736,-0.48586676335704326,-0.8740328874046736,1.4042335714453298,0.04540112589057388,1.4042335714453298,0.04540112589057388,2.6138999846065727,0.0927144039484808,2.6138999846065727,0.0927144039484808,1.3917577690944525,0.002645104824980967,0.16034948525053913,0.00923666613959374,4.621569942543871,21.358908733824965,8.815002275632,77.70426511939735
158,89,147,-54.09866034152142,-266.4210562701961,3.730348001051901,10.0,10.0,3,3,29.107491114711205,0,0.7557222721305553,0.0,0.0,0.0,0.0,0.0,2.3489711940139326,0.070131292213377,-0.9019810841026182,-0.0292074807955706,0.0,0.0,3.104693466144488,0.070131292213377,-0.9019810841026182,-0.0292074807955706,0.0,0.0,0.5711161525941691,6.337007021468117,10.45846286988115,109.37944560068264,0.0546080394126464,0.6059214533062764,19.242269575533623,source,-0.9758924141737884,0.21825213849594924,-0.9758924141737884,0.21825213849594924,4.279551879641741,0.10608627390358032,4.279551879641741,0.10608627390358032,-0.9877296862322891,-0.027853731051624645,-0.9877296862322891,-0.027853731051624645,1.3611826945208736,0.00240827100680018,0.14820845876273747,0.010229326286974599,10.45846286988115,109.37944560068264,19.302204351453934,372.5750928252872
159,90,94,33.84111294113431,-182.0831453154097,2.7369723913051693,10.0,10.0,4,4,150.44262250738427,1,0.0005631425632855,0.0,0.0,0.0,0.0,0.0,0.038790419894997,0.0396192453564381,-0.0139561215886926,-0.0108797199558309,0.0,0.0,0.0393535624582826,0.0396192453564381,-0.0139561215886926,-0.0108797199558309,0.0,0.0,3.171295465837832e-07,0.0033875229143595,0.0034315291168872,1.1775392080045171e-05,9.241639391113482e-05,0.9871759204049296,155.10717976939523,transition,-0.9777079561076851,0.20996940863786095,-0.9777079561076851,0.20996940863786095,0.06337180435147845,0.06323090107729896,0.06337180435147845,0.06323090107729896,-0.014695485555281282,-0.014080999303892904,-0.014695485555281282,-0.014080999303892904,1.5749800629021038,0.0041425194226622376,0.1995200627947019,0.005200879427076282,0.003431529116887269,1.177539208004512e-05,0.008428364274910944,7.103732435059508e-05
160,90,101,36.24512040030696,-192.97090645664315,4.342948250802433,10.0,10.0,4,4,145.35482181044372,1,0.0009261532708845,0.0,0.0,0.0,0.0,0.0,0.0612158869768083,0.0213476923777076,0.0644720844232991,0.0219707584841954,0.0,0.0,0.0621420402476929,0.0213476923777076,0.0644720844232991,0.0219707584841954,0.0,0.0,8.577598811701993e-07,0.0088424726864664,0.0089567210342549,8.022285168546576e-05,9.576717616744964e-05,0.9872444003389664,161.84416311079133,transition,-0.7156940772718547,-0.6984139086229514,-0.7156940772718547,-0.6984139086229514,0.08184730495602616,0.028085838215556973,0.08184730495602616,0.028085838215556973,0.07982871782825295,0.027485548038990996,0.07982871782825295,0.027485548038990996,1.2780145339098197,0.0017920073465552855,-0.0046249708190276295,0.021693982641295854,0.008956721034254971,8.022285168546544e-05,0.014615875177941696,0.00021362380721717223
161,91,104,206.06571617168564,-275.606450227446,2.8037476864170827,10.0,10.0,2,2,284.9560968377645,11,2.199111623464692e-12,0.0,0.0,0.0,0.0,0.0,0.0008412476447343,-0.0007683154381885,-0.007155527800984,-0.0081943006864805,0.0,0.0,0.0008412476469334,-0.0007683154381885,-0.007155527800984,-0.0081943006864805,0.0,0.0,4.8360919324575114e-24,0.0001196461480634,0.0001196461480671,1.4315200747304286e-08,4.041995509745675e-20,0.9999999999690756,376.787161719388,transition,0.1882112742587026,-0.9821285640087632,0.1882112742587026,-0.9821285640087632,0.002006478919969207,0.0018639391736168874,0.002006478919969207,0.0018639391736168874,-0.010957513219726732,-0.01218102401502133,-0.010957513219726732,-0.01218102401502133,1.5545071147447966,0.003964089006865854,0.19991676051343818,0.00537996312241195,0.0001196461480671395,1.4315200747303867e-08,0.00027594466891423696,7.614546030218786e-08
162,92,145,183.37725940244724,-310.4233845370343,3.0786156212651328,10.0,10.0,2,3,263.760513101016,11,1.0280186609976209e-10,0.0,0.0,0.0,0.0,0.0,0.0031997968668403,0.0014781225585403,-0.0116158670530338,-0.0120868164721911,0.0,0.0,0.0031997969696422,0.0014781225585403,-0.0116158670530338,-0.0120868164721911,0.0,0.0,1.0568223673593418e-20,0.0002934430461132,0.0002934430467711,8.610882169835699e-08,3.6014564972241516e-17,0.9999999977580312,362.0993828908855,transition,0.30281626134146683,-0.9530489556508503,0.30281626134146683,-0.9530489556508503,0.005310184350555172,0.004953261624491199,0.005310184350555172,0.004953261624491199,-0.01696720758830355,-0.01705185304714186,-0.01696720758830355,-0.01705185304714186,1.4800042785370298,0.0033286602394450395,0.1953912054602495,0.006371626747512805,0.0002934430467711834,8.610882169835493e-08,0.0006313846842434448,3.9864661949719453e-07
163,93,106,113.49988339674007,-256.28580194474347,2.623971930301668,10.0,10.0,2,2,194.00588190413103,6,3.947581901779605e-06,0.0,0.0,0.0,0.0,0.0,0.0261044325097196,0.0189818335237999,-0.0261416378362781,-0.0195454246279932,0.0,0.0,0.0261083800916214,0.0189818335237999,-0.0261416378362781,-0.0195454246279932,0.0,0.0,1.5583402871257887e-11,0.0021071602532314,0.0021073663675855,4.440993007230615e-06,7.394728847795112e-09,0.9999021933930252,266.27422222749027,transition,0.752102168752279,-0.6590465292815966,0.752102168752279,-0.6590465292815966,0.044223158255336674,0.032705364141158745,0.044223158255336674,0.032705364141158745,-0.039386237681938156,-0.02925387933551795,-0.039386237681938156,-0.02925387933551795,1.6096253995644012,0.004444468207886558,0.19884875127116453,0.004897825129866134,0.002107366367585516,4.440993007230573e-06,0.005432393744597513,2.9510901796342188e-05
164,94,101,25.130060997917035,-190.58387213303428,2.300008478232524,10.0,10.0,4,4,138.28688982362465,0,0.001796814091837,0.0,0.0,0.0,0.0,0.0,-0.0289053781047229,-0.0060992564585535,0.0786338965125844,0.0039660603501139,0.0,0.0,-0.0271085640128859,-0.0060992564585535,0.0786338965125844,0.0039660603501139,0.0,0.0,3.2285408806241046e-06,0.0070717411281767,0.0069710944876405,4.859615835561222e-05,0.0004631325663922,1.0144377099915522,150.4756769151387,source,0.21560596817882308,-0.9764804485936585,0.21560596817882308,-0.9764804485936585,-0.03280790376513805,-0.003045675272674947,-0.03280790376513805,-0.003045675272674947,0.1402212900494405,0.00907113540487637,0.1402212900494405,0.00907113540487637,1.7430460322705366,0.005710439187367388,0.19178081208656708,0.004206698823319237,0.006971094487640517,4.8596158355612e-05,0.020829930367992064,0.000433885999135398
165,94,199,11.8030861758156,-179.0705808295789,1.881727902106551,10.0,10.0,4,4,136.97669576048492,0,0.0020243281416861,0.0,0.0,0.0,0.0,0.0,0.0368914784445495,0.0440280508940936,-0.0194634374467597,-0.0050871371121362,0.0,0.0,0.0389158065862356,0.0440280508940936,-0.0194634374467597,-0.0050871371121362,0.0,0.0,4.097904425222312e-06,0.0037041548085991,0.0038576136290318,1.4881182910891896e-05,0.0010622900112085,0.9602192352085936,132.86419956236827,source,-0.9983642436095957,0.05717374468967267,-0.9983642436095957,0.05717374468967267,0.07862487132238184,0.08794310089059969,0.07862487132238184,0.08794310089059969,-0.007542352697870779,-0.005550815763587184,-0.007542352697870779,-0.005550815763587184,1.9840367013707505,0.00823646043204318,0.176894206597195,0.0035203377900920093,0.003857613629031795,1.4881182910891857e-05,0.014003558024575664,0.00019609963734765746
166,95,103,226.05168915700332,-92.24035006326164,4.4708702744113005,10.0,10.0,3,3,358.991009317972,18,3.1454641748952216e-19,0.0,0.0,0.0,0.0,0.0,-0.0058853749148932,8.126925784291412e-05,0.0044701516024793,6.916704391429512e-05,0.0,0.0,-0.0058853749148932,8.126925784291412e-05,0.0044701516024793,6.916704391429512e-05,0.0,0.0,9.893944875549275e-38,5.463128201023789e-05,5.463128201023789e-05,2.9845769740821413e-09,1.8110402156945826e-33,1.0,550.0674219454454,transition,0.8061230957800865,-0.5917478808157487,0.8061230957800865,-0.5917478808157487,-0.007542896377859486,1.3398358347189671e-05,-0.007542896377859486,1.3398358347189671e-05,0.005525570895564997,-1.3033417767935663e-05,0.005525570895564997,-1.3033417767935663e-05,1.2653300113020902,0.0017041807266632773,-0.054351151309963236,0.025375017466290714,5.4631282010236573e-05,2.984576974081998e-09,8.742756887502584e-05,7.643579799397386e-09
167,95,154,226.29737717109043,-79.81710600393612,2.720383102708748,10.0,10.0,3,3,365.9073261806536,18,5.9963403807526e-20,0.0,0.0,0.0,0.0,0.0,-0.0069384548097185,0.0082142808787961,-0.0041568115982086,0.003440964013799,0.0,0.0,-0.0069384548097185,0.0082142808787961,-0.0041568115982086,0.003440964013799,0.0,0.0,3.5956097961844225e-39,0.0001447358815095,0.0001447358815095,2.094847539633924e-08,2.4842559831632346e-35,1.0,546.5753211677218,transition,0.8898577827151645,0.45623801523026447,0.8898577827151645,0.45623801523026447,-0.01133389369455298,0.012518370329050576,-0.01133389369455298,0.012518370329050576,-0.005926548983688872,0.0062615208351474326,-0.005926548983688872,0.0062615208351474326,1.5800662500141478,0.004186847697918299,0.19942150938613024,0.005156388854629422,0.00014473588150952225,2.0948475396338465e-08,0.0003594973679997307,1.292383575987338e-07
168,96,176,-63.41787729553215,-296.58727948261514,3.499193065969376,10.0,10.0,2,2,21.36718804024228,0,0.8599097450213267,0.0,0.0,0.0,0.0,0.0,1.6822326232744798,0.0592289405505843,1.9076787668882007,0.0514698643484275,0.0,0.0,2.5421423682958064,0.0592289405505843,1.9076787668882007,0.0514698643484275,0.0,0.0,0.739444769582643,6.475302090779815,10.107883312655488,102.16930506225926,0.0731552538459587,0.6406189991006791,33.22058910192354,source,-0.8042867078342604,-0.5942414421774427,-0.8042867078342604,-0.5942414421774427,3.5847371318876102,0.09454610152578613,3.5847371318876102,0.09454610152578613,2.653344036540688,0.07138707857766105,2.653344036540688,0.07138707857766105,1.4033260594840258,0.0027347125339071882,0.16494312637806596,0.008861086324884746,10.107883312655487,102.16930506225926,19.904609961281416,396.1934977107434
169,97,98,432.42907352450425,-89.5904823863003,4.471159596851464,10.0,10.0,2,3,546.1834718246735,27,1.4831560103438463e-43,0.0,0.0,0.0,0.0,0.0,0.0003137938889272,-0.0003552169769837,-0.0004003383611023,0.0014118529800319,0.0,0.0,0.0003137938889272,-0.0003552169769837,-0.0004003383611023,0.0014118529800319,0.0,0.0,2.1997517510190763e-86,2.3782453460608266e-06,2.3782453460608266e-06,5.656050926059981e-12,9.249473586325332e-81,1.0,748.0505669949171,remote,0.3246052214897562,-0.9458495917330548,0.3246052214897562,-0.9458495917330548,0.00018663106333901213,-0.0005978680876715084,0.00018663106333901213,-0.0005978680876715084,-0.0005813735112905964,0.001734620542784322,-0.0005813735112905964,0.001734620542784322,1.2653013225983811,0.0017039820883736254,-0.0544636174786009,0.025383342897266944,2.378245346060526e-06,5.656050926058551e-12,3.7391809911387693e-06,1.3981474484493509e-11
170,98,113,445.3038617812728,-92.6602675072428,4.622701992916262,10.0,10.0,3,3,557.2038565444445,28,2.6633625295296603e-45,0.0,0.0,0.0,0.0,0.0,-0.0016660207164366,-0.0014759445703312,-0.0015922344757917,-0.0014378783319877,0.0,0.0,-0.0016660207164366,-0.0014759445703312,-0.0015922344757917,-0.0014378783319877,0.0,0.0,7.093499963702627e-90,9.556742125786296e-06,9.556742125786296e-06,9.133132005877838e-11,7.422508497495948e-85,1.0,761.2862669516774,remote,0.7231582601134781,0.6906823660914236,0.7231582601134781,0.6906823660914236,-0.002081721657867445,-0.0018672051941281415,-0.002081721657867445,-0.0018672051941281415,-0.0019872785556602746,-0.0017801837571448566,-0.0019872785556602746,-0.0017801837571448566,1.2502746454501925,0.0015999385777940717,-0.11337157035611162,0.02974406845210421,9.556742125785473e-06,9.133132005876264e-11,1.4938350564803062e-05,2.2315431759695198e-10
171,98,157,446.7212127291423,-105.06263167030698,2.0648141534134794,10.0,10.0,3,3,554.4606570933656,28,7.298686398717528e-45,0.0,0.0,0.0,0.0,0.0,-0.0016654907463903,-0.0033462732115981,0.0009476013034844,0.0013567426673714,0.0,0.0,-0.0016654907463903,-0.0033462732115981,0.0009476013034844,0.0013567426673714,0.0,0.0,5.327082314682424e-89,1.6710102728802923e-05,1.6710102728802923e-05,2.792275332071469e-10,3.1879410923669678e-84,1.0,769.1136305544123,remote,0.9354627727528666,-0.35342524074196924,0.9354627727528666,-0.35342524074196924,-0.003242900999612665,-0.006270936669034809,-0.003242900999612665,-0.006270936669034809,0.0012835294955589644,0.002387464404778013,0.0012835294955589644,0.002387464404778013,1.8552520080904724,0.006809672702540995,0.18433489265458816,0.0037849213255052258,1.671010272880218e-05,2.792275332071221e-10,5.718848785038608e-05,3.2705231426137562e-09
172,99,129,345.7593194832647,-122.01704677007386,3.9971275145966665,10.0,10.0,2,3,453.6464349719822,24,2.8465813630332157e-30,0.0,0.0,0.0,0.0,0.0,-0.0013074054502101,-0.0012050949248911,0.002508559369883,0.0016223972168778,0.0,0.0,-0.0013074054502101,-0.0012050949248911,0.002508559369883,0.0016223972168778,0.0,0.0,8.103025456368038e-60,1.2086605630798882e-05,1.2086605630798882e-05,1.4608603567445924e-10,6.704136549073834e-55,1.0,682.6088371983453,transition,0.5863268782239691,-0.8100745594524833,0.5863268782239691,-0.8100745594524833,-0.0021081763253507917,-0.001557201263878019,-0.0021081763253507917,-0.001557201263878019,0.0030036928688905633,0.002154248344374368,0.0030036928688905633,0.002154248344374368,1.3125443801366476,0.0020315197521867893,0.12889471802794927,0.011808433353706804,1.2086605630797986e-05,1.4608603567443758e-10,2.05322399748566e-05,4.215728783850993e-10
173,100,161,263.9251571313728,67.35117029633301,1.1460749872691167,10.0,10.0,3,1,489.2544694519323,19,4.3056191105818464e-35,0.0,0.0,0.0,0.0,0.0,-0.0049886846896718,-0.0027210374620434,-0.0014463921365055,-0.0026503200880628,0.0,0.0,-0.0049886846896718,-0.0027210374620434,-0.0014463921365055,-0.0026503200880628,0.0,0.0,1.8538355925407611e-69,4.140726658454469e-05,4.140726658454469e-05,1.714561726003551e-09,4.4770779272658104e-65,1.0,576.2332352980724,transition,0.9045962678999195,0.4262693891209373,0.9045962678999195,0.4262693891209373,-0.013585289950588554,-0.009547331318710012,-0.013585289950588554,-0.009547331318710012,-0.006269611280431166,-0.0046907259835834,-0.006269611280431166,-0.0046907259835834,2.9316458739188835,0.021034827583076142,0.1419769467883794,0.0027244637365534397,4.140726658454356e-05,1.7145617260034578e-09,0.00033702257421155767,1.135842155281849e-07
174,100,184,251.9991216588997,74.52196075676991,3.828349460803004,10.0,10.0,3,2,486.20513140597774,19,1.1510143986133203e-34,0.0,0.0,0.0,0.0,0.0,0.0011571132712712,-0.0009233108680098,-0.0038141227221226,0.0057814342996579,0.0,0.0,0.0011571132712712,-0.0009233108680098,-0.0038141227221226,0.0057814342996579,0.0,0.0,1.3248341458151834e-68,5.0163928782211006e-05,5.0163928782211006e-05,2.516419750866738e-09,2.641009542069585e-64,1.0,574.7400491344919,transition,-0.19822650488236684,0.980156238954852,-0.19822650488236684,0.980156238954852,0.0011089237582859069,-0.0015185404226424615,0.0011089237582859069,-0.0015185404226424615,-0.005227203317237241,0.007700829307076792,-0.005227203317237241,0.007700829307076792,1.3433154087381243,0.002269871425720742,0.14111355570922404,0.010809411300200588,5.01639287822097e-05,2.5164197508666067e-09,9.016210345335893e-05,8.129204899134197e-09
175,101,108,24.69488279736667,-213.39524731551504,4.513959045001847,10.0,10.0,4,2,124.0671961936348,0,0.0061673521858012,0.0,0.0,0.0,0.0,0.0,0.0142189101425418,0.0033436690857297,0.1160515866142342,0.017812877140169,0.0,0.0,0.020386262328343,0.0033436690857297,0.1160515866142342,0.017812877140169,0.0,0.0,3.803623298370757e-05,0.0139986268762884,0.0142120491623667,0.0002019823413935,0.0026763369975124,0.9849830039538928,173.29120272065404,source,-0.2316382804189997,-0.9728019875825342,-0.2316382804189997,-0.9728019875825342,0.03486036815732337,0.005211528621056077,0.03486036815732337,0.005211528621056077,0.14413729700926126,0.02242861246125244,0.14413729700926126,0.02242861246125244,1.26105740468381,0.0016745975402071215,-0.07110072986626684,0.02661492331389507,0.014212049162366744,0.00020198234139352927,0.022521008344705256,0.0005071958168622838
176,101,134,34.80791508604224,-210.48450938905484,3.163832208166653,10.0,10.0,4,3,134.14652553275667,0,0.0026088225188225,0.0,0.0,0.0,0.0,0.0,-0.0128456855852503,0.0042538894859322,0.0002190570140762,-0.0112263277899656,0.0,0.0,-0.0102368630664277,0.0042538894859322,0.0002190570140762,-0.0112263277899656,0.0,0.0,6.805954934715699e-06,0.0003091856355368,0.0002489673628224,6.198474775078485e-08,0.0273367354562383,1.2418721555774777,172.604757848308,source,0.628034822872537,-0.7781852358272169,0.628034822872537,-0.7781852358272169,-0.007225602168676426,0.009886198809569523,-0.007225602168676426,0.009886198809569523,0.00663535234392829,-0.013462395843267678,0.00663535234392829,-0.013462395843267678,1.4644678863703526,0.0032083157062294805,0.18922187467524776,0.006876036223304167,0.0002489673628224859,6.198474775078335e-08,0.0003752102561712209,1.407827363360732e-07
177,102,107,196.3739249817869,54.81438051885316,3.691901224968316,10.0,10.0,3,2,434.77591520524567,16,7.265190538938224e-28,0.0,0.0,0.0,0.0,0.0,-0.0055282551533469,-0.0024583522986362,-0.0017263412646025,-0.0012513590582771,0.0,0.0,-0.0055282551533469,-0.0024583522986362,-0.0017263412646025,-0.0012513590582771,0.0,0.0,5.2782993567077476e-55,4.115125471931872e-05,4.115125471931872e-05,1.693425764974251e-09,1.2826581820431872e-50,1.0,505.2158872618364,transition,0.9443443423601633,0.32895860385822195,0.9443443423601633,0.32895860385822195,-0.00748318718944125,-0.0035269385623478543,-0.00748318718944125,-0.0035269385623478543,-0.0025726793976893663,-0.0012862427065390176,-0.0025726793976893663,-0.0012862427065390176,1.3681921772107788,0.002462566297067662,0.15099184739517163,0.01000175418070613,4.115125471931796e-05,1.6934257649741885e-09,7.671048571821412e-05,5.884498619124332e-09
178,102,119,186.3609621055491,62.23518446075606,2.7566548688974706,10.0,10.0,3,3,434.3615532802144,16,8.183731615006757e-28,0.0,0.0,0.0,0.0,0.0,0.0001829557988456,0.0011172231139535,-0.0044825045068502,0.0059502955945782,0.0,0.0,0.0001829557988456,0.0011172231139535,-0.0044825045068502,0.0059502955945782,0.0,0.0,6.697346314646109e-55,5.6780524627473945e-05,5.6780524627473945e-05,3.2240279769711754e-09,1.179514694269929e-50,1.0,503.175332822598,transition,0.1031516777225186,0.9946656379824477,0.1031516777225186,0.9946656379824477,-0.000595715392904968,0.0010767858830848962,-0.000595715392904968,0.0010767858830848962,-0.006966068663529705,0.009387546519560525,-0.006966068663529705,0.009387546519560525,1.568945520596013,0.004089925830154538,0.19963699217624725,0.0052536655782222,5.6780524627472265e-05,3.2240279769709843e-09,0.00013816648694927832,1.9089978115905097e-08
179,103,121,246.83244173059205,-102.41086107127272,2.607757356367113,10.0,10.0,3,3,371.78682440387865,19,1.4295226874834782e-20,0.0,0.0,0.0,0.0,0.0,-0.0089321268466181,0.0029796398421015,0.0025480661570737,-0.00195253922971,0.0,0.0,-0.0089321268466181,0.0029796398421015,0.0025480661570737,-0.00195253922971,0.0,0.0,2.043535114029987e-40,9.896619417709716e-05,9.896619417709716e-05,9.794307589898902e-09,2.0648819842189136e-36,1.0,573.2035186708827,transition,0.9658176660758702,-0.2592223676609699,0.9658176660758702,-0.2592223676609699,-0.014488472063848346,0.00517948612323148,-0.014488472063848346,0.00517948612323148,0.003924209997547979,-0.0016185503423845693,0.003924209997547979,-0.0016185503423845693,1.6145967011662676,0.004487795207254438,0.19875242396210002,0.00485433949923542,9.896619417709532e-05,9.794307589898535e-09,0.00025476202856135013,6.490369119669418e-08
180,103,154,236.1606440221111,-87.0573988172361,4.85134648728982,10.0,10.0,3,3,370.31378281628906,19,2.051786485973252e-20,0.0,0.0,0.0,0.0,0.0,0.0001251880742225,-0.0001547659967721,8.964682140935613e-05,0.0066442316287292,0.0,0.0,0.0001251880742225,-0.0001547659967721,8.964682140935613e-05,0.0066442316287292,0.0,0.0,4.209827784022466e-40,4.419347505647926e-05,4.419347505647926e-05,1.953063237567654e-09,9.52590349286248e-36,1.0,558.8107563049274,transition,0.01977261185527601,0.9998045028006328,0.01977261185527601,0.9998045028006328,-1.2514406332029065e-05,0.00022350736408549636,-1.2514406332029065e-05,0.00022350736408549636,0.00010375449937695192,0.008148431805976786,0.00010375449937695192,0.008148431805976786,1.2276026600000405,0.0014429595640853264,-0.20225085067645598,0.03632345425752126,4.419347505647869e-05,1.953063237567604e-09,6.645781804496136e-05,4.416641579297192e-09
181,104,148,215.2254504319644,-296.8778448478485,4.5490656776021545,10.0,10.0,2,2,294.4362133652151,12,3.5782282733409745e-13,0.0,0.0,0.0,0.0,0.0,0.0035933038529567,0.0057168198551634,-0.0047027694593463,-0.0085708448330514,0.0,0.0,0.0035933038533145,0.0057168198551634,-0.0047027694593463,-0.0085708448330514,0.0,0.0,1.2803717576136731e-25,0.000141169283576,0.0001411692835786,1.9928766626107035e-08,9.06976167305127e-22,0.9999999999817842,399.9468888511098,transition,0.5714085535817851,-0.8206657449251626,0.5714085535817851,-0.8206657449251626,0.004225519235761809,0.00742761694585748,0.004225519235761809,0.00742761694585748,-0.006097616803150058,-0.010624474437585003,-0.006097616803150058,-0.010624474437585003,1.25757629281318,0.0016504946000714732,-0.08474747105955438,0.02762513823658233,0.00014116928357863946,1.9928766626106324e-08,0.00022308489405913735,4.976686995737653e-08
182,105,109,335.81667569349213,58.60052840772474,2.3620911488270018,10.0,10.0,2,3,536.4569668017311,22,4.819550211243602e-42,0.0,0.0,0.0,0.0,0.0,-0.0014887015418905,-0.0058223855491685,0.0008130269295698,0.0002204465163414,0.0,0.0,-0.0014887015418905,-0.0058223855491685,0.0008130269295698,0.0002204465163414,0.0,0.0,2.3228064238698245e-83,3.682601521876653e-05,3.682601521876653e-05,1.3561553968928234e-09,6.307514972964339e-79,1.0,640.0244596420999,remote,0.99926126286847,-0.038430827866580045,0.99926126286847,-0.038430827866580045,-0.002563330234743652,-0.009984135300266825,-0.002563330234743652,-0.009984135300266825,0.000245026864636466,0.0003865718479455697,0.000245026864636466,0.0003865718479455697,1.713427772387265,0.005420281879016353,0.19374626156637162,0.004318032604357944,3.682601521876609e-05,1.3561553968927918e-09,0.0001064630955444027,1.1334390712896617e-08
183,106,111,129.55458328188,-272.23581972014495,2.7261404424236098,10.0,10.0,2,3,208.5965646658875,7,5.662068438556973e-07,0.0,0.0,0.0,0.0,0.0,0.0188702136014917,0.013839190319831,-0.0233931209913286,-0.018955497510779,0.0,0.0,0.0188707798083356,0.013839190319831,-0.0233931209913286,-0.018955497510779,0.0,0.0,3.2059019002903e-13,0.0014541571456705,0.0014541785148792,2.114635153136523e-06,2.2046137166016574e-10,0.9999853049618436,288.9050961707903,transition,0.6641629912456677,-0.7475878015722348,0.6641629912456677,-0.7475878015722348,0.031201033992990408,0.024232707583979073,0.031201033992990408,0.024232707583979073,-0.035531921698107066,-0.027961439759324004,-0.035531921698107066,-0.027961439759324004,1.5783010804659066,0.004171463497556742,0.19945571250761474,0.005171829380496245,0.0014541785148792783,2.1146351531365036e-06,0.003605088212057097,1.2996661016713036e-05
184,107,119,197.54761854632645,66.13201183561229,4.926111345741624,10.0,10.0,2,3,444.3247502695704,17,4.5297899234096864e-29,0.0,0.0,0.0,0.0,0.0,-0.0008584865358575,-0.0055407473571948,0.0003536850483171,0.0042963215186391,0.0,0.0,-0.0008584865358575,-0.0055407473571948,0.0003536850483171,0.0042963215186391,0.0,0.0,2.0518996750223937e-57,5.002035211343479e-05,5.002035211343479e-05,2.502035625552e-09,4.1021296099018886e-53,1.0,515.0212834350822,transition,-0.8034115500289121,0.5954241188263546,-0.8034115500289121,0.5954241188263546,-0.0008469804536158934,-0.006898869764023804,-0.0008469804536158934,-0.006898869764023804,0.000685764141066713,0.005058075516424383,0.000685764141066713,0.005058075516424383,1.2201891082867307,0.0013916287250375988,-0.23131364018579842,0.038474858995210415,5.002035211343423e-05,2.502035625551944e-09,7.436618029679399e-05,5.53032877193527e-09
185,108,134,31.96872942631924,-222.40812343030217,1.0471677285404368,10.0,10.0,2,3,125.69828018670113,0,0.0053902713557176,0.0,0.0,0.0,0.0,0.0,0.2406493830140155,0.0540157574058735,0.0594624166582601,0.0144412929622076,0.0,0.0,0.2460396543697331,0.0540157574058735,0.0594624166582601,0.0144412929622076,0.0,0.0,2.9055025288269988e-05,0.0645741575304173,0.0671975435077687,0.0045155098534784,0.0004323822534511,0.9609600910924952,184.86173737080887,source,0.9609874752850541,0.2765918877068836,0.9609874752850541,0.2765918877068836,0.7545048586335077,0.17276110175876128,0.7545048586335077,0.17276110175876128,0.21560863229001873,0.0495427127200045,0.21560863229001873,0.0495427127200045,3.108194022289108,0.023597753194825113,0.1370794923914807,0.0026358575401220744,0.06719754350776874,0.004515509853478473,0.6480655426840998,0.4199889476144367
186,109,116,358.27743443183664,60.93789628486414,3.2443526027223517,10.0,10.0,3,3,555.4399021921124,23,5.0957164577974464e-45,0.0,0.0,0.0,0.0,0.0,-0.0012631430856676,-0.0045557946158107,-0.000207009040081,-0.0011952032790492,0.0,0.0,-0.0012631430856676,-0.0045557946158107,-0.000207009040081,-0.0011952032790492,0.0,0.0,2.5966326218267757e-89,2.38221586572456e-05,2.38221586572456e-05,5.674952430909815e-10,1.0900072739785063e-84,1.0,662.6065094094528,remote,0.9712443457034937,0.2380849027951839,0.9712443457034937,0.2380849027951839,-0.0017872139805943934,-0.006631910454529948,-0.0017872139805943934,-0.006631910454529948,-0.0004187084904787497,-0.0016393337002934736,-0.0004187084904787497,-0.0016393337002934736,1.4497876876822895,0.0030946032278320926,0.1833925289220902,0.007352648247853921,2.3822158657244847e-05,5.674952430909456e-10,5.003910187025257e-05,2.503911715981514e-09
187,109,131,350.5564924300449,68.6633813508673,2.1645943949491304,10.0,10.0,3,2,554.2368264113637,23,7.922690994032161e-45,0.0,0.0,0.0,0.0,0.0,-0.0017900541229718,0.000174533082314,-0.0046277276421719,-0.0012253102715351,0.0,0.0,-0.0017900541229718,0.000174533082314,-0.0046277276421719,-0.0012253102715351,0.0,0.0,6.276903258691829e-89,2.615200395164198e-05,2.615200395164198e-05,6.839273106866978e-10,2.4001614829588334e-84,1.0,657.8716781027586,remote,0.3218674749570243,0.9467847319030812,0.3218674749570243,0.9467847319030812,-0.0029207478023548176,-0.0005538400159697396,-0.0029207478023548176,-0.0005538400159697396,-0.008465012580035547,-0.001952608724611459,-0.008465012580035547,-0.001952608724611459,1.8076490764395041,0.00634332732736031,0.18749379387360982,0.0039638587239248695,2.6152003951641673e-05,6.839273106866817e-10,8.43066252998387e-05,7.107607069447403e-09
188,111,122,143.259897011293,-290.0062307360962,2.2675478428532188,10.0,10.0,3,4,222.23563561891075,8,8.116062540593851e-08,0.0,0.0,0.0,0.0,0.0,0.0126964684062659,0.0091745355668808,-0.0206672116765808,-0.0171099290147757,0.0,0.0,0.0126965495668913,0.0091745355668808,-0.0206672116765808,-0.0171099290147757,0.0,0.0,6.587047116283072e-15,0.0009652557222345,0.0009652577831477,9.31722587927322e-07,6.824132611293081e-12,0.9999978649089852,311.3466454064709,transition,0.5531262862906517,-0.8330974201222281,0.5531262862906517,-0.8330974201222281,0.02338648139651725,0.018587365152419145,0.02338648139651725,0.018587365152419145,-0.03550471199495311,-0.02862985922012605,-0.03550471199495311,-0.02862985922012605,1.7585322786809139,0.005862151259332626,0.19075315431493034,0.004148486680750447,0.0009652577831477497,9.317225879273083e-07,0.0029726710682278167,8.83677327987871e-06
189,111,135,132.75706452355652,-291.843477564726,3.863594921024742,10.0,10.0,3,2,211.8196807344362,8,3.61770100662246e-07,0.0,0.0,0.0,0.0,0.0,-0.0017069731557182,0.0019837777826708,-0.0017745180945184,0.0076857877680796,0.0,0.0,-0.0017066113856176,0.0019837777826708,-0.0017745180945184,0.0076857877680796,0.0,0.0,1.3087760573317166e-13,6.906937972909796e-05,6.906814479627482e-05,4.7704086255991855e-09,1.894905475153728e-09,1.0000178799188364,308.77256033342184,transition,-0.36410687329849534,-0.931357173600329,-0.36410687329849534,-0.931357173600329,-0.0012253177218946169,0.0037017809390769707,-0.0012253177218946169,0.0037017809390769707,-0.0028040459328889443,0.009859260929695404,-0.0028040459328889443,0.009859260929695404,1.3368895788379809,0.002220097096419636,0.13856192919279475,0.011018034348375672,6.90681447962731e-05,4.7704086255989464e-09,0.00012027228531407189,1.4465422614669514e-08
190,112,115,-1.764246330843351,-262.79497870708985,3.5682046277630484,10.0,10.0,2,2,79.3636935883591,0,0.1246581049354491,0.0,0.0,0.0,0.0,0.0,-0.1807058543218302,-0.0055787042494557,0.1421890705689899,0.0163219951329579,0.0,0.0,-0.0560477493863811,-0.0055787042494557,0.1421890705689899,0.0163219951329579,0.0,0.0,0.0155396431260974,0.0531698670416789,0.0236566114667749,0.0005596352660899,0.6568837277444578,2.2475690196102023,97.14416766058672,source,-0.09355726493761385,-0.9956139001527615,-0.09355726493761385,-0.9956139001527615,0.006794254300720651,0.000314710703435756,0.006794254300720651,0.000314710703435756,0.1897437617452412,0.02230217768970754,0.1897437617452412,0.02230217768970754,1.3907441112149588,0.0026372530545673975,0.1599469728336067,0.009269575880423004,0.023656611466774967,0.0005596352660899489,0.03654634318526786,0.0013356352002153744
191,113,118,465.11952861318105,-87.42142050369803,2.7808085488256005,10.0,10.0,3,3,577.6241503238944,29,1.2544240180409951e-48,0.0,0.0,0.0,0.0,0.0,-0.0013533258804703,-0.0033879647700209,0.0006621464887007,0.0011695568776608,0.0,0.0,-0.0013533258804703,-0.0033879647700209,0.0006621464887007,0.0011695568776608,0.0,0.0,1.5735796170381153e-96,1.5116097484236536e-05,1.5116097484236536e-05,2.284964031529421e-10,1.0409959440120608e-91,1.0,781.7827586007313,remote,0.9580530596422427,-0.2865908842062797,0.9580530596422427,-0.2865908842062797,-0.00219589930795149,-0.005354159029313156,-0.00219589930795149,-0.005354159029313156,0.0007074549954554732,0.00163418819000496,0.0007074549954554732,0.00163418819000496,1.5615401315797903,0.004025384727859656,0.19978048401271936,0.005318442982054486,1.511609748423583e-05,2.2849640315292079e-10,3.666005629278402e-05,1.343959727390093e-09
192,113,157,455.6242678953872,-96.55939863429128,4.9661787658973005,10.0,10.0,3,3,565.6336731495038,29,1.1654939111176814e-46,0.0,0.0,0.0,0.0,0.0,-3.1744808732860444e-05,-0.0001322986246852,-0.0009432037044546,0.0002981772298926,0.0,0.0,-3.1744808732860444e-05,-0.0001322986246852,-0.0009432037044546,0.0002981772298926,0.0,0.0,1.35837605685239e-92,9.970535474984252e-07,9.970535474984252e-07,9.941157765791944e-13,1.36239027508654e-86,1.0,772.3186740283841,remote,0.11354168061998146,-0.9935332338487678,0.11354168061998146,-0.9935332338487678,0.0001668039767585117,-2.435984028968367e-05,0.0001668039767585117,-2.435984028968367e-05,-0.0011240922101113634,0.00037697058228575273,-0.0011240922101113634,0.00037697058228575273,1.2162160934573838,0.0013641198881634612,-0.24688875157208506,0.039627823627725184,9.97053547498386e-07,9.941157765791163e-13,1.4341070852233022e-06,2.0566631318876757e-12
193,114,133,87.26988514027562,-288.4906023535636,3.125769489772836,10.0,10.0,2,2,166.22882536516872,7,0.0001078733338741,0.0,0.0,0.0,0.0,0.0,0.0162959487494722,0.0034174265239675,-0.0377577176909316,-0.0113772555370187,0.0,0.0,0.0164038220833463,0.0034174265239675,-0.0377577176909316,-0.0113772555370187,0.0,0.0,1.1636656161118129e-08,0.0018323239384748,0.0018358513717715,3.370350259235355e-06,6.3385611384701965e-06,0.9980785844916998,286.2558704044747,transition,0.44772095497864367,-0.8941733313362747,0.44772095497864367,-0.8941733313362747,0.026691001710165644,0.007406769145301997,0.026691001710165644,0.007406769145301997,-0.05423532747101921,-0.01569968041058759,-0.05423532747101921,-0.01569968041058759,1.4714073489960917,0.003262068622704682,0.19197745910881814,0.006650737410827592,0.001835851371771508,3.370350259235328e-06,0.003955220512347142,1.5643769301291587e-05
194,115,153,-9.49967584165634,-283.8441676131034,2.8734050106375726,10.0,10.0,2,2,69.3544922450486,0,0.2039056856654063,0.0,0.0,0.0,0.0,0.0,0.1027354069878754,0.0163945031507578,0.6136933901595328,0.0346673200859155,0.0,0.0,0.3066410926532819,0.0163945031507578,0.6136933901595328,0.0346673200859155,0.0,0.0,0.0415775286466795,0.3886447437899646,0.4721189396445988,0.2228962931711403,0.0880657926538134,0.8231924440110964,119.56971611135604,source,-0.5799697181505326,-0.8146380337477448,-0.5799697181505326,-0.8146380337477448,0.5852985953756576,0.03346843790912142,0.5852985953756576,0.03346843790912142,0.8587145194732615,0.050360791235838774,0.8587145194732615,0.050360791235838774,1.5331505518849435,0.0037779575146261735,0.2003305797495079,0.00556677608980795,0.47211893964459883,0.22289629317114035,1.0836214173328886,1.1742353761025384
195,116,131,361.8444654475111,71.43044606584536,1.844547594314669,10.0,10.0,3,2,564.7535733228257,24,1.6193457098718148e-46,0.0,0.0,0.0,0.0,0.0,0.003395931376424,-0.0022776370591524,-0.0028270038126246,0.0027858298424984,0.0,0.0,0.003395931376424,-0.0022776370591524,-0.0028270038126246,0.0027858298424984,0.0,0.0,2.622280528080252e-92,3.247277895455519e-05,3.247277895455519e-05,1.0544813730314027e-09,8.075319121132395e-88,1.0,669.4938544041197,remote,-0.7068987781464715,0.7073147230582901,-0.7068987781464715,0.7073147230582901,0.0063378499602327505,-0.005027479414825614,0.0063378499602327505,-0.005027479414825614,-0.006243313560075804,0.005121221518287229,-0.006243313560075804,0.005121221518287229,2.0148012504075234,0.008589761155162981,0.17520018220679,0.0034737016960175475,3.247277895455408e-05,1.0544813730313305e-09,0.00013064976543371217,1.7069361207884012e-08
196,116,142,380.09728372634953,70.17290687124651,4.718797843781591,10.0,10.0,3,2,578.3423332527132,24,9.533547098742012e-49,0.0,0.0,0.0,0.0,0.0,-0.0011668727889429,-0.0030489740732808,-0.000495787628312,-0.0020357309812729,0.0,0.0,-0.0011668727889429,-0.0030489740732808,-0.000495787628312,-0.0020357309812729,0.0,0.0,9.088852028393224e-97,1.504784100561573e-05,1.504784100561573e-05,2.2643751893029022e-10,6.039970800463228e-92,1.0,686.3002056969857,remote,0.8521349900271271,0.5233220411672606,0.8521349900271271,0.5233220411672606,-0.0013083460632813092,-0.003889149627450416,-0.0013083460632813092,-0.003889149627450416,-0.0008314716157479307,-0.002356658310129757,-0.0008314716157479307,-0.002356658310129757,1.2407459500901408,0.0015339626533281358,-0.15072619850966518,0.03250928560231403,1.5047841005615456e-05,2.2643751893028198e-10,2.3082437684499528e-05,5.327989294588039e-10
197,117,126,319.4308520141029,-31.92449045363796,3.382548133323596,10.0,10.0,3,3,470.14339527983816,21,1.8466322884595244e-32,0.0,0.0,0.0,0.0,0.0,-0.0052670457567199,-0.0029318230956243,0.0012805970035838,8.068995791456165e-05,0.0,0.0,-0.0052670457567199,-0.0029318230956243,0.0012805970035838,8.068995791456165e-05,0.0,0.0,3.41005080878126e-64,3.798379722231466e-05,3.798379722231466e-05,1.4427688514259186e-09,8.977645886277872e-60,1.0,624.607446148185,transition,0.9906730039849814,-0.13626077636419448,0.9906730039849814,-0.13626077636419448,-0.007588596392354756,-0.0041370475433391,-0.007588596392354756,-0.0041370475433391,0.001142828067626545,0.0005176401051736899,0.001142828067626545,0.0005176401051736899,1.424592358496151,0.002899440792590432,0.17338774027368806,0.008170647861331039,3.798379722231322e-05,1.4427688514258096e-09,7.627596485254696e-05,5.81802281418698e-09
198,118,168,485.2039471952745,-97.82113742287504,3.240911253654179,10.0,10.0,3,1,593.2690659423693,30,2.9409153172585654e-51,0.0,0.0,0.0,0.0,0.0,-6.09805333496536e-05,-0.0015500313742715,0.0003140837474292,0.0016281266321112,0.0,0.0,-6.09805333496536e-05,-0.0015500313742715,0.0003140837474292,0.0016281266321112,0.0,0.0,8.648982903286049e-102,5.155760817262869e-06,5.155760817262869e-06,2.658186960482309e-11,1.6775376534782093e-96,1.0,804.3999640377378,remote,0.789281178894227,-0.614031937804003,0.789281178894227,-0.614031937804003,-0.0002482103114849589,-0.0025070699556231446,-0.0002482103114849589,-0.0025070699556231446,0.00023896922737035497,0.0020299082995029172,0.00023896922737035497,0.0020299082995029172,1.4504151024925933,0.0030994631683941296,0.1836416684560726,0.0073322783980088665,5.155760817262532e-06,2.6581869604819613e-11,1.0524642117136507e-05,1.1076809169380362e-10
199,118,198,480.4664252452442,-79.8248149879681,3.4626529253050045,10.0,10.0,3,1,594.6356159385941,30,1.7195841225797162e-51,0.0,0.0,0.0,0.0,0.0,-0.0007170516208992,-0.0004991224640234,-0.0018732392424198,-0.0020393727341258,0.0,0.0,-0.0007170516208992,-0.0004991224640234,-0.0018732392424198,-0.0020393727341258,0.0,0.0,2.9569695546282526e-102,8.43135266916465e-06,8.43135266916465e-06,7.108770783182987e-11,3.507111694476444e-97,1.0,798.9068834425108,remote,0.3779866650644068,0.9258110395936571,0.3779866650644068,0.9258110395936571,-0.001062164060626456,-0.0010606619508773249,-0.001062164060626456,-0.0010606619508773249,-0.002614119457430176,-0.0027358101253052887,-0.002614119457430176,-0.0027358101253052887,1.4099879310260448,0.0027863152362891377,0.16758848243943364,0.00864479987329102,8.431352669164208e-06,7.108770783182241e-11,1.657147384516335e-05,2.7461374540093303e-10
200,119,127,195.7586861676566,81.78296543342842,3.2697263399169323,10.0,10.0,3,3,455.60307337677386,17,1.5809020621532226e-30,0.0,0.0,0.0,0.0,0.0,-0.0034737093843232,0.0005444551613306,-0.0033101676615093,-0.0008474154083402,0.0,0.0,-0.0034737093843232,0.0005444551613306,-0.0033101676615093,-0.0008474154083402,0.0,0.0,2.4992513301203124e-60,2.403841113103015e-05,2.403841113103015e-05,5.778452097044342e-10,1.0396907335086452e-55,1.0,524.8647993559889,transition,0.7068437657954237,0.7073696987828529,0.7068437657954237,0.7073696987828529,-0.004919871471931373,-0.00010381245299549653,-0.004919871471931373,-0.00010381245299549653,-0.004882924955154974,-0.0003554186864870633,-0.004882924955154974,-0.0003554186864870633,1.4451616360399633,0.003058769939153858,0.1815555745955109,0.007502839119637802,2.403841113102893e-05,5.778452097043756e-10,4.818519088610052e-05,2.3218126207299447e-09
201,120,147,-59.392527590398494,-254.2740447825593,2.877822565743063,10.0,10.0,2,3,33.67784656549837,0,0.6873296427626007,0.0,0.0,0.0,0.0,0.0,0.3311316667010093,0.0259514668343118,2.056259973327472,0.0696488843426787,0.0,0.0,1.01846130946361,0.0259514668343118,2.056259973327472,0.0696488843426787,0.0,0.0,0.4724220378201642,4.343377704321913,5.270992962504057,27.78336681076729,0.089626763150853,0.8240150831577914,22.556013881068637,source,-0.549463659229504,-0.8355176163230333,-0.549463659229504,-0.8355176163230333,1.8702598079992145,0.061617329401413255,1.8702598079992145,0.061617329401413255,2.945456954220534,0.10257543328591208,2.945456954220534,0.10257543328591208,1.5317961531285593,0.003766153355723467,0.20035682349773548,0.005578623466765465,5.2709929625040575,27.7833668107673,12.187906833379717,148.545072979144
202,121,167,269.1141258746775,-102.2428140938058,3.55795006707935,10.0,10.0,3,1,391.5284846459389,20,9.811659500532442e-23,0.0,0.0,0.0,0.0,0.0,-0.0069788738429411,0.0047441849955076,-0.0021363842567134,0.0011380894671963,0.0,0.0,-0.0069788738429411,0.0047441849955076,-0.0021363842567134,0.0011380894671963,0.0,0.0,9.626866215438854e-45,7.707135671496552e-05,7.707135671496552e-05,5.93999402588546e-09,1.249084825513333e-40,1.0,595.4858365055117,transition,0.9647866974128745,0.26303351211425274,0.9647866974128745,0.26303351211425274,-0.009804777146642341,0.006540137521679245,-0.009804777146642341,0.006540137521679245,-0.002709237905842691,0.0017559498599759684,-0.002709237905842691,0.0017559498599759684,1.3926136871047212,0.0026517347460277285,0.16068936089692726,0.00920887763179551,7.707135671496298e-05,5.93999402588507e-09,0.00014933038363900116,2.2299563477771267e-08
203,121,181,264.2201485486869,-114.2931528811678,2.091028318000358,10.0,10.0,3,2,381.7474626570606,20,1.1956719868812249e-21,0.0,0.0,0.0,0.0,0.0,-0.002600960776525,-0.0016283575969004,0.0051507317895821,0.0009042916618449,0.0,0.0,-0.002600960776525,-0.0016283575969004,0.0051507317895821,0.0009042916618449,0.0,0.0,1.4296315002124954e-42,3.676432680229942e-05,3.676432680229942e-05,1.3516157252262711e-09,3.888637776234432e-38,1.0,594.2634618580691,transition,0.5857781722415105,-0.8104714263472805,0.5857781722415105,-0.8104714263472805,-0.006005263641135741,-0.00195881178691931,-0.006005263641135741,-0.00195881178691931,0.00860132831130258,0.0024663951795443556,0.00860132831130258,0.0024663951795443556,1.8427458138188282,0.006687154915139686,0.18516479600213157,0.0038319315786448163,3.676432680229861e-05,1.351615725226212e-09,0.00011996608891661585,1.439186248994938e-08
204,122,132,153.48462180286197,-309.4856903379367,1.9686643077217312,10.0,10.0,4,2,233.95426637438717,9,1.386244803354352e-08,0.0,0.0,0.0,0.0,0.0,0.0061787582941251,0.0018111813063396,-0.020373534395138,-0.0160210893449151,0.0,0.0,0.0061787721565731,0.0018111813063396,-0.020373534395138,-0.0160210893449151,0.0,0.0,1.9216746548269463e-16,0.0007132136393292,0.0007132138106349,5.086739396803613e-07,2.6943878906611015e-13,0.9999997598116844,333.346516847983,transition,0.370194720357334,-0.9289541802583997,0.370194720357334,-0.9289541802583997,0.014684771600609868,0.01034779417465837,0.014684771600609868,0.01034779417465837,-0.03768835608850297,-0.028059602970085015,-0.03768835608850297,-0.028059602970085015,1.9121018661725069,0.007410359283521065,0.1808552386669298,0.0036293840737715204,0.0007132138106349002,5.086739396803553e-07,0.0025304728647357736,6.403292919164073e-06
205,122,135,138.91544754511492,-301.11899589489065,1.3246304703985563,10.0,10.0,4,2,218.5959616311883,9,1.3794263666687765e-07,0.0,0.0,0.0,0.0,0.0,0.0201068597157599,0.0323434905372102,0.0060516013475704,0.006255990684544,0.0,0.0,0.0201069976583966,0.0323434905372102,0.0060516013475704,0.006255990684544,0.0,0.0,1.902817101061022e-14,0.0015261464860748,0.0015261520332803,2.329140028685872e-06,1.2468070412165996e-11,0.9999963652340028,319.90633425484845,transition,-0.9850423905179326,-0.17231218437103285,-0.9850423905179326,-0.17231218437103285,0.053065147399021864,0.08509688858113998,0.053065147399021864,0.08509688858113998,0.00966311201899803,0.014983415424961274,0.00966311201899803,0.014983415424961274,2.6129266986728243,0.01640802438670006,0.1508182325259759,0.0028844228984534234,0.001526152033280389,2.3291400286858657e-06,0.01037526878635954,0.00010764620238920656
206,125,128,164.62524869325998,-83.56608951630727,1.9073302725366863,10.0,10.0,4,2,313.93702204168306,16,7.086067327190355e-15,0.0,0.0,0.0,0.0,0.0,-0.0108554896541788,-0.0008621209572124,0.0083610510460435,-0.0015888665009132,0.0,0.0,-0.0108554896541717,-0.0008621209572124,0.0083610510460435,-0.0015888665009132,0.0,0.0,5.0212350165474666e-29,0.0001910165795291,0.0001910165795289,3.648733365494573e-08,2.628690676447824e-25,1.0000000000008054,500.444367917938,transition,0.7940554478557001,-0.6078453304342176,0.7940554478557001,-0.6078453304342176,-0.021349783172432538,0.0001581524595283206,-0.021349783172432538,0.0001581524595283206,0.016360259234392455,-0.0005213086083575018,0.016360259234392455,-0.0005213086083575018,1.9628522242285924,0.007993177454473996,0.17806071227013356,0.0035524514176228095,0.00019101657952896292,3.6487333654944613e-08,0.0007237680985920096,5.23840260539493e-07
207,125,166,145.71284602824483,-71.5339334435355,3.0840084594277606,10.0,10.0,4,2,307.60431040377995,16,2.6031345984790208e-14,0.0,0.0,0.0,0.0,0.0,-0.0105434312488903,0.0015132802945954,0.0053464668647892,-0.001991649879839,0.0,0.0,-0.0105434312488643,0.0015132802945954,0.0053464668647892,-0.001991649879839,0.0,0.0,6.776309737798533e-28,0.0001460053369302,0.0001460053369296,2.131755841195314e-08,4.641138385962962e-24,1.0000000000037592,484.8012153119919,transition,-0.8849923276996959,0.46560560554258157,-0.8849923276996959,0.46560560554258157,-0.01549134723758203,0.0028354275049593883,-0.01549134723758203,0.0028354275049593883,0.008118737875561385,-0.0017261607184010203,0.008118737875561385,-0.0017261607184010203,1.4790210750125465,0.003321044367758715,0.19500078613339145,0.006403547747514628,0.0001460053369296905,2.1317558411952443e-08,0.0003169150238890463,1.0043513236659479e-07
208,126,144,341.5212927332537,-28.91523595835405,2.9437415250790764,10.0,10.0,3,2,490.5413810319572,22,2.8379755982986377e-35,0.0,0.0,0.0,0.0,0.0,-0.0057105649647474,-0.0014598600641068,-0.0024273204770293,-0.0011721396043035,0.0,0.0,-0.0057105649647474,-0.0014598600641068,-0.0024273204770293,-0.0011721396043035,0.0,0.0,8.054105496538514e-70,4.200753957355803e-05,4.200753957355803e-05,1.7646333810240435e-09,1.917299984312396e-65,1.0,646.9019114654717,transition,0.9159980387360115,0.4011827426893889,0.9159980387360115,0.4011827426893889,-0.008591663216591534,-0.0024838990240938726,-0.008591663216591534,-0.0024838990240938726,-0.003745047217229136,-0.00119440781413361,-0.003745047217229136,-0.00119440781413361,1.5115857529377699,0.0035900111566739973,0.2007484339091345,0.005755410567605531,4.20075395735569e-05,1.7646333810239492e-09,9.543841987496558e-05,9.108491988230225e-09
209,127,141,215.2735624372653,87.46449530019815,3.149830330058556,10.0,10.0,3,2,472.0543868480758,18,1.0183120461291916e-32,0.0,0.0,0.0,0.0,0.0,-0.0009619603702296,-0.0074310593637394,0.0006055374958015,0.0015014933010304,0.0,0.0,-0.0009619603702296,-0.0074310593637394,0.0006055374958015,0.0015014933010304,0.0,0.0,1.036959423291821e-64,5.876716881317306e-05,5.876716881317306e-05,3.4535801303159805e-09,1.7645216610458522e-60,1.0,545.1899113469506,transition,0.9754581879056224,-0.2201847488993717,0.9754581879056224,-0.2201847488993717,-0.001493603436135479,-0.01085609451879602,-0.001493603436135479,-0.01085609451879602,0.0004122249622787041,0.0024196659460895445,0.0004122249622787041,0.0024196659460895445,1.4670206601584979,0.0032280894327577133,0.19023555312449086,0.006793157053257594,5.876716881317202e-05,3.453580130315858e-09,0.00012611035213565982,1.590382091578012e-08
210,127,173,211.3367960412279,99.8876049262291,4.624218404436867,10.0,10.0,3,1,479.4412885440984,18,9.972295463979317e-34,0.0,0.0,0.0,0.0,0.0,-0.002235513995318,0.000343863471689,-0.0029694350016226,0.0004015656780023,0.0,0.0,-0.002235513995318,0.000343863471689,-0.0029694350016226,0.0004015656780023,0.0,0.0,9.944667682090242e-67,1.4094564133036052e-05,1.4094564133036052e-05,1.9865673810026632e-10,7.055675924579374e-62,1.0,548.7490091691132,transition,0.5973045930000604,0.8020144781617301,0.5973045930000604,0.8020144781617301,-0.0027749644125632513,0.0003865582218695797,-0.0027749644125632513,0.0003865582218695797,-0.003727890410887993,0.0005268553852885964,-0.003727890410887993,0.0005268553852885964,1.2501242807540043,0.0015988974646654421,-0.11396103377175212,0.029787704125297097,1.4094564133035519e-05,1.9865673810025127e-10,2.2024598262485726e-05,4.850829286238893e-10
211,128,130,182.97677876996823,-96.59254390319064,3.1300383862003045,10.0,10.0,2,2,320.6776539110835,17,1.7229079174303617e-15,0.0,0.0,0.0,0.0,0.0,-0.0084832945447799,0.0008255582947001,0.0055095240018884,-0.0017589669828784,0.0,0.0,-0.0084832945447782,0.0008255582947001,0.0055095240018884,-0.0017589669828784,0.0,0.0,2.9684116919442263e-30,0.0001060966524056,0.0001060966524056,1.1256499651686222e-08,2.797837278215603e-26,1.0000000000002756,522.9491934015955,transition,0.8347338158355039,-0.5506536631138479,0.8347338158355039,-0.5506536631138479,-0.012425590082911418,0.0019002252180038103,-0.012425590082911418,0.0019002252180038103,0.00818835007305153,-0.001486866954886819,0.00818835007305153,-0.001486866954886819,1.470629058625313,0.0032560400035521343,0.1916684085459459,0.006676005634860964,0.00010609665240565242,1.1256499651685832e-08,0.00022726599504806162,5.1649832505185566e-08
212,129,143,363.2844826079327,-125.9770680788786,3.934585312817653,10.0,10.0,3,2,468.75828397270703,25,2.838499140765049e-32,0.0,0.0,0.0,0.0,0.0,-0.00427246505415,0.0001656461630915,-0.0023097406839588,-1.528065349172457e-05,0.0,0.0,-0.00427246505415,0.0001656461630915,-0.0023097406839588,-1.528065349172457e-05,0.0,0.0,8.057077372123923e-64,2.361653181578663e-05,2.361653181578663e-05,5.57740575006062e-10,3.411625989358063e-59,1.0,700.5758378192728,transition,0.8765627276660795,0.48128763174073214,0.8765627276660795,0.48128763174073214,-0.0056391493362616734,0.00015675268089561855,-0.0056391493362616734,0.00015675268089561855,-0.0030902119726951404,7.230645668055358e-05,-0.0030902119726951404,7.230645668055358e-05,1.3239468571559294,0.0021198430745942775,0.13342251648628176,0.011438236888895947,2.3616531815785493e-05,5.577405750060085e-10,4.137921489949452e-05,1.7122394256985492e-09
213,129,171,363.153376351656,-137.0889219151669,3.3198488080065545,10.0,10.0,3,2,465.0584380212141,25,8.894356145013354e-32,0.0,0.0,0.0,0.0,0.0,-0.003472051268708,-0.0009755590824173,0.0018816126561938,0.0003813659896681,0.0,0.0,-0.003472051268708,-0.0009755590824173,0.0018816126561938,0.0003813659896681,0.0,0.0,7.910957123433684e-63,1.6692761741848573e-05,1.6692761741848573e-05,2.7864829457012335e-10,4.739154159015521e-58,1.0,705.6243674926945,transition,0.8884256945822662,-0.4590204627312574,0.8884256945822662,-0.4590204627312574,-0.005027795705879173,-0.0013481893865454498,-0.005027795705879173,-0.0013481893865454498,0.0026142614860457246,0.0006754225537464859,0.0026142614860457246,0.0006754225537464859,1.436023481733196,0.0029879860079360054,0.17792691383064216,0.007799521359254753,1.6692761741847932e-05,2.78648294570102e-10,3.438690302558226e-05,1.1824590996907984e-09
214,130,180,203.23700325101728,-108.61526384824629,4.039162292301377,10.0,10.0,2,1,330.97508187504224,18,1.8744251814977382e-16,0.0,0.0,0.0,0.0,0.0,-0.0061460663961526,0.0021939127562948,0.0033148438237539,-0.0019614647822258,0.0,0.0,-0.0061460663961525,0.0021939127562948,0.0033148438237539,-0.0019614647822258,0.0,0.0,3.5134697610328275e-32,5.742291899594296e-05,5.742291899594066e-05,3.297391626014362e-09,6.118584395337342e-28,1.0000000000000402,546.5081087183017,transition,0.8824360641866841,-0.47043234648854043,0.8824360641866841,-0.47043234648854043,-0.008059700846802324,0.003250541455185173,-0.008059700846802324,0.003250541455185173,0.00431128482807312,-0.0018222370218208587,0.00431128482807312,-0.0018222370218208587,1.3081374146289322,0.0020005757631039434,0.11346349414478181,0.012952355038483984,5.7422918995939494e-05,3.297391626014229e-09,9.743252212429145e-05,9.493096367500542e-09
215,132,137,164.49402064538413,-329.3398146629633,3.7766334433898976,10.0,10.0,2,3,247.921841312296,10,1.4980712270973871e-09,0.0,0.0,0.0,0.0,0.0,0.0092653660035197,0.0084954580933743,-0.0119674622513891,-0.0121942384898311,0.0,0.0,0.009265367501591,0.0084954580933743,-0.0119674622513891,-0.0121942384898311,0.0,0.0,2.244217401457071e-18,0.0004499394204807,0.0004499394482411,2.024455070835276e-07,4.9878209395287e-15,0.999999938302012,356.04878800281114,transition,0.5840235615393031,-0.8117367058147289,0.5840235615393031,-0.8117367058147289,0.011993879686231683,0.01173865515941128,0.011993879686231683,0.01173865515941128,-0.016534389469600456,-0.016362009031224655,-0.016534389469600456,-0.016362009031224655,1.3527440934231523,0.0023429057985071156,0.14485758289812184,0.010503296608426933,0.0004499394482411189,2.0244550708352253e-07,0.0008227505495496857,6.769184667843098e-07
216,133,146,91.7629802882632,-310.22672396076666,2.8347932464999666,10.0,10.0,2,2,172.9418829461815,8,5.081911595385309e-05,0.0,0.0,0.0,0.0,0.0,-0.0064314543674695,-0.0033138620891934,-0.0269984981263944,-0.0009146884667848,0.0,0.0,-0.0063806352515156,-0.0033138620891934,-0.0269984981263944,-0.0009146884667848,0.0,0.0,2.5825825463311653e-09,0.0007821008432992,0.0007814497442312,6.106637027591221e-07,3.304860696923896e-06,1.0008331937821529,308.4515205758932,transition,-0.05989549762231942,-0.9982046530469464,-0.05989549762231942,-0.9982046530469464,-0.0034604562217161365,-0.0007849134879621999,-0.0034604562217161365,-0.0007849134879621999,-0.04209192691019031,-0.0017795659580138311,-0.04209192691019031,-0.0017795659580138311,1.5449887121525474,0.0038811320961560387,0.20010119553302333,0.005463223759659459,0.0007814497442312679,6.10663702759114e-07,0.0017874880124577233,3.195113394680062e-06
217,134,170,42.737539957581326,-230.5681737858149,2.1803875789148286,10.0,10.0,3,2,131.90845173179136,0,0.0031763799740685,0.0,0.0,0.0,0.0,0.0,-0.0251810190650452,-0.0066544975823612,0.0508279278025947,0.00871499931048,0.0,0.0,-0.0220046390909767,-0.0066544975823612,0.0508279278025947,0.00871499931048,0.0,0.0,1.0089389739663934e-05,0.0033377955169152,0.0031879159372852,1.0162808023197248e-05,0.0031648857555057,1.0470149096082089,194.19717610576637,source,0.05913136010390725,-0.998250210244036,0.05913136010390725,-0.998250210244036,-0.009069770945445716,-0.0022126887370233763,-0.009069770945445716,-0.0022126887370233763,0.09324808198565035,0.01659333411426385,0.09324808198565035,0.01659333411426385,1.8001145000013252,0.006269514334041893,0.1879937837244427,0.0039921808767688785,0.0031879159372852376,1.0162808023197216e-05,0.009057700267479962,8.204193413550657e-05
218,137,139,176.7647359937695,-349.4126086921678,3.4106610123227945,10.0,10.0,3,2,264.3848723785369,11,9.218472313498744e-11,0.0,0.0,0.0,0.0,0.0,0.00608880802905,0.0047355770542827,-0.0114879070499096,-0.0117877673875044,0.0,0.0,0.0060888081212347,0.0047355770542827,-0.0114879070499096,-0.0117877673875044,0.0,0.0,8.498023179474291e-21,0.0003304227416209,0.0003304227427435,1.0917918892216521e-07,2.5718638822842865e-17,0.999999996602564,379.5751033815517,transition,0.4551480432841696,-0.8904157785521277,0.4551480432841696,-0.8904157785521277,0.00842057375787219,0.008016774840967984,0.00842057375787219,0.008016774840967984,-0.016379697086146578,-0.016112254610425866,-0.016379697086146578,-0.016112254610425866,1.4194669160330464,0.002859739234202347,0.17135248333403597,0.00833705211518081,0.00033042274274353744,1.0917918892216192e-07,0.0006630739665276513,4.396670850867129e-07
219,137,145,179.1543135850135,-330.2054537556027,3.385802703897216,10.0,10.0,3,3,262.4832602211392,11,1.2838077521882137e-10,0.0,0.0,0.0,0.0,0.0,-0.0048251094504328,0.0028500540955596,-0.0033717274736984,0.0062528485032705,0.0,0.0,-0.004825109322052,0.0028500540955596,-0.0033717274736984,0.0062528485032705,0.0,0.0,1.6481623445785537e-20,8.187115011801775e-05,8.187114887911516e-05,6.702885018786241e-09,2.0131174011153886e-16,1.0000000151323465,370.7346151880416,transition,0.6599932416116542,0.7512715361485092,0.6599932416116542,0.7512715361485092,-0.005556015261949407,0.005904926451468568,-0.005556015261949407,0.005904926451468568,-0.005981858603500647,0.007259907237911512,-0.005981858603500647,0.007259907237911512,1.4239989964922923,0.0028948446242769554,0.17315212273534428,0.008189912141873779,8.187114887911389e-05,6.702885018786031e-09,0.00015422634744362258,2.3785766245800987e-08
220,138,192,126.18515034920918,71.948957474748,3.498936135995809,10.0,10.0,2,1,408.8440514935277,14,1.0047116633991023e-24,0.0,0.0,0.0,0.0,0.0,-0.0051862391893719,-0.0067003463006131,0.0003602091305137,-0.0004901243654474,0.0,0.0,-0.0051862391893719,-0.0067003463006131,0.0003602091305137,-0.0004901243654474,0.0,0.0,1.0094455265701914e-48,7.216168998882832e-05,7.216168998882832e-05,5.207309502043766e-09,1.39886624984319e-44,1.0,449.0805604650879,transition,0.9995848454615841,-0.028812093355759037,0.9995848454615841,-0.028812093355759037,-0.007267296721526299,-0.00939286275042267,-0.007267296721526299,-0.00939286275042267,0.0002502871868720895,0.00015989631588178988,0.0002502871868720895,0.00015989631588178988,1.4033729020644887,0.002735075375448516,0.16496172705257256,0.008859565518689681,7.216168998882718e-05,5.207309502043602e-09,0.00014112768279472953,1.99170228510098e-08
221,139,152,190.36149338723493,-368.4618094283289,3.8994603377729646,10.0,10.0,2,2,282.79692445411666,12,3.297952920116829e-12,0.0,0.0,0.0,0.0,0.0,0.0058950477297922,0.0090259563749019,-0.0052474433863887,-0.0095267548771951,0.0,0.0,0.0058950477330902,0.0090259563749019,-0.0052474433863887,-0.0095267548771951,0.0,0.0,1.0876493463307118e-23,0.0002345141968016,0.0002345141968405,5.4996908519773784e-08,4.6378827422126915e-20,0.999999999834197,402.9790316907762,transition,0.6919904467066397,-0.7219066571702641,0.6919904467066397,-0.7219066571702641,0.007284940250561311,0.012090544271432946,0.007284940250561311,0.012090544271432946,-0.007475938376156451,-0.012618145203473943,-0.007475938376156451,-0.012618145203473943,1.330350720617038,0.0021694472523683317,0.13596542037089798,0.011230327010154258,0.00023451419684055927,5.499690851977258e-08,0.00041435885821376956,1.716932633802188e-07
222,140,175,108.58479660059687,-152.38181318126544,2.5400950711624866,10.0,10.0,2,2,227.7411341645477,5,3.5782992693554046e-08,0.0,0.0,0.0,0.0,0.0,-0.0038439037185259,0.0079166243663544,-0.0006276401951417,-0.0101148038259468,0.0,0.0,-0.0038438679355332,0.0079166243663544,-0.0006276401951417,-0.0101148038259468,0.0,0.0,1.2804225661069418e-15,0.0001801517258072,0.0001801514507157,3.2454545194979764e-08,7.107478518879267e-12,1.000001527001175,240.940557748666,transition,0.7929517501166943,-0.6092844343874803,0.7929517501166943,-0.6092844343874803,-0.003836730148001311,0.015727587921256135,-0.003836730148001311,0.015727587921256135,0.0022565613138485945,-0.012901144906921127,0.0022565613138485945,-0.012901144906921127,1.6353415957395918,0.004668595751266425,0.19835045682529928,0.00467287699803655,0.000180151450715722,3.245454519497921e-08,0.0004336091289219591,1.8801687668446015e-07
223,141,184,238.1009123264202,85.55779448091292,3.1086985534067324,10.0,10.0,2,2,485.1586317139553,19,1.6107295864926755e-34,0.0,0.0,0.0,0.0,0.0,-0.0010527267078395,-0.0070425605442194,0.0004952697997079,-0.0010436280605988,0.0,0.0,-0.0010527267078395,-0.0070425605442194,0.0004952697997079,-0.0010436280605988,0.0,0.0,2.5944498008028648e-68,5.204034424376677e-05,5.204034424376677e-05,2.708197429009749e-09,4.985458567779594e-64,1.0,568.0967533592438,transition,0.9984555461184476,0.05555647959790736,0.9984555461184476,0.05555647959790736,-0.0014898765528500114,-0.010434277713418165,-0.0014898765528500114,-0.010434277713418165,2.8378952950482337e-05,-0.000702890198594131,2.8378952950482337e-05,-0.000702890198594131,1.4745196628269974,0.0032861765334205313,0.1932133247669196,0.006549692034841752,5.204034424376636e-05,2.708197429009707e-09,0.00011158874353971751,1.2452047684772846e-08
224,142,160,400.9808384312897,81.40282329659435,2.788910446192123,10.0,10.0,2,2,601.7596771317666,25,1.0274530884392266e-52,0.0,0.0,0.0,0.0,0.0,-0.0005724154867098,-0.0039410735920978,0.0002105040598912,-0.0018550244317838,0.0,0.0,-0.0005724154867098,-0.0039410735920978,0.0002105040598912,-0.0018550244317838,0.0,0.0,1.0556598489433053e-104,1.934514814950244e-05,1.934514814950244e-05,3.742347569261977e-10,5.456974745217741e-100,1.0,710.0116771830518,remote,0.9084838393073085,0.41791998482658455,0.9084838393073085,0.41791998482658455,-0.0006321461717607118,-0.006168590205790026,-0.0006321461717607118,-0.006168590205790026,-0.00019589075302762745,-0.00284354325031683,-0.00019589075302762745,-0.00284354325031683,1.559056133201608,0.0040037356297399785,0.19982861564878848,0.0053401713430777575,1.9345148149501363e-05,3.74234756926156e-10,4.65752253129845e-05,2.169251612955272e-09
225,143,171,373.64345904533593,-131.32921197421564,2.2252545118808733,10.0,10.0,2,2,476.825003275801,26,2.280258121305105e-33,0.0,0.0,0.0,0.0,0.0,0.0005089185633687,0.0001349947256044,-0.0021955948241045,0.0012105906661581,0.0,0.0,0.0005089185633687,0.0001349947256044,-0.0021955948241045,0.0012105906661581,0.0,0.0,5.199577099777885e-66,6.563388072706091e-06,6.563388072706091e-06,4.307806299294058e-11,7.922093044292739e-61,1.0,712.235762223276,transition,-0.011797953198380968,-0.9999304017282048,-0.011797953198380968,-0.9999304017282048,5.476530056100759e-05,5.0318611614274256e-05,5.476530056100759e-05,5.0318611614274256e-05,-0.0039026366483984583,0.00214225996233379,-0.0039026366483984583,0.00214225996233379,1.7787094852358711,0.006059818643139191,0.18941420731792097,0.004072641418219303,6.563388072705848e-06,4.307806299293739e-11,1.9825381756461452e-05,3.930457617894346e-10
226,144,149,363.2234132028266,-29.00101221588416,4.271944377385594,10.0,10.0,2,3,509.2182260231432,23,5.918996068005008e-38,0.0,0.0,0.0,0.0,0.0,-0.0016826314346671,-0.0031668700416733,0.0011797828335404,0.0013778364645083,0.0,0.0,-0.0016826314346671,-0.0031668700416733,0.0011797828335404,0.0013778364645083,0.0,0.0,3.5034514453058753e-75,1.6150635263023534e-05,1.6150635263023534e-05,2.6084301939921925e-10,2.169234453165404e-70,1.0,668.604201446997,remote,0.9223743410423374,-0.38629726246339613,0.9223743410423374,-0.38629726246339613,-0.002370413487133307,-0.004092856723448356,-0.002370413487133307,-0.004092856723448356,0.0010026497700738525,0.0017246386388873067,0.0010026497700738525,0.0017246386388873067,1.2850551529696468,0.0018407560297414437,0.022975838841995444,0.01965080255874757,1.6150635263023056e-05,2.608430193992038e-10,2.6350021254832113e-05,6.943236201301041e-10
227,145,162,195.9780049111336,-328.3713881876538,2.911715860236111,10.0,10.0,3,3,278.7230033827992,12,7.025380254186827e-12,0.0,0.0,0.0,0.0,0.0,0.007355302380813,0.01494472395401,-0.0043701107868334,-0.0118673222237075,0.0,0.0,0.0073553023878384,0.01494472395401,-0.0043701107868334,-0.0118673222237075,0.0,0.0,4.935596771591816e-23,0.0004373764522252,0.0004373764523286,1.9129816105155545e-07,1.128455074642123e-19,0.99999999976371,384.0290345620209,transition,0.7949169337253091,-0.6067182776847526,0.7949169337253091,-0.6067182776847526,0.010343560578366018,0.023058748374595765,0.010343560578366018,0.023058748374595765,-0.007642627951577867,-0.017684895148617066,-0.007642627951577867,-0.017684895148617066,1.5214046504047816,0.003675587007510881,0.20055817629719994,0.005669521401619102,0.0004373764523286011,1.912981610515531e-07,0.001009860400465069,1.0198180284274697e-06
228,146,159,98.55171004570806,-329.65587631277685,1.9414275713565416,10.0,10.0,2,2,183.722494123472,9,1.4256007219613373e-05,0.0,0.0,0.0,0.0,0.0,0.0281549182630439,0.0123944984360851,-0.0300092095331837,-0.016812083147676,0.0,0.0,0.0281691742702636,0.0123944984360851,-0.0300092095331837,-0.016812083147676,0.0,0.0,2.0323374184566858e-10,0.0021295218104517,0.0021303247671214,4.538283613411269e-06,9.540035631293844e-08,0.9996230825073316,329.0325509883201,transition,0.6811389446237215,-0.7321541764661886,0.6811389446237215,-0.7321541764661886,0.054158936754005405,0.027248274687505368,0.054158936754005405,0.027248274687505368,-0.05815428044750104,-0.029914841127836378,-0.05815428044750104,-0.029914841127836378,1.9346386863677256,0.007669172596931716,0.17961426734480063,0.0035952204243870573,0.0021303247671214916,4.538283613411238e-06,0.007952476957840396,6.324188976498244e-05
229,147,169,-72.25063443637887,-272.8062559442181,2.2485287702685746,10.0,10.0,3,2,11.12426438513429,0,0.9599166265299705,0.0,0.0,0.0,0.0,0.0,0.6133671367249632,0.0362934500811091,2.959100066193758,0.0866685335564211,0.0,0.0,1.5732837632549337,0.0362934500811091,2.959100066193758,0.0866685335564211,0.0,0.0,0.9214399298886788,9.141321095389694,11.24032365069712,126.34487577242106,0.0819762809793765,0.8132613774713464,0.0,source,-0.5908562191020591,-0.8067768764338872,-0.5908562191020591,-0.8067768764338872,3.390443136823899,0.10213179455600423,3.390443136823899,0.10213179455600423,4.783473174606951,0.1498476969809941,4.783473174606951,0.1498476969809941,1.7676058547554732,0.0059510411678312496,0.19015103739631345,0.0041143794936333005,11.240323650697121,126.34487577242106,34.40960551197031,1184.0209514894177
230,148,191,225.61573319388876,-318.3294434148187,3.737460242364488,10.0,10.0,2,3,306.6252049430397,14,3.1756894372396355e-14,0.0,0.0,0.0,0.0,0.0,0.0019741131831099,0.0012335860330327,-0.0060861196147412,-0.0074803767384134,0.0,0.0,0.0019741131831416,0.0012335860330327,-0.0060861196147412,-0.0074803767384134,0.0,0.0,1.0085003401795387e-27,9.84157454741565e-05,9.841574547428189e-05,9.685658957258637e-09,1.0247347467820394e-23,0.999999999998726,422.0700759529404,transition,0.28448786619444977,-0.9586796409584011,0.28448786619444977,-0.9586796409584011,0.0025015143772919852,0.002782212926704474,0.0025015143772919852,0.002782212926704474,-0.008311932773103218,-0.009860648140511786,-0.008311932773103218,-0.009860648140511786,1.3598860153855772,0.0023982269603064045,0.14769356171187564,0.010271424686389839,9.841574547428068e-05,9.685658957258399e-09,0.0001803188911248859,3.251490249650846e-08
231,149,194,386.1353266167524,-33.14694566712383,3.4610789204311168,10.0,10.0,3,1,527.2623709765838,24,1.222286688834553e-40,0.0,0.0,0.0,0.0,0.0,-0.0031680211474154,-0.0032303694404466,0.0001196437787697,-0.0003087170261915,0.0,0.0,-0.0031680211474154,-0.0032303694404466,0.0001196437787697,-0.0003087170261915,0.0,0.0,1.4939847497021351e-80,2.058126554830188e-05,2.058126554830188e-05,4.2358849156971767e-10,7.258954733351667e-76,1.0,691.8881989660945,remote,0.9989313878712989,0.04621777066800826,0.9989313878712989,0.04621777066800826,-0.004443543332332105,-0.004573751121592704,-0.004443543332332105,-0.004573751121592704,-0.00015956948109507968,-0.000236023541559686,-0.00015956948109507968,-0.000236023541559686,1.410274898128133,0.0027885380768031087,0.167702433925609,0.008635483107597876,2.058126554830128e-05,4.2358849156969316e-10,4.0745446200050944e-05,1.660191386041246e-09
232,151,165,173.87969854595974,-178.18175627590543,3.9674456027046814,10.0,10.0,2,1,273.1148270934248,9,1.954276206214479e-11,0.0,0.0,0.0,0.0,0.0,0.0007968408120069,0.0066657944914512,-0.0013510389005756,-0.0071562905080622,0.0,0.0,0.0007968408315496,0.0066657944914512,-0.0013510389005756,-0.0071562905080622,0.0,0.0,3.8191954901760573e-22,9.810557142859236e-05,9.81055714597373e-05,9.624703151441624e-09,3.892944542648591e-18,0.9999999996825364,318.3378680329732,transition,0.7769669529697092,-0.6295413838604782,0.7769669529697092,-0.6295413838604782,0.0014541096654807808,0.009802628361786204,0.0014541096654807808,0.009802628361786204,-0.001250218183119645,-0.008180855012639448,-0.001250218183119645,-0.008180855012639448,1.3179558832275138,0.002073437129559745,0.13104356650277205,0.011632741764049222,9.810557145973549e-05,9.624703151441265e-09,0.00016669539196177084,2.7787353701288414e-08
233,152,158,205.92982286563472,-386.38532959467256,3.6399389876389705,10.0,10.0,2,1,303.35869032391986,13,6.136223485217155e-14,0.0,0.0,0.0,0.0,0.0,0.0039957387377461,0.0068103373635174,-0.0041662252131639,-0.0090184365356017,0.0,0.0,0.0039957387378074,0.0068103373635174,-0.0041662252131639,-0.0090184365356017,0.0,0.0,3.7653238660530576e-27,0.0001610362531387,0.0001610362531392,2.5932674825118236e-08,2.338183975752273e-23,0.999999999996955,426.71982902155975,transition,0.6175337732153117,-0.7865443655245774,0.6175337732153117,-0.7865443655245774,0.004940410535871663,0.009600163865988352,0.004940410535871663,0.009600163865988352,-0.006146344889864257,-0.012271916086311986,-0.006146344889864257,-0.012271916086311986,1.377665751855814,0.0025359483864426198,0.154753699894427,0.009694182077137476,0.000161036253139214,2.593267482511701e-08,0.0003049482824514235,9.299345497007317e-08
234,153,188,-17.31389702062541,-305.2192884606585,4.232142224145132,10.0,10.0,2,1,65.82384817991951,0,0.2387535017298095,0.0,0.0,0.0,0.0,0.0,-0.3115361633399401,-0.0061047163224061,-0.0021846424465619,0.0101933874851481,0.0,0.0,-0.0727826616101306,-0.0061047163224061,-0.0021846424465619,0.0101933874851481,0.0,0.0,0.0570032345882461,0.0972007264409886,0.0054432612034735,2.962909252924015e-05,10.472257798664964,17.857075530191615,142.32840332923905,source,-0.0974969558581418,-0.9952358231084709,-0.0974969558581418,-0.9952358231084709,-0.0038001607131601415,-0.0004022121951408916,-0.0038001607131601415,-0.0004022121951408916,-0.011652311896797284,0.012390421800642657,-0.011652311896797284,0.012390421800642657,1.28900186439878,0.0018680827439765302,0.03844783498563596,0.018505471144698818,0.005443261203473522,2.9629092529240018e-05,0.00030390192103385013,9.235637760806448e-08
235,156,183,245.3425154456417,-0.0878912391526078,5.669930552138013,10.0,10.0,2,2,429.4585290149282,18,3.31902977797202e-27,0.0,0.0,0.0,0.0,0.0,-0.0046037156213678,-0.0003877228729996,-0.0018728562931262,-0.0002413091000233,0.0,0.0,-0.0046037156213678,-0.0003877228729996,-0.0018728562931262,-0.0002413091000233,0.0,0.0,1.1015958667064995e-53,2.4910347325130168e-05,2.4910347325130168e-05,6.205254038586196e-10,4.42224210015403e-49,1.0,546.9671323485596,transition,-0.9365800709449021,-0.35045366413955786,-0.9365800709449021,-0.35045366413955786,-0.0061408422622631405,-0.0002178333952108474,-0.0061408422622631405,-0.0002178333952108474,-0.00019446909463872422,-0.000929619660138006,-0.00019446909463872422,-0.000929619660138006,1.1714793070213354,0.0010737251894838104,-7.363474043315151,10.362904641380503,2.4910347325129432e-05,6.20525403858583e-10,3.8659406019350875e-05,1.4945496737690228e-09
236,157,164,461.9174270193744,-118.8452796661606,2.0415435998708418,10.0,10.0,3,2,564.7555137591421,29,1.6181728503540303e-46,0.0,0.0,0.0,0.0,0.0,0.0003897023057296,-0.0002803160661473,9.52805286132727e-05,0.0017961204165247,0.0,0.0,0.0003897023057296,-0.0002803160661473,9.52805286132727e-05,0.0017961204165247,0.0,0.0,2.618483373622887e-92,3.46557191382128e-06,3.46557191382128e-06,1.2010188689866889e-11,7.555703470414039e-87,1.0,789.6291445507094,remote,0.44241984723304567,-0.896808050127946,0.44241984723304567,-0.896808050127946,0.00013977805078535364,-0.0013414108824729267,0.00013977805078535364,-0.0013414108824729267,-0.00012540752843669744,0.0029478643820010793,-0.00012540752843669744,0.0029478643820010793,1.866353871071778,0.006918432862423211,0.1835981798663466,0.003743189894045253,3.46557191382095e-06,1.2010188689864601e-11,1.0524552521957358e-05,1.1076620578743899e-10
237,159,177,115.66806627289536,-343.60902970689483,2.6326721917859857,10.0,10.0,2,1,204.08247878279604,10,1.0481519084291029e-06,0.0,0.0,0.0,0.0,0.0,0.0240102900531948,0.0179828174091464,-0.013107123342924,-0.0119797162635872,0.0,0.0,0.0240113382051032,0.0179828174091464,-0.013107123342924,-0.0119797162635872,0.0,0.0,1.09862242314357e-12,0.0012151860344919,0.0012152363684532,1.4767994312114124e-06,9.040401124119627e-10,0.9999585809291004,351.1155793163316,transition,0.8521994871592283,-0.5232170047748338,0.8521994871592283,-0.5232170047748338,0.037479474498947334,0.029593672481428378,0.037479474498947334,0.029593672481428378,-0.022681122725610507,-0.018348068794564985,-0.022681122725610507,-0.018348068794564985,1.6069579459496335,0.004421220219666029,0.19890043766023183,0.004921158234937206,0.001215236368453226,1.4767994312113848e-06,0.0031315814162395897,9.806802166537155e-06
238,160,174,423.30515909382274,84.54742457410953,4.162785059260617,10.0,10.0,2,2,621.5542780124692,26,3.4296592251990112e-56,0.0,0.0,0.0,0.0,0.0,0.0019656478081982,-0.0028526288648602,-0.0001183941045522,0.0005675499671641,0.0,0.0,0.0019656478081982,-0.0028526288648602,-0.0001183941045522,0.0005675499671641,0.0,0.0,1.1762562400992683e-111,1.2337392875729542e-05,1.2337392875729542e-05,1.5221126297010207e-10,9.534074597018238e-107,1.0,732.5563841059228,remote,0.9909985297866842,-0.1338727528686485,0.9909985297866842,-0.1338727528686485,0.0025283340020728867,-0.0037223536064985344,0.0025283340020728867,-0.0037223536064985344,-0.000334933015145335,0.0005171942812294747,-0.000334933015145335,0.0005171942812294747,1.295879198740172,0.0019157008568335048,0.06540853183899543,0.016509676111910482,1.2337392875728665e-05,1.522112629700804e-10,2.0628059247021368e-05,4.255168282986238e-10
239,162,179,212.62646363186064,-344.42223006354857,3.638817967487075,10.0,10.0,3,3,298.1056585330421,13,1.7438423973588397e-13,0.0,0.0,0.0,0.0,0.0,0.0043498911662259,0.0090100379675034,-0.0050418211628668,-0.0117215830589711,0.0,0.0,0.0043498911664003,0.0090100379675034,-0.0050418211628668,-0.0117215830589711,0.0,0.0,3.040986306826225e-26,0.0002629178073805,0.000262917807382,6.912577343859672e-08,1.156630027119866e-22,0.9999999999942296,407.1547929863565,transition,0.638103247979504,-0.769950806816908,0.638103247979504,-0.769950806816908,0.005849406146930886,0.012937092863941478,0.005849406146930886,0.012937092863941478,-0.007017772332201055,-0.01573979197630988,-0.007017772332201055,-0.01573979197630988,1.3778701323566045,0.0025375315130592843,0.15483485714778766,0.009687546594448846,0.00026291780738206994,6.912577343859523e-08,0.0004985741040061139,2.485761371854993e-07
240,162,191,217.03835163531872,-332.51480996322107,4.558101166984063,10.0,10.0,3,3,300.1801700103402,13,1.156956860467838e-13,0.0,0.0,0.0,0.0,0.0,-0.0013561954797855,0.0102934749126357,-9.367770980920904e-05,0.0030254280677463,0.0,0.0,-0.0013561954796698,0.0102934749126357,-9.367770980920904e-05,0.0030254280677463,0.0,0.0,1.3385491769835964e-26,0.0001169568824628,0.0001169568824625,1.3678912355361117e-08,1.14448089654928e-22,1.0000000000026836,405.4931010023099,transition,0.9735191808114022,0.22860534681475964,0.9735191808114022,0.22860534681475964,-0.0016503938004190138,0.013114133448266622,-0.0016503938004190138,0.013114133448266622,-0.00042435323814262366,0.0030320908749128183,-0.00042435323814262366,0.0030320908749128183,1.2566803495963408,0.001644291160905208,-0.08825976990500162,0.02788513999497673,0.00011695688246255954,1.3678912355360966e-08,0.00018407794653985864,3.388469040233106e-08
241,163,193,380.6530198530016,35.50801831511322,3.968195564641171,10.0,10.0,3,2,558.3824905189093,24,1.724474447201277e-45,0.0,0.0,0.0,0.0,0.0,-0.0024688928848477,-0.0026383329496308,-0.0015478528531555,-0.0018440477995182,0.0,0.0,-0.0024688928848477,-0.0026383329496308,-0.0015478528531555,-0.0018440477995182,0.0,0.0,2.97381211905015e-90,1.8852593571889592e-05,1.8852593571889592e-05,3.5542028438685276e-10,1.5774021265086262e-85,1.0,683.033655307027,remote,0.8359450021978079,0.5488132225999178,0.8359450021978079,0.5488132225999178,-0.0032088188237488755,-0.003543229568149168,-0.0032088188237488755,-0.003543229568149168,-0.0020957808883609445,-0.0023400075616497123,-0.0020957808883609445,-0.0023400075616497123,1.317819152771871,0.0020723780186230377,0.13098927233973884,0.011637180898741217,1.8852593571888694e-05,3.554202843868189e-10,3.271892693684848e-05,1.070528179898829e-09
242,163,197,381.1756040323624,23.211415260008,3.9848618095656327,10.0,10.0,3,2,551.9235091671243,24,1.8460774845077048e-44,0.0,0.0,0.0,0.0,0.0,0.0008304554200147,-0.0031776437815972,-0.0002087076770375,0.001906995939677,0.0,0.0,0.0008304554200147,-0.0031776437815972,-0.0002087076770375,0.001906995939677,0.0,0.0,3.408002078806294e-88,1.4467268615755113e-05,1.4467268615755113e-05,2.0930186120041286e-10,2.3556637879073587e-83,1.0,681.3587441467824,remote,0.8789403007640162,-0.47693180612416763,0.8789403007640162,-0.47693180612416763,0.000977465035663632,-0.004265995002530227,0.000977465035663632,-0.004265995002530227,-0.0005011416137856724,0.002341375497599754,-0.0005011416137856724,0.002341375497599754,1.314780620879112,0.0020488416210880317,0.12978270467936442,0.011735830846731663,1.4467268615754098e-05,2.093018612003835e-10,2.488733339538598e-05,6.193793635330942e-10
243,164,189,478.1501825929304,-131.16579560549965,3.2309464859239405,10.0,10.0,2,1,576.9788661104108,30,1.6047581810738294e-48,0.0,0.0,0.0,0.0,0.0,-0.0012889090652459,-0.0026723894858521,0.0003838121162867,0.0006065580509381,0.0,0.0,-0.0012889090652459,-0.0026723894858521,0.0003838121162867,0.0006065580509381,0.0,0.0,2.5752488197233857e-96,9.318176552332842e-06,9.318176552332842e-06,8.682841426044557e-11,2.763683221991176e-91,1.0,810.0079930589624,remote,0.9777429778265607,-0.20980626613819092,0.9777429778265607,-0.20980626613819092,-0.001891392852694412,-0.003893462325707557,-0.001891392852694412,-0.003893462325707557,0.0004253886670845866,0.0008423521735113094,0.0004253886670845866,0.0008423521735113094,1.452231844337532,0.00311353560856922,0.18436307670015772,0.007273295476374127,9.318176552332215e-06,8.682841426043389e-11,1.9626928507230837e-05,3.852163226279505e-10
244,169,176,-75.84569842034912,-292.6752159444303,2.58759771912516,10.0,10.0,2,2,11.29379885956258,0,0.9587113368101382,0.0,0.0,0.0,0.0,0.0,-1.228340836613537,-0.0277451209651768,-0.8365987889528416,-0.0019972681514937,0.0,0.0,-0.2696294998033991,-0.0277451209651768,-0.8365987889528416,-0.0019972681514937,0.0,0.0,0.9191274273282822,2.2094925253872475,0.7733713816590334,0.5981032939692024,1.188468372538655,2.8569618397922256,20.19158380461698,source,0.2636647639957361,-0.9646143748810053,0.2636647639957361,-0.9646143748810053,0.2225169245692074,-0.008876203153038737,0.2225169245692074,-0.008876203153038737,-1.1756929646472176,0.0031634464644685997,-1.1756929646472176,0.0031634464644685997,1.6207775380675933,0.004541663819131889,0.1986326598773284,0.004800273660546654,0.7733713816590334,0.5981032939692024,1.4318565232166498,2.0502131030780726
245,170,172,41.01168558193411,-253.1075535604384,3.426546032527209,10.0,10.0,2,2,123.21783744411027,0,0.0066107838538937,0.0,0.0,0.0,0.0,0.0,-0.0051926377282872,0.0004705202326853,0.061890526532005,0.0157224166662195,0.0,0.0,0.0014181461256064,0.0004705202326853,0.061890526532005,0.0157224166662195,0.0,0.0,4.370246316290189e-05,0.0041048165361016,0.0040798641879579,1.6645291792182035e-05,0.0107117445948061,1.0061159751879265,216.8025341863331,source,-0.20332767920007472,-0.9791107469898956,-0.20332767920007472,-0.9791107469898956,0.01568483163908821,0.003948197516671048,0.01568483163908821,0.003948197516671048,0.08478740657389694,0.0217668638950522,0.08478740657389694,0.0217668638950522,1.416570814318053,0.0028373060975193536,0.17020247313378328,0.008431077879478359,0.0040798641879579685,1.6645291792181933e-05,0.00792430288453022,6.279457620577395e-05
246,172,182,37.09582435684762,-275.924287977903,2.9027688509574325,10.0,10.0,2,1,116.06716046969788,0,0.0116387320457704,0.0,0.0,0.0,0.0,0.0,-0.0279373183982018,-0.0022571729058982,0.025485668723951,0.0137548142989595,0.0,0.0,-0.0162985863524314,-0.0022571729058982,0.025485668723951,0.0137548142989595,0.0,0.0,0.0001354600836332,0.0016243028155154,0.0011094529733206,1.2308859000099745e-06,0.1220962824839779,1.4640573819491287,239.95285467247868,source,-0.13397756549323186,-0.9909843651362552,-0.13397756549323186,-0.9909843651362552,0.0008398668976914627,0.0018130326067061478,0.0008398668976914627,0.0018130326067061478,0.03532214455024189,0.02034027437718759,0.03532214455024189,0.02034027437718759,1.5241477555729182,0.003699494331065994,0.20050502403236284,0.005645526547217592,0.0011094529733206187,1.2308859000099614e-06,0.0016653731210062742,2.7734676321701783e-06
247,174,178,447.29129515878685,82.15635442257849,4.076764488226715,10.0,10.0,2,2,639.7243076186023,27,1.7580289977905133e-59,0.0,0.0,0.0,0.0,0.0,0.0022506707743599,-0.0025434739644822,-2.206497212311546e-05,0.0002496912302833,0.0,0.0,0.0022506707743599,-0.0025434739644822,-2.206497212311546e-05,0.0002496912302833,0.0,0.0,3.090665957072317e-118,1.1597611316032437e-05,1.1597611316032437e-05,1.3450458823776362e-10,2.6649159666178906e-113,1.0,756.6614030811594,remote,0.997932578208268,-0.06426950560413004,0.997932578208268,-0.06426950560413004,0.002931249698467571,-0.0033198310314028214,0.002931249698467571,-0.0033198310314028214,-0.00017783890300397394,0.0002240199523131102,-0.00017783890300397394,0.0002240199523131102,1.3044088470933404,0.0019747594597382535,0.09884667110924271,0.014034381329130104,1.1597611316031771e-05,1.3450458823774819e-10,1.9695314486287374e-05,3.879054127137613e-10
248,178,187,470.8943937910718,79.98470212462107,3.347223187889501,10.0,10.0,2,2,658.0761344310936,28,6.693535952891976e-63,0.0,0.0,0.0,0.0,0.0,0.0024159791886123,-0.0021114840930273,-0.0001577523243988,0.0005165077717275,0.0,0.0,0.0024159791886123,-0.0021114840930273,-0.0001577523243988,0.0005165077717275,0.0,0.0,4.4803423552657495e-125,1.0586986589023808e-05,1.0586986589023808e-05,1.1208428503616996e-10,4.2319335323526355e-120,1.0,780.3641948734482,remote,0.9928037016386522,-0.11975312109748991,0.9928037016386522,-0.11975312109748991,0.003443471119185146,-0.003053465826108675,0.003443471119185146,-0.003053465826108675,-0.0003939220596543151,0.00041544236198611114,-0.0003939220596543151,0.00041544236198611114,1.431032679864159,0.0029493273724653583,0.17594512119293232,0.007961554328526658,1.0586986589023199e-05,1.1208428503615706e-10,2.1508913845090635e-05,4.6263337479553163e-10
249,179,190,227.6948753499865,-361.2799381222852,1.6169580762179976,10.0,10.0,3,1,316.6600253050049,14,4.0168107983413156e-15,0.0,0.0,0.0,0.0,0.0,0.0046162429476834,0.0111653955967629,-0.0029067354192691,-0.0119453105309912,0.0,0.0,0.0046162429476875,0.0111653955967629,-0.0029067354192691,-0.0119453105309912,0.0,0.0,1.6134768989671402e-29,0.0002971153122636,0.0002971153122637,8.827750878157558e-08,5.430473733157667e-26,0.9999999999998752,429.7653956475097,transition,0.6963429757197107,-0.7177091751996895,0.6963429757197107,-0.7177091751996895,0.008162695013283514,0.02508681668532586,0.008162695013283514,0.02508681668532586,-0.008106634083105595,-0.025922748781965946,-0.008106634083105595,-0.025922748781965946,2.2031183813181325,0.010752399016262055,0.16483065549887893,0.003188231058288313,0.00029711531226372966,8.827750878157359e-08,0.0014336843818533141,2.0554509067701194e-06
250,179,191,224.5803548970436,-341.6151734463534,5.396961172608126,10.0,10.0,3,3,309.2474831599407,14,1.8619864776228206e-14,0.0,0.0,0.0,0.0,0.0,-0.002021398326176,-0.0004372527469599,-0.0058232479167082,-0.0018467884143392,0.0,0.0,-0.0020213983261574,-0.0004372527469599,-0.0058232479167082,-0.0018467884143392,0.0,0.0,3.466993642850238e-28,4.1598084904576354e-05,4.159808490450108e-05,1.7304006677220803e-09,8.334503020534717e-24,1.0000000000018097,417.31250998605344,transition,0.34743432282886555,0.937704319772735,0.34743432282886555,0.937704319772735,-0.0044161711140967685,-0.0010135108283204556,-0.0044161711140967685,-0.0010135108283204556,-0.006171388890613248,-0.0020193872909225453,-0.006171388890613248,-0.0020193872909225453,1.1883412458339906,0.001182587807442771,-4.469112656732532,6.156986882365625,4.15980849044998e-05,1.7304006677219744e-09,6.269373737802963e-05,3.930504706425349e-09
251,181,195,280.6808543993233,-129.6263713693237,3.7089683902047694,10.0,10.0,2,1,390.37726731980166,21,1.3212184946194122e-22,0.0,0.0,0.0,0.0,0.0,-0.0038921963421662,0.0001315087034972,0.0027525851538662,-0.0006172716557559,0.0,0.0,-0.0038921963421662,0.0001315087034972,0.0027525851538662,-0.0006172716557559,0.0,0.0,1.745618310524386e-44,2.3124236231352057e-05,2.3124236231352057e-05,5.34730301283375e-10,7.548869043975863e-40,1.0,616.7592931675963,transition,0.8427599708840189,-0.5382895424170598,0.8427599708840189,-0.5382895424170598,-0.00545858672919857,0.0004649660634466964,-0.00545858672919857,0.0004649660634466964,0.0035318262746308494,-0.0003741523808800151,0.0035318262746308494,-0.0003741523808800151,1.365080550919134,0.0024384637120149722,0.1497562547513634,0.010102777234822492,2.3124236231351704e-05,5.347303012833589e-10,4.262614935863087e-05,1.816988609144307e-09
252,187,196,489.00926387382856,88.14044003809747,3.1388908048675788,10.0,10.0,2,1,677.6989982667257,29,1.154724369336584e-66,0.0,0.0,0.0,0.0,0.0,-0.0002348087431924,-0.0016899458187113,0.0001947778187595,-0.0025111421849195,0.0,0.0,-0.0002348087431924,-0.0016899458187113,0.0001947778187595,-0.0025111421849195,0.0,0.0,1.3333883691397713e-132,9.254825487622644e-06,9.254825487622644e-06,8.565179480634968e-11,1.4407493376542198e-127,1.0,800.2303615653008,remote,0.564008476968473,0.8257689979090421,0.564008476968473,0.8257689979090421,-1.8957479205780897e-05,-0.00250614303275226,-1.8957479205780897e-05,-0.00250614303275226,7.53727249929326e-05,-0.0036726840370141928,7.53727249929326e-05,-0.0036726840370141928,1.4690151163983458,0.0032435384445120737,0.1910275298040074,0.006728404399254165,9.254825487622388e-06,8.565179480634498e-11,1.9775401370042264e-05,3.9106649934626944e-10
253,193,197,391.1936506793431,29.788446583875867,4.615405007380332,10.0,10.0,2,2,563.907486297194,25,2.22044281163601e-46,0.0,0.0,0.0,0.0,0.0,6.721751944296442e-05,-4.631917632487496e-05,-0.0036099383782636,0.000394941053192,0.0,0.0,6.721751944296442e-05,-4.631917632487496e-05,-0.0036099383782636,0.000394941053192,0.0,0.0,4.930366279746032e-92,1.3194297191372553e-05,1.3194297191372553e-05,1.7408947837426158e-10,3.73674035701567e-87,1.0,693.342841929103,remote,0.04245992939820236,-0.999098170549571,0.04245992939820236,-0.999098170549571,0.0002021373595468448,-2.0100226069028187e-05,0.0002021373595468448,-2.0100226069028187e-05,-0.004511646589217871,0.0004898805433091759,-0.004511646589217871,0.0004898805433091759,1.250998201686934,0.0016049484232994956,-0.11053506723051326,0.029534093210019454,1.319429719137232e-05,1.740894783742555e-10,2.0636201423926746e-05,4.258528092088763e-10
