upstream_hotspot,downstream_hotspot,upstream_particles,downstream_particles,upstream_x_nm,upstream_y_nm,downstream_x_nm,downstream_y_nm,upstream_gap_nm,downstream_gap_nm,upstream_euclidean_nm,downstream_euclidean_nm,upstream_geodesic_nm,downstream_geodesic_nm,upstream_coordination,downstream_coordination,upstream_Etotal_components,downstream_Etotal_components,upstream_M2,downstream_M2,upstream_M4,downstream_M4,ratio,associated_branch,associated_loop,high_coordination,unusually_short_gap,destination_class
2,0,"[1, 2]","[0, 1]",18.81379759630505,-6.756907118977166,7.24070555340694,-8.556941814750822,2.453198893153857,2.418659204525966,291.8412566490807,286.45847754752515,156.88823566860026,157.40635643128246,"[3, 3]","[2, 3]","[np.float64(0.0012893978368740113), np.float64(0.003090562691249187), np.float64(-0.0020184556190888576), np.float64(0.006048699341764048), np.float64(0.0), np.float64(0.0)]","[np.float64(-0.01113367749999547), np.float64(-0.004369625091539286), np.float64(0.013770175794154172), np.float64(0.0044433653634375), np.float64(0.0), np.float64(0.0)]",5.187505134356501e-05,0.0003524136352694207,2.6910209518975056e-09,1.2419537032380828e-07,46.15176639046049,True,True,False,True,transition
3,0,"[1, 3]","[0, 1]",17.284434328188564,-28.63936935115712,7.24070555340694,-8.556941814750822,3.7228801202257067,2.418659204525966,270.7719398370779,286.45847754752515,134.95239501115915,157.40635643128246,"[3, 2]","[2, 3]","[np.float64(-0.0024489244405140526), np.float64(-0.002265339146850259), np.float64(0.013761346742881786), np.float64(0.008250873887590066), np.float64(0.0), np.float64(0.0)]","[np.float64(-0.01113367749999547), np.float64(-0.004369625091539286), np.float64(0.013770175794154172), np.float64(0.0044433653634375), np.float64(0.0), np.float64(0.0)]",0.00026858057645233805,0.0003524136352694207,7.213552604747021e-08,1.2419537032380828e-07,1.7216949418526326,True,True,False,True,transition
2,1,"[1, 2]","[0, 2]",18.81379759630505,-6.756907118977166,11.57309204289811,1.8000346957736557,2.453198893153857,3.424481581403718,291.8412566490807,297.6403432522935,156.88823566860026,168.09756527086324,"[3, 3]","[2, 3]","[np.float64(0.0012893978368740113), np.float64(0.003090562691249187), np.float64(-0.0020184556190888576), np.float64(0.006048699341764048), np.float64(0.0), np.float64(0.0)]","[np.float64(-0.015963751149140507), np.float64(-0.0010103650345929579), np.float64(-0.002260378708729128), np.float64(-0.00019053049288556034), np.float64(0.0), np.float64(0.0)]",5.187505134356501e-05,0.0002610078020304081,2.6910209518975056e-09,6.81250727207447e-08,25.315697624988026,True,True,False,False,transition
2,4,"[1, 2]","[2, 4]",18.81379759630505,-6.756907118977166,33.63068880984087,8.307959129471135,2.453198893153857,2.9860014002403688,291.8412566490807,311.1230869848328,156.88823566860026,178.01855654447414,"[3, 3]","[3, 2]","[np.float64(0.0012893978368740113), np.float64(0.003090562691249187), np.float64(-0.0020184556190888576), np.float64(0.006048699341764048), np.float64(0.0), np.float64(0.0)]","[np.float64(-0.013619203937743423), np.float64(0.0006131673872146812), np.float64(-0.0076866693300900206), np.float64(-0.0007323153560718931), np.float64(0.0), np.float64(0.0)]",5.187505134356501e-05,0.0002454798613134749,2.6910209518975056e-09,6.026036231048288e-08,22.393122680071222,True,True,False,False,transition
4,6,"[2, 4]","[4, 5]",33.63068880984087,8.307959129471135,54.44966451095935,8.58186911580734,2.9860014002403688,2.491017479293401,311.1230869848328,319.4876485940126,178.01855654447414,198.8393340497542,"[3, 2]","[2, 4]","[np.float64(-0.013619203937743423), np.float64(0.0006131673872146812), np.float64(-0.0076866693300900206), np.float64(-0.0007323153560718931), np.float64(0.0), np.float64(0.0)]","[np.float64(-0.018204976293802015), np.float64(-0.0056420987976546644), np.float64(0.00844016295777982), np.float64(0.0015541993562634788), np.float64(0.0), np.float64(0.0)]",0.0002454798613134749,0.00043690632709327806,6.026036231048288e-08,1.9088713865413848e-07,3.1677064547109732,True,False,True,False,transition
8,7,"[5, 10]","[5, 6]",69.62100260641422,-6.393556981246422,76.23432388369335,2.632220034086151,3.1963251033621454,3.1001357411092307,312.8482654344042,323.93491970718543,220.1567655647121,221.42184294893707,"[4, 4]","[4, 4]","[np.float64(-0.003491484856386266), np.float64(-0.0031469576723042215), np.float64(0.011345986537679072), np.float64(0.00657662958301285), np.float64(0.0), np.float64(0.0)]","[np.float64(-0.01642406215414115), np.float64(-0.003178102739330448), np.float64(0.0021428496738962704), np.float64(0.00017757897427109014), np.float64(0.0), np.float64(0.0)]",0.00019407727627900355,0.00028447349368185184,3.766598916787667e-08,8.09251686075586e-08,2.1484944480517028,True,True,True,False,transition
9,7,"[5, 39]","[5, 6]",70.93626816083695,13.59863591479846,76.23432388369335,2.632220034086151,2.5535227214779432,3.1001357411092307,331.17539563541123,323.93491970718543,216.07232708705382,221.42184294893707,"[4, 3]","[4, 4]","[np.float64(-0.0013401544434171102), np.float64(0.0031874797608392254), np.float64(-0.0058081202236770465), np.float64(0.003236319396100542), np.float64(0.0), np.float64(0.0)]","[np.float64(-0.01642406215414115), np.float64(-0.003178102739330448), np.float64(0.0021428496738962704), np.float64(0.00017757897427109014), np.float64(0.0), np.float64(0.0)]",5.616406492423319e-05,0.00028447349368185184,3.154402188813481e-09,8.09251686075586e-08,25.654676786157808,True,True,True,False,transition
9,8,"[5, 39]","[5, 10]",70.93626816083695,13.59863591479846,69.62100260641422,-6.393556981246422,2.5535227214779432,3.1963251033621454,331.17539563541123,312.8482654344042,216.07232708705382,220.1567655647121,"[4, 3]","[4, 4]","[np.float64(-0.0013401544434171102), np.float64(0.0031874797608392254), np.float64(-0.0058081202236770465), np.float64(0.003236319396100542), np.float64(0.0), np.float64(0.0)]","[np.float64(-0.003491484856386266), np.float64(-0.0031469576723042215), np.float64(0.011345986537679072), np.float64(0.00657662958301285), np.float64(0.0), np.float64(0.0)]",5.616406492423319e-05,0.00019407727627900355,3.154402188813481e-09,3.766598916787667e-08,11.940769411539312,True,True,True,False,transition
8,19,"[5, 10]","[10, 21]",69.62100260641422,-6.393556981246422,85.06469125580878,-21.092613613837003,3.1963251033621454,2.785116746716497,312.8482654344042,307.9249822606694,220.1567655647121,241.4774077920828,"[4, 4]","[4, 2]","[np.float64(-0.003491484856386266), np.float64(-0.0031469576723042215), np.float64(0.011345986537679072), np.float64(0.00657662958301285), np.float64(0.0), np.float64(0.0)]","[np.float64(-0.016839926987147757), np.float64(-0.001615944149831416), np.float64(0.006824543251550407), np.float64(-0.00043653630740651095), np.float64(0.0), np.float64(0.0)]",0.00019407727627900355,0.00033295937096780803,3.766598916787667e-08,1.1086194271527841e-07,2.9432903572814357,True,True,True,False,transition
8,20,"[5, 10]","[10, 185]",69.62100260641422,-6.393556981246422,64.0160480863576,-21.336227079664162,3.1963251033621454,2.662957410937352,312.8482654344042,297.0431583547155,220.1567655647121,236.1160545476853,"[4, 4]","[4, 1]","[np.float64(-0.003491484856386266), np.float64(-0.0031469576723042215), np.float64(0.011345986537679072), np.float64(0.00657662958301285), np.float64(0.0), np.float64(0.0)]","[np.float64(-0.011007535572826872), np.float64(0.006733407539466408), np.float64(-0.006436834766939653), np.float64(0.0018016842756557626), np.float64(0.0), np.float64(0.0)]",0.00019407727627900355,0.00021118352452562038,3.766598916787667e-08,4.4598481031063303e-08,1.1840517670275068,True,True,True,False,transition
9,12,"[5, 39]","[6, 39]",70.93626816083695,13.59863591479846,82.38645655649711,12.082966584664888,2.5535227214779432,4.3582981106012895,331.17539563541123,335.1786171830614,216.07232708705382,227.62239495760844,"[4, 3]","[4, 3]","[np.float64(-0.0013401544434171102), np.float64(0.0031874797608392254), np.float64(-0.0058081202236770465), np.float64(0.003236319396100542), np.float64(0.0), np.float64(0.0)]","[np.float64(-0.002574635016924743), np.float64(-0.003079723318908257), np.float64(0.005970092752405516), np.float64(0.00621027211499424), np.float64(0.0), np.float64(0.0)]",5.616406492423319e-05,9.032292840600227e-05,3.154402188813481e-09,8.158231395835813e-09,2.5863003217432166,True,True,True,False,transition
9,77,"[5, 39]","[39, 73]",70.93626816083695,13.59863591479846,87.18685377205021,26.95882687778682,2.5535227214779432,1.657562869629853,331.17539563541123,350.5420718430117,216.07232708705382,237.1098230234738,"[4, 3]","[3, 3]","[np.float64(-0.0013401544434171102), np.float64(0.0031874797608392254), np.float64(-0.0058081202236770465), np.float64(0.003236319396100542), np.float64(0.0), np.float64(0.0)]","[np.float64(-0.011927061645685919), np.float64(-0.0002638142896452893), np.float64(-0.005520132462467067), np.float64(-0.0017660366101822497), np.float64(0.0), np.float64(0.0)]",5.616406492423319e-05,0.0001759151451910999,3.154402188813481e-09,3.094613830760576e-08,9.810460573908635,True,True,True,True,transition
11,10,"[6, 10]","[6, 7]",81.07119100207439,-7.909226311379995,99.12402260409115,3.6080553999537015,2.378620962607908,3.415378888241367,317.13101859995635,336.3216562234387,231.7068334352667,244.33233317005323,"[4, 4]","[4, 2]","[np.float64(-0.002451275627862013), np.float64(0.004991432959089738), np.float64(-0.006136118549447166), np.float64(0.006291752955453956), np.float64(0.0), np.float64(0.0)]","[np.float64(-0.013942958675962026), np.float64(0.00012784195757646228), np.float64(-0.0035945427585043167), np.float64(-0.0009394942456128965), np.float64(0.0), np.float64(0.0)]",0.00010816126129417083,0.0002082258272859573,1.1698858444745896e-08,4.335799514892132e-08,3.706173158150652,True,True,True,True,transition
12,10,"[6, 39]","[6, 7]",82.38645655649711,12.082966584664888,99.12402260409115,3.6080553999537015,4.3582981106012895,3.415378888241367,335.1786171830614,336.3216562234387,227.62239495760844,244.33233317005323,"[4, 3]","[4, 2]","[np.float64(-0.002574635016924743), np.float64(-0.003079723318908257), np.float64(0.005970092752405516), np.float64(0.00621027211499424), np.float64(0.0), np.float64(0.0)]","[np.float64(-0.013942958675962026), np.float64(0.00012784195757646228), np.float64(-0.0035945427585043167), np.float64(-0.0009394942456128965), np.float64(0.0), np.float64(0.0)]",9.032292840600227e-05,0.0002082258272859573,8.158231395835813e-09,4.335799514892132e-08,5.314631694689665,True,True,True,False,transition
10,13,"[6, 7]","[7, 8]",99.12402260409115,3.6080553999537015,120.51163253805333,10.283983597880368,3.415378888241367,1.584632114402151,336.3216562234387,353.6049661523817,244.33233317005323,266.7376422728349,"[4, 2]","[2, 3]","[np.float64(-0.013942958675962026), np.float64(0.00012784195757646228), np.float64(-0.0035945427585043167), np.float64(-0.0009394942456128965), np.float64(0.0), np.float64(0.0)]","[np.float64(-0.013588941988666517), np.float64(0.0007873528405085943), np.float64(-0.007291034771722891), np.float64(-0.0014523904747083401), np.float64(0.0), np.float64(0.0)]",0.0002082258272859573,0.0002405478950002967,4.335799514892132e-08,5.786328978907376e-08,1.3345471715269868,True,True,True,True,transition
12,11,"[6, 39]","[6, 10]",82.38645655649711,12.082966584664888,81.07119100207439,-7.909226311379995,4.3582981106012895,2.378620962607908,335.1786171830614,317.13101859995635,227.62239495760844,231.7068334352667,"[4, 3]","[4, 4]","[np.float64(-0.002574635016924743), np.float64(-0.003079723318908257), np.float64(0.005970092752405516), np.float64(0.00621027211499424), np.float64(0.0), np.float64(0.0)]","[np.float64(-0.002451275627862013), np.float64(0.004991432959089738), np.float64(-0.006136118549447166), np.float64(0.006291752955453956), np.float64(0.0), np.float64(0.0)]",9.032292840600227e-05,0.00010816126129417083,8.158231395835813e-09,1.1698858444745896e-08,1.4339944379019842,True,True,True,True,transition
11,19,"[6, 10]","[10, 21]",81.07119100207439,-7.909226311379995,85.06469125580878,-21.092613613837003,2.378620962607908,2.785116746716497,317.13101859995635,307.9249822606694,231.7068334352667,241.4774077920828,"[4, 4]","[4, 2]","[np.float64(-0.002451275627862013), np.float64(0.004991432959089738), np.float64(-0.006136118549447166), np.float64(0.006291752955453956), np.float64(0.0), np.float64(0.0)]","[np.float64(-0.016839926987147757), np.float64(-0.001615944149831416), np.float64(0.006824543251550407), np.float64(-0.00043653630740651095), np.float64(0.0), np.float64(0.0)]",0.00010816126129417083,0.00033295937096780803,1.1698858444745896e-08,1.1086194271527841e-07,9.476304311132843,True,True,True,True,transition
11,20,"[6, 10]","[10, 185]",81.07119100207439,-7.909226311379995,64.0160480863576,-21.336227079664162,2.378620962607908,2.662957410937352,317.13101859995635,297.0431583547155,231.7068334352667,236.1160545476853,"[4, 4]","[4, 1]","[np.float64(-0.002451275627862013), np.float64(0.004991432959089738), np.float64(-0.006136118549447166), np.float64(0.006291752955453956), np.float64(0.0), np.float64(0.0)]","[np.float64(-0.011007535572826872), np.float64(0.006733407539466408), np.float64(-0.006436834766939653), np.float64(0.0018016842756557626), np.float64(0.0), np.float64(0.0)]",0.00010816126129417083,0.00021118352452562038,1.1698858444745896e-08,4.4598481031063303e-08,3.8122079382106757,True,True,True,True,transition
12,77,"[6, 39]","[39, 73]",82.38645655649711,12.082966584664888,87.18685377205021,26.95882687778682,4.3582981106012895,1.657562869629853,335.1786171830614,350.5420718430117,227.62239495760844,237.1098230234738,"[4, 3]","[3, 3]","[np.float64(-0.002574635016924743), np.float64(-0.003079723318908257), np.float64(0.005970092752405516), np.float64(0.00621027211499424), np.float64(0.0), np.float64(0.0)]","[np.float64(-0.011927061645685919), np.float64(-0.0002638142896452893), np.float64(-0.005520132462467067), np.float64(-0.0017660366101822497), np.float64(0.0), np.float64(0.0)]",9.032292840600227e-05,0.0001759151451910999,8.158231395835813e-09,3.094613830760576e-08,3.7932410599926754,True,True,True,True,transition
14,15,"[8, 9]","[8, 15]",138.77419641684503,6.134876109631598,141.40982426007366,17.518905349870906,3.543836123631557,2.7341203350701093,360.8937935440844,371.5954421147588,285.46559817773783,288.85276176172175,"[3, 4]","[3, 5]","[np.float64(-0.006173345605856245), np.float64(-0.0056613070832639304), np.float64(0.007253946538303584), np.float64(0.00560899531149534), np.float64(0.0), np.float64(0.0)]","[np.float64(-0.012197676886164157), np.float64(-0.001210815688529449), np.float64(-0.0036292475672836497), np.float64(-0.0013429680600277182), np.float64(0.0), np.float64(0.0)]",0.00015424116264530218,0.00016522439716574127,2.379033625417456e-08,2.7299101418782613e-08,1.147486993337152,True,True,True,False,transition
16,17,"[9, 15]","[9, 18]",149.7242885296408,9.185374359696592,158.80786174573214,-5.483197318901027,3.3702936113884157,4.341560549656062,369.99397760099356,364.4299090261695,296.8326583452729,308.6243411639327,"[4, 5]","[4, 3]","[np.float64(0.0002928541327509842), np.float64(0.0020718708147969174), np.float64(-0.002018200691944628), np.float64(0.008032804522943783), np.float64(0.0), np.float64(0.0)]","[np.float64(-0.009684950927847137), np.float64(-0.004141696457035473), np.float64(0.0027709264437487053), np.float64(0.0004668993409479509), np.float64(0.0), np.float64(0.0)]",7.297749475306843e-05,0.0001188479523682708,5.32571474043413e-09,1.4124835782130766e-08,2.6521953334998503,True,True,True,False,transition
16,18,"[9, 15]","[9, 124]",149.7242885296408,9.185374359696592,137.2980644579616,-8.40364359253687,3.3702936113884157,3.1825502846020264,369.99397760099356,348.48777468427636,296.8326583452729,300.0788634080133,"[4, 5]","[4, 3]","[np.float64(0.0002928541327509842), np.float64(0.0020718708147969174), np.float64(-0.002018200691944628), np.float64(0.008032804522943783), np.float64(0.0), np.float64(0.0)]","[np.float64(-0.005602021097940488), np.float64(0.005179942994953107), np.float64(-0.004866543381307676), np.float64(0.001928939972192469), np.float64(0.0), np.float64(0.0)]",7.297749475306843e-05,8.561850371120554e-05,5.32571474043413e-09,7.330528177745716e-09,1.3764402591994933,True,True,True,False,transition
16,27,"[9, 15]","[15, 22]",149.7242885296408,9.185374359696592,163.82892396815947,18.15635653375263,3.3702936113884157,3.4402159857315233,369.99397760099356,385.80129316173776,296.8326583452729,311.2809220904898,"[4, 5]","[5, 4]","[np.float64(0.0002928541327509842), np.float64(0.0020718708147969174), np.float64(-0.002018200691944628), np.float64(0.008032804522943783), np.float64(0.0), np.float64(0.0)]","[np.float64(-0.009940926930339109), np.float64(-0.005980373449997533), np.float64(0.0024066513961822035), np.float64(0.0008853209920477621), np.float64(0.0), np.float64(0.0)]",7.297749475306843e-05,0.00014116265903748297,5.32571474043413e-09,1.992689630653267e-08,3.741637935513668,True,True,True,False,transition
16,28,"[9, 15]","[15, 56]",149.7242885296408,9.185374359696592,159.63595427697402,28.743042172035956,3.3702936113884157,1.8859859352315809,369.99397760099356,391.52026075411754,296.8326583452729,310.25773928555105,"[4, 5]","[5, 3]","[np.float64(0.0002928541327509842), np.float64(0.0020718708147969174), np.float64(-0.002018200691944628), np.float64(0.008032804522943783), np.float64(0.0), np.float64(0.0)]","[np.float64(-0.005389535657017273), np.float64(0.0034233514791558836), np.float64(-0.0073600746201964405), np.float64(0.0021409084397571187), np.float64(0.0), np.float64(0.0)]",7.297749475306843e-05,9.952061731038244e-05,5.32571474043413e-09,9.904353269839593e-09,1.8597228264299095,True,True,True,True,transition
16,29,"[9, 15]","[15, 110]",149.7242885296408,9.185374359696592,147.0056778368796,32.10550624847001,3.3702936113884157,5.436158091802639,369.99397760099356,386.68278969252924,296.8326583452729,301.38562159935157,"[4, 5]","[5, 2]","[np.float64(0.0002928541327509842), np.float64(0.0020718708147969174), np.float64(-0.002018200691944628), np.float64(0.008032804522943783), np.float64(0.0), np.float64(0.0)]","[np.float64(-0.0013658616822371356), np.float64(-0.0034765451363745086), np.float64(0.003114303561966519), np.float64(0.007319084393091004), np.float64(0.0), np.float64(0.0)]",7.297749475306843e-05,7.721982724951856e-05,5.32571474043413e-09,5.962901720445488e-09,1.1196434677910325,True,True,True,False,transition
18,17,"[9, 124]","[9, 18]",137.2980644579616,-8.40364359253687,158.80786174573214,-5.483197318901027,3.1825502846020264,4.341560549656062,348.48777468427636,364.4299090261695,300.0788634080133,308.6243411639327,"[4, 3]","[4, 3]","[np.float64(-0.005602021097940488), np.float64(0.005179942994953107), np.float64(-0.004866543381307676), np.float64(0.001928939972192469), np.float64(0.0), np.float64(0.0)]","[np.float64(-0.009684950927847137), np.float64(-0.004141696457035473), np.float64(0.0027709264437487053), np.float64(0.0004668993409479509), np.float64(0.0), np.float64(0.0)]",8.561850371120554e-05,0.0001188479523682708,7.330528177745716e-09,1.4124835782130766e-08,1.9268510316912029,True,True,True,False,transition
17,34,"[9, 18]","[18, 20]",158.80786174573214,-5.483197318901027,181.44273087588073,-11.977753679637841,4.341560549656062,2.7557464227716437,364.4299090261695,374.8764057154451,308.6243411639327,332.1725165255555,"[4, 3]","[3, 2]","[np.float64(-0.009684950927847137), np.float64(-0.004141696457035473), np.float64(0.0027709264437487053), np.float64(0.0004668993409479509), np.float64(0.0), np.float64(0.0)]","[np.float64(-0.010843293876609966), np.float64(-0.006042235263598311), np.float64(0.0033614931571352385), np.float64(0.0007994531182225488), np.float64(0.0), np.float64(0.0)]",0.0001188479523682708,0.00016602439060890093,1.4124835782130766e-08,2.7564098277056913e-08,1.9514632737839024,True,True,True,False,transition
64,18,"[33, 124]","[9, 124]",121.93412796406655,-24.891615780338526,137.2980644579616,-8.40364359253687,3.3924663837018194,3.1825502846020264,326.03036566409907,348.48777468427636,281.11137590678436,300.0788634080133,"[3, 3]","[4, 3]","[np.float64(7.758042292798601e-05), np.float64(0.004254099205655772), np.float64(-0.0018343537114964316), np.float64(0.00757710113922346), np.float64(0.0), np.float64(0.0)]","[np.float64(-0.005602021097940488), np.float64(0.005179942994953107), np.float64(-0.004866543381307676), np.float64(0.001928939972192469), np.float64(0.0), np.float64(0.0)]",7.888069398648494e-05,8.561850371120554e-05,6.222163883789481e-09,7.330528177745716e-09,1.178131645944563,True,True,True,False,transition
20,19,"[10, 185]","[10, 21]",64.0160480863576,-21.336227079664162,85.06469125580878,-21.092613613837003,2.662957410937352,2.785116746716497,297.0431583547155,307.9249822606694,236.1160545476853,241.4774077920828,"[4, 1]","[4, 2]","[np.float64(-0.011007535572826872), np.float64(0.006733407539466408), np.float64(-0.006436834766939653), np.float64(0.0018016842756557626), np.float64(0.0), np.float64(0.0)]","[np.float64(-0.016839926987147757), np.float64(-0.001615944149831416), np.float64(0.006824543251550407), np.float64(-0.00043653630740651095), np.float64(0.0), np.float64(0.0)]",0.00021118352452562038,0.00033295937096780803,4.4598481031063303e-08,1.1086194271527841e-07,2.4857784425003606,True,True,True,False,transition
22,21,"[11, 14]","[11, 12]",18.151182170279526,-72.80160892857108,31.76720645911633,-69.96849703544305,1.7885237686800366,2.0278770443448515,230.3833612684903,238.94530478827997,90.10437303685592,104.01201986991784,"[3, 3]","[3, 2]","[np.float64(0.008919037261211337), np.float64(0.008358431707149788), np.float64(0.00935037678910172), np.float64(0.016534989010091337), np.float64(0.0), np.float64(0.0)]","[np.float64(-0.021457301567261892), np.float64(-0.0021426404507657354), np.float64(0.014623839409604714), np.float64(-0.0011158325604340902), np.float64(0.0), np.float64(0.0)]",0.0005102480139319767,0.00068010846003051,2.6035303572152667e-07,4.625475174050718e-07,1.7766165703549244,True,True,False,True,transition
25,22,"[14, 17]","[11, 14]",5.305701554837893,-90.84253224270036,18.151182170279526,-72.80160892857108,2.937381648035064,1.7885237686800366,208.65099554638937,230.3833612684903,67.9575609351565,90.10437303685592,"[3, 3]","[3, 3]","[np.float64(0.00556721988050054), np.float64(0.013583340550524969), np.float64(0.003531891878031017), np.float64(0.014078508607181557), np.float64(0.0), np.float64(0.0)]","[np.float64(0.008919037261211337), np.float64(0.008358431707149788), np.float64(0.00935037678910172), np.float64(0.016534989010091337), np.float64(0.0), np.float64(0.0)]",0.000426179742549963,0.0005102480139319767,1.8162917295995272e-07,2.6035303572152667e-07,1.4334318186810866,True,True,False,True,transition
26,22,"[14, 186]","[11, 14]",17.164933829678702,-93.58871671863957,18.151182170279526,-72.80160892857108,3.6080528093672157,1.7885237686800366,211.25844585179294,230.3833612684903,75.39399112129522,90.10437303685592,"[3, 2]","[3, 3]","[np.float64(-0.007080899803237322), np.float64(-0.0024915884419235462), np.float64(0.019446201817249716), np.float64(0.004004086068414542), np.float64(0.0), np.float64(0.0)]","[np.float64(0.008919037261211337), np.float64(0.008358431707149788), np.float64(0.00935037678910172), np.float64(0.016534989010091337), np.float64(0.0), np.float64(0.0)]",0.00045053462534789076,0.0005102480139319767,2.0298144863736428e-07,2.6035303572152667e-07,1.2826444853423988,True,True,False,True,transition
30,24,"[16, 19]","[13, 16]",62.26017940074295,-130.04051269448541,51.84819548636241,-110.05757993053678,3.2246661650841197,2.1651695351515023,207.19505266656003,215.7870188235695,79.032787863786,82.67084777943286,"[3, 2]","[2, 3]","[np.float64(-0.017216105352839555), np.float64(0.00012108238050786879), np.float64(0.02196151284786374), np.float64(-0.0031461825290097045), np.float64(0.0), np.float64(0.0)]","[np.float64(-0.01372748291519292), np.float64(-0.004893009411991831), np.float64(0.03399760735437537), np.float64(0.004792999308481421), np.float64(0.0), np.float64(0.0)]",0.0007886154555356704,0.0013911954764861355,6.219143367097329e-07,1.9354248537954855e-06,3.112044118543628,True,True,False,True,transition
31,24,"[16, 65]","[13, 16]",46.8264837731079,-128.5325118998344,51.84819548636241,-110.05757993053678,4.066998363042909,2.1651695351515023,198.17423704100105,215.7870188235695,63.52559510935268,82.67084777943286,"[3, 2]","[2, 3]","[np.float64(0.02152179938916305), np.float64(0.016076256761314665), np.float64(0.015284388286900952), np.float64(0.014047548205904238), np.float64(0.0), np.float64(0.0)]","[np.float64(-0.01372748291519292), np.float64(-0.004893009411991831), np.float64(0.03399760735437537), np.float64(0.004792999308481421), np.float64(0.0), np.float64(0.0)]",0.001152580016305053,0.0013911954764861355,1.3284406939857564e-06,1.9354248537954855e-06,1.4569147592043257,True,True,False,True,transition
25,26,"[14, 17]","[14, 186]",5.305701554837893,-90.84253224270036,17.164933829678702,-93.58871671863957,2.937381648035064,3.6080528093672157,208.65099554638937,211.25844585179294,67.9575609351565,75.39399112129522,"[3, 3]","[3, 2]","[np.float64(0.00556721988050054), np.float64(0.013583340550524969), np.float64(0.003531891878031017), np.float64(0.014078508607181557), np.float64(0.0), np.float64(0.0)]","[np.float64(-0.007080899803237322), np.float64(-0.0024915884419235462), np.float64(0.019446201817249716), np.float64(0.004004086068414542), np.float64(0.0), np.float64(0.0)]",0.000426179742549963,0.00045053462534789076,1.8162917295995272e-07,2.0298144863736428e-07,1.1175597252877405,True,True,False,False,transition
33,25,"[17, 186]","[14, 17]",9.311084044953912,-101.94622309170816,5.305701554837893,-90.84253224270036,4.346081354050835,2.937381648035064,200.2704855552098,208.65099554638937,63.925300297277694,67.9575609351565,"[3, 2]","[3, 3]","[np.float64(-0.013050270123495621), np.float64(0.011268655201674806), np.float64(0.002288330724676156), np.float64(-0.00298148262704194), np.float64(0.0), np.float64(0.0)]","[np.float64(0.00556721988050054), np.float64(0.013583340550524969), np.float64(0.003531891878031017), np.float64(0.014078508607181557), np.float64(0.0), np.float64(0.0)]",0.0003114178365112849,0.000426179742549963,9.698106889736938e-08,1.8162917295995272e-07,1.8728312136068797,True,True,False,False,transition
33,26,"[17, 186]","[14, 186]",9.311084044953912,-101.94622309170816,17.164933829678702,-93.58871671863957,4.346081354050835,3.6080528093672157,200.2704855552098,211.25844585179294,63.925300297277694,75.39399112129522,"[3, 2]","[3, 2]","[np.float64(-0.013050270123495621), np.float64(0.011268655201674806), np.float64(0.002288330724676156), np.float64(-0.00298148262704194), np.float64(0.0), np.float64(0.0)]","[np.float64(-0.007080899803237322), np.float64(-0.0024915884419235462), np.float64(0.019446201817249716), np.float64(0.004004086068414542), np.float64(0.0), np.float64(0.0)]",0.0003114178365112849,0.00045053462534789076,9.698106889736938e-08,2.0298144863736428e-07,2.0930007365888104,True,True,False,False,transition
28,27,"[15, 56]","[15, 22]",159.63595427697402,28.743042172035956,163.82892396815947,18.15635653375263,1.8859859352315809,3.4402159857315233,391.52026075411754,385.80129316173776,310.25773928555105,311.2809220904898,"[5, 3]","[5, 4]","[np.float64(-0.005389535657017273), np.float64(0.0034233514791558836), np.float64(-0.0073600746201964405), np.float64(0.0021409084397571187), np.float64(0.0), np.float64(0.0)]","[np.float64(-0.009940926930339109), np.float64(-0.005980373449997533), np.float64(0.0024066513961822035), np.float64(0.0008853209920477621), np.float64(0.0), np.float64(0.0)]",9.952061731038244e-05,0.00014116265903748297,9.904353269839593e-09,1.992689630653267e-08,2.0119331130093463,True,True,True,True,transition
29,27,"[15, 110]","[15, 22]",147.0056778368796,32.10550624847001,163.82892396815947,18.15635653375263,5.436158091802639,3.4402159857315233,386.68278969252924,385.80129316173776,301.38562159935157,311.2809220904898,"[5, 2]","[5, 4]","[np.float64(-0.0013658616822371356), np.float64(-0.0034765451363745086), np.float64(0.003114303561966519), np.float64(0.007319084393091004), np.float64(0.0), np.float64(0.0)]","[np.float64(-0.009940926930339109), np.float64(-0.005980373449997533), np.float64(0.0024066513961822035), np.float64(0.0008853209920477621), np.float64(0.0), np.float64(0.0)]",7.721982724951856e-05,0.00014116265903748297,5.962901720445488e-09,1.992689630653267e-08,3.341811963495507,True,True,True,False,transition
27,39,"[15, 22]","[22, 27]",163.82892396815947,18.15635653375263,185.92862982291473,18.727481403347046,3.4402159857315233,2.083208790941619,385.80129316173776,400.49851149862525,311.2809220904898,333.3880065315321,"[5, 4]","[4, 3]","[np.float64(-0.009940926930339109), np.float64(-0.005980373449997533), np.float64(0.0024066513961822035), np.float64(0.0008853209920477621), np.float64(0.0), np.float64(0.0)]","[np.float64(-0.010454632558954074), np.float64(-0.0034930810302756187), np.float64(-0.0034624152390157984), np.float64(-0.0027702901285887754), np.float64(0.0), np.float64(0.0)]",0.00014116265903748297,0.00014116378371073919,1.992689630653267e-08,1.9927213831532352e-08,1.0000159344935005,True,True,True,True,transition
29,28,"[15, 110]","[15, 56]",147.0056778368796,32.10550624847001,159.63595427697402,28.743042172035956,5.436158091802639,1.8859859352315809,386.68278969252924,391.52026075411754,301.38562159935157,310.25773928555105,"[5, 2]","[5, 3]","[np.float64(-0.0013658616822371356), np.float64(-0.0034765451363745086), np.float64(0.003114303561966519), np.float64(0.007319084393091004), np.float64(0.0), np.float64(0.0)]","[np.float64(-0.005389535657017273), np.float64(0.0034233514791558836), np.float64(-0.0073600746201964405), np.float64(0.0021409084397571187), np.float64(0.0), np.float64(0.0)]",7.721982724951856e-05,9.952061731038244e-05,5.962901720445488e-09,9.904353269839593e-09,1.6609955578975464,True,True,True,True,transition
28,40,"[15, 56]","[22, 56]",159.63595427697402,28.743042172035956,171.10496187226406,26.329995105852685,1.8859859352315809,2.773573073633745,391.52026075411754,396.7324577147222,310.25773928555105,321.97784727841685,"[5, 3]","[4, 3]","[np.float64(-0.005389535657017273), np.float64(0.0034233514791558836), np.float64(-0.0073600746201964405), np.float64(0.0021409084397571187), np.float64(0.0), np.float64(0.0)]","[np.float64(-0.0002644409031754498), np.float64(-0.003549169224203149), np.float64(0.0030464015416888485), np.float64(0.00933540451040816), np.float64(0.0), np.float64(0.0)]",9.952061731038244e-05,0.00010909687089945623,9.904353269839593e-09,1.190212724005262e-08,1.2017066552236764,True,True,True,True,transition
35,34,"[18, 22]","[18, 20]",172.9124971842508,3.4877848551550112,181.44273087588073,-11.977753679637841,4.971037679916861,2.7557464227716437,380.4593420122258,374.8764057154451,325.3401798213482,332.1725165255555,"[3, 4]","[3, 2]","[np.float64(0.0006191630384222451), np.float64(0.0017260770205614175), np.float64(-0.0006802712657735931), np.float64(0.006325058968737366), np.float64(0.0), np.float64(0.0)]","[np.float64(-0.010843293876609966), np.float64(-0.006042235263598311), np.float64(0.0033614931571352385), np.float64(0.0007994531182225488), np.float64(0.0), np.float64(0.0)]",4.383184470210065e-05,0.00016602439060890093,1.9212306099890692e-09,2.7564098277056913e-08,14.34710551338433,True,True,True,False,transition
35,39,"[18, 22]","[22, 27]",172.9124971842508,3.4877848551550112,185.92862982291473,18.727481403347046,4.971037679916861,2.083208790941619,380.4593420122258,400.49851149862525,325.3401798213482,333.3880065315321,"[3, 4]","[4, 3]","[np.float64(0.0006191630384222451), np.float64(0.0017260770205614175), np.float64(-0.0006802712657735931), np.float64(0.006325058968737366), np.float64(0.0), np.float64(0.0)]","[np.float64(-0.010454632558954074), np.float64(-0.0034930810302756187), np.float64(-0.0034624152390157984), np.float64(-0.0027702901285887754), np.float64(0.0), np.float64(0.0)]",4.383184470210065e-05,0.00014116378371073919,1.9212306099890692e-09,1.9927213831532352e-08,10.372109276171551,True,True,True,True,transition
41,36,"[23, 24]","[19, 23]",89.71501449182833,-166.0190256502811,74.32788064874426,-149.24678205586343,4.363310405480171,2.172092137061366,204.4653271527,202.53560519169338,72.3368970027181,75.02877338402774,"[4, 3]","[2, 4]","[np.float64(-0.0029401023935782308), np.float64(0.010315037180991162), np.float64(-0.00037815069002582733), np.float64(-0.009069893973978253), np.float64(0.0), np.float64(0.0)]","[np.float64(-0.018361344485123183), np.float64(-0.001863184488453861), np.float64(0.023275967298715887), np.float64(-0.005051775691998117), np.float64(0.0), np.float64(0.0)]",0.00019745016877352855,0.0009079015190725332,3.898656914869491e-08,8.242851683342134e-07,21.14279831062813,True,True,True,True,transition
36,43,"[19, 23]","[23, 140]",74.32788064874426,-149.24678205586343,89.75707127287218,-152.18279330394716,2.172092137061366,3.8572226448320066,202.53560519169338,212.6384493703917,75.02877338402774,79.02554386797209,"[2, 4]","[4, 2]","[np.float64(-0.018361344485123183), np.float64(-0.001863184488453861), np.float64(0.023275967298715887), np.float64(-0.005051775691998117), np.float64(0.0), np.float64(0.0)]","[np.float64(0.02066225053659723), np.float64(0.019285316943348924), np.float64(0.011724354183716689), np.float64(0.012802214404922067), np.float64(0.0), np.float64(0.0)]",0.0009079015190725332,0.0011002092215373627,8.242851683342134e-07,1.2104603311558495e-06,1.4684970416270526,True,True,True,True,transition
40,39,"[22, 56]","[22, 27]",171.10496187226406,26.329995105852685,185.92862982291473,18.727481403347046,2.773573073633745,2.083208790941619,396.7324577147222,400.49851149862525,321.97784727841685,333.3880065315321,"[4, 3]","[4, 3]","[np.float64(-0.0002644409031754498), np.float64(-0.003549169224203149), np.float64(0.0030464015416888485), np.float64(0.00933540451040816), np.float64(0.0), np.float64(0.0)]","[np.float64(-0.010454632558954074), np.float64(-0.0034930810302756187), np.float64(-0.0034624152390157984), np.float64(-0.0027702901285887754), np.float64(0.0), np.float64(0.0)]",0.00010909687089945623,0.00014116378371073919,1.190212724005262e-08,1.9927213831532352e-08,1.674256494626775,True,True,True,True,transition
41,43,"[23, 24]","[23, 140]",89.71501449182833,-166.0190256502811,89.75707127287218,-152.18279330394716,4.363310405480171,3.8572226448320066,204.4653271527,212.6384493703917,72.3368970027181,79.02554386797209,"[4, 3]","[4, 2]","[np.float64(-0.0029401023935782308), np.float64(0.010315037180991162), np.float64(-0.00037815069002582733), np.float64(-0.009069893973978253), np.float64(0.0), np.float64(0.0)]","[np.float64(0.02066225053659723), np.float64(0.019285316943348924), np.float64(0.011724354183716689), np.float64(0.012802214404922067), np.float64(0.0), np.float64(0.0)]",0.00019745016877352855,0.0011002092215373627,3.898656914869491e-08,1.2104603311558495e-06,31.04813677087485,True,True,True,False,transition
41,44,"[23, 24]","[24, 25]",89.71501449182833,-166.0190256502811,108.09302845006602,-181.39301280564115,4.363310405480171,3.670366039798033,204.4653271527,212.1686555731943,72.3368970027181,96.297507973692,"[4, 3]","[3, 2]","[np.float64(-0.0029401023935782308), np.float64(0.010315037180991162), np.float64(-0.00037815069002582733), np.float64(-0.009069893973978253), np.float64(0.0), np.float64(0.0)]","[np.float64(-0.00012767511274356516), np.float64(0.008682205718225543), np.float64(-0.00300612774693664), np.float64(-0.011799283765296445), np.float64(0.0), np.float64(0.0)]",0.00019745016877352855,0.00022365689847289306,3.898656914869491e-08,5.0022408234513996e-08,1.2830677160569928,True,True,True,False,transition
41,45,"[23, 24]","[24, 175]",89.71501449182833,-166.0190256502811,108.54273981955302,-166.2180455275994,4.363310405480171,2.7324634271368318,204.4653271527,220.13838318443112,72.3368970027181,91.16567417830265,"[4, 3]","[3, 2]","[np.float64(-0.0029401023935782308), np.float64(0.010315037180991162), np.float64(-0.00037815069002582733), np.float64(-0.009069893973978253), np.float64(0.0), np.float64(0.0)]","[np.float64(0.020292508715218247), np.float64(0.01908865848132295), np.float64(0.015309780946311002), np.float64(0.016840344188207793), np.float64(0.0), np.float64(0.0)]",0.00019745016877352855,0.0012941493775751227,3.898656914869491e-08,1.6748226114780775e-06,42.958963767504095,True,True,True,False,transition
56,42,"[30, 41]","[23, 30]",74.89307953427513,-187.26674680391986,72.97113726921049,-168.87804333911095,4.301697678171163,4.338554619088921,180.44870103129864,189.179001148063,50.73343710333904,55.350684753039175,"[4, 4]","[4, 4]","[np.float64(0.005266085261733333), np.float64(0.010609195187651696), np.float64(-0.005300337003508578), np.float64(-0.011807117259659036), np.float64(0.0), np.float64(0.0)]","[np.float64(0.02585616535325279), np.float64(0.012784130044459606), np.float64(0.038550426836367994), np.float64(0.02205217348185157), np.float64(0.0), np.float64(0.0)]",0.00030778826684763755,0.0028044090323082445,9.473361720907254e-08,7.864710020492065e-06,83.019209570928,True,True,True,False,transition
44,46,"[24, 25]","[25, 26]",108.09302845006602,-181.39301280564115,126.49464744888348,-196.12014761123223,3.670366039798033,3.6645421000801477,212.1686555731943,222.47094775010365,96.297507973692,119.86672691195324,"[3, 2]","[2, 5]","[np.float64(-0.00012767511274356516), np.float64(0.008682205718225543), np.float64(-0.00300612774693664), np.float64(-0.011799283765296445), np.float64(0.0), np.float64(0.0)]","[np.float64(0.008270027789279176), np.float64(0.01581590595797921), np.float64(-0.007563292404893876), np.float64(-0.012352798567754023), np.float64(0.0), np.float64(0.0)]",0.00022365689847289306,0.0005283312653645233,5.0022408234513996e-08,2.791339259616783e-07,5.5801776806316195,True,True,True,False,transition
46,50,"[25, 26]","[26, 150]",126.49464744888348,-196.12014761123223,147.82984130783456,-200.3497136908734,3.6645421000801477,3.3789221890090566,222.47094775010365,240.83768243569997,119.86672691195324,141.61712291343042,"[2, 5]","[5, 3]","[np.float64(0.008270027789279176), np.float64(0.01581590595797921), np.float64(-0.007563292404893876), np.float64(-0.012352798567754023), np.float64(0.0), np.float64(0.0)]","[np.float64(0.014337778032212575), np.float64(0.023604720249407435), np.float64(0.0025118402083819965), np.float64(0.004285516104987545), np.float64(0.0), np.float64(0.0)]",0.0005283312653645233,0.0007874296864723348,2.791339259616783e-07,6.200455111379194e-07,2.2213190639644576,True,True,True,False,transition
47,61,"[26, 32]","[32, 136]",145.06403095737699,-211.0406220037734,142.48006110747116,-222.01550482846324,4.1802935742350265,3.142198788321611,234.79741122643367,229.2317085599967,143.68777978507342,150.9109442939692,"[5, 4]","[4, 2]","[np.float64(0.005831072511218335), np.float64(0.009762601460169612), np.float64(-0.004649928039694643), np.float64(-0.008177433718470553), np.float64(0.0), np.float64(0.0)]","[np.float64(0.018393427344185944), np.float64(0.02362995221007321), np.float64(0.004138607818127273), np.float64(0.0051356827224677305), np.float64(0.0), np.float64(0.0)]",0.00021780204689550952,0.0009401961226143089,4.743773163187373e-08,8.839687489789806e-07,18.634296341122603,True,True,True,False,transition
48,50,"[26, 51]","[26, 150]",139.9665943812677,-191.91103797952542,147.82984130783456,-200.3497136908734,2.636769250467175,3.3789221890090566,236.52846458599873,240.83768243569997,133.9809026952111,141.61712291343042,"[5, 3]","[5, 3]","[np.float64(0.0034407350409014948), np.float64(0.003065557875690693), np.float64(0.013092969927950827), np.float64(0.015803583356445796), np.float64(0.0), np.float64(0.0)]","[np.float64(0.014337778032212575), np.float64(0.023604720249407435), np.float64(0.0025118402083819965), np.float64(0.004285516104987545), np.float64(0.0), np.float64(0.0)]",0.00044241541114925194,0.0007874296864723348,1.9573139602236164e-07,6.200455111379194e-07,3.167838802248574,True,True,True,False,transition
48,101,"[26, 51]","[51, 151]",139.9665943812677,-191.91103797952542,154.06730679969408,-175.90884992595687,2.636769250467175,3.5003998493329753,236.52846458599873,255.82619140401798,133.9809026952111,155.3092901919005,"[5, 3]","[3, 2]","[np.float64(0.0034407350409014948), np.float64(0.003065557875690693), np.float64(0.013092969927950827), np.float64(0.015803583356445796), np.float64(0.0), np.float64(0.0)]","[np.float64(0.010782914727119022), np.float64(0.01992425847057885), np.float64(0.005154483745991519), np.float64(0.010469594589885133), np.float64(0.0), np.float64(0.0)]",0.00044241541114925194,0.0006494284391789962,1.9573139602236164e-07,4.2175729761446716e-07,2.154775913243284,True,True,True,False,transition
49,50,"[26, 136]","[26, 150]",133.78334726900076,-213.61676577156874,147.82984130783456,-200.3497136908734,2.5499404168520954,3.3789221890090566,223.26672687466944,240.83768243569997,138.8207975068517,141.61712291343042,"[5, 2]","[5, 3]","[np.float64(0.0006257718666559803), np.float64(-0.00016796838870804915), np.float64(0.012481008569123988), np.float64(0.013648326643504292), np.float64(0.0), np.float64(0.0)]","[np.float64(0.014337778032212575), np.float64(0.023604720249407435), np.float64(0.0025118402083819965), np.float64(0.004285516104987545), np.float64(0.0), np.float64(0.0)]",0.00034247219887903886,0.0007874296864723348,1.1728720700504394e-07,6.200455111379194e-07,5.286557050601899,True,True,True,False,transition
49,61,"[26, 136]","[32, 136]",133.78334726900076,-213.61676577156874,142.48006110747116,-222.01550482846324,2.5499404168520954,3.142198788321611,223.26672687466944,229.2317085599967,138.8207975068517,150.9109442939692,"[5, 2]","[4, 2]","[np.float64(0.0006257718666559803), np.float64(-0.00016796838870804915), np.float64(0.012481008569123988), np.float64(0.013648326643504292), np.float64(0.0), np.float64(0.0)]","[np.float64(0.018393427344185944), np.float64(0.02362995221007321), np.float64(0.004138607818127273), np.float64(0.0051356827224677305), np.float64(0.0), np.float64(0.0)]",0.00034247219887903886,0.0009401961226143089,1.1728720700504394e-07,8.839687489789806e-07,7.536787442989971,True,True,True,False,transition
52,53,"[27, 36]","[28, 36]",208.69266734809355,25.74422592446971,218.14346254122296,19.456110588124726,5.571825385997279,1.3272259685383219,420.9956422400993,423.0049552813378,357.20892398075,366.52539143861765,"[3, 4]","[3, 4]","[np.float64(-0.006211252510045937), np.float64(-0.0025431197478692413), np.float64(-0.001838222964533744), np.float64(-0.00019148065703065566), np.float64(0.0), np.float64(0.0)]","[np.float64(-0.0001729999206214353), np.float64(0.003468154432679419), np.float64(-0.005129182955148131), np.float64(0.007508959854570465), np.float64(0.0), np.float64(0.0)]",4.846284430491059e-05,9.475102002638192e-05,2.3486472781220047e-09,8.977755796039827e-09,3.82252195962712,True,True,True,True,transition
52,70,"[27, 36]","[36, 38]",208.69266734809355,25.74422592446971,231.07956881496193,25.303165282978394,5.571825385997279,2.3739966980602603,420.9956422400993,436.28043182051664,357.20892398075,379.60016985445577,"[3, 4]","[4, 4]","[np.float64(-0.006211252510045937), np.float64(-0.0025431197478692413), np.float64(-0.001838222964533744), np.float64(-0.00019148065703065566), np.float64(0.0), np.float64(0.0)]","[np.float64(-0.0043129851968066926), np.float64(-0.007788992154316362), np.float64(0.002703706266825532), np.float64(0.0027137244671784307), np.float64(0.0), np.float64(0.0)]",4.846284430491059e-05,9.394456814891002e-05,2.3486472781220047e-09,8.825581884685199e-09,3.757729807662817,True,True,True,True,transition
52,71,"[27, 36]","[36, 70]",208.69266734809355,25.74422592446971,228.56200996903812,37.946659964629845,5.571825385997279,2.502656207925199,420.9956422400993,443.52186909712,357.20892398075,380.52608874606705,"[3, 4]","[4, 3]","[np.float64(-0.006211252510045937), np.float64(-0.0025431197478692413), np.float64(-0.001838222964533744), np.float64(-0.00019148065703065566), np.float64(0.0), np.float64(0.0)]","[np.float64(-0.0048530986485215985), np.float64(0.0021192039818449734), np.float64(-0.005435398469389217), np.float64(0.0008208747978162825), np.float64(0.0), np.float64(0.0)]",4.846284430491059e-05,5.826098396367832e-05,2.3486472781220047e-09,3.3943422524159824e-09,1.445232872570854,True,True,True,False,transition
53,54,"[28, 36]","[28, 183]",218.14346254122296,19.456110588124726,224.3912306127222,2.2747354085898914,1.3272259685383219,2.5228332712134147,423.0049552813378,415.4838745706768,366.52539143861765,376.3393928295954,"[3, 4]","[3, 2]","[np.float64(-0.0001729999206214353), np.float64(0.003468154432679419), np.float64(-0.005129182955148131), np.float64(0.007508959854570465), np.float64(0.0), np.float64(0.0)]","[np.float64(-0.0034836015749773186), np.float64(-0.007767668359391444), np.float64(0.0037515939552660907), np.float64(0.00510327241919094), np.float64(0.0), np.float64(0.0)]",9.475102002638192e-05,0.00011258999826433943,8.977755796039827e-09,1.2676507709163955e-08,1.4119907020366584,True,True,True,True,transition
55,66,"[29, 34]","[34, 42]",223.45360945892668,-30.699083479463972,239.8508366682547,-44.56040486823251,3.387756131141508,1.2996250838350214,392.9549496579164,397.2744064456668,378.19706912652003,399.66810288824325,"[2, 3]","[3, 4]","[np.float64(-0.007712438674015316), np.float64(-0.005777888765473686), np.float64(0.0037857675078322973), np.float64(0.0019499289655006424), np.float64(0.0), np.float64(0.0)]","[np.float64(-0.0023785467160084553), np.float64(-0.006698519562467313), np.float64(0.006210977012139673), np.float64(0.008751088408023439), np.float64(0.0), np.float64(0.0)]",0.00011099996748049132,0.00016568543257936154,1.2320992780670132e-08,2.745166256901016e-08,2.228039822576463,True,True,True,True,transition
56,82,"[30, 41]","[41, 64]",74.89307953427513,-187.26674680391986,92.04064286778984,-203.07277787556703,4.301697678171163,2.345415363743072,180.44870103129864,188.12107743658484,50.73343710333904,68.523573293662,"[4, 4]","[4, 2]","[np.float64(0.005266085261733333), np.float64(0.010609195187651696), np.float64(-0.005300337003508578), np.float64(-0.011807117259659036), np.float64(0.0), np.float64(0.0)]","[np.float64(0.01396865987589473), np.float64(0.015818224109958888), np.float64(-0.01903488000774336), np.float64(-0.018965109644730648), np.float64(0.0), np.float64(0.0)]",0.00030778826684763755,0.0011673417134671594,9.473361720907254e-08,1.3626866760004437e-06,14.384404566681537,True,True,True,True,transition
56,83,"[30, 41]","[41, 66]",74.89307953427513,-187.26674680391986,81.96641485601096,-206.15649357679524,4.301697678171163,1.3440347409584241,180.44870103129864,177.68641781978206,50.73343710333904,60.8121082396061,"[4, 4]","[4, 4]","[np.float64(0.005266085261733333), np.float64(0.010609195187651696), np.float64(-0.005300337003508578), np.float64(-0.011807117259659036), np.float64(0.0), np.float64(0.0)]","[np.float64(0.0005063707548672061), np.float64(-0.0020355373559216828), np.float64(0.03748043914249829), np.float64(0.014348301764634494), np.float64(0.0), np.float64(0.0)]",0.00030778826684763755,0.0016150569055122688,9.473361720907254e-08,2.6084088080428654e-06,27.53414136278817,True,True,True,True,transition
57,84,"[30, 78]","[41, 78]",64.34274174227482,-190.0301604311682,73.15949660051396,-198.3912585217317,2.517554995865815,1.8124810510470617,170.0435014242107,173.35709365289796,39.82719657781551,49.070699268814124,"[4, 4]","[4, 4]","[np.float64(0.001872413559227182), np.float64(-0.0009212055869299813), np.float64(0.05419933100767293), np.float64(0.01706743112483265), np.float64(0.0), np.float64(0.0)]","[np.float64(0.0709595876502188), np.float64(0.04236164198433811), np.float64(0.014251217590563981), np.float64(0.010963728606752435), np.float64(0.0), np.float64(0.0)]",0.0032332192391503717,0.007153072338874444,1.0453706648412108e-05,5.116644388517071e-05,4.894574298480316,True,True,True,True,transition
141,57,"[78, 90]","[30, 78]",53.78266557601894,-192.8124258939993,64.34274174227482,-190.0301604311682,4.289920161417964,2.517554995865815,159.6865854838846,170.0435014242107,28.90674742300562,39.82719657781551,"[4, 4]","[4, 4]","[np.float64(0.007954280230496723), np.float64(0.015493233470890004), np.float64(-0.01016541197239133), np.float64(-0.016327337894322728), np.float64(0.0), np.float64(0.0)]","[np.float64(0.001872413559227182), np.float64(-0.0009212055869299813), np.float64(0.05419933100767293), np.float64(0.01706743112483265), np.float64(0.0), np.float64(0.0)]",0.0006732284206526013,0.0032332192391503717,4.532365063743959e-07,1.0453706648412108e-05,23.06457335494689,True,True,True,False,transition
141,58,"[78, 90]","[30, 90]",53.78266557601894,-192.8124258939993,55.51624850978013,-181.68791417618746,4.289920161417964,1.8408983096198064,159.6865854838846,167.52849983908507,28.90674742300562,33.69968171699783,"[4, 4]","[4, 4]","[np.float64(0.007954280230496723), np.float64(0.015493233470890004), np.float64(-0.01016541197239133), np.float64(-0.016327337894322728), np.float64(0.0), np.float64(0.0)]","[np.float64(0.07208340921112456), np.float64(0.04669677749879978), np.float64(0.011872359413519657), np.float64(0.011590903964846596), np.float64(0.0), np.float64(0.0)]",0.0006732284206526013,0.007651908885036937,4.532365063743959e-07,5.855170958490722e-05,129.18577555299703,True,True,True,True,transition
159,58,"[90, 94]","[30, 90]",33.84111294113431,-182.0831453154097,55.51624850978013,-181.68791417618746,2.7369723913051693,1.8408983096198064,150.44262250738427,167.52849983908507,12.171474125401215,33.69968171699783,"[4, 4]","[4, 4]","[np.float64(0.03935356245828261), np.float64(0.03961924535643816), np.float64(-0.013956121588692687), np.float64(-0.010879719955830938), np.float64(0.0), np.float64(0.0)]","[np.float64(0.07208340921112456), np.float64(0.04669677749879978), np.float64(0.011872359413519657), np.float64(0.011590903964846596), np.float64(0.0), np.float64(0.0)]",0.0034315291168872768,0.007651908885036937,1.1775392080045173e-05,5.855170958490722e-05,4.972378769801659,True,True,True,True,transition
60,87,"[32, 43]","[43, 52]",160.047999694086,-229.39675552993037,176.7371796320209,-245.223761593414,3.5524333156405596,3.8874347554086057,244.54794292075047,258.162127414675,167.38307377212448,190.3835704609857,"[4, 3]","[3, 2]","[np.float64(0.0024748566032334325), np.float64(0.0032726180917874007), np.float64(-0.006645230142714864), np.float64(-0.010173154407425411), np.float64(0.0), np.float64(0.0)]","[np.float64(0.008008952678108019), np.float64(0.015632066309920277), np.float64(-0.004354204252838496), np.float64(-0.009068717775908149), np.float64(0.0), np.float64(0.0)]",0.0001644870986282276,0.0004097055568924274,2.7056005615132273e-08,1.6785864334853407e-07,6.2041177007537165,True,True,True,False,transition
100,62,"[51, 150]","[32, 150]",151.42911857019564,-189.61886872351994,156.52655514630493,-208.74845274776789,3.068758093096978,2.0857626039521584,248.01234963535777,246.42117973547877,145.67036378971565,153.7072697005479,"[3, 3]","[4, 3]","[np.float64(0.0009211140095782982), np.float64(0.0049639409273473), np.float64(-0.0021392074781580043), np.float64(-0.007842613225452209), np.float64(0.0), np.float64(0.0)]","[np.float64(0.00011158724162468662), np.float64(-0.00040987962350909433), np.float64(0.007964786129081199), np.float64(0.01222599496253168), np.float64(0.0), np.float64(0.0)]",9.157195138748001e-05,0.00021309322392411571,8.385422280911002e-09,4.540872208237332e-08,5.4151980140277525,True,True,True,True,transition
64,63,"[33, 124]","[33, 37]",121.93412796406655,-24.891615780338526,127.42789914918305,-35.47723184818514,3.3924663837018194,2.142496909328244,326.03036566409907,321.2556658491174,281.11137590678436,286.37718686637794,"[3, 3]","[3, 3]","[np.float64(7.758042292798601e-05), np.float64(0.004254099205655772), np.float64(-0.0018343537114964316), np.float64(0.00757710113922346), np.float64(0.0), np.float64(0.0)]","[np.float64(-0.015700105725089755), np.float64(0.0011690548771985873), np.float64(-0.0007439296613346844), np.float64(-0.0012224738459802702), np.float64(0.0), np.float64(0.0)]",7.888069398648494e-05,0.00024990788273001723,6.222163883789481e-09,6.245394985060004e-08,10.037336048526535,True,True,False,True,transition
64,73,"[33, 124]","[37, 124]",121.93412796406655,-24.891615780338526,133.00123941462755,-25.194248372377647,3.3924663837018194,3.8526132212191015,326.03036566409907,332.7258619070405,281.11137590678436,292.18262436144846,"[3, 3]","[3, 3]","[np.float64(7.758042292798601e-05), np.float64(0.004254099205655772), np.float64(-0.0018343537114964316), np.float64(0.00757710113922346), np.float64(0.0), np.float64(0.0)]","[np.float64(-0.004004701830466415), np.float64(-0.0037144907859043078), np.float64(0.008495747618252602), np.float64(0.007277193676027719), np.float64(0.0), np.float64(0.0)]",7.888069398648494e-05,0.00015497035394097168,6.222163883789481e-09,2.4015810600590035e-08,3.859720034561947,True,True,False,False,transition
65,68,"[34, 35]","[35, 42]",246.37142992351636,-35.046187144811505,252.16156225897055,-43.984468563289624,4.648380652469513,3.068461178780229,408.20316199347235,407.5516061393958,401.5235306053737,411.99229321447797,"[3, 4]","[4, 4]","[np.float64(-0.006912571080101356), np.float64(-0.0012963006296038341), np.float64(-0.000473989176124993), np.float64(0.0001941768980289616), np.float64(0.0), np.float64(0.0)]","[np.float64(-0.0026695082839341038), np.float64(0.004217178193768397), np.float64(-0.004628899745566957), np.float64(0.005185796426878327), np.float64(0.0), np.float64(0.0)]",4.9726404666576735e-05,7.323006383152237e-05,2.4727153210641447e-09,5.362642248768841e-09,2.168726097616851,True,True,True,False,transition
67,69,"[35, 40]","[35, 61]",268.4873609365856,-41.97882399877041,270.3818548344467,-31.4732747708438,4.699856214733586,4.1549025865752185,422.05441238907565,429.64909810033237,424.7005851706913,425.79833662386693,"[4, 5]","[4, 3]","[np.float64(-0.003278324858021664), np.float64(-0.0033517060744019064), np.float64(0.002605032931365006), np.float64(0.002314413160110969), np.float64(0.0), np.float64(0.0)]","[np.float64(-0.006461541679450667), np.float64(0.00020611666591366612), np.float64(-0.001430394664563987), np.float64(-0.0002068156461846328), np.float64(0.0), np.float64(0.0)]",3.41240523330964e-05,4.38828065631654e-05,1.164450947631902e-09,1.9257007118601924e-09,1.653741375518148,True,True,True,False,transition
67,78,"[35, 40]","[40, 46]",268.4873609365856,-41.97882399877041,289.49089947799786,-50.24870691346368,4.699856214733586,2.448363609820124,422.05441238907565,435.0433391383584,424.7005851706913,447.2735689053092,"[4, 5]","[5, 3]","[np.float64(-0.003278324858021664), np.float64(-0.0033517060744019064), np.float64(0.002605032931365006), np.float64(0.002314413160110969), np.float64(0.0), np.float64(0.0)]","[np.float64(-0.007770891653797005), np.float64(-0.0015576486386768731), np.float64(0.0010678672583025032), np.float64(-0.0007546683948568424), np.float64(0.0), np.float64(0.0)]",3.41240523330964e-05,6.452289124417417e-05,1.164450947631902e-09,4.1632034945075275e-09,3.575250209529281,True,True,True,True,transition
67,79,"[35, 40]","[40, 54]",268.4873609365856,-41.97882399877041,270.1565106847422,-58.85080084185514,4.699856214733586,4.8087670380129985,422.05441238907565,414.10738810835323,424.7005851706913,437.58749868548017,"[4, 5]","[5, 3]","[np.float64(-0.003278324858021664), np.float64(-0.0033517060744019064), np.float64(0.002605032931365006), np.float64(0.002314413160110969), np.float64(0.0), np.float64(0.0)]","[np.float64(-0.0035733826470041186), np.float64(0.002794616661842639), np.float64(-0.004243965038080126), np.float64(0.003173319959879186), np.float64(0.0), np.float64(0.0)]",3.41240523330964e-05,4.866014464077273e-05,1.164450947631902e-09,2.367809676460923e-09,2.033412984270608,True,True,True,False,transition
67,80,"[35, 40]","[40, 61]",268.4873609365856,-41.97882399877041,280.1870602568001,-38.9818479297456,4.699856214733586,1.3500043755894566,422.05441238907565,433.40514492906584,424.7005851706913,436.77803646397894,"[4, 5]","[5, 3]","[np.float64(-0.003278324858021664), np.float64(-0.0033517060744019064), np.float64(0.002605032931365006), np.float64(0.002314413160110969), np.float64(0.0), np.float64(0.0)]","[np.float64(0.00032138011726100957), np.float64(0.0018590840493444482), np.float64(-0.004896948168598612), np.float64(0.0077611476653961075), np.float64(0.0), np.float64(0.0)]",3.41240523330964e-05,8.77749931323224e-05,1.164450947631902e-09,7.704449419379244e-09,6.616379534962361,True,True,True,True,transition
67,81,"[35, 40]","[40, 68]",268.4873609365856,-41.97882399877041,280.9149929014785,-60.80848852631212,4.699856214733586,3.241706542171901,422.05441238907565,422.18555243468546,424.7005851706913,447.2616645436865,"[4, 5]","[5, 3]","[np.float64(-0.003278324858021664), np.float64(-0.0033517060744019064), np.float64(0.002605032931365006), np.float64(0.002314413160110969), np.float64(0.0), np.float64(0.0)]","[np.float64(0.000544779891009519), np.float64(-0.0013433468306491016), np.float64(-0.00030453557122344125), np.float64(0.006554022108914274), np.float64(0.0), np.float64(0.0)]",3.41240523330964e-05,4.514931355534082e-05,1.164450947631902e-09,2.0384605145184824e-09,1.7505765431030127,True,True,True,False,transition
68,85,"[35, 42]","[42, 54]",252.16156225897055,-43.984468563289624,253.83071200712715,-60.856445406374355,3.068461178780229,2.018947270478982,407.5516061393958,399.3325575349814,411.99229321447797,421.13896341387607,"[4, 4]","[4, 3]","[np.float64(-0.0026695082839341038), np.float64(0.004217178193768397), np.float64(-0.004628899745566957), np.float64(0.005185796426878327), np.float64(0.0), np.float64(0.0)]","[np.float64(-0.004938942444996883), np.float64(-0.005094205467952329), np.float64(0.0056780871706728344), np.float64(0.0032741385697525214), np.float64(0.0), np.float64(0.0)]",7.323006383152237e-05,9.330473911640773e-05,5.362642248768841e-09,8.705774341580906e-09,1.623411359126107,True,True,True,True,transition
68,86,"[35, 42]","[42, 154]",252.16156225897055,-43.984468563289624,241.02365051995352,-64.06642052231061,3.068461178780229,3.064833565816219,407.5516061393958,386.9132280134286,411.99229321447797,418.59429435572156,"[4, 4]","[4, 3]","[np.float64(-0.0026695082839341038), np.float64(0.004217178193768397), np.float64(-0.004628899745566957), np.float64(0.005185796426878327), np.float64(0.0), np.float64(0.0)]","[np.float64(-0.0009397433341685071), np.float64(0.004393721314254905), np.float64(-0.00392423414830273), np.float64(0.00909673916042191), np.float64(0.0), np.float64(0.0)]",7.323006383152237e-05,0.00011833818152491076,5.362642248768841e-09,1.400392520662273e-08,2.611385312872169,True,True,True,False,transition
69,80,"[35, 61]","[40, 61]",270.3818548344467,-31.4732747708438,280.1870602568001,-38.9818479297456,4.1549025865752185,1.3500043755894566,429.64909810033237,433.40514492906584,425.79833662386693,436.77803646397894,"[4, 3]","[5, 3]","[np.float64(-0.006461541679450667), np.float64(0.00020611666591366612), np.float64(-0.001430394664563987), np.float64(-0.0002068156461846328), np.float64(0.0), np.float64(0.0)]","[np.float64(0.00032138011726100957), np.float64(0.0018590840493444482), np.float64(-0.004896948168598612), np.float64(0.0077611476653961075), np.float64(0.0), np.float64(0.0)]",4.38828065631654e-05,8.77749931323224e-05,1.9257007118601924e-09,7.704449419379244e-09,4.0008550508022,True,True,True,True,transition
73,72,"[37, 124]","[37, 53]",133.00123941462755,-25.194248372377647,147.2968513990152,-44.584247310214366,3.8526132212191015,4.898960554777304,332.7258619070405,327.7082968079757,292.18262436144846,308.23383331847003,"[3, 3]","[3, 4]","[np.float64(-0.004004701830466415), np.float64(-0.0037144907859043078), np.float64(0.008495747618252602), np.float64(0.007277193676027719), np.float64(0.0), np.float64(0.0)]","[np.float64(-0.00826548375730704), np.float64(-0.003663776455093309), np.float64(0.008976350127357957), np.float64(0.003301197832630636), np.float64(0.0), np.float64(0.0)]",0.00015497035394097168,0.00017321424839428703,2.4015810600590035e-08,3.000317584679777e-08,1.2493093131764053,True,True,True,False,transition
72,103,"[37, 53]","[53, 71]",147.2968513990152,-44.584247310214366,165.46732726000482,-58.36574827539698,4.898960554777304,1.217259714972986,327.7082968079757,331.04742191694737,308.23383331847003,331.03944582653776,"[3, 4]","[4, 4]","[np.float64(-0.00826548375730704), np.float64(-0.003663776455093309), np.float64(0.008976350127357957), np.float64(0.003301197832630636), np.float64(0.0), np.float64(0.0)]","[np.float64(-0.014444703754371757), np.float64(-0.0013166598608342125), np.float64(0.007673380356148315), np.float64(-0.0017514462017258038), np.float64(0.0), np.float64(0.0)]",0.00017321424839428703,0.0002723313896283561,3.000317584679777e-08,7.41643857769115e-08,2.4718845150130013,True,True,True,True,transition
75,74,"[38, 70]","[38, 44]",238.81557217019287,33.473026737793546,250.76085495181587,27.608822771245663,5.7834101939706635,3.2241909402799322,447.52620104701435,452.04858953890516,390.85149795841835,399.41604935686297,"[4, 3]","[4, 3]","[np.float64(-0.00016099776927031863), np.float64(-0.001379066377166563), np.float64(-0.0018917375535573585), np.float64(0.0053743199039116936), np.float64(0.0), np.float64(0.0)]","[np.float64(-0.005151541922574372), np.float64(-0.0003530567500414627), np.float64(-0.003929735503001648), np.float64(-0.001423497941769223), np.float64(0.0), np.float64(0.0)]",3.43897297554619e-05,4.4132200762563926e-05,1.1826535126537017e-09,1.947651144147248e-09,1.646848483776963,True,True,True,False,transition
74,76,"[38, 44]","[38, 156]",250.76085495181587,27.608822771245663,249.3483095752972,12.619850713545931,3.2241909402799322,2.947065614803087,452.04858953890516,440.87255954089295,399.41604935686297,401.8400744728554,"[4, 3]","[4, 2]","[np.float64(-0.005151541922574372), np.float64(-0.0003530567500414627), np.float64(-0.003929735503001648), np.float64(-0.001423497941769223), np.float64(0.0), np.float64(0.0)]","[np.float64(-0.0008193882669185022), np.float64(-0.005763521384480209), np.float64(0.0018315966728735696), np.float64(0.005994006165869237), np.float64(0.0), np.float64(0.0)]",4.4132200762563926e-05,7.317243216988433e-05,1.947651144147248e-09,5.354204829656324e-09,2.749057420137007,True,True,True,False,transition
74,90,"[38, 44]","[44, 49]",250.76085495181587,27.608822771245663,270.3149971393349,28.46077955532157,3.2241909402799322,3.467222600103476,452.04858953890516,467.06281047892855,399.41604935686297,418.98874224904426,"[4, 3]","[3, 3]","[np.float64(-0.005151541922574372), np.float64(-0.0003530567500414627), np.float64(-0.003929735503001648), np.float64(-0.001423497941769223), np.float64(0.0), np.float64(0.0)]","[np.float64(-0.0015797577909226017), np.float64(-0.0060551094376653245), np.float64(0.001370974575593419), np.float64(0.0033805097743322184), np.float64(0.0), np.float64(0.0)]",4.4132200762563926e-05,5.246740260136357e-05,1.947651144147248e-09,2.7528283357335723e-09,1.413409349002724,True,True,True,False,transition
75,76,"[38, 70]","[38, 156]",238.81557217019287,33.473026737793546,249.3483095752972,12.619850713545931,5.7834101939706635,2.947065614803087,447.52620104701435,440.87255954089295,390.85149795841835,401.8400744728554,"[4, 3]","[4, 2]","[np.float64(-0.00016099776927031863), np.float64(-0.001379066377166563), np.float64(-0.0018917375535573585), np.float64(0.0053743199039116936), np.float64(0.0), np.float64(0.0)]","[np.float64(-0.0008193882669185022), np.float64(-0.005763521384480209), np.float64(0.0018315966728735696), np.float64(0.005994006165869237), np.float64(0.0), np.float64(0.0)]",3.43897297554619e-05,7.317243216988433e-05,1.1826535126537017e-09,5.354204829656324e-09,4.52728104416844,True,True,True,False,transition
235,76,"[156, 183]","[38, 156]",245.3425154456417,-0.08789123915260788,249.3483095752972,12.619850713545931,5.669930552138013,2.947065614803087,429.4585290149282,440.87255954089295,397.42347072801783,401.8400744728554,"[2, 2]","[4, 2]","[np.float64(-0.004603715621367835), np.float64(-0.00038772287299962513), np.float64(-0.001872856293126296), np.float64(-0.00024130910002334637), np.float64(0.0), np.float64(0.0)]","[np.float64(-0.0008193882669185022), np.float64(-0.005763521384480209), np.float64(0.0018315966728735696), np.float64(0.005994006165869237), np.float64(0.0), np.float64(0.0)]",2.4910347325130168e-05,7.317243216988433e-05,6.205254038586197e-10,5.354204829656324e-09,8.62850222788981,True,True,True,False,transition
79,78,"[40, 54]","[40, 46]",270.1565106847422,-58.85080084185514,289.49089947799786,-50.24870691346368,4.8087670380129985,2.448363609820124,414.10738810835323,435.0433391383584,437.58749868548017,447.2735689053092,"[5, 3]","[5, 3]","[np.float64(-0.0035733826470041186), np.float64(0.002794616661842639), np.float64(-0.004243965038080126), np.float64(0.003173319959879186), np.float64(0.0), np.float64(0.0)]","[np.float64(-0.007770891653797005), np.float64(-0.0015576486386768731), np.float64(0.0010678672583025032), np.float64(-0.0007546683948568424), np.float64(0.0), np.float64(0.0)]",4.866014464077273e-05,6.452289124417417e-05,2.367809676460923e-09,4.1632034945075275e-09,1.7582508999330184,True,True,True,True,transition
81,78,"[40, 68]","[40, 46]",280.9149929014785,-60.80848852631212,289.49089947799786,-50.24870691346368,3.241706542171901,2.448363609820124,422.18555243468546,435.0433391383584,447.2616645436865,447.2735689053092,"[5, 3]","[5, 3]","[np.float64(0.000544779891009519), np.float64(-0.0013433468306491016), np.float64(-0.00030453557122344125), np.float64(0.006554022108914274), np.float64(0.0), np.float64(0.0)]","[np.float64(-0.007770891653797005), np.float64(-0.0015576486386768731), np.float64(0.0010678672583025032), np.float64(-0.0007546683948568424), np.float64(0.0), np.float64(0.0)]",4.514931355534082e-05,6.452289124417417e-05,2.0384605145184824e-09,4.1632034945075275e-09,2.0423272684734557,True,True,True,True,transition
79,106,"[40, 54]","[54, 68]",270.1565106847422,-58.85080084185514,272.77893722728174,-70.17189221049506,4.8087670380129985,1.8702977279876727,414.10738810835323,410.36897338272496,437.58749868548017,442.2532426616767,"[5, 3]","[3, 3]","[np.float64(-0.0035733826470041186), np.float64(0.002794616661842639), np.float64(-0.004243965038080126), np.float64(0.003173319959879186), np.float64(0.0), np.float64(0.0)]","[np.float64(-0.009573609845137445), np.float64(-0.0014532712168696948), np.float64(0.0020043348409279045), np.float64(-0.0008393969890010286), np.float64(0.0), np.float64(0.0)]",4.866014464077273e-05,9.8487948156396e-05,2.367809676460923e-09,9.699875932056947e-09,4.096560643571231,True,True,True,True,transition
82,120,"[41, 64]","[64, 66]",92.04064286778984,-203.07277787556703,90.29722333128655,-213.60142655787894,2.345415363743072,1.0712479515867308,188.12107743658484,182.3465723463119,68.523573293662,71.98481592147763,"[4, 2]","[2, 4]","[np.float64(0.01396865987589473), np.float64(0.015818224109958888), np.float64(-0.01903488000774336), np.float64(-0.018965109644730648), np.float64(0.0), np.float64(0.0)]","[np.float64(0.058348332729232545), np.float64(0.040308736811064005), np.float64(0.017274365637259405), np.float64(0.013235921263049899), np.float64(0.0), np.float64(0.0)]",0.0011673417134671594,0.005502915515436241,1.3626866760004437e-06,3.0282079170028913e-05,22.22233452733859,True,True,True,True,transition
83,120,"[41, 66]","[64, 66]",81.96641485601096,-206.15649357679524,90.29722333128655,-213.60142655787894,1.3440347409584241,1.0712479515867308,177.68641781978206,182.3465723463119,60.8121082396061,71.98481592147763,"[4, 4]","[2, 4]","[np.float64(0.0005063707548672061), np.float64(-0.0020355373559216828), np.float64(0.03748043914249829), np.float64(0.014348301764634494), np.float64(0.0), np.float64(0.0)]","[np.float64(0.058348332729232545), np.float64(0.040308736811064005), np.float64(0.017274365637259405), np.float64(0.013235921263049899), np.float64(0.0), np.float64(0.0)]",0.0016150569055122688,0.005502915515436241,2.6084088080428654e-06,3.0282079170028913e-05,11.609406883099005,True,True,True,True,transition
122,83,"[66, 78]","[41, 66]",71.41607706401064,-208.9199072040436,81.96641485601096,-206.15649357679524,3.4828179415839813,1.3440347409584241,166.9750579090266,177.68641781978206,52.789547821163794,60.8121082396061,"[4, 4]","[4, 4]","[np.float64(0.012556154296333734), np.float64(0.014407829230336728), np.float64(-0.016819700057156356), np.float64(-0.015338506768617642), np.float64(0.0), np.float64(0.0)]","[np.float64(0.0005063707548672061), np.float64(-0.0020355373559216828), np.float64(0.03748043914249829), np.float64(0.014348301764634494), np.float64(0.0), np.float64(0.0)]",0.0008834146537475201,0.0016150569055122688,7.804214504558509e-07,2.6084088080428654e-06,3.342307936973377,True,True,True,True,transition
141,84,"[78, 90]","[41, 78]",53.78266557601894,-192.8124258939993,73.15949660051396,-198.3912585217317,4.289920161417964,1.8124810510470617,159.6865854838846,173.35709365289796,28.90674742300562,49.070699268814124,"[4, 4]","[4, 4]","[np.float64(0.007954280230496723), np.float64(0.015493233470890004), np.float64(-0.01016541197239133), np.float64(-0.016327337894322728), np.float64(0.0), np.float64(0.0)]","[np.float64(0.0709595876502188), np.float64(0.04236164198433811), np.float64(0.014251217590563981), np.float64(0.010963728606752435), np.float64(0.0), np.float64(0.0)]",0.0006732284206526013,0.007153072338874444,4.532365063743959e-07,5.116644388517071e-05,112.89126794853696,True,True,True,True,transition
85,106,"[42, 54]","[54, 68]",253.83071200712715,-60.856445406374355,272.77893722728174,-70.17189221049506,2.018947270478982,1.8702977279876727,399.3325575349814,410.36897338272496,421.13896341387607,442.2532426616767,"[4, 3]","[3, 3]","[np.float64(-0.004938942444996883), np.float64(-0.005094205467952329), np.float64(0.0056780871706728344), np.float64(0.0032741385697525214), np.float64(0.0), np.float64(0.0)]","[np.float64(-0.009573609845137445), np.float64(-0.0014532712168696948), np.float64(0.0020043348409279045), np.float64(-0.0008393969890010286), np.float64(0.0), np.float64(0.0)]",9.330473911640773e-05,9.8487948156396e-05,8.705774341580906e-09,9.699875932056947e-09,1.114188761558862,True,True,True,True,transition
180,86,"[103, 154]","[42, 154]",236.1606440221111,-87.0573988172361,241.02365051995352,-64.06642052231061,4.85134648728982,3.064833565816219,370.31378281628906,386.9132280134286,409.2670946843857,418.59429435572156,"[3, 3]","[4, 3]","[np.float64(0.00012518807422257325), np.float64(-0.00015476599677217203), np.float64(8.964682140935613e-05), np.float64(0.00664423162872924), np.float64(0.0), np.float64(0.0)]","[np.float64(-0.0009397433341685071), np.float64(0.004393721314254905), np.float64(-0.00392423414830273), np.float64(0.00909673916042191), np.float64(0.0), np.float64(0.0)]",4.419347505647926e-05,0.00011833818152491076,1.953063237567654e-09,1.400392520662273e-08,7.170236445627447,True,True,True,False,transition
88,87,"[43, 60]","[43, 52]",160.87887560744812,-249.66254334535319,176.7371796320209,-245.223761593414,3.3268124702682513,3.8874347554086057,241.84461086095848,258.162127414675,187.66588695380972,190.3835704609857,"[3, 2]","[3, 2]","[np.float64(0.00036862053001331444), np.float64(0.0034460917350145454), np.float64(0.0036140960992974407), np.float64(0.010769039562763873), np.float64(0.0), np.float64(0.0)]","[np.float64(0.008008952678108019), np.float64(0.015632066309920277), np.float64(-0.004354204252838496), np.float64(-0.009068717775908149), np.float64(0.0), np.float64(0.0)]",0.00014104533306061334,0.0004097055568924274,1.9893785978179347e-08,1.6785864334853407e-07,8.437742495704494,True,True,False,False,transition
87,102,"[43, 52]","[52, 91]",176.7371796320209,-245.223761593414,195.52942981921777,-257.75085871522083,3.8874347554086057,1.4214536977109589,258.162127414675,275.4032803972744,190.3835704609857,212.96845100964882,"[3, 2]","[2, 2]","[np.float64(0.008008952678108019), np.float64(0.015632066309920277), np.float64(-0.004354204252838496), np.float64(-0.009068717775908149), np.float64(0.0), np.float64(0.0)]","[np.float64(0.008045808518063031), np.float64(0.015940148300044796), np.float64(-0.006362428802282401), np.float64(-0.01480886377356189), np.float64(0.0), np.float64(0.0)]",0.0004097055568924274,0.000578606309064783,1.6785864334853407e-07,3.3478526088957127e-07,1.9944475554615222,True,True,False,True,transition
89,91,"[44, 45]","[45, 49]",271.2304721377772,39.412885918390884,281.3568903895971,33.48555198736322,4.262872422200189,1.9806031091738916,475.0824285227214,478.66786961027174,423.04529256356756,431.1201784601444,"[3, 3]","[3, 3]","[np.float64(-0.004360162606727029), np.float64(-0.00255680041510105), np.float64(-0.0018639023946011733), np.float64(-0.0012196906473495137), np.float64(0.0), np.float64(0.0)]","[np.float64(1.2337913643383668e-05), np.float64(0.0013649543251334536), np.float64(-0.005138345750559434), np.float64(0.004720457217019918), np.float64(0.0), np.float64(0.0)]",3.0510023731593396e-05,5.054856592382122e-05,9.308615481023922e-10,2.5551575169548994e-09,2.7449383016880606,True,True,False,True,transition
89,92,"[44, 45]","[45, 79]",271.2304721377772,39.412885918390884,293.7694920511234,44.75822411459446,4.262872422200189,3.0031896845764514,475.0824285227214,495.4325586949358,423.04529256356756,446.20949034993623,"[3, 3]","[3, 2]","[np.float64(-0.004360162606727029), np.float64(-0.00255680041510105), np.float64(-0.0018639023946011733), np.float64(-0.0012196906473495137), np.float64(0.0), np.float64(0.0)]","[np.float64(-0.003285224206504698), np.float64(-0.005560930109053532), np.float64(0.0005412015057701921), np.float64(-0.0005836239166304235), np.float64(0.0), np.float64(0.0)]",3.0510023731593396e-05,4.235015771069351e-05,9.308615481023922e-10,1.793535858120613e-09,1.9267482492716834,True,True,False,False,transition
93,96,"[46, 48]","[48, 63]",312.82190060708433,-54.71172572056673,336.3418986092546,-57.84260079698009,5.369610398436091,2.80325729161072,452.71026144074216,471.71041858791546,471.02760331123676,494.7550701959718,"[3, 3]","[3, 2]","[np.float64(-0.004506627351312665), np.float64(-0.0021555986119968455), np.float64(0.0016562582715096937), np.float64(0.0006512556936453338), np.float64(0.0), np.float64(0.0)]","[np.float64(-0.006875931626068528), np.float64(-0.00256008962859431), np.float64(-0.00011136878776280964), np.float64(-0.0004513978621391296), np.float64(0.0), np.float64(0.0)]",2.8123620900091878e-05,5.404865766963706e-05,7.909380525320847e-10,2.921257395889617e-09,3.6934085881158376,True,True,False,False,transition
117,94,"[61, 117]","[46, 117]",294.9650882843663,-29.403863537223522,304.2689275055641,-40.67072252094161,5.833763039491924,1.8828900397862576,451.01234694351473,452.65216399318984,450.4685176063218,464.88401743471724,"[3, 3]","[3, 3]","[np.float64(-0.004489124492411223), np.float64(-0.0017743938886936432), np.float64(0.0004814320714968567), np.float64(6.784820993381995e-05), np.float64(0.0), np.float64(0.0)]","[np.float64(-0.001039175143504278), np.float64(0.0018939351081462524), np.float64(-0.006255861016370646), np.float64(0.003704755999763517), np.float64(0.0), np.float64(0.0)]",2.3537092599656643e-05,5.7527889246675834e-05,5.539947280448115e-10,3.309458041177801e-09,5.973807824593785,True,True,False,True,transition
97,96,"[48, 126]","[48, 63]",327.9838251156232,-45.96549365326309,336.3418986092546,-57.84260079698009,5.622461476312871,2.80325729161072,470.2139499115013,471.71041858791546,488.53133234758104,494.7550701959718,"[3, 3]","[3, 2]","[np.float64(-0.0006384848040060314), np.float64(0.00043543877508368177), np.float64(-0.0032616593808857263), np.float64(0.0018714549908970804), np.float64(0.0), np.float64(0.0)]","[np.float64(-0.006875931626068528), np.float64(-0.00256008962859431), np.float64(-0.00011136878776280964), np.float64(-0.0004513978621391296), np.float64(0.0), np.float64(0.0)]",1.4738035471666445e-05,5.404865766963706e-05,2.172096895640984e-10,2.921257395889617e-09,13.449019708798748,True,True,False,False,transition
96,119,"[48, 63]","[63, 67]",336.3418986092546,-57.84260079698009,358.5913273715073,-57.81567368774398,2.80325729161072,1.7514159879434956,471.71041858791546,491.41856055687236,494.7550701959718,517.004515252327,"[3, 2]","[2, 3]","[np.float64(-0.006875931626068528), np.float64(-0.00256008962859431), np.float64(-0.00011136878776280964), np.float64(-0.0004513978621391296), np.float64(0.0), np.float64(0.0)]","[np.float64(-0.006565218882886924), np.float64(-0.003958832847770895), np.float64(0.0008173882770812737), np.float64(-0.00016717036661416268), np.float64(0.0), np.float64(0.0)]",5.404865766963706e-05,5.947052602378864e-05,2.921257395889617e-09,3.536743465546122e-09,1.2106921733506026,True,True,False,True,transition
97,208,"[48, 126]","[126, 144]",327.9838251156232,-45.96549365326309,341.5212927332537,-28.915235958354046,5.622461476312871,2.9437415250790764,470.2139499115013,490.5413810319572,488.53133234758104,497.35824984493,"[3, 3]","[3, 2]","[np.float64(-0.0006384848040060314), np.float64(0.00043543877508368177), np.float64(-0.0032616593808857263), np.float64(0.0018714549908970804), np.float64(0.0), np.float64(0.0)]","[np.float64(-0.005710564964747443), np.float64(-0.0014598600641068558), np.float64(-0.0024273204770293793), np.float64(-0.0011721396043035334), np.float64(0.0), np.float64(0.0)]",1.4738035471666445e-05,4.200753957355803e-05,2.172096895640984e-10,1.7646333810240437e-09,8.124100653913517,True,True,False,False,transition
98,99,"[49, 50]","[50, 57]",292.3782542717248,20.068265893171674,315.57989988663826,20.3615102169265,4.377467757535918,3.1952386518121862,478.438853607206,496.8341294151236,442.59428398947733,465.79778267983534,"[3, 2]","[2, 2]","[np.float64(-0.0026600270134078813), np.float64(-0.005512783991461387), np.float64(0.0009096945188335954), np.float64(0.0009772719571149425), np.float64(0.0), np.float64(0.0)]","[np.float64(-0.004126085632683793), np.float64(-0.004615330525511745), np.float64(-0.0007807255705768638), np.float64(-0.0016036367462253876), np.float64(0.0), np.float64(0.0)]",3.924913564433175e-05,4.1507041738357054e-05,1.540494648827153e-09,1.7228345138697147e-09,1.1183644910298034,True,False,False,False,transition
99,110,"[50, 57]","[57, 77]",315.57989988663826,20.3615102169265,338.23713994233503,22.574023027812753,3.1952386518121862,2.8110110313244405,496.8341294151236,516.3056947029404,465.79778267983534,488.562793988416,"[2, 2]","[2, 2]","[np.float64(-0.004126085632683793), np.float64(-0.004615330525511745), np.float64(-0.0007807255705768638), np.float64(-0.0016036367462253876), np.float64(0.0), np.float64(0.0)]","[np.float64(-0.0028767966041007343), np.float64(-0.006020973460852529), np.float64(0.000628789852725454), np.float64(0.00021457676766356635), np.float64(0.0), np.float64(0.0)]",4.1507041738357054e-05,4.4969499985767445e-05,1.7228345138697147e-09,2.0222559289699383e-09,1.1737958072523655,False,False,False,False,remote
100,101,"[51, 150]","[51, 151]",151.42911857019564,-189.61886872351994,154.06730679969408,-175.90884992595687,3.068758093096978,3.5003998493329753,248.01234963535777,255.82619140401798,145.67036378971565,155.3092901919005,"[3, 3]","[3, 2]","[np.float64(0.0009211140095782982), np.float64(0.0049639409273473), np.float64(-0.0021392074781580043), np.float64(-0.007842613225452209), np.float64(0.0), np.float64(0.0)]","[np.float64(0.010782914727119022), np.float64(0.01992425847057885), np.float64(0.005154483745991519), np.float64(0.010469594589885133), np.float64(0.0), np.float64(0.0)]",9.157195138748001e-05,0.0006494284391789962,8.385422280911002e-09,4.2175729761446716e-07,50.29648877368725,True,True,False,False,transition
104,103,"[53, 125]","[53, 71]",156.0130617080527,-65.14829274614547,165.46732726000482,-58.36574827539698,3.5199486602885095,1.217259714972986,319.4964050777671,331.04742191694737,330.56883470289824,331.03944582653776,"[4, 4]","[4, 4]","[np.float64(0.0005426047261539574), np.float64(0.00047869575912284896), np.float64(0.007394164436350312), np.float64(0.008399980702994574), np.float64(0.0), np.float64(0.0)]","[np.float64(-0.014444703754371757), np.float64(-0.0013166598608342125), np.float64(0.007673380356148315), np.float64(-0.0017514462017258038), np.float64(0.0), np.float64(0.0)]",0.00012575691304111576,0.0002723313896283561,1.581480117763075e-08,7.41643857769115e-08,4.689555369296286,True,True,True,True,transition
105,103,"[53, 166]","[53, 71]",145.79847651847848,-59.7742708775945,165.46732726000482,-58.36574827539698,4.238056866566151,1.217259714972986,315.8196217792743,331.04742191694737,323.4975793613059,331.03944582653776,"[4, 2]","[4, 4]","[np.float64(-0.0031914297871156916), np.float64(0.006512046323052178), np.float64(-0.0024283330544066914), np.float64(0.00400623558374123), np.float64(0.0), np.float64(0.0)]","[np.float64(-0.014444703754371757), np.float64(-0.0013166598608342125), np.float64(0.007673380356148315), np.float64(-0.0017514462017258038), np.float64(0.0), np.float64(0.0)]",7.453869637522528e-05,0.0002723313896283561,5.556017257318021e-09,7.41643857769115e-08,13.34848009682242,True,True,True,True,transition
105,104,"[53, 166]","[53, 125]",145.79847651847848,-59.7742708775945,156.0130617080527,-65.14829274614547,4.238056866566151,3.5199486602885095,315.8196217792743,319.4964050777671,323.4975793613059,330.56883470289824,"[4, 2]","[4, 4]","[np.float64(-0.0031914297871156916), np.float64(0.006512046323052178), np.float64(-0.0024283330544066914), np.float64(0.00400623558374123), np.float64(0.0), np.float64(0.0)]","[np.float64(0.0005426047261539574), np.float64(0.00047869575912284896), np.float64(0.007394164436350312), np.float64(0.008399980702994574), np.float64(0.0), np.float64(0.0)]",7.453869637522528e-05,0.00012575691304111576,5.556017257318021e-09,1.581480117763075e-08,2.846427655853756,True,True,True,False,transition
104,206,"[53, 125]","[125, 128]",156.0130617080527,-65.14829274614547,164.62524869325998,-83.56608951630727,3.5199486602885095,1.9073302725366865,319.4964050777671,313.93702204168306,330.56883470289824,350.90070629739625,"[4, 4]","[4, 2]","[np.float64(0.0005426047261539574), np.float64(0.00047869575912284896), np.float64(0.007394164436350312), np.float64(0.008399980702994574), np.float64(0.0), np.float64(0.0)]","[np.float64(-0.010855489654171775), np.float64(-0.0008621209572124667), np.float64(0.008361051046043561), np.float64(-0.001588866500913245), np.float64(0.0), np.float64(0.0)]",0.00012575691304111576,0.00019101657952896582,1.581480117763075e-08,3.6487333654945725e-08,2.3071636023192785,True,True,True,True,transition
104,207,"[53, 125]","[125, 166]",156.0130617080527,-65.14829274614547,145.71284602824483,-71.5339334435355,3.5199486602885095,3.0840084594277606,319.4964050777671,307.60431040377995,330.56883470289824,335.25755369145014,"[4, 4]","[4, 2]","[np.float64(0.0005426047261539574), np.float64(0.00047869575912284896), np.float64(0.007394164436350312), np.float64(0.008399980702994574), np.float64(0.0), np.float64(0.0)]","[np.float64(-0.010543431248864359), np.float64(0.0015132802945954753), np.float64(0.005346466864789282), np.float64(-0.0019916498798390053), np.float64(0.0), np.float64(0.0)]",0.00012575691304111576,0.00014600533692969288,1.581480117763075e-08,2.131755841195314e-08,1.3479498207100933,True,True,True,False,transition
105,207,"[53, 166]","[125, 166]",145.79847651847848,-59.7742708775945,145.71284602824483,-71.5339334435355,4.238056866566151,3.0840084594277606,315.8196217792743,307.60431040377995,323.4975793613059,335.25755369145014,"[4, 2]","[4, 2]","[np.float64(-0.0031914297871156916), np.float64(0.006512046323052178), np.float64(-0.0024283330544066914), np.float64(0.00400623558374123), np.float64(0.0), np.float64(0.0)]","[np.float64(-0.010543431248864359), np.float64(0.0015132802945954753), np.float64(0.005346466864789282), np.float64(-0.0019916498798390053), np.float64(0.0), np.float64(0.0)]",7.453869637522528e-05,0.00014600533692969288,5.556017257318021e-09,2.131755841195314e-08,3.8368416483723213,True,True,True,False,transition
117,197,"[61, 117]","[117, 126]",294.9650882843663,-29.403863537223522,319.4308520141029,-31.924490453637958,5.833763039491924,3.3825481333235956,451.01234694351473,470.14339527983816,450.4685176063218,475.0637845276433,"[3, 3]","[3, 3]","[np.float64(-0.004489124492411223), np.float64(-0.0017743938886936432), np.float64(0.0004814320714968567), np.float64(6.784820993381995e-05), np.float64(0.0), np.float64(0.0)]","[np.float64(-0.005267045756719976), np.float64(-0.002931823095624375), np.float64(0.0012805970035838755), np.float64(8.068995791456165e-05), np.float64(0.0), np.float64(0.0)]",2.3537092599656643e-05,3.798379722231466e-05,5.539947280448115e-10,1.4427688514259188e-09,2.604300688054952,True,True,False,False,transition
122,120,"[66, 78]","[64, 66]",71.41607706401064,-208.9199072040436,90.29722333128655,-213.60142655787894,3.4828179415839813,1.0712479515867308,166.9750579090266,182.3465723463119,52.789547821163794,71.98481592147763,"[4, 4]","[2, 4]","[np.float64(0.012556154296333734), np.float64(0.014407829230336728), np.float64(-0.016819700057156356), np.float64(-0.015338506768617642), np.float64(0.0), np.float64(0.0)]","[np.float64(0.058348332729232545), np.float64(0.040308736811064005), np.float64(0.017274365637259405), np.float64(0.013235921263049899), np.float64(0.0), np.float64(0.0)]",0.0008834146537475201,0.005502915515436241,7.804214504558509e-07,3.0282079170028913e-05,38.802212768935156,True,True,True,True,transition
133,121,"[72, 155]","[65, 72]",21.21427165976929,-151.59136038959204,34.08993108025463,-147.69571922833066,3.085076694913951,3.4266310581966835,164.1855884126705,175.29493618526223,36.09163718859783,40.51585174675167,"[3, 1]","[2, 3]","[np.float64(-0.028459394147804955), np.float64(0.006536555038780811), np.float64(0.015551421494762066), np.float64(-0.00847925886763115), np.float64(0.0), np.float64(0.0)]","[np.float64(0.01833571883977912), np.float64(0.006125847411171887), np.float64(0.05140170695555666), np.float64(0.02081973574206681), np.float64(0.0), np.float64(0.0)]",0.0011664082084871746,0.0034493214661908086,1.3605081088262602e-06,1.189781857712471e-05,8.74512875001474,True,True,False,False,transition
141,122,"[78, 90]","[66, 78]",53.78266557601894,-192.8124258939993,71.41607706401064,-208.9199072040436,4.289920161417964,3.4828179415839813,159.6865854838846,166.9750579090266,28.90674742300562,52.789547821163794,"[4, 4]","[4, 4]","[np.float64(0.007954280230496723), np.float64(0.015493233470890004), np.float64(-0.01016541197239133), np.float64(-0.016327337894322728), np.float64(0.0), np.float64(0.0)]","[np.float64(0.012556154296333734), np.float64(0.014407829230336728), np.float64(-0.016819700057156356), np.float64(-0.015338506768617642), np.float64(0.0), np.float64(0.0)]",0.0006732284206526013,0.0008834146537475201,4.532365063743959e-07,7.804214504558509e-07,1.7218856810514374,True,True,True,False,transition
123,149,"[66, 84]","[84, 88]",81.95468219493964,-227.4794890310597,78.79669654902398,-248.2031588035561,1.8647352298357234,2.135975480213414,169.70054801227286,161.15704663350593,74.13246879509211,95.09537322599792,"[4, 3]","[3, 2]","[np.float64(-0.012756659034752245), np.float64(-0.007206143193962521), np.float64(0.015043275300517375), np.float64(0.002024392644195365), np.float64(0.0), np.float64(0.0)]","[np.float64(0.010818709663166306), np.float64(0.005720535816777401), np.float64(0.04098295925174629), np.float64(0.020323758786262587), np.float64(0.0), np.float64(0.0)]",0.0004450591468058468,0.0022424271290394037,1.980776441555483e-07,5.028479429051903e-06,25.386405671823777,True,True,True,True,transition
123,150,"[66, 84]","[84, 93]",81.95468219493964,-227.4794890310597,94.33924164491322,-243.55225632907045,1.8647352298357234,3.7777557678880456,169.70054801227286,177.33236472903675,74.13246879509211,94.42313564923796,"[4, 3]","[3, 2]","[np.float64(-0.012756659034752245), np.float64(-0.007206143193962521), np.float64(0.015043275300517375), np.float64(0.002024392644195365), np.float64(0.0), np.float64(0.0)]","[np.float64(0.03159303358070864), np.float64(0.021339285835139745), np.float64(-0.017751875710636515), np.float64(-0.011740557710387768), np.float64(0.0), np.float64(0.0)]",0.0004450591468058468,0.001906454677382412,1.980776441555483e-07,3.634569436913277e-06,18.349215795696196,True,True,True,True,transition
125,124,"[67, 149]","[67, 69]",371.93537434744877,-46.02434280155709,381.05629655514065,-62.834201488705226,5.164908685792632,4.87157689794774,508.6892646033488,509.339895606119,534.8117911182105,540.0232133412854,"[3, 3]","[3, 2]","[np.float64(-0.0003510715885753987), np.float64(0.00045720276015673316), np.float64(-0.0030899164558680923), np.float64(0.0007747774468242026), np.float64(0.0), np.float64(0.0)]","[np.float64(-0.0023698307613127796), np.float64(-0.003002915341496626), np.float64(0.001118662099910003), np.float64(0.0011640056375052386), np.float64(0.0), np.float64(0.0)]",1.048014942055165e-05,1.7239912403379146e-05,1.098335318770891e-10,2.972145796761861e-10,2.7060459096297538,True,True,False,False,remote
125,231,"[67, 149]","[149, 194]",371.93537434744877,-46.02434280155709,386.13532661675237,-33.14694566712383,5.164908685792632,3.4610789204311168,508.6892646033488,527.2623709765838,534.8117911182105,542.3445373455528,"[3, 3]","[3, 1]","[np.float64(-0.0003510715885753987), np.float64(0.00045720276015673316), np.float64(-0.0030899164558680923), np.float64(0.0007747774468242026), np.float64(0.0), np.float64(0.0)]","[np.float64(-0.0031680211474154336), np.float64(-0.0032303694404466556), np.float64(0.0001196437787697013), np.float64(-0.00030871702619153957), np.float64(0.0), np.float64(0.0)]",1.048014942055165e-05,2.0581265548301876e-05,1.098335318770891e-10,4.235884915697177e-10,3.8566409031054465,True,True,False,False,remote
126,138,"[68, 75]","[75, 76]",293.4380402474026,-78.56851570888153,312.832405935229,-90.87784518084945,3.6205153803481203,2.3242212523709505,424.1155174242191,435.70444667755925,464.55350776704313,487.52438089983013,"[3, 2]","[2, 2]","[np.float64(-0.004440289634637166), np.float64(-0.0028803053055583274), np.float64(0.0034145265814812), np.float64(0.0015810340861576384), np.float64(0.0), np.float64(0.0)]","[np.float64(-0.005018721501651401), np.float64(-0.0026593329105907416), np.float64(0.0038097356056327647), np.float64(0.0010742267268592336), np.float64(0.0), np.float64(0.0)]",4.217099124992771e-05,4.792766548601388e-05,1.7783925030014797e-09,2.2970611189392463e-09,1.2916502487850035,True,False,False,True,transition
127,146,"[69, 82]","[82, 97]",400.5144931553924,-76.64897031005796,418.4135798880508,-82.00329121272682,4.408565056819931,1.611473123825352,521.3866705196062,535.8692414894467,563.886768242462,582.5695426133092,"[2, 2]","[2, 2]","[np.float64(-0.0002519710103380277), np.float64(-0.001759365374846942), np.float64(0.0007893541691372136), np.float64(0.002405123886510625), np.float64(0.0), np.float64(0.0)]","[np.float64(-0.004157443724869011), np.float64(-0.003355398500531564), np.float64(-0.0014901504256198876), np.float64(-0.0017642492061741236), np.float64(0.0), np.float64(0.0)]",9.566556826059362e-06,3.387616097528335e-05,9.151900950622297e-11,1.1475942824233104e-09,12.539408901112266,False,False,False,True,remote
128,173,"[70, 100]","[100, 161]",245.32942009926703,54.48036474110682,263.92515713137277,67.35117029633301,4.618706988368537,1.1460749872691167,467.06192534152996,489.2544694519323,404.0741127844232,426.68957367753063,"[3, 3]","[3, 1]","[np.float64(-0.003930461135100294), np.float64(0.000588196356761326), np.float64(-0.003550258945027056), np.float64(2.4630582846690965e-05), np.float64(0.0), np.float64(0.0)]","[np.float64(-0.0049886846896718086), np.float64(-0.0027210374620434707), np.float64(-0.0014463921365055691), np.float64(-0.0026503200880628837), np.float64(0.0), np.float64(0.0)]",2.8399444930997184e-05,4.140726658454469e-05,8.065284723887416e-10,1.714561726003551e-09,2.1258539341152276,True,True,False,True,transition
128,174,"[70, 100]","[100, 184]",245.32942009926703,54.48036474110682,251.9991216588997,74.52196075676991,4.618706988368537,3.828349460803004,467.06192534152996,486.20513140597774,404.0741127844232,425.19638751395007,"[3, 3]","[3, 2]","[np.float64(-0.003930461135100294), np.float64(0.000588196356761326), np.float64(-0.003550258945027056), np.float64(2.4630582846690965e-05), np.float64(0.0), np.float64(0.0)]","[np.float64(0.001157113271271288), np.float64(-0.0009233108680098994), np.float64(-0.00381412272212262), np.float64(0.005781434299657966), np.float64(0.0), np.float64(0.0)]",2.8399444930997184e-05,5.0163928782211006e-05,8.065284723887416e-10,2.516419750866738e-09,3.120063131080436,True,True,False,False,transition
131,129,"[71, 125]","[71, 80]",165.38169676977117,-70.12541084133798,182.7260342659176,-55.10339156440615,3.271101961403513,2.8159751372841484,323.1629276825223,346.1082332413327,341.1774645603847,348.60378295680516,"[4, 4]","[4, 2]","[np.float64(-0.0034318675669607504), np.float64(0.008006807592749594), np.float64(-0.0032170040836224873), np.float64(0.00608847150350044), np.float64(0.0), np.float64(0.0)]","[np.float64(-0.002480844463999125), np.float64(0.007267456328400366), np.float64(-0.004597785119990482), np.float64(0.006798954005210302), np.float64(0.0), np.float64(0.0)]",0.0001233052833474503,0.00012633591431433276,1.5204192901395006e-08,1.596076324563843e-08,1.049760638341678,True,True,True,False,transition
130,154,"[71, 87]","[87, 95]",185.78032437619495,-68.74180631102416,206.45655436832465,-79.57040175071023,4.40718035822897,2.2881504299093827,339.7070684300453,349.6767702662058,353.8491023825022,377.1893030218248,"[4, 3]","[3, 3]","[np.float64(-0.00885453358180281), np.float64(0.0010014455508941238), np.float64(0.004638008626874249), np.float64(-0.001000282196653685), np.float64(0.0), np.float64(0.0)]","[np.float64(-0.009445852886720769), np.float64(0.00017478001799486323), np.float64(0.005966959282194778), np.float64(-0.0018537406073165005), np.float64(0.0), np.float64(0.0)]",0.00010191734663858162,0.00012829564212684595,1.0387145545848804e-08,1.645977178873973e-08,1.584628973964636,True,True,True,True,transition
130,155,"[71, 87]","[87, 123]",185.78032437619495,-68.74180631102416,203.49887351511813,-66.05998468194497,4.40718035822897,1.0891743032752714,339.7070684300453,355.3047830731747,353.8491023825022,371.7694581501379,"[4, 3]","[3, 2]","[np.float64(-0.00885453358180281), np.float64(0.0010014455508941238), np.float64(0.004638008626874249), np.float64(-0.001000282196653685), np.float64(0.0), np.float64(0.0)]","[np.float64(-0.001549287506276725), np.float64(0.008191014434921455), np.float64(-0.005007959391735898), np.float64(0.00932907317502616), np.float64(0.0), np.float64(0.0)]",0.00010191734663858162,0.00018160427282446525,1.0387145545848804e-08,3.298011190810281e-08,3.1750890331254893,True,True,True,True,transition
131,206,"[71, 125]","[125, 128]",165.38169676977117,-70.12541084133798,164.62524869325998,-83.56608951630727,3.271101961403513,1.9073302725366865,323.1629276825223,313.93702204168306,341.1774645603847,350.90070629739625,"[4, 4]","[4, 2]","[np.float64(-0.0034318675669607504), np.float64(0.008006807592749594), np.float64(-0.0032170040836224873), np.float64(0.00608847150350044), np.float64(0.0), np.float64(0.0)]","[np.float64(-0.010855489654171775), np.float64(-0.0008621209572124667), np.float64(0.008361051046043561), np.float64(-0.001588866500913245), np.float64(0.0), np.float64(0.0)]",0.0001233052833474503,0.00019101657952896582,1.5204192901395006e-08,3.6487333654945725e-08,2.399820489754373,True,True,True,True,transition
159,132,"[90, 94]","[72, 94]",33.84111294113431,-182.0831453154097,26.49174775971011,-169.2302124454514,2.7369723913051693,2.2454926084629,150.44262250738427,154.13950954357654,12.171474125401215,17.68020444060289,"[4, 4]","[3, 4]","[np.float64(0.03935356245828261), np.float64(0.03961924535643816), np.float64(-0.013956121588692687), np.float64(-0.010879719955830938), np.float64(0.0), np.float64(0.0)]","[np.float64(0.03049680152429775), np.float64(0.004410785178609011), np.float64(0.08592124370930604), np.float64(0.025980485429415234), np.float64(0.0), np.float64(0.0)]",0.0034315291168872768,0.009006955672806264,1.1775392080045173e-05,8.112525049189695e-05,6.889388475596792,True,True,True,True,transition
164,132,"[94, 101]","[72, 94]",25.130060997917035,-190.58387213303428,26.49174775971011,-169.2302124454514,2.300008478232524,2.2454926084629,138.28688982362465,154.13950954357654,0.0,17.68020444060289,"[4, 4]","[3, 4]","[np.float64(-0.02710856401288593), np.float64(-0.006099256458553539), np.float64(0.07863389651258447), np.float64(0.003966060350113949), np.float64(0.0), np.float64(0.0)]","[np.float64(0.03049680152429775), np.float64(0.004410785178609011), np.float64(0.08592124370930604), np.float64(0.025980485429415234), np.float64(0.0), np.float64(0.0)]",0.006971094487640533,0.009006955672806264,4.859615835561222e-05,8.112525049189695e-05,1.669375795062781,True,True,True,True,transition
165,132,"[94, 199]","[72, 94]",11.803086175815599,-179.0705808295789,26.49174775971011,-169.2302124454514,1.881727902106551,2.2454926084629,136.97669576048492,154.13950954357654,0.0,17.68020444060289,"[4, 4]","[3, 4]","[np.float64(0.03891580658623564), np.float64(0.0440280508940936), np.float64(-0.01946343744675974), np.float64(-0.005087137112136218), np.float64(0.0), np.float64(0.0)]","[np.float64(0.03049680152429775), np.float64(0.004410785178609011), np.float64(0.08592124370930604), np.float64(0.025980485429415234), np.float64(0.0), np.float64(0.0)]",0.0038576136290318004,0.009006955672806264,1.4881182910891896e-05,8.112525049189695e-05,5.451532380031391,True,True,True,True,transition
135,134,"[73, 85]","[73, 81]",99.59991916996228,42.797254230038135,108.23515331394329,34.580166803722875,4.30292696913018,3.123780741319809,370.38626679922663,367.5259899816151,257.2329433969493,259.4954375084935,"[3, 3]","[3, 3]","[np.float64(1.2233565412314773e-05), np.float64(0.0010346335938306406), np.float64(-0.001694507342402511), np.float64(0.005455714320312648), np.float64(0.0), np.float64(0.0)]","[np.float64(-0.009900344102206598), np.float64(-0.0023743423659287237), np.float64(-0.0036860185048458675), np.float64(-0.0014701102083520888), np.float64(0.0), np.float64(0.0)]",3.370679021192613e-05,0.00011940227145550816,1.1361477063907992e-09,1.4256902428734858e-08,12.548458575007615,True,True,False,False,transition
134,144,"[73, 81]","[81, 85]",108.23515331394329,34.580166803722875,110.54976577344584,46.50914974356456,3.123780741319809,3.8401169873877663,367.5259899816151,378.99430481472444,259.4954375084935,268.7948337676092,"[3, 3]","[3, 3]","[np.float64(-0.009900344102206598), np.float64(-0.0023743423659287237), np.float64(-0.0036860185048458675), np.float64(-0.0014701102083520888), np.float64(0.0), np.float64(0.0)]","[np.float64(-0.00425524733823568), np.float64(-0.006564114838870743), np.float64(0.00450020060980007), np.float64(0.0064671348961614465), np.float64(0.0), np.float64(0.0)]",0.00011940227145550816,0.00012327037282103894,1.4256902428734858e-08,1.5195584815437936e-08,1.0658405562775795,True,True,False,False,transition
135,144,"[73, 85]","[81, 85]",99.59991916996228,42.797254230038135,110.54976577344584,46.50914974356456,4.30292696913018,3.8401169873877663,370.38626679922663,378.99430481472444,257.2329433969493,268.7948337676092,"[3, 3]","[3, 3]","[np.float64(1.2233565412314773e-05), np.float64(0.0010346335938306406), np.float64(-0.001694507342402511), np.float64(0.005455714320312648), np.float64(0.0), np.float64(0.0)]","[np.float64(-0.00425524733823568), np.float64(-0.006564114838870743), np.float64(0.00450020060980007), np.float64(0.0064671348961614465), np.float64(0.0), np.float64(0.0)]",3.370679021192613e-05,0.00012327037282103894,1.1361477063907992e-09,1.5195584815437936e-08,13.374656068012278,True,True,False,False,transition
135,151,"[73, 85]","[85, 138]",99.59991916996228,42.797254230038135,108.17754587783426,63.50686070774175,4.30292696913018,1.5707855386801377,370.38626679922663,392.67432661154726,257.2329433969493,279.6486405844325,"[3, 3]","[3, 2]","[np.float64(1.2233565412314773e-05), np.float64(0.0010346335938306406), np.float64(-0.001694507342402511), np.float64(0.005455714320312648), np.float64(0.0), np.float64(0.0)]","[np.float64(-0.0019033793081317109), np.float64(0.003275586557354326), np.float64(-0.0044631023781466295), np.float64(0.0011748778830690948), np.float64(0.0), np.float64(0.0)]",3.370679021192613e-05,3.565194096328733e-05,1.1361477063907992e-09,1.2710608944497252e-09,1.1187461694461407,True,True,False,True,transition
137,136,"[74, 122]","[74, 92]",156.47305549469283,-291.4315254232486,171.70540015464866,-291.50358052970677,1.1088481980717297,2.7714855531438687,235.49435013788937,250.71746030258947,175.7913099781145,191.0238250619098,"[3, 4]","[3, 2]","[np.float64(0.00029148733501039545), np.float64(0.010725403111094458), np.float64(0.006637742675238898), np.float64(0.018905849856017704), np.float64(0.0), np.float64(0.0)]","[np.float64(0.010225424163469821), np.float64(0.012224095744936703), np.float64(-0.00966508763625337), np.float64(-0.01376542845444251), np.float64(0.0), np.float64(0.0)]",0.0005166100233629183,0.0005368887556550854,2.6688591623903496e-07,2.88249535948866e-07,1.0800477597727445,True,True,True,True,transition
137,204,"[74, 122]","[122, 132]",156.47305549469283,-291.4315254232486,153.48462180286197,-309.4856903379367,1.1088481980717297,1.9686643077217312,235.49435013788937,233.95426637438715,175.7913099781145,184.50137246491755,"[3, 4]","[4, 2]","[np.float64(0.00029148733501039545), np.float64(0.010725403111094458), np.float64(0.006637742675238898), np.float64(0.018905849856017704), np.float64(0.0), np.float64(0.0)]","[np.float64(0.0061787721565731415), np.float64(0.0018111813063396546), np.float64(-0.020373534395138077), np.float64(-0.016021089344915106), np.float64(0.0), np.float64(0.0)]",0.0005166100233629183,0.0007132138106349044,2.6688591623903496e-07,5.086739396803613e-07,1.905960220189252,True,True,True,True,transition
142,182,"[79, 105]","[105, 109]",314.9552543434106,52.054507562159905,335.81667569349213,58.60052840772474,3.877210687516488,2.3620911488270018,516.2440032018292,536.4569668017311,468.61645971334,490.480798021558,"[2, 2]","[2, 3]","[np.float64(-0.00329096657958533), np.float64(-0.002360260794538387), np.float64(-0.002267615059860683), np.float64(-0.0022947149709274593), np.float64(0.0), np.float64(0.0)]","[np.float64(-0.0014887015418905576), np.float64(-0.0058223855491685095), np.float64(0.000813026929569888), np.float64(0.00022044651634145398), np.float64(0.0), np.float64(0.0)]",2.680908690368813e-05,3.6826015218766524e-05,7.187271406095024e-10,1.3561553968928236e-09,1.8868849112095067,True,False,False,True,remote
143,155,"[80, 123]","[87, 123]",200.44458340484078,-52.42156993532697,203.49887351511813,-66.05998468194497,2.5819815609066517,1.0891743032752714,361.3812696630494,355.3047830731747,366.52413872444083,371.7694581501379,"[2, 2]","[3, 2]","[np.float64(-0.006898750145086796), np.float64(-0.002654762024539885), np.float64(0.004637990128166331), np.float64(-0.00017095174475906269), np.float64(0.0), np.float64(0.0)]","[np.float64(-0.001549287506276725), np.float64(0.008191014434921455), np.float64(-0.005007959391735898), np.float64(0.00932907317502616), np.float64(0.0), np.float64(0.0)]",7.618069189927871e-05,0.00018160427282446525,5.8034978182528286e-09,3.298011190810281e-08,5.682799053421827,True,True,False,True,transition
150,149,"[84, 93]","[84, 88]",94.33924164491322,-243.55225632907045,78.79669654902398,-248.2031588035561,3.7777557678880456,2.135975480213414,177.33236472903675,161.15704663350593,94.42313564923796,95.09537322599792,"[3, 2]","[3, 2]","[np.float64(0.03159303358070864), np.float64(0.021339285835139745), np.float64(-0.017751875710636515), np.float64(-0.011740557710387768), np.float64(0.0), np.float64(0.0)]","[np.float64(0.010818709663166306), np.float64(0.005720535816777401), np.float64(0.04098295925174629), np.float64(0.020323758786262587), np.float64(0.0), np.float64(0.0)]",0.001906454677382412,0.0022424271290394037,3.634569436913277e-06,5.028479429051903e-06,1.383514475740056,True,True,False,True,transition
150,163,"[84, 93]","[93, 106]",94.33924164491322,-243.55225632907045,113.49988339674007,-256.28580194474347,3.7777557678880456,2.6239719303016678,177.33236472903675,194.00588190413103,94.42313564923796,117.42907784442477,"[3, 2]","[2, 2]","[np.float64(0.03159303358070864), np.float64(0.021339285835139745), np.float64(-0.017751875710636515), np.float64(-0.011740557710387768), np.float64(0.0), np.float64(0.0)]","[np.float64(0.026108380091621416), np.float64(0.018981833523799976), np.float64(-0.026141637836278153), np.float64(-0.019545424627993285), np.float64(0.0), np.float64(0.0)]",0.001906454677382412,0.002107366367585526,3.634569436913277e-06,4.440993007230615e-06,1.221875956510053,True,True,False,False,transition
151,220,"[85, 138]","[138, 192]",108.17754587783426,63.50686070774175,126.18515034920918,71.948957474748,1.5707855386801377,3.498936135995809,392.67432661154726,408.84405149352773,279.6486405844325,299.53689884454616,"[3, 2]","[2, 1]","[np.float64(-0.0019033793081317109), np.float64(0.003275586557354326), np.float64(-0.0044631023781466295), np.float64(0.0011748778830690948), np.float64(0.0), np.float64(0.0)]","[np.float64(-0.005186239189371916), np.float64(-0.006700346300613168), np.float64(0.00036020913051370483), np.float64(-0.0004901243654474488), np.float64(0.0), np.float64(0.0)]",3.565194096328733e-05,7.216168998882832e-05,1.2710608944497252e-09,5.207309502043766e-09,4.096821422783322,True,False,False,True,transition
154,167,"[87, 95]","[95, 154]",206.45655436832465,-79.57040175071023,226.29737717109043,-79.81710600393612,2.2881504299093827,2.720383102708748,349.6767702662058,365.90732618065357,377.1893030218248,397.0316595471801,"[3, 3]","[3, 3]","[np.float64(-0.009445852886720769), np.float64(0.00017478001799486323), np.float64(0.005966959282194778), np.float64(-0.0018537406073165005), np.float64(0.0), np.float64(0.0)]","[np.float64(-0.006938454809718596), np.float64(0.008214280878796155), np.float64(-0.004156811598208645), np.float64(0.003440964013799011), np.float64(0.0), np.float64(0.0)]",0.00012829564212684595,0.00014473588150952494,1.645977178873973e-08,2.0948475396339242e-08,1.27270752384734,True,True,False,True,transition
156,193,"[88, 114]","[114, 133]",77.99998168383172,-268.1419304927356,87.26988514027562,-288.4906023535636,1.627886205129613,3.1257694897728356,157.4154451191504,166.22882536516872,115.05005616133025,137.41072602140923,"[2, 2]","[2, 2]","[np.float64(0.00404657670690508), np.float64(-0.0013906493933535996), np.float64(-0.038982987767502995), np.float64(-0.010652769389385827), np.float64(0.0), np.float64(0.0)]","[np.float64(0.01640382208334635), np.float64(0.003417426523967576), np.float64(-0.03775771769093166), np.float64(-0.011377255537018724), np.float64(0.0), np.float64(0.0)]",0.0016514635197248254,0.0018358513717715154,2.7273317569819087e-06,3.370350259235355e-06,1.235768347802695,False,False,False,True,transition
164,160,"[94, 101]","[90, 101]",25.130060997917035,-190.58387213303428,36.24512040030696,-192.97090645664315,2.300008478232524,4.342948250802433,138.28688982362465,145.35482181044372,0.0,11.368486195652592,"[4, 4]","[4, 4]","[np.float64(-0.02710856401288593), np.float64(-0.006099256458553539), np.float64(0.07863389651258447), np.float64(0.003966060350113949), np.float64(0.0), np.float64(0.0)]","[np.float64(0.062142040247692966), np.float64(0.021347692377707683), np.float64(0.06447208442329916), np.float64(0.021970758484195416), np.float64(0.0), np.float64(0.0)]",0.006971094487640533,0.008956721034254989,4.859615835561222e-05,8.022285168546576e-05,1.650806450551478,True,True,True,True,transition
176,160,"[101, 134]","[90, 101]",34.80791508604224,-210.48450938905484,36.24512040030696,-192.97090645664315,3.163832208166653,4.342948250802433,134.14652553275667,145.35482181044372,0.0,11.368486195652592,"[4, 3]","[4, 4]","[np.float64(-0.010236863066427796), np.float64(0.004253889485932294), np.float64(0.00021905701407626835), np.float64(-0.011226327789965608), np.float64(0.0), np.float64(0.0)]","[np.float64(0.062142040247692966), np.float64(0.021347692377707683), np.float64(0.06447208442329916), np.float64(0.021970758484195416), np.float64(0.0), np.float64(0.0)]",0.0002489673628224889,0.008956721034254989,6.198474775078484e-08,8.022285168546576e-05,1294.235349767153,True,True,True,False,transition
161,181,"[91, 104]","[104, 148]",206.06571617168564,-275.606450227446,215.22545043196436,-296.8778448478485,2.8037476864170827,4.5490656776021545,284.9560968377645,294.4362133652151,233.70092501427854,256.8606521460004,"[2, 2]","[2, 2]","[np.float64(0.0008412476469334317), np.float64(-0.0007683154381885524), np.float64(-0.007155527800984041), np.float64(-0.008194300686480563), np.float64(0.0), np.float64(0.0)]","[np.float64(0.0035933038533145743), np.float64(0.0057168198551634805), np.float64(-0.00470276945934631), np.float64(-0.008570844833051454), np.float64(0.0), np.float64(0.0)]",0.00011964614806714124,0.00014116928357864198,1.4315200747304286e-08,1.9928766626107035e-08,1.3921402136019536,False,True,False,False,transition
162,227,"[92, 145]","[145, 162]",183.37725940244724,-310.4233845370343,195.97800491113358,-328.3713881876538,3.0786156212651328,2.911715860236111,263.760513101016,278.7230033827992,213.25423850782005,235.1838901789554,"[2, 3]","[3, 3]","[np.float64(0.003199796969642214), np.float64(0.0014781225585403161), np.float64(-0.011615867053033883), np.float64(-0.012086816472191158), np.float64(0.0), np.float64(0.0)]","[np.float64(0.007355302387838415), np.float64(0.014944723954010029), np.float64(-0.00437011078683348), np.float64(-0.011867322223707538), np.float64(0.0), np.float64(0.0)]",0.0002934430467711869,0.0004373764523286038,8.610882169835699e-08,1.9129816105155543e-07,2.2215860962734033,True,True,False,False,transition
166,179,"[95, 103]","[103, 121]",226.05168915700335,-92.24035006326164,246.83244173059205,-102.41086107127273,4.4708702744113005,2.607757356367113,358.99100931797193,371.78682440387865,400.52376032490366,423.6598570503409,"[3, 3]","[3, 3]","[np.float64(-0.005885374914893249), np.float64(8.126925784291412e-05), np.float64(0.004470151602479383), np.float64(6.916704391429512e-05), np.float64(0.0), np.float64(0.0)]","[np.float64(-0.008932126846618151), np.float64(0.00297963984210154), np.float64(0.002548066157073771), np.float64(-0.0019525392297100974), np.float64(0.0), np.float64(0.0)]",5.463128201023789e-05,9.896619417709717e-05,2.9845769740821417e-09,9.794307589898902e-09,3.281640136927942,True,True,False,False,transition
169,170,"[97, 98]","[98, 113]",432.42907352450425,-89.5904823863003,445.3038617812728,-92.66026750724279,4.471159596851464,4.622701992916262,546.1834718246735,557.2038565444445,598.5069053743754,611.7426053311357,"[2, 3]","[3, 3]","[np.float64(0.0003137938889272257), np.float64(-0.00035521697698373604), np.float64(-0.00040033836110231046), np.float64(0.0014118529800319886), np.float64(0.0), np.float64(0.0)]","[np.float64(-0.0016660207164366572), np.float64(-0.0014759445703312645), np.float64(-0.001592234475791777), np.float64(-0.0014378783319877683), np.float64(0.0), np.float64(0.0)]",2.3782453460608266e-06,9.556742125786296e-06,5.656050926059981e-12,9.133132005877838e-11,16.147542031132314,True,True,False,False,remote
169,171,"[97, 98]","[98, 157]",432.42907352450425,-89.5904823863003,446.7212127291423,-105.06263167030698,4.471159596851464,2.0648141534134794,546.1834718246735,554.4606570933656,598.5069053743754,619.5699689338708,"[2, 3]","[3, 3]","[np.float64(0.0003137938889272257), np.float64(-0.00035521697698373604), np.float64(-0.00040033836110231046), np.float64(0.0014118529800319886), np.float64(0.0), np.float64(0.0)]","[np.float64(-0.0016654907463903904), np.float64(-0.0033462732115981035), np.float64(0.0009476013034844884), np.float64(0.0013567426673714935), np.float64(0.0), np.float64(0.0)]",2.3782453460608266e-06,1.6710102728802923e-05,5.656050926059981e-12,2.792275332071469e-10,49.36793123990796,True,True,False,True,remote
170,171,"[98, 113]","[98, 157]",445.3038617812728,-92.66026750724279,446.7212127291423,-105.06263167030698,4.622701992916262,2.0648141534134794,557.2038565444445,554.4606570933656,611.7426053311357,619.5699689338708,"[3, 3]","[3, 3]","[np.float64(-0.0016660207164366572), np.float64(-0.0014759445703312645), np.float64(-0.001592234475791777), np.float64(-0.0014378783319877683), np.float64(0.0), np.float64(0.0)]","[np.float64(-0.0016654907463903904), np.float64(-0.0033462732115981035), np.float64(0.0009476013034844884), np.float64(0.0013567426673714935), np.float64(0.0), np.float64(0.0)]",9.556742125786296e-06,1.6710102728802923e-05,9.133132005877838e-11,2.792275332071469e-10,3.057303157640156,True,True,False,True,remote
170,191,"[98, 113]","[113, 118]",445.3038617812728,-92.66026750724279,465.11952861318105,-87.42142050369803,4.622701992916262,2.7808085488256005,557.2038565444445,577.6241503238944,611.7426053311357,632.2390969801896,"[3, 3]","[3, 3]","[np.float64(-0.0016660207164366572), np.float64(-0.0014759445703312645), np.float64(-0.001592234475791777), np.float64(-0.0014378783319877683), np.float64(0.0), np.float64(0.0)]","[np.float64(-0.0013533258804703163), np.float64(-0.0033879647700209765), np.float64(0.0006621464887007785), np.float64(0.0011695568776608177), np.float64(0.0), np.float64(0.0)]",9.556742125786296e-06,1.5116097484236536e-05,9.133132005877838e-11,2.2849640315294214e-10,2.501840584433555,True,True,False,False,remote
172,212,"[99, 129]","[129, 143]",345.7593194832647,-122.01704677007386,363.28448260793266,-125.97706807887859,3.9971275145966665,3.934585312817653,453.6464349719822,468.75828397270703,533.0651755778035,551.032176198731,"[2, 3]","[3, 2]","[np.float64(-0.0013074054502101625), np.float64(-0.0012050949248911765), np.float64(0.0025085593698830465), np.float64(0.0016223972168778974), np.float64(0.0), np.float64(0.0)]","[np.float64(-0.004272465054150089), np.float64(0.00016564616309157058), np.float64(-0.002309740683958874), np.float64(-1.528065349172457e-05), np.float64(0.0), np.float64(0.0)]",1.2086605630798882e-05,2.361653181578663e-05,1.4608603567445924e-10,5.57740575006062e-10,3.81789109705832,True,True,False,False,transition
172,213,"[99, 129]","[129, 171]",345.7593194832647,-122.01704677007386,363.153376351656,-137.0889219151669,3.9971275145966665,3.3198488080065545,453.6464349719822,465.0584380212141,533.0651755778035,556.0807058721527,"[2, 3]","[3, 2]","[np.float64(-0.0013074054502101625), np.float64(-0.0012050949248911765), np.float64(0.0025085593698830465), np.float64(0.0016223972168778974), np.float64(0.0), np.float64(0.0)]","[np.float64(-0.003472051268708058), np.float64(-0.0009755590824173203), np.float64(0.0018816126561938395), np.float64(0.0003813659896681661), np.float64(0.0), np.float64(0.0)]",1.2086605630798882e-05,1.6692761741848573e-05,1.4608603567445924e-10,2.786482945701234e-10,1.907425944469246,True,True,False,False,transition
177,184,"[102, 107]","[107, 119]",196.3739249817869,54.814380518853156,197.54761854632645,66.13201183561229,3.6919012249683156,4.926111345741624,434.77591520524567,444.3247502695704,355.67222564129463,365.4776218145404,"[3, 2]","[2, 3]","[np.float64(-0.0055282551533469265), np.float64(-0.00245835229863623), np.float64(-0.001726341264602587), np.float64(-0.0012513590582771078), np.float64(0.0), np.float64(0.0)]","[np.float64(-0.0008584865358575162), np.float64(-0.005540747357194811), np.float64(0.00035368504831715037), np.float64(0.004296321518639145), np.float64(0.0), np.float64(0.0)]",4.1151254719318716e-05,5.002035211343479e-05,1.693425764974251e-09,2.5020356255520004e-09,1.4774994436145505,True,True,False,False,transition
180,179,"[103, 154]","[103, 121]",236.1606440221111,-87.0573988172361,246.83244173059205,-102.41086107127273,4.85134648728982,2.607757356367113,370.31378281628906,371.78682440387865,409.2670946843857,423.6598570503409,"[3, 3]","[3, 3]","[np.float64(0.00012518807422257325), np.float64(-0.00015476599677217203), np.float64(8.964682140935613e-05), np.float64(0.00664423162872924), np.float64(0.0), np.float64(0.0)]","[np.float64(-0.008932126846618151), np.float64(0.00297963984210154), np.float64(0.002548066157073771), np.float64(-0.0019525392297100974), np.float64(0.0), np.float64(0.0)]",4.419347505647926e-05,9.896619417709717e-05,1.953063237567654e-09,9.794307589898902e-09,5.0148440672595616,True,True,False,False,transition
186,195,"[109, 116]","[116, 131]",358.27743443183664,60.93789628486414,361.8444654475111,71.43044606584536,3.2443526027223513,1.844547594314669,555.4399021921124,564.7535733228257,513.0628477889109,519.9501927835778,"[3, 3]","[3, 2]","[np.float64(-0.0012631430856676438), np.float64(-0.004555794615810768), np.float64(-0.0002070090400810216), np.float64(-0.0011952032790492038), np.float64(0.0), np.float64(0.0)]","[np.float64(0.003395931376424058), np.float64(-0.0022776370591524988), np.float64(-0.002827003812624643), np.float64(0.0027858298424984023), np.float64(0.0), np.float64(0.0)]",2.38221586572456e-05,3.247277895455519e-05,5.674952430909815e-10,1.0544813730314027e-09,1.85813253215648,True,True,False,True,remote
187,195,"[109, 131]","[116, 131]",350.5564924300449,68.6633813508673,361.8444654475111,71.43044606584536,2.1645943949491304,1.844547594314669,554.2368264113637,564.7535733228257,508.3280164822166,519.9501927835778,"[3, 2]","[3, 2]","[np.float64(-0.0017900541229718377), np.float64(0.00017453308231404457), np.float64(-0.0046277276421719), np.float64(-0.0012253102715351614), np.float64(0.0), np.float64(0.0)]","[np.float64(0.003395931376424058), np.float64(-0.0022776370591524988), np.float64(-0.002827003812624643), np.float64(0.0027858298424984023), np.float64(0.0), np.float64(0.0)]",2.615200395164198e-05,3.247277895455519e-05,6.839273106866978e-10,1.0544813730314027e-09,1.5418032831188593,True,True,False,True,remote
189,188,"[111, 135]","[111, 122]",132.75706452355652,-291.84347756472596,143.259897011293,-290.0062307360962,3.863594921024742,2.2675478428532188,211.8196807344362,222.23563561891075,159.92741595035633,162.5015010234054,"[3, 2]","[3, 4]","[np.float64(-0.001706611385617637), np.float64(0.00198377778267087), np.float64(-0.0017745180945184732), np.float64(0.007685787768079668), np.float64(0.0), np.float64(0.0)]","[np.float64(0.012696549566891376), np.float64(0.009174535566880896), np.float64(-0.020667211676580883), np.float64(-0.017109929014775708), np.float64(0.0), np.float64(0.0)]",6.906814479627482e-05,0.0009652577831477569,4.770408625599185e-09,9.31722587927322e-07,195.31295137432667,True,True,True,True,transition
188,205,"[111, 122]","[122, 135]",143.259897011293,-290.0062307360962,138.91544754511492,-301.11899589489065,2.2675478428532188,1.3246304703985565,222.23563561891075,218.5959616311883,162.5015010234054,171.06118987178297,"[3, 4]","[4, 2]","[np.float64(0.012696549566891376), np.float64(0.009174535566880896), np.float64(-0.020667211676580883), np.float64(-0.017109929014775708), np.float64(0.0), np.float64(0.0)]","[np.float64(0.020106997658396627), np.float64(0.0323434905372102), np.float64(0.00605160134757042), np.float64(0.006255990684544049), np.float64(0.0), np.float64(0.0)]",0.0009652577831477569,0.001526152033280391,9.31722587927322e-07,2.329140028685872e-06,2.4998213619218963,True,True,True,True,transition
189,205,"[111, 135]","[122, 135]",132.75706452355652,-291.84347756472596,138.91544754511492,-301.11899589489065,3.863594921024742,1.3246304703985565,211.8196807344362,218.5959616311883,159.92741595035633,171.06118987178297,"[3, 2]","[4, 2]","[np.float64(-0.001706611385617637), np.float64(0.00198377778267087), np.float64(-0.0017745180945184732), np.float64(0.007685787768079668), np.float64(0.0), np.float64(0.0)]","[np.float64(0.020106997658396627), np.float64(0.0323434905372102), np.float64(0.00605160134757042), np.float64(0.006255990684544049), np.float64(0.0), np.float64(0.0)]",6.906814479627482e-05,0.001526152033280391,4.770408625599185e-09,2.329140028685872e-06,488.2474881055544,True,True,True,True,transition
192,191,"[113, 157]","[113, 118]",455.6242678953872,-96.55939863429127,465.11952861318105,-87.42142050369803,4.9661787658973005,2.7808085488256005,565.6336731495038,577.6241503238944,622.7750124078424,632.2390969801896,"[3, 3]","[3, 3]","[np.float64(-3.1744808732860444e-05), np.float64(-0.00013229862468521823), np.float64(-0.0009432037044546159), np.float64(0.000298177229892607), np.float64(0.0), np.float64(0.0)]","[np.float64(-0.0013533258804703163), np.float64(-0.0033879647700209765), np.float64(0.0006621464887007785), np.float64(0.0011695568776608177), np.float64(0.0), np.float64(0.0)]",9.970535474984252e-07,1.5116097484236536e-05,9.941157765791944e-13,2.2849640315294214e-10,229.84888534734907,True,True,False,False,remote
192,236,"[113, 157]","[157, 164]",455.6242678953872,-96.55939863429127,461.9174270193744,-118.8452796661606,4.9661787658973005,2.0415435998708418,565.6336731495038,564.7555137591421,622.7750124078424,640.0854829301678,"[3, 3]","[3, 2]","[np.float64(-3.1744808732860444e-05), np.float64(-0.00013229862468521823), np.float64(-0.0009432037044546159), np.float64(0.000298177229892607), np.float64(0.0), np.float64(0.0)]","[np.float64(0.00038970230572962924), np.float64(-0.0002803160661473744), np.float64(9.52805286132727e-05), np.float64(0.0017961204165247739), np.float64(0.0), np.float64(0.0)]",9.970535474984252e-07,3.46557191382128e-06,9.941157765791944e-13,1.201018868986689e-11,12.081277626630765,True,True,False,True,remote
196,224,"[116, 142]","[142, 160]",380.09728372634953,70.17290687124651,400.9808384312897,81.40282329659435,4.718797843781591,2.788910446192123,578.3423332527132,601.7596771317666,536.7565440764438,560.4680155625099,"[3, 2]","[2, 2]","[np.float64(-0.0011668727889429782), np.float64(-0.0030489740732808053), np.float64(-0.0004957876283120348), np.float64(-0.002035730981272906), np.float64(0.0), np.float64(0.0)]","[np.float64(-0.0005724154867098723), np.float64(-0.003941073592097878), np.float64(0.00021050405989123678), np.float64(-0.0018550244317838956), np.float64(0.0), np.float64(0.0)]",1.504784100561573e-05,1.934514814950244e-05,2.2643751893029025e-10,3.742347569261977e-10,1.6527064891636065,True,False,False,False,remote
197,208,"[117, 126]","[126, 144]",319.4308520141029,-31.924490453637958,341.5212927332537,-28.915235958354046,3.3825481333235956,2.9437415250790764,470.14339527983816,490.5413810319572,475.0637845276433,497.35824984493,"[3, 3]","[3, 2]","[np.float64(-0.005267045756719976), np.float64(-0.002931823095624375), np.float64(0.0012805970035838755), np.float64(8.068995791456165e-05), np.float64(0.0), np.float64(0.0)]","[np.float64(-0.005710564964747443), np.float64(-0.0014598600641068558), np.float64(-0.0024273204770293793), np.float64(-0.0011721396043035334), np.float64(0.0), np.float64(0.0)]",3.798379722231466e-05,4.200753957355803e-05,1.4427688514259188e-09,1.7646333810240437e-09,1.2230880776778756,True,True,False,False,transition
200,209,"[119, 127]","[127, 141]",195.7586861676566,81.78296543342842,215.2735624372653,87.46449530019815,3.2697263399169323,3.149830330058556,455.60307337677386,472.0543868480758,375.32113773544717,395.6462497264088,"[3, 3]","[3, 2]","[np.float64(-0.003473709384323277), np.float64(0.0005444551613306883), np.float64(-0.0033101676615093878), np.float64(-0.0008474154083402047), np.float64(0.0), np.float64(0.0)]","[np.float64(-0.000961960370229686), np.float64(-0.007431059363739453), np.float64(0.0006055374958015177), np.float64(0.0015014933010304228), np.float64(0.0), np.float64(0.0)]",2.403841113103015e-05,5.876716881317306e-05,5.778452097044342e-10,3.45358013031598e-09,5.976652695766872,True,True,False,False,transition
203,202,"[121, 181]","[121, 167]",264.2201485486869,-114.2931528811678,269.1141258746775,-102.2428140938058,2.091028318000358,3.55795006707935,381.7474626570606,391.52848464593893,444.71980023752735,445.94217488496986,"[3, 2]","[3, 1]","[np.float64(-0.002600960776525064), np.float64(-0.001628357596900473), np.float64(0.005150731789582105), np.float64(0.0009042916618449983), np.float64(0.0), np.float64(0.0)]","[np.float64(-0.006978873842941198), np.float64(0.004744184995507677), np.float64(-0.0021363842567134754), np.float64(0.001138089467196362), np.float64(0.0), np.float64(0.0)]",3.676432680229942e-05,7.707135671496552e-05,1.3516157252262713e-09,5.93999402588546e-09,4.394735807687542,True,False,False,True,transition
207,206,"[125, 166]","[125, 128]",145.71284602824483,-71.5339334435355,164.62524869325998,-83.56608951630727,3.0840084594277606,1.9073302725366865,307.60431040377995,313.93702204168306,335.25755369145014,350.90070629739625,"[4, 2]","[4, 2]","[np.float64(-0.010543431248864359), np.float64(0.0015132802945954753), np.float64(0.005346466864789282), np.float64(-0.0019916498798390053), np.float64(0.0), np.float64(0.0)]","[np.float64(-0.010855489654171775), np.float64(-0.0008621209572124667), np.float64(0.008361051046043561), np.float64(-0.001588866500913245), np.float64(0.0), np.float64(0.0)]",0.00014600533692969288,0.00019101657952896582,2.131755841195314e-08,3.6487333654945725e-08,1.7116094136975188,True,True,True,True,transition
216,228,"[133, 146]","[146, 159]",91.76298028826321,-310.22672396076666,98.55171004570806,-329.65587631277685,2.8347932464999666,1.9414275713565416,172.94188294618147,183.72249412347196,159.60637619282772,180.1874066052546,"[2, 2]","[2, 2]","[np.float64(-0.006380635251515657), np.float64(-0.0033138620891934047), np.float64(-0.026998498126394484), np.float64(-0.0009146884667848925), np.float64(0.0), np.float64(0.0)]","[np.float64(0.0281691742702636), np.float64(0.012394498436085153), np.float64(-0.03000920953318378), np.float64(-0.016812083147676044), np.float64(0.0), np.float64(0.0)]",0.0007814497442312731,0.002130324767121499,6.106637027591221e-07,4.538283613411269e-06,7.431723210183015,False,False,False,True,transition
219,218,"[137, 145]","[137, 139]",179.1543135850135,-330.2054537556027,176.7647359937695,-349.4126086921678,3.385802703897216,3.4106610123227945,262.4832602211392,264.38487237853695,221.88947080497607,230.7299589984863,"[3, 3]","[3, 2]","[np.float64(-0.004825109322052039), np.float64(0.0028500540955596417), np.float64(-0.0033717274736984612), np.float64(0.006252848503270522), np.float64(0.0), np.float64(0.0)]","[np.float64(0.006088808121234771), np.float64(0.004735577054282721), np.float64(-0.011487907049909669), np.float64(-0.011787767387504498), np.float64(0.0), np.float64(0.0)]",8.187114887911516e-05,0.0003304227427435424,6.70288501878624e-09,1.0917918892216521e-07,16.28838755493607,True,True,False,False,transition
219,227,"[137, 145]","[145, 162]",179.1543135850135,-330.2054537556027,195.97800491113358,-328.3713881876538,3.385802703897216,2.911715860236111,262.4832602211392,278.7230033827992,221.88947080497607,235.1838901789554,"[3, 3]","[3, 3]","[np.float64(-0.004825109322052039), np.float64(0.0028500540955596417), np.float64(-0.0033717274736984612), np.float64(0.006252848503270522), np.float64(0.0), np.float64(0.0)]","[np.float64(0.007355302387838415), np.float64(0.014944723954010029), np.float64(-0.00437011078683348), np.float64(-0.011867322223707538), np.float64(0.0), np.float64(0.0)]",8.187114887911516e-05,0.0004373764523286038,6.70288501878624e-09,1.9129816105155543e-07,28.5396751571006,True,True,False,False,transition
226,231,"[144, 149]","[149, 194]",363.2234132028266,-29.00101221588416,386.13532661675237,-33.14694566712383,4.271944377385594,3.4610789204311168,509.2182260231432,527.2623709765838,519.0605398264553,542.3445373455528,"[2, 3]","[3, 1]","[np.float64(-0.0016826314346671707), np.float64(-0.0031668700416733306), np.float64(0.0011797828335404026), np.float64(0.0013778364645083132), np.float64(0.0), np.float64(0.0)]","[np.float64(-0.0031680211474154336), np.float64(-0.0032303694404466556), np.float64(0.0001196437787697013), np.float64(-0.00030871702619153957), np.float64(0.0), np.float64(0.0)]",1.6150635263023534e-05,2.0581265548301876e-05,2.6084301939921925e-10,4.235884915697177e-10,1.6239211328918761,True,True,False,False,remote
250,230,"[179, 191]","[148, 191]",224.5803548970436,-341.6151734463534,225.61573319388873,-318.3294434148187,5.396961172608126,3.737460242364488,309.2474831599407,306.6252049430397,268.46736560298797,273.2249315698749,"[3, 3]","[2, 3]","[np.float64(-0.0020213983261574476), np.float64(-0.00043725274695992534), np.float64(-0.0058232479167082745), np.float64(-0.00184678841433925), np.float64(0.0), np.float64(0.0)]","[np.float64(0.00197411318314166), np.float64(0.0012335860330327858), np.float64(-0.006086119614741219), np.float64(-0.007480376738413434), np.float64(0.0), np.float64(0.0)]",4.159808490450108e-05,9.841574547428189e-05,1.7304006677220803e-09,9.685658957258635e-09,5.597350450638088,True,True,False,False,transition
236,243,"[157, 164]","[164, 189]",461.9174270193744,-118.8452796661606,478.15018259293043,-131.16579560549965,2.0415435998708418,3.2309464859239405,564.7555137591421,576.9788661104108,640.0854829301678,660.4643314384208,"[3, 2]","[2, 1]","[np.float64(0.00038970230572962924), np.float64(-0.0002803160661473744), np.float64(9.52805286132727e-05), np.float64(0.0017961204165247739), np.float64(0.0), np.float64(0.0)]","[np.float64(-0.0012889090652459664), np.float64(-0.0026723894858521656), np.float64(0.00038381211628672773), np.float64(0.0006065580509381699), np.float64(0.0), np.float64(0.0)]",3.46557191382128e-06,9.318176552332842e-06,1.201018868986689e-11,8.682841426044557e-11,7.229562873870877,True,False,False,True,remote
240,239,"[162, 191]","[162, 179]",217.03835163531872,-332.51480996322107,212.62646363186064,-344.42223006354857,4.558101166984063,3.638817967487075,300.1801700103402,298.1056585330421,256.64795661924444,258.30964860329107,"[3, 3]","[3, 3]","[np.float64(-0.001356195479669809), np.float64(0.010293474912635723), np.float64(-9.367770980920905e-05), np.float64(0.003025428067746328), np.float64(0.0), np.float64(0.0)]","[np.float64(0.004349891166400375), np.float64(0.009010037967503496), np.float64(-0.005041821162866805), np.float64(-0.011721583058971113), np.float64(0.0), np.float64(0.0)]",0.00011695688246256018,0.00026291780738207276,1.3678912355361115e-08,6.912577343859671e-08,5.053455394902399,True,True,False,False,transition
239,249,"[162, 179]","[179, 190]",212.62646363186064,-344.42223006354857,227.6948753499865,-361.2799381222852,3.638817967487075,1.6169580762179976,298.1056585330421,316.6600253050049,258.30964860329107,280.92025126444423,"[3, 3]","[3, 1]","[np.float64(0.004349891166400375), np.float64(0.009010037967503496), np.float64(-0.005041821162866805), np.float64(-0.011721583058971113), np.float64(0.0), np.float64(0.0)]","[np.float64(0.004616242947687503), np.float64(0.01116539559676299), np.float64(-0.002906735419269165), np.float64(-0.011945310530991238), np.float64(0.0), np.float64(0.0)]",0.00026291780738207276,0.000297115312263733,6.912577343859671e-08,8.827750878157558e-08,1.2770563624867222,True,True,False,True,transition
242,241,"[163, 197]","[163, 193]",381.17560403236234,23.211415260007996,380.6530198530016,35.50801831511322,3.9848618095656327,3.968195564641171,551.9235091671243,558.3824905189093,531.8150825262404,533.4899936864849,"[3, 2]","[3, 2]","[np.float64(0.0008304554200147703), np.float64(-0.003177643781597286), np.float64(-0.00020870767703753132), np.float64(0.001906995939677089), np.float64(0.0), np.float64(0.0)]","[np.float64(-0.0024688928848477063), np.float64(-0.0026383329496308863), np.float64(-0.0015478528531555305), np.float64(-0.0018440477995182853), np.float64(0.0), np.float64(0.0)]",1.4467268615755113e-05,1.8852593571889592e-05,2.0930186120041286e-10,3.5542028438685276e-10,1.698122904155769,True,True,False,False,remote
250,249,"[179, 191]","[179, 190]",224.5803548970436,-341.6151734463534,227.6948753499865,-361.2799381222852,5.396961172608126,1.6169580762179976,309.2474831599407,316.6600253050049,268.46736560298797,280.92025126444423,"[3, 3]","[3, 1]","[np.float64(-0.0020213983261574476), np.float64(-0.00043725274695992534), np.float64(-0.0058232479167082745), np.float64(-0.00184678841433925), np.float64(0.0), np.float64(0.0)]","[np.float64(0.004616242947687503), np.float64(0.01116539559676299), np.float64(-0.002906735419269165), np.float64(-0.011945310530991238), np.float64(0.0), np.float64(0.0)]",4.159808490450108e-05,0.000297115312263733,1.7304006677220803e-09,8.827750878157558e-08,51.01564650791838,True,True,False,True,transition
