hotspot_id,particle_i,particle_j,x_nm,y_nm,gap_nm,radius_i_nm,radius_j_nm,coordination_i,coordination_j,euclidean_distance_nm,geodesic_distance_nm,geodesic_steps,Einc_x_real,Einc_x_imag,Einc_y_real,Einc_y_imag,Einc_z_real,Einc_z_imag,Escat_x_real,Escat_x_imag,Escat_y_real,Escat_y_imag,Escat_z_real,Escat_z_imag,Etotal_x_real,Etotal_x_imag,Etotal_y_real,Etotal_y_imag,Etotal_z_real,Etotal_z_imag,M2_inc,M2_scat,M2_total,M4,f_inc,f_scat,remote_classification
0,0,1,7.24070555340694,-8.556941814750822,2.418659204525966,10.0,10.0,2,3,286.45847754752515,157.40635643128246,7,1.6557559824569229e-12,0.0,0.0,0.0,0.0,0.0,-0.011133677501651226,-0.004369625091539286,0.013770175794154172,0.0044433653634375,0.0,0.0,-0.01113367749999547,-0.004369625091539286,0.013770175794154172,0.0044433653634375,0.0,0.0,2.7415278734418897e-24,0.00035241363530629,0.0003524136352694207,1.2419537032380828e-07,7.779290013412755e-21,1.0000000001046192,transition
1,0,2,11.57309204289811,1.8000346957736557,3.424481581403718,10.0,10.0,2,3,297.6403432522935,168.09756527086324,8,1.9111984941857603e-13,0.0,0.0,0.0,0.0,0.0,-0.01596375114933163,-0.0010103650345929579,-0.002260378708729128,-0.00019053049288556034,0.0,0.0,-0.015963751149140507,-0.0010103650345929579,-0.002260378708729128,-0.00019053049288556034,0.0,0.0,3.6526796841779173e-26,0.00026100780203651007,0.0002610078020304081,6.81250727207447e-08,1.3994522982697547e-22,1.0000000000233786,transition
2,1,2,18.81379759630505,-6.756907118977166,2.453198893153857,10.0,10.0,3,3,291.8412566490807,156.88823566860026,7,5.916814706520931e-13,0.0,0.0,0.0,0.0,0.0,0.00128939783628233,0.003090562691249187,-0.0020184556190888576,0.006048699341764048,0.0,0.0,0.0012893978368740113,0.003090562691249187,-0.0020184556190888576,0.006048699341764048,0.0,0.0,3.5008696271302374e-25,5.1875051342039175e-05,5.187505134356501e-05,2.6910209518975056e-09,6.748657661935043e-21,0.9999999999705864,transition
3,1,3,17.284434328188564,-28.63936935115712,3.7228801202257067,10.0,10.0,3,2,270.7719398370779,134.95239501115915,6,2.9780378677018966e-11,0.0,0.0,0.0,0.0,0.0,-0.0024489244702944313,-0.002265339146850259,0.013761346742881786,0.008250873887590066,0.0,0.0,-0.0024489244405140526,-0.002265339146850259,0.013761346742881786,0.008250873887590066,0.0,0.0,8.86870954146646e-22,0.0002685805765981978,0.00026858057645233805,7.213552604747021e-08,3.30206661204344e-18,1.0000000005430765,transition
4,2,4,33.63068880984087,8.307959129471135,2.9860014002403688,10.0,10.0,3,2,311.1230869848328,178.01855654447414,8,1.2674320816126607e-14,0.0,0.0,0.0,0.0,0.0,-0.013619203937756097,0.0006131673872146812,-0.0076866693300900206,-0.0007323153560718931,0.0,0.0,-0.013619203937743423,0.0006131673872146812,-0.0076866693300900206,-0.0007323153560718931,0.0,0.0,1.6063840815010022e-28,0.00024547986131382007,0.0002454798613134749,6.026036231048288e-08,6.543852815077439e-25,1.000000000001406,transition
5,3,11,21.615135275279805,-51.64152353016151,3.155795655823006,10.0,10.0,2,3,251.10180908497173,111.54611235953278,5,8.86557132079216e-10,0.0,0.0,0.0,0.0,0.0,-0.001092091191743377,-0.0022898464122765357,0.0183423878042254,0.010915226219140936,0.0,0.0,-0.0010920903051862448,-0.0022898464122765357,0.0183423878042254,0.010915226219140936,0.0,0.0,7.859835484405244e-19,0.00046202141353851746,0.0004620214116021158,2.134637847788117e-07,1.7011842496974985e-15,1.0000000041911514,transition
6,4,5,54.44966451095935,8.58186911580734,2.491017479293401,10.0,10.0,2,4,319.4876485940126,198.8393340497542,9,2.2163202183556128e-15,0.0,0.0,0.0,0.0,0.0,-0.018204976293804232,-0.0056420987976546644,0.00844016295777982,0.0015541993562634788,0.0,0.0,-0.018204976293802015,-0.0056420987976546644,0.00844016295777982,0.0015541993562634788,0.0,0.0,4.912075310291871e-30,0.0004369063270933587,0.00043690632709327806,1.9088713865413848e-07,1.1242856891022224e-26,1.0000000000001845,transition
7,5,6,76.23432388369335,2.632220034086151,3.1001357411092307,10.0,10.0,4,4,323.93491970718543,221.42184294893707,10,8.606272838995831e-16,0.0,0.0,0.0,0.0,0.0,-0.01642406215414201,-0.003178102739330448,0.0021428496738962704,0.00017757897427109014,0.0,0.0,-0.01642406215414115,-0.003178102739330448,0.0021428496738962704,0.00017757897427109014,0.0,0.0,7.406793217923735e-31,0.00028447349368188014,0.00028447349368185184,8.09251686075586e-08,2.603684836172227e-27,1.0000000000000995,transition
8,5,10,69.62100260641422,-6.393556981246422,3.1963251033621454,10.0,10.0,4,4,312.8482654344042,220.1567655647121,10,8.879300487138632e-15,0.0,0.0,0.0,0.0,0.0,-0.0034914848563951453,-0.0031469576723042215,0.011345986537679072,0.00657662958301285,0.0,0.0,-0.003491484856386266,-0.0031469576723042215,0.011345986537679072,0.00657662958301285,0.0,0.0,7.884197714090034e-29,0.00019407727627906554,0.00019407727627900355,3.766598916787667e-08,4.0624012585356933e-25,1.0000000000003193,transition
9,5,39,70.93626816083695,13.59863591479846,2.5535227214779432,10.0,10.0,4,3,331.17539563541123,216.07232708705382,10,1.7940126568717568e-16,0.0,0.0,0.0,0.0,0.0,-0.0013401544434172895,0.0031874797608392254,-0.0058081202236770465,0.003236319396100542,0.0,0.0,-0.0013401544434171102,0.0031874797608392254,-0.0058081202236770465,0.003236319396100542,0.0,0.0,3.21848141301606e-32,5.616406492423368e-05,5.616406492423319e-05,3.154402188813481e-09,5.730499416945473e-28,1.0000000000000087,transition
10,6,7,99.12402260409115,3.6080553999537015,3.415378888241367,10.0,10.0,4,2,336.3216562234387,244.33233317005323,11,5.763039989961367e-17,0.0,0.0,0.0,0.0,0.0,-0.013942958675962083,0.00012784195757646228,-0.0035945427585043167,-0.0009394942456128965,0.0,0.0,-0.013942958675962026,0.00012784195757646228,-0.0035945427585043167,-0.0009394942456128965,0.0,0.0,3.321262992589391e-33,0.0002082258272859589,0.0002082258272859573,4.335799514892132e-08,1.5950293178704906e-29,1.0000000000000078,transition
11,6,10,81.07119100207439,-7.909226311379995,2.378620962607908,10.0,10.0,4,4,317.13101859995635,231.7068334352667,11,3.63935628757406e-15,0.0,0.0,0.0,0.0,0.0,-0.0024512756278656524,0.004991432959089738,-0.006136118549447166,0.006291752955453956,0.0,0.0,-0.002451275627862013,0.004991432959089738,-0.006136118549447166,0.006291752955453956,0.0,0.0,1.3244914187904846e-29,0.00010816126129418866,0.00010816126129417083,1.1698858444745896e-08,1.2245524903673307e-25,1.000000000000165,transition
12,6,39,82.38645655649711,12.082966584664888,4.3582981106012895,10.0,10.0,4,3,335.1786171830614,227.62239495760844,11,7.42758660686578e-17,0.0,0.0,0.0,0.0,0.0,-0.002574635016924817,-0.003079723318908257,0.005970092752405516,0.00621027211499424,0.0,0.0,-0.002574635016924743,-0.003079723318908257,0.005970092752405516,0.00621027211499424,0.0,0.0,5.5169042802491916e-33,9.032292840600266e-05,9.032292840600227e-05,8.158231395835813e-09,6.107977650426327e-29,1.0000000000000044,transition
13,7,8,120.51163253805333,10.283983597880368,1.584632114402151,10.0,10.0,2,3,353.6049661523817,266.7376422728349,12,1.1186926601926072e-18,0.0,0.0,0.0,0.0,0.0,-0.013588941988666519,0.0007873528405085943,-0.007291034771722891,-0.0014523904747083401,0.0,0.0,-0.013588941988666517,0.0007873528405085943,-0.007291034771722891,-0.0014523904747083401,0.0,0.0,1.2514732679688122e-36,0.00024054789500029675,0.0002405478950002967,5.786328978907376e-08,5.202594967489816e-33,1.0000000000000002,transition
14,8,9,138.77419641684503,6.134876109631598,3.543836123631557,10.0,10.0,3,4,360.8937935440844,285.46559817773783,13,1.9999853091439887e-19,0.0,0.0,0.0,0.0,0.0,-0.006173345605856245,-0.0056613070832639304,0.007253946538303584,0.00560899531149534,0.0,0.0,-0.006173345605856245,-0.0056613070832639304,0.007253946538303584,0.00560899531149534,0.0,0.0,3.9999412367917763e-38,0.00015424116264530218,0.00015424116264530218,2.379033625417456e-08,2.593303349242878e-34,1.0,transition
15,8,15,141.40982426007366,17.518905349870906,2.7341203350701093,10.0,10.0,3,5,371.5954421147588,288.85276176172175,13,1.4983613454588705e-20,0.0,0.0,0.0,0.0,0.0,-0.012197676886164157,-0.001210815688529449,-0.0036292475672836497,-0.0013429680600277182,0.0,0.0,-0.012197676886164157,-0.001210815688529449,-0.0036292475672836497,-0.0013429680600277182,0.0,0.0,2.2450867215653165e-40,0.00016522439716574127,0.00016522439716574127,2.7299101418782613e-08,1.3588106599736639e-36,1.0,transition
16,9,15,149.7242885296408,9.185374359696592,3.3702936113884157,10.0,10.0,4,5,369.99397760099356,296.8326583452729,14,2.2188227197543203e-20,0.0,0.0,0.0,0.0,0.0,0.0002928541327509842,0.0020718708147969174,-0.002018200691944628,0.008032804522943783,0.0,0.0,0.0002928541327509842,0.0020718708147969174,-0.002018200691944628,0.008032804522943783,0.0,0.0,4.923174261697959e-40,7.297749475306843e-05,7.297749475306843e-05,5.32571474043413e-09,6.746154110053165e-36,1.0,transition
17,9,18,158.80786174573214,-5.483197318901027,4.341560549656062,10.0,10.0,4,3,364.4299090261695,308.6243411639327,14,8.566401758384147e-20,0.0,0.0,0.0,0.0,0.0,-0.009684950927847137,-0.004141696457035473,0.0027709264437487053,0.0004668993409479509,0.0,0.0,-0.009684950927847137,-0.004141696457035473,0.0027709264437487053,0.0004668993409479509,0.0,0.0,7.3383239086047e-39,0.0001188479523682708,0.0001188479523682708,1.4124835782130766e-08,6.174548035851424e-35,1.0,transition
18,9,124,137.2980644579616,-8.40364359253687,3.1825502846020264,10.0,10.0,4,3,348.48777468427636,300.0788634080133,14,3.6687256471355645e-18,0.0,0.0,0.0,0.0,0.0,-0.005602021097940491,0.005179942994953107,-0.004866543381307676,0.001928939972192469,0.0,0.0,-0.005602021097940488,0.005179942994953107,-0.004866543381307676,0.001928939972192469,0.0,0.0,1.3459547873950267e-35,8.561850371120558e-05,8.561850371120554e-05,7.330528177745716e-09,1.5720372688770446e-31,1.0000000000000004,transition
19,10,21,85.06469125580878,-21.092613613837003,2.785116746716497,10.0,10.0,4,2,307.9249822606694,241.4774077920828,11,2.4387016357336043e-14,0.0,0.0,0.0,0.0,0.0,-0.016839926987172144,-0.001615944149831416,0.006824543251550407,-0.00043653630740651095,0.0,0.0,-0.016839926987147757,-0.001615944149831416,0.006824543251550407,-0.00043653630740651095,0.0,0.0,5.947265668129757e-28,0.0003329593709686295,0.00033295937096780803,1.1086194271527841e-07,1.786183596768257e-24,1.0000000000024671,transition
20,10,185,64.0160480863576,-21.336227079664162,2.662957410937352,10.0,10.0,4,1,297.0431583547155,236.1160545476853,11,2.149275614116373e-13,0.0,0.0,0.0,0.0,0.0,-0.011007535573041799,0.006733407539466408,-0.006436834766939653,0.0018016842756557626,0.0,0.0,-0.011007535572826872,0.006733407539466408,-0.006436834766939653,0.0018016842756557626,0.0,0.0,4.619385665435312e-26,0.00021118352453035197,0.00021118352452562038,4.4598481031063303e-08,2.187379756925544e-22,1.0000000000224052,transition
21,11,12,31.76720645911633,-69.96849703544305,2.0278770443448515,10.0,10.0,3,2,238.94530478827997,104.01201986991784,5,6.353033331786786e-09,0.0,0.0,0.0,0.0,0.0,-0.021457307920295224,-0.0021426404507657354,0.014623839409604714,-0.0011158325604340902,0.0,0.0,-0.021457301567261892,-0.0021426404507657354,0.014623839409604714,-0.0011158325604340902,0.0,0.0,4.036103251479391e-17,0.0006801087326684546,0.00068010846003051,4.625475174050718e-07,5.934499405136542e-14,1.0000004008742143,transition
22,11,14,18.151182170279526,-72.80160892857108,1.7885237686800366,10.0,10.0,3,3,230.3833612684903,90.10437303685592,4,2.3982339094396027e-08,0.0,0.0,0.0,0.0,0.0,0.008919013278872243,0.008358431707149788,0.00935037678910172,0.016534989010091337,0.0,0.0,0.008919037261211337,0.008358431707149788,0.00935037678910172,0.016534989010091337,0.0,0.0,5.75152588438596e-16,0.0005102475861337999,0.0005102480139319767,2.6035303572152667e-07,1.12720201301023e-12,0.9999991615877669,transition
23,12,13,44.178721761789376,-88.24803135116991,4.0806622434928315,10.0,10.0,2,2,229.31326126492985,105.78961151038698,5,2.8217329738831138e-08,0.0,0.0,0.0,0.0,0.0,-0.007059397464639701,-0.002405224861163872,0.02387548502545274,0.005371038865816243,0.0,0.0,-0.007059369247309963,-0.002405224861163872,0.02387548502545274,0.005371038865816243,0.0,0.0,7.962176975899242e-16,0.0006545070428952487,0.0006545066445013528,4.283789476964202e-07,1.216515835674268e-12,1.0000006086934323,transition
24,13,16,51.84819548636241,-110.05757993053678,2.1651695351515023,10.0,10.0,2,3,215.7870188235695,82.67084777943286,4,2.0647835559866809e-07,0.0,0.0,0.0,0.0,0.0,-0.01372768939354852,-0.004893009411991831,0.03399760735437537,0.004792999308481421,0.0,0.0,-0.01372748291519292,-0.004893009411991831,0.03399760735437537,0.004792999308481421,0.0,0.0,4.263331133073003e-14,0.0013912011453849665,0.0013911954764861355,1.9354248537954855e-06,3.0645090536387254e-11,1.0000040748398962,transition
25,14,17,5.305701554837893,-90.84253224270036,2.937381648035064,10.0,10.0,3,3,208.65099554638937,67.9575609351565,3,5.619717833544208e-07,0.0,0.0,0.0,0.0,0.0,0.005566657908717185,0.013583340550524969,0.003531891878031017,0.014078508607181557,0.0,0.0,0.00556721988050054,0.013583340550524969,0.003531891878031017,0.014078508607181557,0.0,0.0,3.158122852865481e-13,0.00042617348562480617,0.000426179742549963,1.8162917295995272e-07,7.410307289524067e-10,0.9999853185768066,transition
26,14,186,17.164933829678702,-93.58871671863957,3.6080528093672157,10.0,10.0,3,2,211.25844585179294,75.39399112129522,4,3.913113526726213e-07,0.0,0.0,0.0,0.0,0.0,-0.007081291114589995,-0.0024915884419235462,0.019446201817249716,0.004004086068414542,0.0,0.0,-0.007080899803237322,-0.0024915884419235462,0.019446201817249716,0.004004086068414542,0.0,0.0,1.531245747304766e-13,0.0004505401671739756,0.00045053462534789076,2.0298144863736428e-07,3.398730444130413e-10,1.0000123005553248,transition
27,15,22,163.82892396815947,18.15635653375263,3.4402159857315233,10.0,10.0,5,4,385.80129316173776,311.2809220904898,14,4.274615936779759e-22,0.0,0.0,0.0,0.0,0.0,-0.009940926930339109,-0.005980373449997533,0.0024066513961822035,0.0008853209920477621,0.0,0.0,-0.009940926930339109,-0.005980373449997533,0.0024066513961822035,0.0008853209920477621,0.0,0.0,1.82723414069715e-43,0.00014116265903748297,0.00014116265903748297,1.992689630653267e-08,1.2944174848760562e-39,1.0,transition
28,15,56,159.63595427697402,28.743042172035956,1.8859859352315809,10.0,10.0,5,3,391.52026075411754,310.25773928555105,14,9.832569095849611e-23,0.0,0.0,0.0,0.0,0.0,-0.005389535657017273,0.0034233514791558836,-0.0073600746201964405,0.0021409084397571187,0.0,0.0,-0.005389535657017273,0.0034233514791558836,-0.0073600746201964405,0.0021409084397571187,0.0,0.0,9.667941502465684e-45,9.952061731038244e-05,9.952061731038244e-05,9.904353269839593e-09,9.71451118747942e-41,1.0,transition
29,15,110,147.0056778368796,32.10550624847001,5.436158091802639,10.0,10.0,5,2,386.68278969252924,301.38562159935157,14,3.412992432552614e-22,0.0,0.0,0.0,0.0,0.0,-0.0013658616822371356,-0.0034765451363745086,0.003114303561966519,0.007319084393091004,0.0,0.0,-0.0013658616822371356,-0.0034765451363745086,0.003114303561966519,0.007319084393091004,0.0,0.0,1.1648517344661408e-43,7.721982724951856e-05,7.721982724951856e-05,5.962901720445488e-09,1.5084878792880276e-39,1.0,transition
30,16,19,62.26017940074295,-130.04051269448541,3.2246661650841197,10.0,10.0,3,2,207.19505266656003,79.032787863786,4,6.864955691980626e-07,0.0,0.0,0.0,0.0,0.0,-0.01721679184840875,0.00012108238050786879,0.02196151284786374,-0.0031461825290097045,0.0,0.0,-0.017216105352839555,0.00012108238050786879,0.02196151284786374,-0.0031461825290097045,0.0,0.0,4.712761665285719e-13,0.0007886390935670337,0.0007886154555356704,6.219143367097329e-07,5.975994551215783e-10,1.0000299740909178,transition
31,16,65,46.8264837731079,-128.5325118998344,4.066998363042909,10.0,10.0,3,2,198.17423704100105,63.52559510935268,3,2.299499083518746e-06,0.0,0.0,0.0,0.0,0.0,0.021519499890079532,0.016076256761314665,0.015284388286900952,0.014047548205904238,0.0,0.0,0.02152179938916305,0.016076256761314665,0.015284388286900952,0.014047548205904238,0.0,0.0,5.287696035103554e-12,0.001152481042876807,0.001152580016305053,1.3284406939857564e-06,4.587704072863311e-09,0.9999141288007376,transition
32,17,31,-7.362663630534579,-108.99218730023667,1.823449260077684,10.0,10.0,3,2,186.9829951379511,45.82393368661201,2,9.56024048116294e-06,0.0,0.0,0.0,0.0,0.0,0.01220015669911573,0.00790624139059257,0.015841634537511532,0.01981197941352668,0.0,0.0,0.012209716939596894,0.00790624139059257,0.015841634537511532,0.01981197941352668,0.0,0.0,9.139819805766661e-11,0.0008548243895113806,0.0008550577537734816,7.311237622881518e-07,1.0689125694061532e-07,0.9997270777779967,transition
33,17,186,9.311084044953912,-101.94622309170816,4.346081354050835,10.0,10.0,3,2,200.2704855552098,63.925300297277694,3,1.7446940158240383e-06,0.0,0.0,0.0,0.0,0.0,-0.013052014817511445,0.011268655201674806,0.002288330724676156,-0.00298148262704194,0.0,0.0,-0.013050270123495621,0.011268655201674806,0.002288330724676156,-0.00298148262704194,0.0,0.0,3.0439572088522097e-12,0.0003114633770116208,0.0003114178365112849,9.698106889736938e-08,9.774511450444506e-09,1.0001462360051243,transition
34,18,20,181.44273087588073,-11.977753679637841,2.7557464227716437,10.0,10.0,3,2,374.8764057154451,332.1725165255555,15,6.668012292337861e-21,0.0,0.0,0.0,0.0,0.0,-0.010843293876609966,-0.006042235263598311,0.0033614931571352385,0.0007994531182225488,0.0,0.0,-0.010843293876609966,-0.006042235263598311,0.0033614931571352385,0.0007994531182225488,0.0,0.0,4.446238793076882e-41,0.00016602439060890093,0.00016602439060890093,2.7564098277056913e-08,2.6780636126837314e-37,1.0,transition
35,18,22,172.9124971842508,3.4877848551550112,4.971037679916861,10.0,10.0,3,4,380.4593420122258,325.3401798213482,15,1.6541298117526578e-21,0.0,0.0,0.0,0.0,0.0,0.0006191630384222451,0.0017260770205614175,-0.0006802712657735931,0.006325058968737366,0.0,0.0,0.0006191630384222451,0.0017260770205614175,-0.0006802712657735931,0.006325058968737366,0.0,0.0,2.7361454341288832e-42,4.383184470210065e-05,4.383184470210065e-05,1.9212306099890692e-09,6.242368882087577e-38,1.0,transition
36,19,23,74.32788064874426,-149.24678205586343,2.172092137061366,10.0,10.0,2,4,202.53560519169338,75.02877338402774,4,1.2904074727361982e-06,0.0,0.0,0.0,0.0,0.0,-0.01836263489259592,-0.001863184488453861,0.023275967298715887,-0.005051775691998117,0.0,0.0,-0.018361344485123183,-0.001863184488453861,0.023275967298715887,-0.005051775691998117,0.0,0.0,1.6651514456934221e-12,0.000907948907969951,0.0009079015190725332,8.242851683342134e-07,1.8340661522347242e-09,1.0000521960768016,transition
37,20,29,202.60245676588113,-20.48190555559495,3.0624038013434998,10.0,10.0,2,2,384.0283854280705,354.9772221555192,16,6.7118863796469695e-22,0.0,0.0,0.0,0.0,0.0,-0.0084101358118106,-0.006363219541189412,0.004797181987109384,0.0026242044706820088,0.0,0.0,-0.0084101358118106,-0.006363219541189412,0.004797181987109384,0.0026242044706820088,0.0,0.0,4.5049418773290506e-43,0.00014112035142386815,0.00014112035142386815,1.9914953585996046e-08,3.192269457860148e-39,1.0,transition
38,21,33,106.01615024272219,-30.212411578553727,2.946444660701175,10.0,10.0,2,3,312.17378110228276,264.3276670597053,12,1.0207104144523796e-14,0.0,0.0,0.0,0.0,0.0,-0.015916190672115367,-0.0019180298379122193,0.007719046328327224,-0.00016173997118236876,0.0,0.0,-0.01591619067210516,-0.0019180298379122193,0.007719046328327224,-0.00016173997118236876,0.0,0.0,1.0418497501715485e-28,0.00031661380000739387,0.000316613800007069,1.0024429835491627e-07,3.290601199784366e-25,1.000000000001026,transition
39,22,27,185.92862982291473,18.727481403347046,2.083208790941619,10.0,10.0,4,3,400.49851149862525,333.3880065315321,15,9.370442716152388e-24,0.0,0.0,0.0,0.0,0.0,-0.010454632558954074,-0.0034930810302756187,-0.0034624152390157984,-0.0027702901285887754,0.0,0.0,-0.010454632558954074,-0.0034930810302756187,-0.0034624152390157984,-0.0027702901285887754,0.0,0.0,8.780519669669334e-47,0.00014116378371073919,0.00014116378371073919,1.9927213831532352e-08,6.220093737117182e-43,1.0,transition
40,22,56,171.10496187226406,26.329995105852685,2.773573073633745,10.0,10.0,4,3,396.7324577147222,321.97784727841685,15,2.5282036688445257e-23,0.0,0.0,0.0,0.0,0.0,-0.0002644409031754498,-0.003549169224203149,0.0030464015416888485,0.00933540451040816,0.0,0.0,-0.0002644409031754498,-0.003549169224203149,0.0030464015416888485,0.00933540451040816,0.0,0.0,6.39181379115892e-46,0.00010909687089945623,0.00010909687089945623,1.190212724005262e-08,5.85884245667286e-42,1.0,transition
41,23,24,89.71501449182833,-166.0190256502811,4.363310405480171,10.0,10.0,4,3,204.4653271527,72.3368970027181,4,9.953330498931676e-07,0.0,0.0,0.0,0.0,0.0,-0.002941097726628124,0.010315037180991162,-0.00037815069002582733,-0.009069893973978253,0.0,0.0,-0.0029401023935782308,0.010315037180991162,-0.00037815069002582733,-0.009069893973978253,0.0,0.0,9.906878802096349e-13,0.00019745602252638125,0.00019745016877352855,3.898656914869491e-08,5.017407107643115e-09,1.0000296467351184,transition
42,23,30,72.97113726921049,-168.87804333911095,4.338554619088921,10.0,10.0,4,4,189.179001148063,55.350684753039175,3,7.27567925929173e-06,0.0,0.0,0.0,0.0,0.0,0.025848889673993496,0.012784130044459606,0.038550426836367994,0.02205217348185157,0.0,0.0,0.02585616535325279,0.012784130044459606,0.038550426836367994,0.02205217348185157,0.0,0.0,5.293550868408786e-11,0.0028040328429117817,0.0028044090323082445,7.864710020492065e-06,1.8875815929218377e-08,0.9998658578716125,transition
43,23,140,89.75707127287218,-152.18279330394716,3.8572226448320066,10.0,10.0,4,2,212.6384493703917,79.02554386797209,4,3.225060789429354e-07,0.0,0.0,0.0,0.0,0.0,0.020661928030518285,0.019285316943348924,0.011724354183716689,0.012802214404922067,0.0,0.0,0.02066225053659723,0.019285316943348924,0.011724354183716689,0.012802214404922067,0.0,0.0,1.0401017095514689e-13,0.0011001958942385673,0.0011002092215373627,1.2104603311558495e-06,9.453671985207473e-11,0.9999878865778122,transition
44,24,25,108.09302845006602,-181.39301280564115,3.670366039798033,10.0,10.0,3,2,212.1686555731943,96.297507973692,5,3.445006975880003e-07,0.0,0.0,0.0,0.0,0.0,-0.00012801961344115318,0.008682205718225543,-0.00300612774693664,-0.011799283765296445,0.0,0.0,-0.00012767511274356516,0.008682205718225543,-0.00300612774693664,-0.011799283765296445,0.0,0.0,1.1868073063861884e-13,0.00022365698655990457,0.00022365689847289306,5.0022408234513996e-08,5.30637469485444e-10,1.0000003938488466,transition
45,24,175,108.54273981955302,-166.2180455275994,2.7324634271368318,10.0,10.0,3,2,220.13838318443112,91.16567417830265,5,1.1029196129248982e-07,0.0,0.0,0.0,0.0,0.0,0.020292398423256953,0.01908865848132295,0.015309780946311002,0.016840344188207793,0.0,0.0,0.020292508715218247,0.01908865848132295,0.015309780946311002,0.016840344188207793,0.0,0.0,1.2164316725744073e-14,0.0012941449013861154,0.0012941493775751227,1.6748226114780775e-06,9.399468822166905e-12,0.9999965412114823,transition
46,25,26,126.49464744888348,-196.12014761123223,3.6645421000801477,10.0,10.0,2,5,222.47094775010365,119.86672691195324,6,7.840101554395094e-08,0.0,0.0,0.0,0.0,0.0,0.008269949388263632,0.01581590595797921,-0.007563292404893876,-0.012352798567754023,0.0,0.0,0.008270027789279176,0.01581590595797921,-0.007563292404893876,-0.012352798567754023,0.0,0.0,6.1467192383228375e-15,0.0005283299686135155,0.0005283312653645233,2.791339259616783e-07,1.1634214443246882e-11,0.9999975455720818,transition
47,26,32,145.06403095737699,-211.0406220037734,4.1802935742350265,10.0,10.0,5,4,234.79741122643367,143.68777978507342,7,1.216460523713725e-08,0.0,0.0,0.0,0.0,0.0,0.0058310603466130975,0.009762601460169612,-0.004649928039694643,-0.008177433718470553,0.0,0.0,0.005831072511218335,0.009762601460169612,-0.004649928039694643,-0.008177433718470553,0.0,0.0,1.47977620575387e-16,0.0002178019050302671,0.00021780204689550952,4.743773163187373e-08,6.794133603637767e-13,0.9999993486505547,transition
48,26,51,139.9665943812677,-191.91103797952542,2.636769250467175,10.0,10.0,5,3,236.52846458599873,133.9809026952111,7,9.288849877236279e-09,0.0,0.0,0.0,0.0,0.0,0.0034407257520516175,0.003065557875690693,0.013092969927950827,0.015803583356445796,0.0,0.0,0.0034407350409014948,0.003065557875690693,0.013092969927950827,0.015803583356445796,0.0,0.0,8.628273204183243e-17,0.0004424153472283957,0.00044241541114925194,1.9573139602236164e-07,1.9502650646300462e-13,0.9999998555184684,transition
49,26,136,133.78334726900076,-213.61676577156874,2.5499404168520954,10.0,10.0,5,2,223.26672687466944,138.8207975068517,7,6.972631507329506e-08,0.0,0.0,0.0,0.0,0.0,0.000625702140340907,-0.00016796838870804915,0.012481008569123988,0.013648326643504292,0.0,0.0,0.0006257718666559803,-0.00016796838870804915,0.012481008569123988,0.013648326643504292,0.0,0.0,4.861759013700414e-15,0.00034247211161836795,0.00034247219887903886,1.1728720700504394e-07,1.4196069139666389e-11,0.9999997452036364,transition
50,26,150,147.82984130783456,-200.3497136908734,3.3789221890090566,10.0,10.0,5,3,240.83768243569997,141.61712291343042,7,4.705772946952488e-09,0.0,0.0,0.0,0.0,0.0,0.014337773326439629,0.023604720249407435,0.0025118402083819965,0.004285516104987545,0.0,0.0,0.014337778032212575,0.023604720249407435,0.0025118402083819965,0.004285516104987545,0.0,0.0,2.21442990282699e-17,0.000787429551531701,0.0007874296864723348,6.200455111379194e-07,2.8122255750193776e-14,0.9999998286315133,transition
51,27,28,206.01012327550933,15.423538002779747,2.7031208661412585,10.0,10.0,3,3,411.65610534710004,353.739478745619,16,4.6858390280118515e-25,0.0,0.0,0.0,0.0,0.0,-0.005515480531450668,-0.007934335558882122,0.004475821099979897,0.004752397163988859,0.0,0.0,-0.005515480531450668,-0.007934335558882122,0.004475821099979897,0.004752397163988859,0.0,0.0,2.1957087396439052e-49,0.0001359924595770672,0.0001359924595770672,1.8493949061820253e-08,1.6145812396308583e-45,1.0,transition
52,27,36,208.69266734809355,25.74422592446971,5.571825385997279,10.0,10.0,3,4,420.9956422400993,357.20892398075,16,3.583569123788784e-26,0.0,0.0,0.0,0.0,0.0,-0.006211252510045937,-0.0025431197478692413,-0.001838222964533744,-0.00019148065703065566,0.0,0.0,-0.006211252510045937,-0.0025431197478692413,-0.001838222964533744,-0.00019148065703065566,0.0,0.0,1.2841967664972315e-51,4.846284430491059e-05,4.846284430491059e-05,2.3486472781220047e-09,2.649858432611863e-47,1.0,transition
53,28,36,218.14346254122296,19.456110588124726,1.3272259685383219,10.0,10.0,3,4,423.0049552813378,366.52539143861765,17,2.045707968471463e-26,0.0,0.0,0.0,0.0,0.0,-0.0001729999206214353,0.003468154432679419,-0.005129182955148131,0.007508959854570465,0.0,0.0,-0.0001729999206214353,0.003468154432679419,-0.005129182955148131,0.007508959854570465,0.0,0.0,4.1849210922676394e-52,9.475102002638192e-05,9.475102002638192e-05,8.977755796039827e-09,4.416755715244453e-48,1.0,transition
54,28,183,224.3912306127222,2.2747354085898914,2.5228332712134147,10.0,10.0,3,2,415.4838745706768,376.3393928295954,17,1.64526265930473e-25,0.0,0.0,0.0,0.0,0.0,-0.0034836015749773186,-0.007767668359391444,0.0037515939552660907,0.00510327241919094,0.0,0.0,-0.0034836015749773186,-0.007767668359391444,0.0037515939552660907,0.00510327241919094,0.0,0.0,2.706889218102472e-50,0.00011258999826433943,0.00011258999826433943,1.2676507709163955e-08,2.404200426175709e-46,1.0,transition
55,29,34,223.45360945892668,-30.699083479463972,3.387756131141508,10.0,10.0,2,3,392.9549496579164,378.19706912652003,17,6.777724657512113e-23,0.0,0.0,0.0,0.0,0.0,-0.007712438674015316,-0.005777888765473686,0.0037857675078322973,0.0019499289655006424,0.0,0.0,-0.007712438674015316,-0.005777888765473686,0.0037857675078322973,0.0019499289655006424,0.0,0.0,4.5937551533047687e-45,0.00011099996748049132,0.00011099996748049132,1.2320992780670132e-08,4.138519368586427e-41,1.0,transition
56,30,41,74.89307953427513,-187.26674680391986,4.301697678171163,10.0,10.0,4,4,180.44870103129864,50.73343710333904,4,2.1142834823803512e-05,0.0,0.0,0.0,0.0,0.0,0.005244942426909529,0.010609195187651696,-0.005300337003508578,-0.011807117259659036,0.0,0.0,0.005266085261733333,0.010609195187651696,-0.005300337003508578,-0.011807117259659036,0.0,0.0,4.470194643866385e-10,0.0003075660339253881,0.00030778826684763755,9.473361720907254e-08,1.4523603156319266e-06,0.9992779681807706,transition
57,30,78,64.34274174227482,-190.0301604311682,2.517554995865815,10.0,10.0,4,4,170.0435014242107,39.82719657781551,3,7.059091883643412e-05,0.0,0.0,0.0,0.0,0.0,0.0018018226403907478,-0.0009212055869299813,0.05419933100767293,0.01706743112483265,0.0,0.0,0.001872413559227182,-0.0009212055869299813,0.05419933100767293,0.01706743112483265,0.0,0.0,4.983077822172029e-09,0.003232959871441019,0.0032332192391503717,1.0453706648412108e-05,1.5412124738814456e-06,0.9999197803519748,transition
58,30,90,55.51624850978013,-181.68791417618746,1.8408983096198064,10.0,10.0,4,4,167.52849983908507,33.69968171699783,2,9.346254057884159e-05,0.0,0.0,0.0,0.0,0.0,0.07198994667054572,0.04669677749879978,0.011872359413519657,0.011590903964846596,0.0,0.0,0.07208340921112456,0.04669677749879978,0.011872359413519657,0.011590903964846596,0.0,0.0,8.73524649145161e-09,0.007638443423166513,0.007651908885036937,5.855170958490722e-05,1.141577431552159e-06,0.9982402480122633,transition
59,31,47,-13.997018002894434,-130.50274346048735,3.7177475871085655,10.0,10.0,2,2,164.58310109129934,23.313520890278195,1,0.00012914463564303838,0.0,0.0,0.0,0.0,0.0,0.006273716950131222,0.000845796231300788,0.03325849492533152,0.013222335511541809,0.0,0.0,0.006402861585774261,0.000845796231300788,0.03325849492533152,0.013222335511541809,0.0,0.0,1.6678336915373137e-08,0.0013210325367133285,0.0013226696488295483,1.7494549999348807e-06,1.2609601293967898e-05,0.9987622668157022,transition
60,32,43,160.047999694086,-229.39675552993037,3.5524333156405596,10.0,10.0,4,3,244.54794292075047,167.38307377212448,8,2.594642778637075e-09,0.0,0.0,0.0,0.0,0.0,0.0024748540085906537,0.0032726180917874007,-0.006645230142714864,-0.010173154407425411,0.0,0.0,0.0024748566032334325,0.0032726180917874007,-0.006645230142714864,-0.010173154407425411,0.0,0.0,6.7321711487335204e-18,0.0001644870857854967,0.0001644870986282276,2.7056005615132273e-08,4.0928262489142197e-14,0.9999999219225642,transition
61,32,136,142.48006110747116,-222.01550482846324,3.142198788321611,10.0,10.0,4,2,229.2317085599967,150.9109442939692,8,2.856832238384996e-08,0.0,0.0,0.0,0.0,0.0,0.01839339877586356,0.02362995221007321,0.004138607818127273,0.0051356827224677305,0.0,0.0,0.018393427344185944,0.02362995221007321,0.004138607818127273,0.0051356827224677305,0.0,0.0,8.161490438275826e-16,0.0009401950716764007,0.0009401961226143089,8.839687489789806e-07,8.680625501392188e-13,0.9999988822141648,transition
62,32,150,156.52655514630493,-208.74845274776789,2.0857626039521584,10.0,10.0,4,3,246.42117973547877,153.7072697005479,8,1.9144211725972062e-09,0.0,0.0,0.0,0.0,0.0,0.00011158532720351402,-0.00040987962350909433,0.007964786129081199,0.01222599496253168,0.0,0.0,0.00011158724162468662,-0.00040987962350909433,0.007964786129081199,0.01222599496253168,0.0,0.0,3.665008426088462e-18,0.00021309322349686942,0.00021309322392411571,4.540872208237332e-08,1.719908478832533e-14,0.9999999979950264,transition
63,33,37,127.42789914918305,-35.47723184818514,2.142496909328244,10.0,10.0,3,3,321.2556658491174,286.37718686637794,13,1.524023639171556e-15,0.0,0.0,0.0,0.0,0.0,-0.015700105725091278,0.0011690548771985873,-0.0007439296613346844,-0.0012224738459802702,0.0,0.0,-0.015700105725089755,0.0011690548771985873,-0.0007439296613346844,-0.0012224738459802702,0.0,0.0,2.322648052753713e-30,0.0002499078827300651,0.00024990788273001723,6.245394985060004e-08,9.294016768822523e-27,1.0000000000001916,transition
64,33,124,121.93412796406655,-24.891615780338526,3.3924663837018194,10.0,10.0,3,3,326.03036566409907,281.11137590678436,13,5.48630106450103e-16,0.0,0.0,0.0,0.0,0.0,7.758042292743737e-05,0.004254099205655772,-0.0018343537114964316,0.00757710113922346,0.0,0.0,7.758042292798601e-05,0.004254099205655772,-0.0018343537114964316,0.00757710113922346,0.0,0.0,3.009949937034514e-31,7.888069398648486e-05,7.888069398648494e-05,6.222163883789481e-09,3.815825881996202e-27,0.999999999999999,transition
65,34,35,246.37142992351636,-35.046187144811505,4.648380652469513,10.0,10.0,3,4,408.20316199347235,401.5235306053737,18,1.1945908385065786e-24,0.0,0.0,0.0,0.0,0.0,-0.006912571080101356,-0.0012963006296038341,-0.000473989176124993,0.0001941768980289616,0.0,0.0,-0.006912571080101356,-0.0012963006296038341,-0.000473989176124993,0.0001941768980289616,0.0,0.0,1.4270472714438507e-48,4.9726404666576735e-05,4.9726404666576735e-05,2.4727153210641447e-09,2.8697978086540227e-44,1.0,transition
66,34,42,239.8508366682547,-44.56040486823251,1.2996250838350214,10.0,10.0,3,4,397.2744064456668,399.66810288824325,18,2.1929714790501954e-23,0.0,0.0,0.0,0.0,0.0,-0.0023785467160084553,-0.006698519562467313,0.006210977012139673,0.008751088408023439,0.0,0.0,-0.0023785467160084553,-0.006698519562467313,0.006210977012139673,0.008751088408023439,0.0,0.0,4.8091239079276016e-46,0.00016568543257936154,0.00016568543257936154,2.745166256901016e-08,2.9025629067444316e-42,1.0,transition
67,35,40,268.4873609365856,-41.97882399877041,4.699856214733586,10.0,10.0,4,5,422.05441238907565,424.7005851706913,19,2.667885286873531e-26,0.0,0.0,0.0,0.0,0.0,-0.003278324858021664,-0.0033517060744019064,0.002605032931365006,0.002314413160110969,0.0,0.0,-0.003278324858021664,-0.0033517060744019064,0.002605032931365006,0.002314413160110969,0.0,0.0,7.117611903916262e-52,3.41240523330964e-05,3.41240523330964e-05,1.164450947631902e-09,2.0858050018323874e-47,1.0,transition
68,35,42,252.16156225897055,-43.984468563289624,3.068461178780229,10.0,10.0,4,4,407.5516061393958,411.99229321447797,19,1.4240564434286349e-24,0.0,0.0,0.0,0.0,0.0,-0.0026695082839341038,0.004217178193768397,-0.004628899745566957,0.005185796426878327,0.0,0.0,-0.0026695082839341038,0.004217178193768397,-0.004628899745566957,0.005185796426878327,0.0,0.0,2.0279367540706127e-48,7.323006383152237e-05,7.323006383152237e-05,5.362642248768841e-09,2.7692680409731855e-44,1.0,transition
69,35,61,270.3818548344467,-31.4732747708438,4.1549025865752185,10.0,10.0,4,3,429.64909810033237,425.79833662386693,19,3.1441714449619822e-27,0.0,0.0,0.0,0.0,0.0,-0.006461541679450667,0.00020611666591366612,-0.001430394664563987,-0.0002068156461846328,0.0,0.0,-0.006461541679450667,0.00020611666591366612,-0.001430394664563987,-0.0002068156461846328,0.0,0.0,9.885814075314319e-54,4.38828065631654e-05,4.38828065631654e-05,1.9257007118601924e-09,2.2527761666940257e-49,1.0,transition
70,36,38,231.07956881496193,25.303165282978394,2.3739966980602603,10.0,10.0,4,4,436.28043182051664,379.60016985445577,17,4.710835052404816e-28,0.0,0.0,0.0,0.0,0.0,-0.0043129851968066926,-0.007788992154316362,0.002703706266825532,0.0027137244671784307,0.0,0.0,-0.0043129851968066926,-0.007788992154316362,0.002703706266825532,0.0027137244671784307,0.0,0.0,2.2191966890965886e-55,9.394456814891002e-05,9.394456814891002e-05,8.825581884685199e-09,2.362240556131969e-51,1.0,transition
71,36,70,228.56200996903812,37.946659964629845,2.502656207925199,10.0,10.0,4,3,443.52186909712,380.52608874606705,17,5.733485344811396e-29,0.0,0.0,0.0,0.0,0.0,-0.0048530986485215985,0.0021192039818449734,-0.005435398469389217,0.0008208747978162825,0.0,0.0,-0.0048530986485215985,0.0021192039818449734,-0.005435398469389217,0.0008208747978162825,0.0,0.0,3.2872854199167045e-57,5.826098396367832e-05,5.826098396367832e-05,3.3943422524159824e-09,5.642344492441286e-53,1.0,transition
72,37,53,147.2968513990152,-44.584247310214366,4.898960554777304,10.0,10.0,3,4,327.7082968079757,308.23383331847003,14,3.817643283045821e-16,0.0,0.0,0.0,0.0,0.0,-0.008265483757307422,-0.003663776455093309,0.008976350127357957,0.003301197832630636,0.0,0.0,-0.00826548375730704,-0.003663776455093309,0.008976350127357957,0.003301197832630636,0.0,0.0,1.4574400236584873e-31,0.00017321424839429335,0.00017321424839428703,3.000317584679777e-08,8.414088547386247e-28,1.0000000000000364,transition
73,37,124,133.00123941462755,-25.194248372377647,3.8526132212191015,10.0,10.0,3,3,332.7258619070405,292.18262436144846,14,1.276563466662982e-16,0.0,0.0,0.0,0.0,0.0,-0.004004701830466542,-0.0037144907859043078,0.008495747618252602,0.007277193676027719,0.0,0.0,-0.004004701830466415,-0.0037144907859043078,0.008495747618252602,0.007277193676027719,0.0,0.0,1.6296142844186104e-32,0.00015497035394097268,0.00015497035394097168,2.4015810600590035e-08,1.0515651819697925e-28,1.0000000000000064,transition
74,38,44,250.76085495181587,27.608822771245663,3.2241909402799322,10.0,10.0,4,3,452.04858953890516,399.41604935686297,18,4.592933700229784e-30,0.0,0.0,0.0,0.0,0.0,-0.005151541922574372,-0.0003530567500414627,-0.003929735503001648,-0.001423497941769223,0.0,0.0,-0.005151541922574372,-0.0003530567500414627,-0.003929735503001648,-0.001423497941769223,0.0,0.0,2.1095039974706454e-59,4.4132200762563926e-05,4.4132200762563926e-05,1.947651144147248e-09,4.7799655603399616e-55,1.0,transition
75,38,70,238.81557217019287,33.473026737793546,5.7834101939706635,10.0,10.0,4,3,447.52620104701435,390.85149795841835,18,1.7626215210331303e-29,0.0,0.0,0.0,0.0,0.0,-0.00016099776927031863,-0.001379066377166563,-0.0018917375535573585,0.0053743199039116936,0.0,0.0,-0.00016099776927031863,-0.001379066377166563,-0.0018917375535573585,0.0053743199039116936,0.0,0.0,3.1068346264091458e-58,3.43897297554619e-05,3.43897297554619e-05,1.1826535126537017e-09,9.034193198089052e-54,1.0,transition
76,38,156,249.3483095752972,12.619850713545931,2.947065614803087,10.0,10.0,4,2,440.87255954089295,401.8400744728554,18,1.2439544920835952e-28,0.0,0.0,0.0,0.0,0.0,-0.0008193882669185022,-0.005763521384480209,0.0018315966728735696,0.005994006165869237,0.0,0.0,-0.0008193882669185022,-0.005763521384480209,0.0018315966728735696,0.005994006165869237,0.0,0.0,1.5474227783749552e-56,7.317243216988433e-05,7.317243216988433e-05,5.354204829656324e-09,2.114761984106673e-52,1.0,transition
77,39,73,87.18685377205021,26.95882687778682,1.657562869629853,10.0,10.0,3,3,350.5420718430117,237.1098230234738,11,2.282174359705369e-18,0.0,0.0,0.0,0.0,0.0,-0.01192706164568592,-0.0002638142896452893,-0.005520132462467067,-0.0017660366101822497,0.0,0.0,-0.011927061645685919,-0.0002638142896452893,-0.005520132462467067,-0.0017660366101822497,0.0,0.0,5.2083198080966116e-36,0.00017591514519109993,0.0001759151451910999,3.094613830760576e-08,2.9607000593602765e-32,1.0000000000000002,transition
78,40,46,289.49089947799786,-50.24870691346368,2.448363609820124,10.0,10.0,5,3,435.0433391383584,447.2735689053092,20,6.727465633117055e-28,0.0,0.0,0.0,0.0,0.0,-0.007770891653797005,-0.0015576486386768731,0.0010678672583025032,-0.0007546683948568424,0.0,0.0,-0.007770891653797005,-0.0015576486386768731,0.0010678672583025032,-0.0007546683948568424,0.0,0.0,4.525879384477106e-55,6.452289124417417e-05,6.452289124417417e-05,4.1632034945075275e-09,7.014377838943713e-51,1.0,transition
79,40,54,270.1565106847422,-58.85080084185514,4.8087670380129985,10.0,10.0,5,3,414.10738810835323,437.58749868548017,20,2.3998221616359294e-25,0.0,0.0,0.0,0.0,0.0,-0.0035733826470041186,0.002794616661842639,-0.004243965038080126,0.003173319959879186,0.0,0.0,-0.0035733826470041186,0.002794616661842639,-0.004243965038080126,0.003173319959879186,0.0,0.0,5.759146407478945e-50,4.866014464077273e-05,4.866014464077273e-05,2.367809676460923e-09,1.1835448599660161e-45,1.0,transition
80,40,61,280.1870602568001,-38.9818479297456,1.3500043755894566,10.0,10.0,5,3,433.40514492906584,436.77803646397894,20,1.0767241594932834e-27,0.0,0.0,0.0,0.0,0.0,0.00032138011726100957,0.0018590840493444482,-0.004896948168598612,0.0077611476653961075,0.0,0.0,0.00032138011726100957,0.0018590840493444482,-0.004896948168598612,0.0077611476653961075,0.0,0.0,1.1593349156365175e-54,8.77749931323224e-05,8.77749931323224e-05,7.704449419379244e-09,1.3208031972031022e-50,1.0,transition
81,40,68,280.9149929014785,-60.80848852631212,3.241706542171901,10.0,10.0,5,3,422.18555243468546,447.2616645436865,20,2.5720071124320935e-26,0.0,0.0,0.0,0.0,0.0,0.000544779891009519,-0.0013433468306491016,-0.00030453557122344125,0.006554022108914274,0.0,0.0,0.000544779891009519,-0.0013433468306491016,-0.00030453557122344125,0.006554022108914274,0.0,0.0,6.615220586401275e-52,4.514931355534082e-05,4.514931355534082e-05,2.0384605145184824e-09,1.4651874116076666e-47,1.0,transition
82,41,64,92.04064286778984,-203.07277787556703,2.345415363743072,10.0,10.0,4,2,188.12107743658484,68.523573293662,4,8.30193935255284e-06,0.0,0.0,0.0,0.0,0.0,0.013960357936542177,0.015818224109958888,-0.01903488000774336,-0.018965109644730648,0.0,0.0,0.01396865987589473,0.015818224109958888,-0.01903488000774336,-0.018965109644730648,0.0,0.0,6.892219701346547e-11,0.001167109848455104,0.0011673417134671594,1.3626866760004437e-06,5.904200648219571e-08,0.9998013734886877,transition
83,41,66,81.96641485601096,-206.15649357679524,1.3440347409584241,10.0,10.0,4,4,177.68641781978206,60.8121082396061,4,2.9321841472413273e-05,0.0,0.0,0.0,0.0,0.0,0.0004770489133947928,-0.0020355373559216828,0.03748043914249829,0.014348301764634494,0.0,0.0,0.0005063707548672061,-0.0020355373559216828,0.03748043914249829,0.014348301764634494,0.0,0.0,8.59770387333335e-10,0.0016150280698366552,0.0016150569055122688,2.6084088080428654e-06,5.323468073470949e-07,0.9999821457216057,transition
84,41,78,73.15949660051396,-198.3912585217317,1.8124810510470617,10.0,10.0,4,4,173.35709365289796,49.070699268814124,3,4.846004652182165e-05,0.0,0.0,0.0,0.0,0.0,0.07091112760369697,0.04236164198433811,0.014251217590563981,0.010963728606752435,0.0,0.0,0.0709595876502188,0.04236164198433811,0.014251217590563981,0.010963728606752435,0.0,0.0,2.348376108897119e-09,0.007146197277413155,0.007153072338874444,5.116644388517071e-05,3.283031399157697e-07,0.9990388659396151,transition
85,42,54,253.83071200712715,-60.856445406374355,2.018947270478982,10.0,10.0,4,3,399.3325575349814,421.13896341387607,19,1.2754022247051003e-23,0.0,0.0,0.0,0.0,0.0,-0.004938942444996883,-0.005094205467952329,0.0056780871706728344,0.0032741385697525214,0.0,0.0,-0.004938942444996883,-0.005094205467952329,0.0056780871706728344,0.0032741385697525214,0.0,0.0,1.6266508347827191e-46,9.330473911640773e-05,9.330473911640773e-05,8.705774341580906e-09,1.7433742917959364e-42,1.0,transition
86,42,154,241.02365051995352,-64.06642052231061,3.064833565816219,10.0,10.0,4,3,386.9132280134286,418.59429435572156,19,3.2176731955128457e-22,0.0,0.0,0.0,0.0,0.0,-0.0009397433341685071,0.004393721314254905,-0.00392423414830273,0.00909673916042191,0.0,0.0,-0.0009397433341685071,0.004393721314254905,-0.00392423414830273,0.00909673916042191,0.0,0.0,1.0353420793121849e-43,0.00011833818152491076,0.00011833818152491076,1.400392520662273e-08,8.749011231799605e-40,1.0,transition
87,43,52,176.7371796320209,-245.223761593414,3.8874347554086057,10.0,10.0,3,2,258.162127414675,190.3835704609857,9,2.700828798185732e-10,0.0,0.0,0.0,0.0,0.0,0.00800895240802514,0.015632066309920277,-0.004354204252838496,-0.009068717775908149,0.0,0.0,0.008008952678108019,0.015632066309920277,-0.004354204252838496,-0.009068717775908149,0.0,0.0,7.294476197109385e-20,0.00040970555256626554,0.0004097055568924274,1.6785864334853407e-07,1.7804191508743994e-16,0.9999999894408025,transition
88,43,60,160.87887560744812,-249.66254334535319,3.3268124702682513,10.0,10.0,3,2,241.84461086095848,187.66588695380972,9,4.007309694811567e-09,0.0,0.0,0.0,0.0,0.0,0.00036861652270361964,0.0034460917350145454,0.0036140960992974407,0.010769039562763873,0.0,0.0,0.00036862053001331444,0.0034460917350145454,0.0036140960992974407,0.010769039562763873,0.0,0.0,1.6058530990130774e-17,0.00014104533010627615,0.00014104533306061334,1.9893785978179347e-08,1.138536854901092e-13,0.9999999790539884,transition
89,44,45,271.2304721377772,39.412885918390884,4.262872422200189,10.0,10.0,3,3,475.0824285227214,423.04529256356756,19,3.9457629002572876e-33,0.0,0.0,0.0,0.0,0.0,-0.004360162606727029,-0.00255680041510105,-0.0018639023946011733,-0.0012196906473495137,0.0,0.0,-0.004360162606727029,-0.00255680041510105,-0.0018639023946011733,-0.0012196906473495137,0.0,0.0,1.5569044865046802e-65,3.0510023731593396e-05,3.0510023731593396e-05,9.308615481023922e-10,5.102927812188137e-61,1.0,transition
90,44,49,270.3149971393349,28.46077955532157,3.467222600103476,10.0,10.0,3,3,467.06281047892855,418.98874224904426,19,4.796042493419075e-32,0.0,0.0,0.0,0.0,0.0,-0.0015797577909226017,-0.0060551094376653245,0.001370974575593419,0.0033805097743322184,0.0,0.0,-0.0015797577909226017,-0.0060551094376653245,0.001370974575593419,0.0033805097743322184,0.0,0.0,2.3002023598681457e-63,5.246740260136357e-05,5.246740260136357e-05,2.7528283357335723e-09,4.384059903526396e-59,1.0,transition
91,45,49,281.3568903895971,33.48555198736322,1.9806031091738916,10.0,10.0,3,3,478.66786961027174,431.1201784601444,20,1.2740373995099877e-33,0.0,0.0,0.0,0.0,0.0,1.2337913643383668e-05,0.0013649543251334536,-0.005138345750559434,0.004720457217019918,0.0,0.0,1.2337913643383668e-05,0.0013649543251334536,-0.005138345750559434,0.004720457217019918,0.0,0.0,1.623171295350172e-66,5.054856592382122e-05,5.054856592382122e-05,2.5551575169548994e-09,3.2111124533114517e-62,1.0,transition
92,45,79,293.7694920511234,44.75822411459446,3.0031896845764514,10.0,10.0,3,2,495.4325586949358,446.20949034993623,20,5.7628770072058416e-36,0.0,0.0,0.0,0.0,0.0,-0.003285224206504698,-0.005560930109053532,0.0005412015057701921,-0.0005836239166304235,0.0,0.0,-0.003285224206504698,-0.005560930109053532,0.0005412015057701921,-0.0005836239166304235,0.0,0.0,3.321075140018176e-71,4.235015771069351e-05,4.235015771069351e-05,1.793535858120613e-09,7.841942792056231e-67,1.0,transition
93,46,48,312.82190060708433,-54.71172572056673,5.369610398436091,10.0,10.0,3,3,452.71026144074216,471.02760331123676,21,3.768273668136653e-30,0.0,0.0,0.0,0.0,0.0,-0.004506627351312665,-0.0021555986119968455,0.0016562582715096937,0.0006512556936453338,0.0,0.0,-0.004506627351312665,-0.0021555986119968455,0.0016562582715096937,0.0006512556936453338,0.0,0.0,1.4199886437972066e-59,2.8123620900091878e-05,2.8123620900091878e-05,7.909380525320847e-10,5.049096092006302e-55,1.0,transition
94,46,117,304.2689275055641,-40.67072252094161,1.8828900397862576,10.0,10.0,3,3,452.65216399318984,464.88401743471724,21,3.8343700736459454e-30,0.0,0.0,0.0,0.0,0.0,-0.001039175143504278,0.0018939351081462524,-0.006255861016370646,0.003704755999763517,0.0,0.0,-0.001039175143504278,0.0018939351081462524,-0.006255861016370646,0.003704755999763517,0.0,0.0,1.4702393861671612e-59,5.7527889246675834e-05,5.7527889246675834e-05,3.309458041177801e-09,2.5556984715063516e-55,1.0,transition
95,47,55,-16.405039738847442,-153.69157024453608,2.970979785075425,10.0,10.0,2,3,142.48851620378485,0.0,0,0.0012165600713118306,0.0,0.0,0.0,0.0,0.0,0.0042069005001549465,-0.0018122700071423207,0.06157269977965156,0.011761947449530685,0.0,0.0,0.005423460571466777,-0.0018122700071423207,0.06157269977965156,0.011761947449530685,0.0,0.0,1.4800184071102462e-06,0.003950523100357618,0.003962239013109668,1.5699337997008277e-05,0.0003735308249233277,0.9970431080221849,source
96,48,63,336.3418986092546,-57.84260079698009,2.80325729161072,10.0,10.0,3,2,471.71041858791546,494.7550701959718,22,1.1336703824507471e-32,0.0,0.0,0.0,0.0,0.0,-0.006875931626068528,-0.00256008962859431,-0.00011136878776280964,-0.0004513978621391296,0.0,0.0,-0.006875931626068528,-0.00256008962859431,-0.00011136878776280964,-0.0004513978621391296,0.0,0.0,1.2852085360460232e-64,5.404865766963706e-05,5.404865766963706e-05,2.921257395889617e-09,2.3778731821641804e-60,1.0,transition
97,48,126,327.9838251156232,-45.96549365326309,5.622461476312871,10.0,10.0,3,3,470.2139499115013,488.53133234758104,22,1.8065714933332563e-32,0.0,0.0,0.0,0.0,0.0,-0.0006384848040060314,0.00043543877508368177,-0.0032616593808857263,0.0018714549908970804,0.0,0.0,-0.0006384848040060314,0.00043543877508368177,-0.0032616593808857263,0.0018714549908970804,0.0,0.0,3.2637005605243516e-64,1.4738035471666445e-05,1.4738035471666445e-05,2.172096895640984e-10,2.2144746270958197e-59,1.0,transition
98,49,50,292.3782542717248,20.068265893171674,4.377467757535918,10.0,10.0,3,2,478.438853607206,442.59428398947733,20,1.3697816231642835e-33,0.0,0.0,0.0,0.0,0.0,-0.0026600270134078813,-0.005512783991461387,0.0009096945188335954,0.0009772719571149425,0.0,0.0,-0.0026600270134078813,-0.005512783991461387,0.0009096945188335954,0.0009772719571149425,0.0,0.0,1.8763016951585794e-66,3.924913564433175e-05,3.924913564433175e-05,1.540494648827153e-09,4.78049175951611e-62,1.0,transition
99,50,57,315.57989988663826,20.3615102169265,3.1952386518121862,10.0,10.0,2,2,496.8341294151236,465.79778267983534,21,3.6389338327691506e-36,0.0,0.0,0.0,0.0,0.0,-0.004126085632683793,-0.004615330525511745,-0.0007807255705768638,-0.0016036367462253876,0.0,0.0,-0.004126085632683793,-0.004615330525511745,-0.0007807255705768638,-0.0016036367462253876,0.0,0.0,1.3241839439271981e-71,4.1507041738357054e-05,4.1507041738357054e-05,1.7228345138697147e-09,3.1902633588640145e-67,1.0,transition
100,51,150,151.42911857019564,-189.61886872351994,3.068758093096978,10.0,10.0,3,3,248.01234963535777,145.67036378971565,8,1.4760063497035162e-09,0.0,0.0,0.0,0.0,0.0,0.0009211125335719485,0.0049639409273473,-0.0021392074781580043,-0.007842613225452209,0.0,0.0,0.0009211140095782982,0.0049639409273473,-0.0021392074781580043,-0.007842613225452209,0.0,0.0,2.1785947443650983e-18,9.157194866834193e-05,9.157195138748001e-05,8.385422280911002e-09,2.3791070424463645e-14,0.999999970305994,transition
101,51,151,154.06730679969408,-175.90884992595687,3.5003998493329753,10.0,10.0,3,2,255.82619140401798,155.3092901919005,8,4.016720353190967e-10,0.0,0.0,0.0,0.0,0.0,0.010782914325446986,0.01992425847057885,0.005154483745991519,0.010469594589885133,0.0,0.0,0.010782914727119022,0.01992425847057885,0.005154483745991519,0.010469594589885133,0.0,0.0,1.6134042395738567e-19,0.0006494284305166057,0.0006494284391789962,4.2175729761446716e-07,2.484344913526598e-16,0.9999999866615166,transition
102,52,91,195.52942981921777,-257.75085871522083,1.4214536977109589,10.0,10.0,2,2,275.4032803972744,212.96845100964882,10,1.2905371804860947e-11,0.0,0.0,0.0,0.0,0.0,0.00804580850515766,0.015940148300044796,-0.006362428802282401,-0.01480886377356189,0.0,0.0,0.008045808518063031,0.015940148300044796,-0.006362428802282401,-0.01480886377356189,0.0,0.0,1.665486214216999e-22,0.0005786063088571146,0.000578606309064783,3.3478526088957127e-07,2.8784446144546356e-19,0.9999999996410885,transition
103,53,71,165.46732726000482,-58.36574827539698,1.217259714972986,10.0,10.0,4,4,331.04742191694737,331.03944582653776,15,1.844983610763745e-16,0.0,0.0,0.0,0.0,0.0,-0.014444703754371941,-0.0013166598608342125,0.007673380356148315,-0.0017514462017258038,0.0,0.0,-0.014444703754371757,-0.0013166598608342125,0.007673380356148315,-0.0017514462017258038,0.0,0.0,3.403964523986826e-32,0.00027233138962836137,0.0002723313896283561,7.41643857769115e-08,1.2499346948701477e-28,1.0000000000000193,transition
104,53,125,156.0130617080527,-65.14829274614547,3.5199486602885095,10.0,10.0,4,4,319.4964050777671,330.56883470289824,15,2.2122245450567702e-15,0.0,0.0,0.0,0.0,0.0,0.0005426047261517452,0.00047869575912284896,0.007394164436350312,0.008399980702994574,0.0,0.0,0.0005426047261539574,0.00047869575912284896,0.007394164436350312,0.008399980702994574,0.0,0.0,4.893937437751634e-30,0.00012575691304111334,0.00012575691304111576,1.581480117763075e-08,3.891585217388073e-26,0.9999999999999808,transition
105,53,166,145.79847651847848,-59.7742708775945,4.238056866566151,10.0,10.0,4,2,315.8196217792743,323.4975793613059,15,4.788433568710392e-15,0.0,0.0,0.0,0.0,0.0,-0.00319142978712048,0.006512046323052178,-0.0024283330544066914,0.00400623558374123,0.0,0.0,-0.0031914297871156916,0.006512046323052178,-0.0024283330544066914,0.00400623558374123,0.0,0.0,2.292909604195254e-29,7.453869637525584e-05,7.453869637522528e-05,5.556017257318021e-09,3.0761332243494367e-25,1.00000000000041,transition
106,54,68,272.77893722728174,-70.17189221049506,1.8702977279876727,10.0,10.0,3,3,410.36897338272496,442.2532426616767,20,6.647993996770411e-25,0.0,0.0,0.0,0.0,0.0,-0.009573609845137445,-0.0014532712168696948,0.0020043348409279045,-0.0008393969890010286,0.0,0.0,-0.009573609845137445,-0.0014532712168696948,0.0020043348409279045,-0.0008393969890010286,0.0,0.0,4.419582418109543e-49,9.8487948156396e-05,9.8487948156396e-05,9.699875932056947e-09,4.4874347580999196e-45,1.0,transition
107,55,58,-18.813881962348304,-176.49271153249018,2.952129439124871,10.0,10.0,3,4,121.1890531369496,0.0,0,0.007788273560487524,0.0,0.0,0.0,0.0,0.0,0.008758778683885528,0.0019817929878400815,0.0950914216114586,0.0173299457945133,0.0,0.0,0.016547052244373053,0.0019817929878400815,0.0950914216114586,0.0173299457945133,0.0,0.0,6.065720505298901e-05,0.009423349192808884,0.009620437926753609,9.255282590251927e-05,0.006305035749392089,0.9795135382146547,source
108,55,199,-8.056551845100739,-171.80352011007938,2.26872341133069,10.0,10.0,3,4,130.77849851502336,0.0,0,0.0035038620395533614,0.0,0.0,0.0,0.0,0.0,-0.0529188340234263,0.011976976613692184,0.023480639232527793,-0.014032930305301918,0.0,0.0,-0.049414971983872936,0.011976976613692184,0.023480639232527793,-0.014032930305301918,0.0,0.0,1.2277049192223042e-05,0.0036921145149254554,0.003333550976693462,1.1112562114213935e-05,0.0036828742917261775,1.1075620384205587,source
109,56,102,176.04963036104408,43.917116944066464,3.0219493959359838,10.0,10.0,3,3,413.5693403815674,332.6108443893156,15,2.7804451092458036e-25,0.0,0.0,0.0,0.0,0.0,-0.006281486071347526,0.001467677415410489,-0.005134286132158072,-0.00038559482470464584,0.0,0.0,-0.006281486071347526,0.001467677415410489,-0.005134286132158072,-0.00038559482470464584,0.0,0.0,7.730875005528909e-50,6.812072171594869e-05,6.812072171594869e-05,4.640432727101723e-09,1.1348786112051609e-45,1.0,transition
110,57,77,338.23713994233503,22.574023027812753,2.8110110313244405,10.0,10.0,2,2,516.3056947029404,488.562793988416,22,5.354757630201218e-39,0.0,0.0,0.0,0.0,0.0,-0.0028767966041007343,-0.006020973460852529,0.000628789852725454,0.00021457676766356635,0.0,0.0,-0.0028767966041007343,-0.006020973460852529,0.000628789852725454,0.00021457676766356635,0.0,0.0,2.8673429278198163e-77,4.4969499985767445e-05,4.4969499985767445e-05,2.0222559289699383e-09,6.376194818104075e-73,1.0,remote
111,58,59,-9.61903509512559,-194.22133858540076,5.477407164367747,10.0,10.0,4,3,111.60626555551269,0.0,0,0.01628237189664133,0.0,0.0,0.0,0.0,0.0,0.010693317220733654,0.015427785120822615,0.018221409366066893,-0.004766770892982431,0.0,0.0,0.026975689117374985,0.015427785120822615,0.018221409366066893,-0.004766770892982431,0.0,0.0,0.00026511563458053543,0.0007071054509494895,0.0013204462211235137,1.743578222879367e-06,0.20077730568607283,0.535504922228368,source
112,58,62,-19.151929073268416,-198.97308048877926,2.4955788614805137,10.0,10.0,4,3,102.06788965955957,0.0,0,0.03193927898174594,0.0,0.0,0.0,0.0,0.0,-0.07682089533450799,-0.007281701048165781,0.18880859748301226,0.020467970048482005,0.0,0.0,-0.04488161635276205,-0.007281701048165781,0.18880859748301226,0.020467970048482005,0.0,0.0,0.001020117541873798,0.04202209741155799,0.03813500693799907,0.0014542787541612374,0.026750160122753688,1.1019297172248756,source
113,58,199,-9.877211304360763,-183.13424208976772,3.469867272522233,10.0,10.0,4,4,120.35273594618967,0.0,0,0.008326122879317726,0.0,0.0,0.0,0.0,0.0,0.05870464156308637,0.03054096919949762,0.022658198795244278,0.012582454668490565,0.0,0.0,0.06703076444240409,0.03054096919949762,0.022658198795244278,0.012582454668490565,0.0,0.0,6.932432220149811e-05,0.00505069787882454,0.006097586319507156,3.718055892384083e-05,0.011369141586354995,0.8283110093360299,source
114,59,62,-8.136422746785676,-205.37098556200152,1.3030625699531662,10.0,10.0,3,3,104.09206566160405,0.0,0,0.02782360668129207,0.0,0.0,0.0,0.0,0.0,0.28268652865211863,0.04982785654900518,0.12514860704670314,0.02233033200475659,0.0,0.0,0.3105101353334107,0.04982785654900518,0.12514860704670314,0.02233033200475659,0.0,0.0,0.0007741530887552407,0.09855530634282608,0.11506017700621407,0.013238844332701312,0.006728245244342279,0.8565544474827584,source
115,59,199,1.1382950221219765,-189.53214716299,2.180204116147685,10.0,10.0,3,4,122.08089833918505,0.0,0,0.007249243969390494,0.0,0.0,0.0,0.0,0.0,-0.034036832594797575,-0.007783828732587026,0.14453851300247084,0.015433089941620464,0.0,0.0,-0.02678758862540708,-0.007783828732587026,0.14453851300247084,0.015433089941620464,0.0,0.0,5.2551538127744444e-05,0.022348655968936093,0.02190772490021386,0.0004799484103034503,0.00239876748348394,1.0201267393456237,source
116,60,74,159.47516378955294,-271.77611923587494,4.962888139958778,10.0,10.0,2,3,238.50857448564193,195.67466096844595,10,6.806405471825688e-09,0.0,0.0,0.0,0.0,0.0,0.0017813609904684996,4.1349092663937985e-05,-0.006315101463427636,-0.0034496813149912436,0.0,0.0,0.0017813677968739714,4.1349092663937985e-05,-0.006315101463427636,-0.0034496813149912436,0.0,0.0,4.632715544689867e-17,5.4955764394212625e-05,5.4955788643589335e-05,3.0201387054388625e-09,8.4298954833219e-13,0.999999558747544,transition
117,61,117,294.9650882843663,-29.403863537223522,5.833763039491924,10.0,10.0,3,3,451.01234694351473,450.4685176063218,20,6.258065459728107e-30,0.0,0.0,0.0,0.0,0.0,-0.004489124492411223,-0.0017743938886936432,0.0004814320714968567,6.784820993381995e-05,0.0,0.0,-0.004489124492411223,-0.0017743938886936432,0.0004814320714968567,6.784820993381995e-05,0.0,0.0,3.9163383298241966e-59,2.3537092599656643e-05,2.3537092599656643e-05,5.539947280448115e-10,1.6639006339641657e-54,1.0,transition
118,62,83,-16.466291025477396,-221.78084766277783,3.440054383086615,10.0,10.0,3,3,86.53579218267318,0.0,0,0.08411936677938667,0.0,0.0,0.0,0.0,0.0,-0.22909775142706074,-0.012840085263552662,0.36119669814093425,0.031034387820578917,0.0,0.0,-0.14497838464767407,-0.012840085263552662,0.36119669814093425,0.031034387820578917,0.0,0.0,0.007076067867364981,0.18407683547382186,0.15260978777993547,0.023289747326236943,0.04636706446095533,1.2061928540210154,source
119,63,67,358.5913273715073,-57.81567368774398,1.7514159879434956,10.0,10.0,2,3,491.41856055687236,517.004515252327,23,2.1347413134865324e-35,0.0,0.0,0.0,0.0,0.0,-0.006565218882886924,-0.003958832847770895,0.0008173882770812737,-0.00016717036661416268,0.0,0.0,-0.006565218882886924,-0.003958832847770895,0.0008173882770812737,-0.00016717036661416268,0.0,0.0,4.557120475506206e-70,5.947052602378864e-05,5.947052602378864e-05,3.536743465546122e-09,7.662821871935898e-66,1.0,transition
120,64,66,90.29722333128655,-213.60142655787894,1.0712479515867308,10.0,10.0,2,4,182.3465723463119,71.98481592147763,5,1.6838786671500152e-05,0.0,0.0,0.0,0.0,0.0,0.05833149394256105,0.040308736811064005,0.017274365637259405,0.013235921263049899,0.0,0.0,0.058348332729232545,0.040308736811064005,0.017274365637259405,0.013235921263049899,0.0,0.0,2.8354473656829115e-10,0.005500950768726047,0.005502915515436241,3.0282079170028913e-05,5.15262747125445e-08,0.9996429625887073,transition
121,65,72,34.08993108025463,-147.69571922833066,3.4266310581966835,10.0,10.0,2,3,175.29493618526223,40.51585174675167,2,3.876004747178445e-05,0.0,0.0,0.0,0.0,0.0,0.018296958792307333,0.006125847411171887,0.05140170695555666,0.02081973574206681,0.0,0.0,0.01833571883977912,0.006125847411171887,0.05140170695555666,0.02081973574206681,0.0,0.0,1.5023412800149843e-09,0.0034479015818667702,0.0034493214661908086,1.189781857712471e-05,4.355469024097849e-07,0.9995883583661437,transition
122,66,78,71.41607706401064,-208.9199072040436,3.4828179415839813,10.0,10.0,4,4,166.9750579090266,52.789547821163794,3,9.936104711569015e-05,0.0,0.0,0.0,0.0,0.0,0.012456793249218043,0.014407829230336728,-0.016819700057156356,-0.015338506768617642,0.0,0.0,0.012556154296333734,0.014407829230336728,-0.016819700057156356,-0.015338506768617642,0.0,0.0,9.872617683926397e-09,0.0008809293410879444,0.0008834146537475201,7.804214504558509e-07,1.1175519493644251e-05,0.997186697493603,transition
123,66,84,81.95468219493964,-227.4794890310597,1.8647352298357234,10.0,10.0,4,3,169.70054801227286,74.13246879509211,4,7.336297053708209e-05,0.0,0.0,0.0,0.0,0.0,-0.012830022005289326,-0.007206143193962521,0.015043275300517375,0.002024392644195365,0.0,0.0,-0.012756659034752245,-0.007206143193962521,0.015043275300517375,0.002024392644195365,0.0,0.0,5.382125446024775e-09,0.0004469362617331292,0.0004450591468058468,1.980776441555483e-07,1.2093056585067065e-05,1.004217675202845,transition
124,67,69,381.05629655514065,-62.834201488705226,4.87157689794774,10.0,10.0,3,2,509.339895606119,540.0232133412854,24,5.681407884241628e-38,0.0,0.0,0.0,0.0,0.0,-0.0023698307613127796,-0.003002915341496626,0.001118662099910003,0.0011640056375052386,0.0,0.0,-0.0023698307613127796,-0.003002915341496626,0.001118662099910003,0.0011640056375052386,0.0,0.0,3.2278395547122927e-75,1.7239912403379146e-05,1.7239912403379146e-05,2.972145796761861e-10,1.8723062386788073e-70,1.0,remote
125,67,149,371.93537434744877,-46.02434280155709,5.164908685792632,10.0,10.0,3,3,508.6892646033488,534.8117911182105,24,7.072128484398814e-38,0.0,0.0,0.0,0.0,0.0,-0.0003510715885753987,0.00045720276015673316,-0.0030899164558680923,0.0007747774468242026,0.0,0.0,-0.0003510715885753987,0.00045720276015673316,-0.0030899164558680923,0.0007747774468242026,0.0,0.0,5.001500129984506e-75,1.048014942055165e-05,1.048014942055165e-05,1.098335318770891e-10,4.7723557454023774e-70,1.0,remote
126,68,75,293.4380402474026,-78.56851570888153,3.6205153803481203,10.0,10.0,3,2,424.1155174242191,464.55350776704313,21,1.4989161728770945e-26,0.0,0.0,0.0,0.0,0.0,-0.004440289634637166,-0.0028803053055583274,0.0034145265814812,0.0015810340861576384,0.0,0.0,-0.004440289634637166,-0.0028803053055583274,0.0034145265814812,0.0015810340861576384,0.0,0.0,2.2467496933125157e-52,4.217099124992771e-05,4.217099124992771e-05,1.7783925030014797e-09,5.3277137357219863e-48,1.0,transition
127,69,82,400.5144931553924,-76.64897031005796,4.408565056819931,10.0,10.0,2,2,521.3866705196062,563.886768242462,25,9.37080210819425e-40,0.0,0.0,0.0,0.0,0.0,-0.0002519710103380277,-0.001759365374846942,0.0007893541691372136,0.002405123886510625,0.0,0.0,-0.0002519710103380277,-0.001759365374846942,0.0007893541691372136,0.002405123886510625,0.0,0.0,8.781193215093778e-79,9.566556826059362e-06,9.566556826059362e-06,9.151900950622297e-11,9.179053001779859e-74,1.0,remote
128,70,100,245.32942009926703,54.48036474110682,4.618706988368537,10.0,10.0,3,3,467.06192534152996,404.0741127844232,18,4.797353583589169e-32,0.0,0.0,0.0,0.0,0.0,-0.003930461135100294,0.000588196356761326,-0.003550258945027056,2.4630582846690965e-05,0.0,0.0,-0.003930461135100294,0.000588196356761326,-0.003550258945027056,2.4630582846690965e-05,0.0,0.0,2.301460140597584e-63,2.8399444930997184e-05,2.8399444930997184e-05,8.065284723887416e-10,8.1038912774158e-59,1.0,transition
129,71,80,182.7260342659176,-55.10339156440615,2.8159751372841484,10.0,10.0,4,2,346.1082332413327,348.60378295680516,16,6.335895359865427e-18,0.0,0.0,0.0,0.0,0.0,-0.0024808444639991315,0.007267456328400366,-0.004597785119990482,0.006798954005210302,0.0,0.0,-0.002480844463999125,0.007267456328400366,-0.004597785119990482,0.006798954005210302,0.0,0.0,4.014357001116425e-35,0.00012633591431433278,0.00012633591431433276,1.596076324563843e-08,3.1775263771222003e-31,1.0000000000000002,transition
130,71,87,185.78032437619495,-68.74180631102416,4.40718035822897,10.0,10.0,4,3,339.7070684300453,353.8491023825022,16,2.7044302494636263e-17,0.0,0.0,0.0,0.0,0.0,-0.008854533581802838,0.0010014455508941238,0.004638008626874249,-0.001000282196653685,0.0,0.0,-0.00885453358180281,0.0010014455508941238,0.004638008626874249,-0.001000282196653685,0.0,0.0,7.313942974213892e-34,0.0001019173466385821,0.00010191734663858162,1.0387145545848804e-08,7.17634751633648e-30,1.0000000000000049,transition
131,71,125,165.38169676977117,-70.12541084133798,3.271101961403513,10.0,10.0,4,4,323.1629276825223,341.1774645603847,16,1.015161981245739e-15,0.0,0.0,0.0,0.0,0.0,-0.0034318675669617656,0.008006807592749594,-0.0032170040836224873,0.00608847150350044,0.0,0.0,-0.0034318675669607504,0.008006807592749594,-0.0032170040836224873,0.00608847150350044,0.0,0.0,1.030553848166774e-30,0.00012330528334745727,0.0001233052833474503,1.5204192901395006e-08,8.35774283298854e-27,1.0000000000000564,transition
132,72,94,26.49174775971011,-169.2302124454514,2.2454926084629,10.0,10.0,3,4,154.13950954357654,17.68020444060289,1,0.0003881141571741804,0.0,0.0,0.0,0.0,0.0,0.03010868736712357,0.004410785178609011,0.08592124370930604,0.025980485429415234,0.0,0.0,0.03049680152429775,0.004410785178609011,0.08592124370930604,0.025980485429415234,0.0,0.0,1.5063259899902443e-07,0.008983433824565042,0.009006955672806264,8.112525049189695e-05,1.6724030235189597e-05,0.9973884796266691,transition
133,72,155,21.21427165976929,-151.59136038959204,3.085076694913951,10.0,10.0,3,1,164.1855884126705,36.09163718859783,2,0.00013484637895523442,0.0,0.0,0.0,0.0,0.0,-0.028594240526760187,0.006536555038780811,0.015551421494762066,-0.00847925886763115,0.0,0.0,-0.028459394147804955,0.006536555038780811,0.015551421494762066,-0.00847925886763115,0.0,0.0,1.818354591733869e-08,0.0011741016845292745,0.0011664082084871746,1.3605081088262602e-06,1.5589350096329188e-05,1.0065958692558228,transition
134,73,81,108.23515331394329,34.580166803722875,3.123780741319809,10.0,10.0,3,3,367.5259899816151,259.4954375084935,12,4.049901259914516e-20,0.0,0.0,0.0,0.0,0.0,-0.009900344102206598,-0.0023743423659287237,-0.0036860185048458675,-0.0014701102083520888,0.0,0.0,-0.009900344102206598,-0.0023743423659287237,-0.0036860185048458675,-0.0014701102083520888,0.0,0.0,1.6401700215057184e-39,0.00011940227145550816,0.00011940227145550816,1.4256902428734858e-08,1.373650602716449e-35,1.0,transition
135,73,85,99.59991916996228,42.797254230038135,4.30292696913018,10.0,10.0,3,3,370.38626679922663,257.2329433969493,12,2.0156918309977077e-20,0.0,0.0,0.0,0.0,0.0,1.2233565412314753e-05,0.0010346335938306406,-0.001694507342402511,0.005455714320312648,0.0,0.0,1.2233565412314773e-05,0.0010346335938306406,-0.001694507342402511,0.005455714320312648,0.0,0.0,4.063013557550891e-40,3.370679021192613e-05,3.370679021192613e-05,1.1361477063907992e-09,1.2053991293758123e-35,1.0,transition
136,74,92,171.70540015464866,-291.50358052970677,2.7714855531438687,10.0,10.0,3,2,250.71746030258947,191.0238250619098,10,9.449248932710615e-10,0.0,0.0,0.0,0.0,0.0,0.010225423218544928,0.012224095744936703,-0.00966508763625337,-0.01376542845444251,0.0,0.0,0.010225424163469821,0.012224095744936703,-0.00966508763625337,-0.01376542845444251,0.0,0.0,8.92883053923327e-19,0.0005368887363305706,0.0005368887556550854,2.88249535948866e-07,1.6630690147978138e-15,0.9999999640064826,transition
137,74,122,156.47305549469283,-291.4315254232486,1.1088481980717297,10.0,10.0,3,4,235.49435013788937,175.7913099781145,9,1.091544306829201e-08,0.0,0.0,0.0,0.0,0.0,0.00029147641956732716,0.010725403111094458,0.006637742675238898,0.018905849856017704,0.0,0.0,0.00029148733501039545,0.010725403111094458,0.006637742675238898,0.018905849856017704,0.0,0.0,1.1914689737712408e-16,0.0005166100169996106,0.0005166100233629183,2.6688591623903496e-07,2.3063218286305576e-13,0.9999999876825703,transition
138,75,76,312.832405935229,-90.87784518084945,2.3242212523709505,10.0,10.0,2,2,435.70444667755925,487.52438089983013,22,5.561669619045684e-28,0.0,0.0,0.0,0.0,0.0,-0.005018721501651401,-0.0026593329105907416,0.0038097356056327647,0.0010742267268592336,0.0,0.0,-0.005018721501651401,-0.0026593329105907416,0.0038097356056327647,0.0010742267268592336,0.0,0.0,3.0932168951415764e-55,4.792766548601388e-05,4.792766548601388e-05,2.2970611189392463e-09,6.453927734168964e-51,1.0,transition
139,76,99,330.5251949359738,-104.52277717960287,2.5980327313976055,10.0,10.0,2,2,446.0793997716614,509.86758908208276,23,2.702553727931531e-29,0.0,0.0,0.0,0.0,0.0,-0.0029054470364592816,-0.0022098104613692115,0.0035050670294352747,0.001845531313901501,0.0,0.0,-0.0029054470364592816,-0.0022098104613692115,0.0035050670294352747,0.001845531313901501,0.0,0.0,7.303796652356615e-58,2.9016365468272055e-05,2.9016365468272055e-05,8.419494649883309e-10,2.5171300865861203e-53,1.0,transition
140,77,163,360.13227323485467,25.479549387533638,2.1105520705973007,10.0,10.0,2,3,535.808947530457,510.6498704206701,23,6.064079433846024e-42,0.0,0.0,0.0,0.0,0.0,-0.0036395236536208206,-0.005062732597886131,-0.000727603133763775,-0.002122780607305036,0.0,0.0,-0.0036395236536208206,-0.005062732597886131,-0.000727603133763775,-0.002122780607305036,0.0,0.0,3.677305937999432e-83,4.39129976099775e-05,4.39129976099775e-05,1.9283513590938895e-09,8.374071774056958e-79,1.0,remote
141,78,90,53.78266557601894,-192.8124258939993,4.289920161417964,10.0,10.0,4,4,159.6865854838846,28.90674742300562,2,0.00021828963060538967,0.0,0.0,0.0,0.0,0.0,0.0077359905998913335,0.015493233470890004,-0.01016541197239133,-0.016327337894322728,0.0,0.0,0.007954280230496723,0.015493233470890004,-0.01016541197239133,-0.016327337894322728,0.0,0.0,4.765036282983747e-08,0.0006698033972289375,0.0006732284206526013,4.532365063743959e-07,7.077889371284575e-05,0.9949125388670554,transition
142,79,105,314.9552543434106,52.054507562159905,3.877210687516488,10.0,10.0,2,2,516.2440032018292,468.61645971334,21,5.468712105712444e-39,0.0,0.0,0.0,0.0,0.0,-0.00329096657958533,-0.002360260794538387,-0.002267615059860683,-0.0022947149709274593,0.0,0.0,-0.00329096657958533,-0.002360260794538387,-0.002267615059860683,-0.0022947149709274593,0.0,0.0,2.9906812095165836e-77,2.680908690368813e-05,2.680908690368813e-05,7.187271406095024e-10,1.1155475829000186e-72,1.0,remote
143,80,123,200.44458340484078,-52.42156993532697,2.5819815609066517,10.0,10.0,2,2,361.3812696630494,366.52413872444083,17,1.780235816800549e-19,0.0,0.0,0.0,0.0,0.0,-0.006898750145086796,-0.002654762024539885,0.004637990128166331,-0.00017095174475906269,0.0,0.0,-0.006898750145086796,-0.002654762024539885,0.004637990128166331,-0.00017095174475906269,0.0,0.0,3.169239563419518e-38,7.618069189927871e-05,7.618069189927871e-05,5.8034978182528286e-09,4.16016116998476e-34,1.0,transition
144,81,85,110.54976577344584,46.50914974356456,3.8401169873877663,10.0,10.0,3,3,378.99430481472444,268.7948337676092,13,2.389504289149524e-21,0.0,0.0,0.0,0.0,0.0,-0.00425524733823568,-0.006564114838870743,0.00450020060980007,0.0064671348961614465,0.0,0.0,-0.00425524733823568,-0.006564114838870743,0.00450020060980007,0.0064671348961614465,0.0,0.0,5.7097307478639724e-42,0.00012327037282103894,0.00012327037282103894,1.5195584815437936e-08,4.6318759465043777e-38,1.0,transition
145,81,110,130.4182196091583,40.96683560712671,3.094556656921988,10.0,10.0,3,2,384.64046574876727,282.57958723644055,13,5.745098882538405e-22,0.0,0.0,0.0,0.0,0.0,-0.009046276001900732,-0.004628779977162435,-0.0025883182912519896,-0.0023677792277642554,0.0,0.0,-0.009046276001900732,-0.004628779977162435,-0.0025883182912519896,-0.0023677792277642554,0.0,0.0,3.3006161170144027e-43,0.00011556648362780646,0.00011556648362780646,1.3355612138096059e-08,2.8560323143900187e-39,1.0,transition
146,82,97,418.4135798880508,-82.00329121272682,1.611473123825352,10.0,10.0,2,2,535.8692414894467,582.5695426133092,26,5.935920890183136e-42,0.0,0.0,0.0,0.0,0.0,-0.004157443724869011,-0.003355398500531564,-0.0014901504256198876,-0.0017642492061741236,0.0,0.0,-0.004157443724869011,-0.003355398500531564,-0.0014901504256198876,-0.0017642492061741236,0.0,0.0,3.523515681451256e-83,3.387616097528335e-05,3.387616097528335e-05,1.1475942824233104e-09,1.040116583464719e-78,1.0,remote
147,83,86,-22.975438703375005,-241.24989064895186,1.9534173207280006,10.0,10.0,3,3,69.00564096726036,0.0,0,0.20718531430110532,0.0,0.0,0.0,0.0,0.0,0.9478218243809993,0.06188961742478399,1.3463154024084147,0.07098052948621805,0.0,0.0,1.1550071386821046,0.06188961742478399,1.3463154024084147,0.07098052948621805,0.0,0.0,0.04292575446204779,2.719799933846188,3.155475213479885,9.957023822885926,0.013603578401970367,0.8619303749328994,source
148,83,112,-7.962511637318939,-242.25076525137135,2.8865705326645674,10.0,10.0,3,2,81.14135805043043,0.0,0,0.11343758844992784,0.0,0.0,0.0,0.0,0.0,0.03762956637829224,0.0014442496695670454,-0.30724617450279523,-0.017044717361925216,0.0,0.0,0.15106715482822008,0.0014442496695670454,-0.30724617450279523,-0.017044717361925216,0.0,0.0,0.012868086473335202,0.09610880425947635,0.11751410526155145,0.013809564935422996,0.10950248435874713,0.8178490917798057,source
149,84,88,78.79669654902398,-248.2031588035561,2.135975480213414,10.0,10.0,3,2,161.15704663350593,95.09537322599792,5,0.00018676660855914843,0.0,0.0,0.0,0.0,0.0,0.010631943054607157,0.005720535816777401,0.04098295925174629,0.020323758786262587,0.0,0.0,0.010818709663166306,0.005720535816777401,0.04098295925174629,0.020323758786262587,0.0,0.0,3.488176607268618e-08,0.002238420863379925,0.0022424271290394037,5.028479429051903e-06,1.555536214353088e-05,0.9982134243705859,transition
150,84,93,94.33924164491322,-243.55225632907045,3.7777557678880456,10.0,10.0,3,2,177.33236472903675,94.42313564923796,5,3.0565897037013385e-05,0.0,0.0,0.0,0.0,0.0,0.03156246768367163,0.021339285835139745,-0.017751875710636515,-0.011740557710387768,0.0,0.0,0.03159303358070864,0.021339285835139745,-0.017751875710636515,-0.011740557710387768,0.0,0.0,9.342740616773037e-10,0.001904524272833444,0.001906454677382412,3.634569436913277e-06,4.900583647548729e-07,0.9989874374817982,transition
151,85,138,108.17754587783426,63.50686070774175,1.5707855386801377,10.0,10.0,3,2,392.67432661154726,279.6486405844325,13,7.290139387377077e-23,0.0,0.0,0.0,0.0,0.0,-0.0019033793081317109,0.003275586557354326,-0.0044631023781466295,0.0011748778830690948,0.0,0.0,-0.0019033793081317109,0.003275586557354326,-0.0044631023781466295,0.0011748778830690948,0.0,0.0,5.314613228738662e-45,3.565194096328733e-05,3.565194096328733e-05,1.2710608944497252e-09,1.4906939384342067e-40,1.0,transition
152,86,89,-36.603569561139906,-259.0357346535828,3.1946205981128557,10.0,10.0,3,3,47.956960311817966,0.0,0,0.4675319373939748,0.0,0.0,0.0,0.0,0.0,0.3132815760021055,0.02779995326628897,1.773793442269896,0.07606302405339303,0.0,0.0,0.7808135133960803,0.02779995326628897,1.773793442269896,0.07606302405339303,0.0,0.0,0.21858611248336357,3.2510469427318047,3.7625713395713722,14.15694308536391,0.058094875221226944,0.8640492496554657,source
153,86,120,-41.89743681001698,-246.88872316594598,2.836650070467435,10.0,10.0,3,2,50.803613547488375,0.0,0,0.426038524390009,0.0,0.0,0.0,0.0,0.0,1.7160395827276584,0.07162985122834845,-0.5922389680462202,-0.0262205662111508,0.0,0.0,2.1420781071176673,0.07162985122834845,-0.5922389680462202,-0.0262205662111508,0.0,0.0,0.18150882426441628,3.3013571984399954,4.94506396594469,24.453657627284624,0.03670505083744481,0.6676065711536887,source
154,87,95,206.45655436832465,-79.57040175071023,2.2881504299093827,10.0,10.0,3,3,349.6767702662058,377.1893030218248,17,2.788283937652802e-18,0.0,0.0,0.0,0.0,0.0,-0.009445852886720773,0.00017478001799486323,0.005966959282194778,-0.0018537406073165005,0.0,0.0,-0.009445852886720769,0.00017478001799486323,0.005966959282194778,-0.0018537406073165005,0.0,0.0,7.774527316972615e-36,0.000128295642126846,0.00012829564212684595,1.645977178873973e-08,6.059852998970874e-32,1.0000000000000004,transition
155,87,123,203.49887351511813,-66.05998468194497,1.0891743032752714,10.0,10.0,3,2,355.3047830731747,371.7694581501379,17,7.511184466783449e-19,0.0,0.0,0.0,0.0,0.0,-0.0015492875062767257,0.008191014434921455,-0.005007959391735898,0.00932907317502616,0.0,0.0,-0.001549287506276725,0.008191014434921455,-0.005007959391735898,0.00932907317502616,0.0,0.0,5.641789209404896e-37,0.00018160427282446525,0.00018160427282446525,3.298011190810281e-08,3.106639024324128e-33,1.0,transition
156,88,114,77.99998168383172,-268.1419304927356,1.627886205129613,10.0,10.0,2,2,157.4154451191504,115.05005616133025,6,0.00027696741385718917,0.0,0.0,0.0,0.0,0.0,0.003769609293047891,-0.0013906493933535996,-0.038982987767502995,-0.010652769389385827,0.0,0.0,0.00404657670690508,-0.0013906493933535996,-0.038982987767502995,-0.010652769389385827,0.0,0.0,7.67109483387395e-08,0.0016492986909021918,0.0016514635197248254,2.7273317569819087e-06,4.645028329267693e-05,0.9986891452358607,transition
157,89,96,-48.243680011596574,-279.3079190816444,3.562644748490591,10.0,10.0,3,2,30.679639470235085,0.0,0,0.7326011851430176,0.0,0.0,0.0,0.0,0.0,0.06977347106536333,0.018226855306010863,1.9931219323277858,0.06998284245414627,0.0,0.0,0.802374656208381,0.018226855306010863,1.9931219323277858,0.06998284245414627,0.0,0.0,0.536704496472954,3.9826331908828636,4.621569942543872,21.358908733824972,0.11613034166860045,0.861748981492355,source
158,89,147,-54.09866034152142,-266.4210562701961,3.730348001051901,10.0,10.0,3,3,29.107491114711205,0.0,0,0.7557222721305553,0.0,0.0,0.0,0.0,0.0,2.3489711940139326,0.07013129221337706,-0.9019810841026182,-0.02920748079557068,0.0,0.0,3.104693466144488,0.07013129221337706,-0.9019810841026182,-0.02920748079557068,0.0,0.0,0.5711161525941691,6.337007021468117,10.45846286988115,109.37944560068264,0.054608039412646435,0.6059214533062764,source
159,90,94,33.84111294113431,-182.0831453154097,2.7369723913051693,10.0,10.0,4,4,150.44262250738427,12.171474125401215,1,0.0005631425632855176,0.0,0.0,0.0,0.0,0.0,0.03879041989499709,0.03961924535643816,-0.013956121588692687,-0.010879719955830938,0.0,0.0,0.03935356245828261,0.03961924535643816,-0.013956121588692687,-0.010879719955830938,0.0,0.0,3.171295465837832e-07,0.0033875229143595126,0.0034315291168872768,1.1775392080045173e-05,9.241639391113482e-05,0.9871759204049295,transition
160,90,101,36.24512040030696,-192.97090645664315,4.342948250802433,10.0,10.0,4,4,145.35482181044372,11.368486195652592,1,0.0009261532708845763,0.0,0.0,0.0,0.0,0.0,0.06121588697680839,0.021347692377707683,0.06447208442329916,0.021970758484195416,0.0,0.0,0.062142040247692966,0.021347692377707683,0.06447208442329916,0.021970758484195416,0.0,0.0,8.577598811701993e-07,0.008842472686466474,0.008956721034254989,8.022285168546576e-05,9.576717616744965e-05,0.9872444003389665,transition
161,91,104,206.06571617168564,-275.606450227446,2.8037476864170827,10.0,10.0,2,2,284.9560968377645,233.70092501427854,11,2.1991116234646914e-12,0.0,0.0,0.0,0.0,0.0,0.00084124764473432,-0.0007683154381885524,-0.007155527800984041,-0.008194300686480563,0.0,0.0,0.0008412476469334317,-0.0007683154381885524,-0.007155527800984041,-0.008194300686480563,0.0,0.0,4.836091932457511e-24,0.00011964614806344125,0.00011964614806714124,1.4315200747304286e-08,4.041995509745675e-20,0.9999999999690755,transition
162,92,145,183.37725940244724,-310.4233845370343,3.0786156212651328,10.0,10.0,2,3,263.760513101016,213.25423850782005,11,1.028018660997621e-10,0.0,0.0,0.0,0.0,0.0,0.003199796866840348,0.0014781225585403161,-0.011615867053033883,-0.012086816472191158,0.0,0.0,0.003199796969642214,0.0014781225585403161,-0.011615867053033883,-0.012086816472191158,0.0,0.0,1.0568223673593418e-20,0.0002934430461132967,0.0002934430467711869,8.610882169835699e-08,3.601456497224152e-17,0.9999999977580311,transition
163,93,106,113.49988339674007,-256.28580194474347,2.6239719303016678,10.0,10.0,2,2,194.00588190413103,117.42907784442477,6,3.947581901779605e-06,0.0,0.0,0.0,0.0,0.0,0.026104432509719635,0.018981833523799976,-0.026141637836278153,-0.019545424627993285,0.0,0.0,0.026108380091621416,0.018981833523799976,-0.026141637836278153,-0.019545424627993285,0.0,0.0,1.5583402871257887e-11,0.0021071602532314595,0.002107366367585526,4.440993007230615e-06,7.394728847795112e-09,0.9999021933930251,transition
164,94,101,25.130060997917035,-190.58387213303428,2.300008478232524,10.0,10.0,4,4,138.28688982362465,0.0,0,0.0017968140918370227,0.0,0.0,0.0,0.0,0.0,-0.02890537810472295,-0.006099256458553539,0.07863389651258447,0.003966060350113949,0.0,0.0,-0.02710856401288593,-0.006099256458553539,0.07863389651258447,0.003966060350113949,0.0,0.0,3.2285408806241046e-06,0.007071741128176796,0.006971094487640533,4.859615835561222e-05,0.00046313256639228984,1.0144377099915522,source
165,94,199,11.803086175815599,-179.0705808295789,1.881727902106551,10.0,10.0,4,4,136.97669576048492,0.0,0,0.002024328141686103,0.0,0.0,0.0,0.0,0.0,0.036891478444549534,0.0440280508940936,-0.01946343744675974,-0.005087137112136218,0.0,0.0,0.03891580658623564,0.0440280508940936,-0.01946343744675974,-0.005087137112136218,0.0,0.0,4.097904425222312e-06,0.0037041548085991623,0.0038576136290318004,1.4881182910891896e-05,0.001062290011208515,0.9602192352085935,source
166,95,103,226.05168915700335,-92.24035006326164,4.4708702744113005,10.0,10.0,3,3,358.99100931797193,400.52376032490366,18,3.1454641748952216e-19,0.0,0.0,0.0,0.0,0.0,-0.005885374914893249,8.126925784291412e-05,0.004470151602479383,6.916704391429512e-05,0.0,0.0,-0.005885374914893249,8.126925784291412e-05,0.004470151602479383,6.916704391429512e-05,0.0,0.0,9.893944875549277e-38,5.463128201023789e-05,5.463128201023789e-05,2.9845769740821417e-09,1.8110402156945822e-33,1.0,transition
167,95,154,226.29737717109043,-79.81710600393612,2.720383102708748,10.0,10.0,3,3,365.90732618065357,397.0316595471801,18,5.9963403807526e-20,0.0,0.0,0.0,0.0,0.0,-0.006938454809718596,0.008214280878796155,-0.004156811598208645,0.003440964013799011,0.0,0.0,-0.006938454809718596,0.008214280878796155,-0.004156811598208645,0.003440964013799011,0.0,0.0,3.595609796184423e-39,0.00014473588150952494,0.00014473588150952494,2.0948475396339242e-08,2.4842559831632346e-35,1.0,transition
168,96,176,-63.41787729553215,-296.58727948261514,3.4991930659693757,10.0,10.0,2,2,21.367188040242276,0.0,0,0.8599097450213267,0.0,0.0,0.0,0.0,0.0,1.6822326232744798,0.05922894055058435,1.9076787668882007,0.051469864348427506,0.0,0.0,2.5421423682958064,0.05922894055058435,1.9076787668882007,0.051469864348427506,0.0,0.0,0.739444769582643,6.475302090779815,10.107883312655487,102.16930506225926,0.07315525384595879,0.6406189991006791,source
169,97,98,432.42907352450425,-89.5904823863003,4.471159596851464,10.0,10.0,2,3,546.1834718246735,598.5069053743754,27,1.4831560103438465e-43,0.0,0.0,0.0,0.0,0.0,0.0003137938889272257,-0.00035521697698373604,-0.00040033836110231046,0.0014118529800319886,0.0,0.0,0.0003137938889272257,-0.00035521697698373604,-0.00040033836110231046,0.0014118529800319886,0.0,0.0,2.1997517510190763e-86,2.3782453460608266e-06,2.3782453460608266e-06,5.656050926059981e-12,9.249473586325332e-81,1.0,remote
170,98,113,445.3038617812728,-92.66026750724279,4.622701992916262,10.0,10.0,3,3,557.2038565444445,611.7426053311357,28,2.6633625295296596e-45,0.0,0.0,0.0,0.0,0.0,-0.0016660207164366572,-0.0014759445703312645,-0.001592234475791777,-0.0014378783319877683,0.0,0.0,-0.0016660207164366572,-0.0014759445703312645,-0.001592234475791777,-0.0014378783319877683,0.0,0.0,7.093499963702627e-90,9.556742125786296e-06,9.556742125786296e-06,9.133132005877838e-11,7.422508497495948e-85,1.0,remote
171,98,157,446.7212127291423,-105.06263167030698,2.0648141534134794,10.0,10.0,3,3,554.4606570933656,619.5699689338708,28,7.298686398717528e-45,0.0,0.0,0.0,0.0,0.0,-0.0016654907463903904,-0.0033462732115981035,0.0009476013034844884,0.0013567426673714935,0.0,0.0,-0.0016654907463903904,-0.0033462732115981035,0.0009476013034844884,0.0013567426673714935,0.0,0.0,5.327082314682424e-89,1.6710102728802923e-05,1.6710102728802923e-05,2.792275332071469e-10,3.1879410923669678e-84,1.0,remote
172,99,129,345.7593194832647,-122.01704677007386,3.9971275145966665,10.0,10.0,2,3,453.6464349719822,533.0651755778035,24,2.8465813630332154e-30,0.0,0.0,0.0,0.0,0.0,-0.0013074054502101625,-0.0012050949248911765,0.0025085593698830465,0.0016223972168778974,0.0,0.0,-0.0013074054502101625,-0.0012050949248911765,0.0025085593698830465,0.0016223972168778974,0.0,0.0,8.103025456368038e-60,1.2086605630798882e-05,1.2086605630798882e-05,1.4608603567445924e-10,6.704136549073834e-55,1.0,transition
173,100,161,263.92515713137277,67.35117029633301,1.1460749872691167,10.0,10.0,3,1,489.2544694519323,426.68957367753063,19,4.305619110581847e-35,0.0,0.0,0.0,0.0,0.0,-0.0049886846896718086,-0.0027210374620434707,-0.0014463921365055691,-0.0026503200880628837,0.0,0.0,-0.0049886846896718086,-0.0027210374620434707,-0.0014463921365055691,-0.0026503200880628837,0.0,0.0,1.8538355925407614e-69,4.140726658454469e-05,4.140726658454469e-05,1.714561726003551e-09,4.47707792726581e-65,1.0,transition
174,100,184,251.9991216588997,74.52196075676991,3.828349460803004,10.0,10.0,3,2,486.20513140597774,425.19638751395007,19,1.1510143986133203e-34,0.0,0.0,0.0,0.0,0.0,0.001157113271271288,-0.0009233108680098994,-0.00381412272212262,0.005781434299657966,0.0,0.0,0.001157113271271288,-0.0009233108680098994,-0.00381412272212262,0.005781434299657966,0.0,0.0,1.3248341458151834e-68,5.0163928782211006e-05,5.0163928782211006e-05,2.516419750866738e-09,2.6410095420695846e-64,1.0,transition
175,101,108,24.69488279736667,-213.39524731551506,4.513959045001847,10.0,10.0,4,2,124.06719619363481,0.0,0,0.006167352185801259,0.0,0.0,0.0,0.0,0.0,0.014218910142541811,0.003343669085729726,0.11605158661423425,0.017812877140169,0.0,0.0,0.02038626232834307,0.003343669085729726,0.11605158661423425,0.017812877140169,0.0,0.0,3.803623298370757e-05,0.013998626876288413,0.014212049162366756,0.00020198234139352962,0.0026763369975124213,0.9849830039538928,source
176,101,134,34.80791508604224,-210.48450938905484,3.163832208166653,10.0,10.0,4,3,134.14652553275667,0.0,0,0.0026088225188225624,0.0,0.0,0.0,0.0,0.0,-0.01284568558525036,0.004253889485932294,0.00021905701407626835,-0.011226327789965608,0.0,0.0,-0.010236863066427796,0.004253889485932294,0.00021905701407626835,-0.011226327789965608,0.0,0.0,6.805954934715699e-06,0.0003091856355368043,0.0002489673628224889,6.198474775078484e-08,0.027336735456238385,1.2418721555774777,source
177,102,107,196.3739249817869,54.814380518853156,3.6919012249683156,10.0,10.0,3,2,434.77591520524567,355.67222564129463,16,7.265190538938224e-28,0.0,0.0,0.0,0.0,0.0,-0.0055282551533469265,-0.00245835229863623,-0.001726341264602587,-0.0012513590582771078,0.0,0.0,-0.0055282551533469265,-0.00245835229863623,-0.001726341264602587,-0.0012513590582771078,0.0,0.0,5.2782993567077476e-55,4.1151254719318716e-05,4.1151254719318716e-05,1.693425764974251e-09,1.2826581820431872e-50,1.0,transition
178,102,119,186.3609621055491,62.23518446075606,2.7566548688974706,10.0,10.0,3,3,434.36155328021437,353.6316712020562,16,8.183731615006757e-28,0.0,0.0,0.0,0.0,0.0,0.00018295579884563916,0.0011172231139535945,-0.004482504506850298,0.005950295594578248,0.0,0.0,0.00018295579884563916,0.0011172231139535945,-0.004482504506850298,0.005950295594578248,0.0,0.0,6.69734631464611e-55,5.6780524627473945e-05,5.6780524627473945e-05,3.2240279769711754e-09,1.179514694269929e-50,1.0,transition
179,103,121,246.83244173059205,-102.41086107127273,2.607757356367113,10.0,10.0,3,3,371.78682440387865,423.6598570503409,19,1.4295226874834785e-20,0.0,0.0,0.0,0.0,0.0,-0.008932126846618151,0.00297963984210154,0.002548066157073771,-0.0019525392297100974,0.0,0.0,-0.008932126846618151,0.00297963984210154,0.002548066157073771,-0.0019525392297100974,0.0,0.0,2.043535114029987e-40,9.896619417709717e-05,9.896619417709717e-05,9.794307589898902e-09,2.0648819842189136e-36,1.0,transition
180,103,154,236.1606440221111,-87.0573988172361,4.85134648728982,10.0,10.0,3,3,370.31378281628906,409.2670946843857,19,2.051786485973252e-20,0.0,0.0,0.0,0.0,0.0,0.00012518807422257322,-0.00015476599677217203,8.964682140935613e-05,0.00664423162872924,0.0,0.0,0.00012518807422257325,-0.00015476599677217203,8.964682140935613e-05,0.00664423162872924,0.0,0.0,4.209827784022466e-40,4.419347505647926e-05,4.419347505647926e-05,1.953063237567654e-09,9.525903492862479e-36,1.0,transition
181,104,148,215.22545043196436,-296.8778448478485,4.5490656776021545,10.0,10.0,2,2,294.4362133652151,256.8606521460004,12,3.5782282733409745e-13,0.0,0.0,0.0,0.0,0.0,0.0035933038529567516,0.0057168198551634805,-0.00470276945934631,-0.008570844833051454,0.0,0.0,0.0035933038533145743,0.0057168198551634805,-0.00470276945934631,-0.008570844833051454,0.0,0.0,1.2803717576136731e-25,0.00014116928357607047,0.00014116928357864198,1.9928766626107035e-08,9.06976167305127e-22,0.9999999999817842,transition
182,105,109,335.81667569349213,58.60052840772474,2.3620911488270018,10.0,10.0,2,3,536.4569668017311,490.480798021558,22,4.819550211243602e-42,0.0,0.0,0.0,0.0,0.0,-0.0014887015418905576,-0.0058223855491685095,0.000813026929569888,0.00022044651634145398,0.0,0.0,-0.0014887015418905576,-0.0058223855491685095,0.000813026929569888,0.00022044651634145398,0.0,0.0,2.3228064238698245e-83,3.6826015218766524e-05,3.6826015218766524e-05,1.3561553968928236e-09,6.307514972964339e-79,1.0,remote
183,106,111,129.55458328187999,-272.23581972014495,2.7261404424236098,10.0,10.0,2,3,208.5965646658875,140.05995178772477,7,5.662068438556973e-07,0.0,0.0,0.0,0.0,0.0,0.01887021360149178,0.013839190319831099,-0.02339312099132861,-0.018955497510779063,0.0,0.0,0.018870779808335635,0.013839190319831099,-0.02339312099132861,-0.018955497510779063,0.0,0.0,3.2059019002902996e-13,0.0014541571456705225,0.001454178514879285,2.114635153136523e-06,2.2046137166016577e-10,0.9999853049618435,transition
184,107,119,197.54761854632645,66.13201183561229,4.926111345741624,10.0,10.0,2,3,444.3247502695704,365.4776218145404,17,4.529789923409687e-29,0.0,0.0,0.0,0.0,0.0,-0.0008584865358575162,-0.005540747357194811,0.00035368504831715037,0.004296321518639145,0.0,0.0,-0.0008584865358575162,-0.005540747357194811,0.00035368504831715037,0.004296321518639145,0.0,0.0,2.0518996750223937e-57,5.002035211343479e-05,5.002035211343479e-05,2.5020356255520004e-09,4.1021296099018886e-53,1.0,transition
185,108,134,31.968729426319236,-222.40812343030217,1.0471677285404368,10.0,10.0,2,3,125.69828018670111,0.0,0,0.005390271355717631,0.0,0.0,0.0,0.0,0.0,0.2406493830140155,0.05401575740587354,0.05946241665826016,0.014441292962207699,0.0,0.0,0.24603965436973313,0.05401575740587354,0.05946241665826016,0.014441292962207699,0.0,0.0,2.9055025288269988e-05,0.06457415753041737,0.06719754350776876,0.0045155098534784745,0.0004323822534511387,0.9609600910924951,source
186,109,116,358.27743443183664,60.93789628486414,3.2443526027223513,10.0,10.0,3,3,555.4399021921124,513.0628477889109,23,5.0957164577974464e-45,0.0,0.0,0.0,0.0,0.0,-0.0012631430856676438,-0.004555794615810768,-0.0002070090400810216,-0.0011952032790492038,0.0,0.0,-0.0012631430856676438,-0.004555794615810768,-0.0002070090400810216,-0.0011952032790492038,0.0,0.0,2.5966326218267753e-89,2.38221586572456e-05,2.38221586572456e-05,5.674952430909815e-10,1.0900072739785065e-84,1.0,remote
187,109,131,350.5564924300449,68.6633813508673,2.1645943949491304,10.0,10.0,3,2,554.2368264113637,508.3280164822166,23,7.92269099403216e-45,0.0,0.0,0.0,0.0,0.0,-0.0017900541229718377,0.00017453308231404457,-0.0046277276421719,-0.0012253102715351614,0.0,0.0,-0.0017900541229718377,0.00017453308231404457,-0.0046277276421719,-0.0012253102715351614,0.0,0.0,6.2769032586918285e-89,2.615200395164198e-05,2.615200395164198e-05,6.839273106866978e-10,2.4001614829588334e-84,1.0,remote
188,111,122,143.259897011293,-290.0062307360962,2.2675478428532188,10.0,10.0,3,4,222.23563561891075,162.5015010234054,8,8.116062540593851e-08,0.0,0.0,0.0,0.0,0.0,0.01269646840626597,0.009174535566880896,-0.020667211676580883,-0.017109929014775708,0.0,0.0,0.012696549566891376,0.009174535566880896,-0.020667211676580883,-0.017109929014775708,0.0,0.0,6.587047116283072e-15,0.0009652557222345372,0.0009652577831477569,9.31722587927322e-07,6.824132611293081e-12,0.9999978649089852,transition
189,111,135,132.75706452355652,-291.84347756472596,3.863594921024742,10.0,10.0,3,2,211.8196807344362,159.92741595035633,8,3.61770100662246e-07,0.0,0.0,0.0,0.0,0.0,-0.0017069731557182992,0.00198377778267087,-0.0017745180945184732,0.007685787768079668,0.0,0.0,-0.001706611385617637,0.00198377778267087,-0.0017745180945184732,0.007685787768079668,0.0,0.0,1.3087760573317163e-13,6.906937972909796e-05,6.906814479627482e-05,4.770408625599185e-09,1.894905475153728e-09,1.0000178799188364,transition
190,112,115,-1.764246330843351,-262.79497870708985,3.5682046277630484,10.0,10.0,2,2,79.3636935883591,0.0,0,0.1246581049354491,0.0,0.0,0.0,0.0,0.0,-0.1807058543218302,-0.00557870424945578,0.14218907056898994,0.016321995132957994,0.0,0.0,-0.0560477493863811,-0.00557870424945578,0.14218907056898994,0.016321995132957994,0.0,0.0,0.015539643126097439,0.05316986704167893,0.023656611466774988,0.0005596352660899498,0.6568837277444578,2.2475690196102023,source
191,113,118,465.11952861318105,-87.42142050369803,2.7808085488256005,10.0,10.0,3,3,577.6241503238944,632.2390969801896,29,1.2544240180409953e-48,0.0,0.0,0.0,0.0,0.0,-0.0013533258804703163,-0.0033879647700209765,0.0006621464887007785,0.0011695568776608177,0.0,0.0,-0.0013533258804703163,-0.0033879647700209765,0.0006621464887007785,0.0011695568776608177,0.0,0.0,1.5735796170381153e-96,1.5116097484236536e-05,1.5116097484236536e-05,2.2849640315294214e-10,1.0409959440120609e-91,1.0,remote
192,113,157,455.6242678953872,-96.55939863429127,4.9661787658973005,10.0,10.0,3,3,565.6336731495038,622.7750124078424,29,1.1654939111176814e-46,0.0,0.0,0.0,0.0,0.0,-3.1744808732860444e-05,-0.00013229862468521823,-0.0009432037044546159,0.000298177229892607,0.0,0.0,-3.1744808732860444e-05,-0.00013229862468521823,-0.0009432037044546159,0.000298177229892607,0.0,0.0,1.35837605685239e-92,9.970535474984252e-07,9.970535474984252e-07,9.941157765791944e-13,1.3623902750865399e-86,1.0,remote
193,114,133,87.26988514027562,-288.4906023535636,3.1257694897728356,10.0,10.0,2,2,166.22882536516872,137.41072602140923,7,0.00010787333387412354,0.0,0.0,0.0,0.0,0.0,0.016295948749472225,0.003417426523967576,-0.03775771769093166,-0.011377255537018724,0.0,0.0,0.01640382208334635,0.003417426523967576,-0.03775771769093166,-0.011377255537018724,0.0,0.0,1.1636656161118129e-08,0.0018323239384748595,0.0018358513717715154,3.370350259235355e-06,6.3385611384701965e-06,0.9980785844916998,transition
194,115,153,-9.499675841656341,-283.8441676131034,2.8734050106375726,10.0,10.0,2,2,69.3544922450486,0.0,0,0.20390568566540637,0.0,0.0,0.0,0.0,0.0,0.10273540698787548,0.016394503150757814,0.6136933901595328,0.034667320085915554,0.0,0.0,0.3066410926532819,0.016394503150757814,0.6136933901595328,0.034667320085915554,0.0,0.0,0.04157752864667951,0.3886447437899646,0.47211893964459883,0.22289629317114035,0.08806579265381345,0.8231924440110964,source
195,116,131,361.8444654475111,71.43044606584536,1.844547594314669,10.0,10.0,3,2,564.7535733228257,519.9501927835778,24,1.6193457098718148e-46,0.0,0.0,0.0,0.0,0.0,0.003395931376424058,-0.0022776370591524988,-0.002827003812624643,0.0027858298424984023,0.0,0.0,0.003395931376424058,-0.0022776370591524988,-0.002827003812624643,0.0027858298424984023,0.0,0.0,2.6222805280802517e-92,3.247277895455519e-05,3.247277895455519e-05,1.0544813730314027e-09,8.075319121132395e-88,1.0,remote
196,116,142,380.09728372634953,70.17290687124651,4.718797843781591,10.0,10.0,3,2,578.3423332527132,536.7565440764438,24,9.533547098742012e-49,0.0,0.0,0.0,0.0,0.0,-0.0011668727889429782,-0.0030489740732808053,-0.0004957876283120348,-0.002035730981272906,0.0,0.0,-0.0011668727889429782,-0.0030489740732808053,-0.0004957876283120348,-0.002035730981272906,0.0,0.0,9.088852028393223e-97,1.504784100561573e-05,1.504784100561573e-05,2.2643751893029025e-10,6.039970800463228e-92,1.0,remote
197,117,126,319.4308520141029,-31.924490453637958,3.3825481333235956,10.0,10.0,3,3,470.14339527983816,475.0637845276433,21,1.8466322884595244e-32,0.0,0.0,0.0,0.0,0.0,-0.005267045756719976,-0.002931823095624375,0.0012805970035838755,8.068995791456165e-05,0.0,0.0,-0.005267045756719976,-0.002931823095624375,0.0012805970035838755,8.068995791456165e-05,0.0,0.0,3.41005080878126e-64,3.798379722231466e-05,3.798379722231466e-05,1.4427688514259188e-09,8.977645886277871e-60,1.0,transition
198,118,168,485.2039471952745,-97.82113742287504,3.240911253654179,10.0,10.0,3,1,593.2690659423693,654.8563024171962,30,2.9409153172585654e-51,0.0,0.0,0.0,0.0,0.0,-6.0980533349653595e-05,-0.0015500313742715446,0.00031408374742927146,0.0016281266321112472,0.0,0.0,-6.0980533349653595e-05,-0.0015500313742715446,0.00031408374742927146,0.0016281266321112472,0.0,0.0,8.648982903286049e-102,5.155760817262869e-06,5.155760817262869e-06,2.658186960482309e-11,1.6775376534782093e-96,1.0,remote
199,118,198,480.4664252452442,-79.8248149879681,3.4626529253050045,10.0,10.0,3,1,594.6356159385941,649.3632218219691,30,1.7195841225797162e-51,0.0,0.0,0.0,0.0,0.0,-0.0007170516208992438,-0.0004991224640234093,-0.0018732392424198013,-0.0020393727341258897,0.0,0.0,-0.0007170516208992438,-0.0004991224640234093,-0.0018732392424198013,-0.0020393727341258897,0.0,0.0,2.9569695546282523e-102,8.43135266916465e-06,8.43135266916465e-06,7.108770783182987e-11,3.5071116944764436e-97,1.0,remote
200,119,127,195.7586861676566,81.78296543342842,3.2697263399169323,10.0,10.0,3,3,455.60307337677386,375.32113773544717,17,1.5809020621532226e-30,0.0,0.0,0.0,0.0,0.0,-0.003473709384323277,0.0005444551613306883,-0.0033101676615093878,-0.0008474154083402047,0.0,0.0,-0.003473709384323277,0.0005444551613306883,-0.0033101676615093878,-0.0008474154083402047,0.0,0.0,2.499251330120312e-60,2.403841113103015e-05,2.403841113103015e-05,5.778452097044342e-10,1.0396907335086452e-55,1.0,transition
201,120,147,-59.392527590398494,-254.2740447825593,2.877822565743063,10.0,10.0,2,3,33.67784656549837,0.0,0,0.6873296427626007,0.0,0.0,0.0,0.0,0.0,0.33113166670100935,0.025951466834311838,2.0562599733274713,0.06964888434267875,0.0,0.0,1.0184613094636101,0.025951466834311838,2.0562599733274713,0.06964888434267875,0.0,0.0,0.47242203782016423,4.343377704321913,5.270992962504057,27.78336681076729,0.08962676315085304,0.8240150831577914,source
202,121,167,269.1141258746775,-102.2428140938058,3.55795006707935,10.0,10.0,3,1,391.52848464593893,445.94217488496986,20,9.811659500532442e-23,0.0,0.0,0.0,0.0,0.0,-0.006978873842941198,0.004744184995507677,-0.0021363842567134754,0.001138089467196362,0.0,0.0,-0.006978873842941198,0.004744184995507677,-0.0021363842567134754,0.001138089467196362,0.0,0.0,9.626866215438854e-45,7.707135671496552e-05,7.707135671496552e-05,5.93999402588546e-09,1.249084825513333e-40,1.0,transition
203,121,181,264.2201485486869,-114.2931528811678,2.091028318000358,10.0,10.0,3,2,381.7474626570606,444.71980023752735,20,1.1956719868812247e-21,0.0,0.0,0.0,0.0,0.0,-0.002600960776525064,-0.001628357596900473,0.005150731789582105,0.0009042916618449983,0.0,0.0,-0.002600960776525064,-0.001628357596900473,0.005150731789582105,0.0009042916618449983,0.0,0.0,1.4296315002124954e-42,3.676432680229942e-05,3.676432680229942e-05,1.3516157252262713e-09,3.8886377762344323e-38,1.0,transition
204,122,132,153.48462180286197,-309.4856903379367,1.9686643077217312,10.0,10.0,4,2,233.95426637438715,184.50137246491755,9,1.3862448033543521e-08,0.0,0.0,0.0,0.0,0.0,0.006178758294125108,0.0018111813063396546,-0.020373534395138077,-0.016021089344915106,0.0,0.0,0.0061787721565731415,0.0018111813063396546,-0.020373534395138077,-0.016021089344915106,0.0,0.0,1.9216746548269463e-16,0.0007132136393292807,0.0007132138106349044,5.086739396803613e-07,2.6943878906611015e-13,0.9999997598116845,transition
205,122,135,138.91544754511492,-301.11899589489065,1.3246304703985565,10.0,10.0,4,2,218.5959616311883,171.06118987178297,9,1.3794263666687765e-07,0.0,0.0,0.0,0.0,0.0,0.02010685971575996,0.0323434905372102,0.00605160134757042,0.006255990684544049,0.0,0.0,0.020106997658396627,0.0323434905372102,0.00605160134757042,0.006255990684544049,0.0,0.0,1.902817101061022e-14,0.001526146486074874,0.001526152033280391,2.329140028685872e-06,1.2468070412165997e-11,0.9999963652340029,transition
206,125,128,164.62524869325998,-83.56608951630727,1.9073302725366865,10.0,10.0,4,2,313.93702204168306,350.90070629739625,16,7.086067327190355e-15,0.0,0.0,0.0,0.0,0.0,-0.010855489654178862,-0.0008621209572124667,0.008361051046043561,-0.001588866500913245,0.0,0.0,-0.010855489654171775,-0.0008621209572124667,0.008361051046043561,-0.001588866500913245,0.0,0.0,5.0212350165474666e-29,0.00019101657952911967,0.00019101657952896582,3.6487333654945725e-08,2.6286906764478237e-25,1.0000000000008054,transition
207,125,166,145.71284602824483,-71.5339334435355,3.0840084594277606,10.0,10.0,4,2,307.60431040377995,335.25755369145014,16,2.6031345984790208e-14,0.0,0.0,0.0,0.0,0.0,-0.01054343124889039,0.0015132802945954753,0.005346466864789282,-0.0019916498798390053,0.0,0.0,-0.010543431248864359,0.0015132802945954753,0.005346466864789282,-0.0019916498798390053,0.0,0.0,6.776309737798533e-28,0.00014600533693024176,0.00014600533692969288,2.131755841195314e-08,4.641138385962962e-24,1.0000000000037592,transition
208,126,144,341.5212927332537,-28.915235958354046,2.9437415250790764,10.0,10.0,3,2,490.5413810319572,497.35824984493,22,2.837975598298638e-35,0.0,0.0,0.0,0.0,0.0,-0.005710564964747443,-0.0014598600641068558,-0.0024273204770293793,-0.0011721396043035334,0.0,0.0,-0.005710564964747443,-0.0014598600641068558,-0.0024273204770293793,-0.0011721396043035334,0.0,0.0,8.054105496538514e-70,4.200753957355803e-05,4.200753957355803e-05,1.7646333810240437e-09,1.9172999843123957e-65,1.0,transition
209,127,141,215.2735624372653,87.46449530019815,3.149830330058556,10.0,10.0,3,2,472.0543868480758,395.6462497264088,18,1.0183120461291917e-32,0.0,0.0,0.0,0.0,0.0,-0.000961960370229686,-0.007431059363739453,0.0006055374958015177,0.0015014933010304228,0.0,0.0,-0.000961960370229686,-0.007431059363739453,0.0006055374958015177,0.0015014933010304228,0.0,0.0,1.036959423291821e-64,5.876716881317306e-05,5.876716881317306e-05,3.45358013031598e-09,1.764521661045852e-60,1.0,transition
210,127,173,211.3367960412279,99.8876049262291,4.624218404436867,10.0,10.0,3,1,479.4412885440984,399.20534754857135,18,9.972295463979315e-34,0.0,0.0,0.0,0.0,0.0,-0.002235513995318049,0.0003438634716890156,-0.002969435001622644,0.0004015656780023544,0.0,0.0,-0.002235513995318049,0.0003438634716890156,-0.002969435001622644,0.0004015656780023544,0.0,0.0,9.944667682090242e-67,1.4094564133036052e-05,1.4094564133036052e-05,1.9865673810026632e-10,7.055675924579374e-62,1.0,transition
211,128,130,182.97677876996823,-96.59254390319063,3.1300383862003045,10.0,10.0,2,2,320.6776539110835,373.40553178105375,17,1.7229079174303617e-15,0.0,0.0,0.0,0.0,0.0,-0.00848329454477999,0.0008255582947001318,0.005509524001888452,-0.0017589669828784165,0.0,0.0,-0.008483294544778268,0.0008255582947001318,0.005509524001888452,-0.0017589669828784165,0.0,0.0,2.9684116919442263e-30,0.00010609665240568351,0.00010609665240565426,1.1256499651686222e-08,2.797837278215603e-26,1.0000000000002756,transition
212,129,143,363.28448260793266,-125.97706807887859,3.934585312817653,10.0,10.0,3,2,468.75828397270703,551.032176198731,25,2.8384991407650494e-32,0.0,0.0,0.0,0.0,0.0,-0.004272465054150089,0.00016564616309157058,-0.002309740683958874,-1.528065349172457e-05,0.0,0.0,-0.004272465054150089,0.00016564616309157058,-0.002309740683958874,-1.528065349172457e-05,0.0,0.0,8.057077372123923e-64,2.361653181578663e-05,2.361653181578663e-05,5.57740575006062e-10,3.411625989358063e-59,1.0,transition
213,129,171,363.153376351656,-137.0889219151669,3.3198488080065545,10.0,10.0,3,2,465.0584380212141,556.0807058721527,25,8.894356145013355e-32,0.0,0.0,0.0,0.0,0.0,-0.003472051268708058,-0.0009755590824173203,0.0018816126561938395,0.0003813659896681661,0.0,0.0,-0.003472051268708058,-0.0009755590824173203,0.0018816126561938395,0.0003813659896681661,0.0,0.0,7.910957123433684e-63,1.6692761741848573e-05,1.6692761741848573e-05,2.786482945701234e-10,4.739154159015521e-58,1.0,transition
214,130,180,203.23700325101726,-108.61526384824627,4.039162292301377,10.0,10.0,2,1,330.97508187504224,396.96444709776,18,1.874425181497738e-16,0.0,0.0,0.0,0.0,0.0,-0.0061460663961526935,0.0021939127562948875,0.0033148438237539614,-0.001961464782225872,0.0,0.0,-0.006146066396152506,0.0021939127562948875,0.0033148438237539614,-0.001961464782225872,0.0,0.0,3.5134697610328275e-32,5.7422918995942964e-05,5.742291899594066e-05,3.2973916260143625e-09,6.118584395337342e-28,1.0000000000000402,transition
215,132,137,164.49402064538413,-329.3398146629633,3.7766334433898976,10.0,10.0,2,3,247.921841312296,207.20364361974566,10,1.4980712270973871e-09,0.0,0.0,0.0,0.0,0.0,0.009265366003519787,0.008495458093374392,-0.011967462251389182,-0.01219423848983118,0.0,0.0,0.009265367501591015,0.008495458093374392,-0.011967462251389182,-0.01219423848983118,0.0,0.0,2.244217401457071e-18,0.0004499394204807659,0.00044993944824112456,2.024455070835276e-07,4.9878209395287e-15,0.999999938302012,transition
216,133,146,91.76298028826321,-310.22672396076666,2.8347932464999666,10.0,10.0,2,2,172.94188294618147,159.60637619282772,8,5.081911595385309e-05,0.0,0.0,0.0,0.0,0.0,-0.00643145436746951,-0.0033138620891934047,-0.026998498126394484,-0.0009146884667848925,0.0,0.0,-0.006380635251515657,-0.0033138620891934047,-0.026998498126394484,-0.0009146884667848925,0.0,0.0,2.5825825463311657e-09,0.0007821008432992315,0.0007814497442312731,6.106637027591221e-07,3.304860696923896e-06,1.0008331937821529,transition
217,134,170,42.737539957581326,-230.56817378581493,2.1803875789148286,10.0,10.0,3,2,131.90845173179136,0.0,0,0.003176379974068583,0.0,0.0,0.0,0.0,0.0,-0.025181019065045284,-0.006654497582361272,0.05082792780259472,0.008714999310480094,0.0,0.0,-0.0220046390909767,-0.006654497582361272,0.05082792780259472,0.008714999310480094,0.0,0.0,1.0089389739663934e-05,0.0033377955169152772,0.003187915937285243,1.0162808023197248e-05,0.0031648857555057835,1.0470149096082089,source
218,137,139,176.7647359937695,-349.4126086921678,3.4106610123227945,10.0,10.0,3,2,264.38487237853695,230.7299589984863,11,9.218472313498744e-11,0.0,0.0,0.0,0.0,0.0,0.006088808029050047,0.004735577054282721,-0.011487907049909669,-0.011787767387504498,0.0,0.0,0.006088808121234771,0.004735577054282721,-0.011487907049909669,-0.011787767387504498,0.0,0.0,8.49802317947429e-21,0.0003304227416209523,0.0003304227427435424,1.0917918892216521e-07,2.5718638822842862e-17,0.999999996602564,transition
219,137,145,179.1543135850135,-330.2054537556027,3.385802703897216,10.0,10.0,3,3,262.4832602211392,221.88947080497607,11,1.2838077521882137e-10,0.0,0.0,0.0,0.0,0.0,-0.0048251094504328145,0.0028500540955596417,-0.0033717274736984612,0.006252848503270522,0.0,0.0,-0.004825109322052039,0.0028500540955596417,-0.0033717274736984612,0.006252848503270522,0.0,0.0,1.6481623445785537e-20,8.187115011801775e-05,8.187114887911516e-05,6.70288501878624e-09,2.0131174011153886e-16,1.0000000151323465,transition
220,138,192,126.18515034920918,71.948957474748,3.498936135995809,10.0,10.0,2,1,408.84405149352773,299.53689884454616,14,1.0047116633991025e-24,0.0,0.0,0.0,0.0,0.0,-0.005186239189371916,-0.006700346300613168,0.00036020913051370483,-0.0004901243654474488,0.0,0.0,-0.005186239189371916,-0.006700346300613168,0.00036020913051370483,-0.0004901243654474488,0.0,0.0,1.0094455265701914e-48,7.216168998882832e-05,7.216168998882832e-05,5.207309502043766e-09,1.3988662498431899e-44,1.0,transition
221,139,152,190.36149338723493,-368.46180942832893,3.8994603377729646,10.0,10.0,2,2,282.79692445411666,254.13388730771078,12,3.2979529201168287e-12,0.0,0.0,0.0,0.0,0.0,0.005895047729792293,0.009025956374901974,-0.005247443386388765,-0.009526754877195101,0.0,0.0,0.005895047733090246,0.009025956374901974,-0.005247443386388765,-0.009526754877195101,0.0,0.0,1.0876493463307118e-23,0.00023451419680167864,0.00023451419684056182,5.499690851977378e-08,4.6378827422126915e-20,0.999999999834197,transition
222,140,175,108.58479660059689,-152.38181318126544,2.5400950711624866,10.0,10.0,2,2,227.7411341645477,97.85432104355665,5,3.578299269355404e-08,0.0,0.0,0.0,0.0,0.0,-0.003843903718525938,0.007916624366354414,-0.0006276401951417684,-0.010114803825946843,0.0,0.0,-0.0038438679355332446,0.007916624366354414,-0.0006276401951417684,-0.010114803825946843,0.0,0.0,1.2804225661069418e-15,0.00018015172580720045,0.0001801514507157235,3.245454519497976e-08,7.107478518879267e-12,1.000001527001175,transition
223,141,184,238.1009123264202,85.55779448091292,3.1086985534067324,10.0,10.0,2,2,485.1586317139553,418.5530917387021,19,1.6107295864926755e-34,0.0,0.0,0.0,0.0,0.0,-0.0010527267078395202,-0.007042560544219422,0.0004952697997079316,-0.0010436280605988068,0.0,0.0,-0.0010527267078395202,-0.007042560544219422,0.0004952697997079316,-0.0010436280605988068,0.0,0.0,2.594449800802865e-68,5.204034424376677e-05,5.204034424376677e-05,2.708197429009749e-09,4.985458567779594e-64,1.0,transition
224,142,160,400.9808384312897,81.40282329659435,2.788910446192123,10.0,10.0,2,2,601.7596771317666,560.4680155625099,25,1.0274530884392266e-52,0.0,0.0,0.0,0.0,0.0,-0.0005724154867098723,-0.003941073592097878,0.00021050405989123678,-0.0018550244317838956,0.0,0.0,-0.0005724154867098723,-0.003941073592097878,0.00021050405989123678,-0.0018550244317838956,0.0,0.0,1.0556598489433053e-104,1.934514814950244e-05,1.934514814950244e-05,3.742347569261977e-10,5.456974745217741e-100,1.0,remote
225,143,171,373.64345904533593,-131.32921197421564,2.2252545118808733,10.0,10.0,2,2,476.825003275801,562.6921006027342,26,2.2802581213051046e-33,0.0,0.0,0.0,0.0,0.0,0.0005089185633687546,0.0001349947256044465,-0.002195594824104517,0.0012105906661581392,0.0,0.0,0.0005089185633687546,0.0001349947256044465,-0.002195594824104517,0.0012105906661581392,0.0,0.0,5.199577099777885e-66,6.563388072706091e-06,6.563388072706091e-06,4.3078062992940583e-11,7.922093044292739e-61,1.0,transition
226,144,149,363.2234132028266,-29.00101221588416,4.271944377385594,10.0,10.0,2,3,509.2182260231432,519.0605398264553,23,5.918996068005008e-38,0.0,0.0,0.0,0.0,0.0,-0.0016826314346671707,-0.0031668700416733306,0.0011797828335404026,0.0013778364645083132,0.0,0.0,-0.0016826314346671707,-0.0031668700416733306,0.0011797828335404026,0.0013778364645083132,0.0,0.0,3.503451445305875e-75,1.6150635263023534e-05,1.6150635263023534e-05,2.6084301939921925e-10,2.169234453165404e-70,1.0,remote
227,145,162,195.97800491113358,-328.3713881876538,2.911715860236111,10.0,10.0,3,3,278.7230033827992,235.1838901789554,12,7.025380254186827e-12,0.0,0.0,0.0,0.0,0.0,0.007355302380813035,0.014944723954010029,-0.00437011078683348,-0.011867322223707538,0.0,0.0,0.007355302387838415,0.014944723954010029,-0.00437011078683348,-0.011867322223707538,0.0,0.0,4.935596771591816e-23,0.0004373764522252561,0.0004373764523286038,1.9129816105155543e-07,1.128455074642123e-19,0.99999999976371,transition
228,146,159,98.55171004570806,-329.65587631277685,1.9414275713565416,10.0,10.0,2,2,183.72249412347196,180.1874066052546,9,1.4256007219613373e-05,0.0,0.0,0.0,0.0,0.0,0.028154918263043987,0.012394498436085153,-0.03000920953318378,-0.016812083147676044,0.0,0.0,0.0281691742702636,0.012394498436085153,-0.03000920953318378,-0.016812083147676044,0.0,0.0,2.032337418456686e-10,0.002129521810451706,0.002130324767121499,4.538283613411269e-06,9.540035631293844e-08,0.9996230825073315,transition
229,147,169,-72.25063443637887,-272.80625594421815,2.2485287702685746,10.0,10.0,3,2,11.12426438513429,0.0,0,0.9599166265299705,0.0,0.0,0.0,0.0,0.0,0.6133671367249632,0.036293450081109124,2.959100066193758,0.0866685335564211,0.0,0.0,1.5732837632549337,0.036293450081109124,2.959100066193758,0.0866685335564211,0.0,0.0,0.9214399298886787,9.141321095389694,11.240323650697121,126.34487577242106,0.08197628097937655,0.8132613774713464,source
230,148,191,225.61573319388873,-318.3294434148187,3.737460242364488,10.0,10.0,2,3,306.6252049430397,273.2249315698749,14,3.175689437239635e-14,0.0,0.0,0.0,0.0,0.0,0.001974113183109903,0.0012335860330327858,-0.006086119614741219,-0.007480376738413434,0.0,0.0,0.00197411318314166,0.0012335860330327858,-0.006086119614741219,-0.007480376738413434,0.0,0.0,1.0085003401795389e-27,9.84157454741565e-05,9.841574547428189e-05,9.685658957258635e-09,1.0247347467820394e-23,0.9999999999987259,transition
231,149,194,386.13532661675237,-33.14694566712383,3.4610789204311168,10.0,10.0,3,1,527.2623709765838,542.3445373455528,24,1.222286688834553e-40,0.0,0.0,0.0,0.0,0.0,-0.0031680211474154336,-0.0032303694404466556,0.0001196437787697013,-0.00030871702619153957,0.0,0.0,-0.0031680211474154336,-0.0032303694404466556,0.0001196437787697013,-0.00030871702619153957,0.0,0.0,1.4939847497021353e-80,2.0581265548301876e-05,2.0581265548301876e-05,4.235884915697177e-10,7.258954733351668e-76,1.0,remote
232,151,165,173.87969854595974,-178.18175627590543,3.9674456027046823,10.0,10.0,2,1,273.1148270934248,175.25163132786375,9,1.954276206214479e-11,0.0,0.0,0.0,0.0,0.0,0.000796840812006912,0.006665794491451217,-0.0013510389005756819,-0.007156290508062287,0.0,0.0,0.000796840831549674,0.006665794491451217,-0.0013510389005756819,-0.007156290508062287,0.0,0.0,3.819195490176057e-22,9.810557142859235e-05,9.81055714597373e-05,9.624703151441623e-09,3.892944542648591e-18,0.9999999996825364,transition
233,152,158,205.92982286563472,-386.38532959467256,3.6399389876389705,10.0,10.0,2,1,303.35869032391986,277.87468463849433,13,6.136223485217155e-14,0.0,0.0,0.0,0.0,0.0,0.0039957387377461216,0.00681033736351745,-0.0041662252131639994,-0.009018436535601793,0.0,0.0,0.003995738737807484,0.00681033736351745,-0.0041662252131639994,-0.009018436535601793,0.0,0.0,3.7653238660530576e-27,0.00016103625313872744,0.0001610362531392178,2.5932674825118233e-08,2.3381839757522732e-23,0.999999999996955,transition
234,153,188,-17.31389702062541,-305.2192884606585,4.232142224145132,10.0,10.0,2,1,65.82384817991951,0.0,0,0.23875350172980953,0.0,0.0,0.0,0.0,0.0,-0.31153616333994016,-0.0061047163224061595,-0.0021846424465619407,0.010193387485148173,0.0,0.0,-0.07278266161013064,-0.0061047163224061595,-0.0021846424465619407,0.010193387485148173,0.0,0.0,0.05700323458824616,0.09720072644098862,0.0054432612034735345,2.962909252924015e-05,10.472257798664964,17.857075530191615,source
235,156,183,245.3425154456417,-0.08789123915260788,5.669930552138013,10.0,10.0,2,2,429.4585290149282,397.42347072801783,18,3.31902977797202e-27,0.0,0.0,0.0,0.0,0.0,-0.004603715621367835,-0.00038772287299962513,-0.001872856293126296,-0.00024130910002334637,0.0,0.0,-0.004603715621367835,-0.00038772287299962513,-0.001872856293126296,-0.00024130910002334637,0.0,0.0,1.1015958667064995e-53,2.4910347325130168e-05,2.4910347325130168e-05,6.205254038586197e-10,4.42224210015403e-49,1.0,transition
236,157,164,461.9174270193744,-118.8452796661606,2.0415435998708418,10.0,10.0,3,2,564.7555137591421,640.0854829301678,29,1.6181728503540303e-46,0.0,0.0,0.0,0.0,0.0,0.00038970230572962924,-0.0002803160661473744,9.52805286132727e-05,0.0017961204165247739,0.0,0.0,0.00038970230572962924,-0.0002803160661473744,9.52805286132727e-05,0.0017961204165247739,0.0,0.0,2.618483373622887e-92,3.46557191382128e-06,3.46557191382128e-06,1.201018868986689e-11,7.555703470414039e-87,1.0,remote
237,159,177,115.66806627289535,-343.60902970689483,2.6326721917859857,10.0,10.0,2,1,204.08247878279604,202.27043493326613,10,1.0481519084291027e-06,0.0,0.0,0.0,0.0,0.0,0.024010290053194855,0.01798281740914648,-0.013107123342924095,-0.011979716263587268,0.0,0.0,0.024011338205103285,0.01798281740914648,-0.013107123342924095,-0.011979716263587268,0.0,0.0,1.09862242314357e-12,0.0012151860344919326,0.0012152363684532373,1.4767994312114124e-06,9.040401124119628e-10,0.9999585809291004,transition
238,160,174,423.30515909382274,84.54742457410953,4.162785059260617,10.0,10.0,2,2,621.5542780124692,583.0127224853809,26,3.4296592251990112e-56,0.0,0.0,0.0,0.0,0.0,0.001965647808198254,-0.0028526288648602995,-0.00011839410455221953,0.0005675499671641788,0.0,0.0,0.001965647808198254,-0.0028526288648602995,-0.00011839410455221953,0.0005675499671641788,0.0,0.0,1.1762562400992682e-111,1.2337392875729542e-05,1.2337392875729542e-05,1.5221126297010207e-10,9.534074597018238e-107,1.0,remote
239,162,179,212.62646363186064,-344.42223006354857,3.638817967487075,10.0,10.0,3,3,298.1056585330421,258.30964860329107,13,1.7438423973588397e-13,0.0,0.0,0.0,0.0,0.0,0.004349891166225991,0.009010037967503496,-0.005041821162866805,-0.011721583058971113,0.0,0.0,0.004349891166400375,0.009010037967503496,-0.005041821162866805,-0.011721583058971113,0.0,0.0,3.0409863068262255e-26,0.00026291780738055563,0.00026291780738207276,6.912577343859671e-08,1.156630027119866e-22,0.9999999999942296,transition
240,162,191,217.03835163531872,-332.51480996322107,4.558101166984063,10.0,10.0,3,3,300.1801700103402,256.64795661924444,13,1.156956860467838e-13,0.0,0.0,0.0,0.0,0.0,-0.0013561954797855047,0.010293474912635723,-9.367770980920905e-05,0.003025428067746328,0.0,0.0,-0.001356195479669809,0.010293474912635723,-9.367770980920905e-05,0.003025428067746328,0.0,0.0,1.3385491769835964e-26,0.00011695688246287404,0.00011695688246256018,1.3678912355361115e-08,1.14448089654928e-22,1.0000000000026836,transition
241,163,193,380.6530198530016,35.50801831511322,3.968195564641171,10.0,10.0,3,2,558.3824905189093,533.4899936864849,24,1.724474447201277e-45,0.0,0.0,0.0,0.0,0.0,-0.0024688928848477063,-0.0026383329496308863,-0.0015478528531555305,-0.0018440477995182853,0.0,0.0,-0.0024688928848477063,-0.0026383329496308863,-0.0015478528531555305,-0.0018440477995182853,0.0,0.0,2.97381211905015e-90,1.8852593571889592e-05,1.8852593571889592e-05,3.5542028438685276e-10,1.5774021265086262e-85,1.0,remote
242,163,197,381.17560403236234,23.211415260007996,3.9848618095656327,10.0,10.0,3,2,551.9235091671243,531.8150825262404,24,1.8460774845077046e-44,0.0,0.0,0.0,0.0,0.0,0.0008304554200147703,-0.003177643781597286,-0.00020870767703753132,0.001906995939677089,0.0,0.0,0.0008304554200147703,-0.003177643781597286,-0.00020870767703753132,0.001906995939677089,0.0,0.0,3.408002078806294e-88,1.4467268615755113e-05,1.4467268615755113e-05,2.0930186120041286e-10,2.3556637879073587e-83,1.0,remote
243,164,189,478.15018259293043,-131.16579560549965,3.2309464859239405,10.0,10.0,2,1,576.9788661104108,660.4643314384208,30,1.6047581810738294e-48,0.0,0.0,0.0,0.0,0.0,-0.0012889090652459664,-0.0026723894858521656,0.00038381211628672773,0.0006065580509381699,0.0,0.0,-0.0012889090652459664,-0.0026723894858521656,0.00038381211628672773,0.0006065580509381699,0.0,0.0,2.5752488197233857e-96,9.318176552332842e-06,9.318176552332842e-06,8.682841426044557e-11,2.763683221991176e-91,1.0,remote
244,169,176,-75.84569842034912,-292.6752159444303,2.58759771912516,10.0,10.0,2,2,11.29379885956258,0.0,0,0.9587113368101382,0.0,0.0,0.0,0.0,0.0,-1.2283408366135373,-0.027745120965176895,-0.8365987889528416,-0.0019972681514937728,0.0,0.0,-0.2696294998033991,-0.027745120965176895,-0.8365987889528416,-0.0019972681514937728,0.0,0.0,0.9191274273282822,2.2094925253872475,0.7733713816590334,0.5981032939692024,1.1884683725386547,2.8569618397922256,source
245,170,172,41.01168558193411,-253.10755356043836,3.4265460325272095,10.0,10.0,2,2,123.21783744411029,0.0,0,0.006610783853893719,0.0,0.0,0.0,0.0,0.0,-0.005192637728287242,0.00047052023268539443,0.061890526532005066,0.01572241666621952,0.0,0.0,0.001418146125606477,0.00047052023268539443,0.061890526532005066,0.01572241666621952,0.0,0.0,4.3702463162901894e-05,0.00410481653610164,0.004079864187957981,1.6645291792182035e-05,0.010711744594806104,1.0061159751879263,source
246,172,182,37.09582435684762,-275.924287977903,2.9027688509574325,10.0,10.0,2,1,116.06716046969788,0.0,0,0.01163873204577046,0.0,0.0,0.0,0.0,0.0,-0.027937318398201873,-0.0022571729058982514,0.02548566872395107,0.013754814298959557,0.0,0.0,-0.016298586352431414,-0.0022571729058982514,0.02548566872395107,0.013754814298959557,0.0,0.0,0.00013546008363324422,0.00162430281551547,0.0011094529733206245,1.2308859000099745e-06,0.12209628248397794,1.4640573819491287,source
247,174,178,447.29129515878685,82.15635442257849,4.076764488226715,10.0,10.0,2,2,639.7243076186023,607.1177414606175,27,1.7580289977905133e-59,0.0,0.0,0.0,0.0,0.0,0.0022506707743599973,-0.002543473964482236,-2.206497212311546e-05,0.00024969123028338526,0.0,0.0,0.0022506707743599973,-0.002543473964482236,-2.206497212311546e-05,0.00024969123028338526,0.0,0.0,3.090665957072317e-118,1.1597611316032437e-05,1.1597611316032437e-05,1.3450458823776362e-10,2.6649159666178906e-113,1.0,remote
248,178,187,470.8943937910718,79.98470212462107,3.347223187889501,10.0,10.0,2,2,658.0761344310936,630.8205332529063,28,6.693535952891976e-63,0.0,0.0,0.0,0.0,0.0,0.0024159791886123904,-0.002111484093027333,-0.00015775232439886968,0.0005165077717275121,0.0,0.0,0.0024159791886123904,-0.002111484093027333,-0.00015775232439886968,0.0005165077717275121,0.0,0.0,4.4803423552657495e-125,1.0586986589023808e-05,1.0586986589023808e-05,1.1208428503616997e-10,4.231933532352635e-120,1.0,remote
249,179,190,227.6948753499865,-361.2799381222852,1.6169580762179976,10.0,10.0,3,1,316.6600253050049,280.92025126444423,14,4.016810798341316e-15,0.0,0.0,0.0,0.0,0.0,0.004616242947683486,0.01116539559676299,-0.002906735419269165,-0.011945310530991238,0.0,0.0,0.004616242947687503,0.01116539559676299,-0.002906735419269165,-0.011945310530991238,0.0,0.0,1.6134768989671402e-29,0.00029711531226369594,0.000297115312263733,8.827750878157558e-08,5.430473733157667e-26,0.9999999999998752,transition
250,179,191,224.5803548970436,-341.6151734463534,5.396961172608126,10.0,10.0,3,3,309.2474831599407,268.46736560298797,14,1.8619864776228206e-14,0.0,0.0,0.0,0.0,0.0,-0.0020213983261760673,-0.00043725274695992534,-0.0058232479167082745,-0.00184678841433925,0.0,0.0,-0.0020213983261574476,-0.00043725274695992534,-0.0058232479167082745,-0.00184678841433925,0.0,0.0,3.4669936428502385e-28,4.1598084904576354e-05,4.159808490450108e-05,1.7304006677220803e-09,8.334503020534717e-24,1.0000000000018097,transition
251,181,195,280.6808543993233,-129.6263713693237,3.7089683902047703,10.0,10.0,2,1,390.37726731980166,467.2156315470545,21,1.3212184946194122e-22,0.0,0.0,0.0,0.0,0.0,-0.003892196342166206,0.0001315087034972763,0.002752585153866231,-0.0006172716557559933,0.0,0.0,-0.003892196342166206,0.0001315087034972763,0.002752585153866231,-0.0006172716557559933,0.0,0.0,1.745618310524386e-44,2.3124236231352057e-05,2.3124236231352057e-05,5.347303012833751e-10,7.548869043975863e-40,1.0,transition
252,187,196,489.00926387382856,88.14044003809747,3.1388908048675788,10.0,10.0,2,1,677.6989982667257,650.6866999447589,29,1.1547243693365839e-66,0.0,0.0,0.0,0.0,0.0,-0.00023480874319244658,-0.0016899458187113062,0.0001947778187595934,-0.0025111421849195346,0.0,0.0,-0.00023480874319244658,-0.0016899458187113062,0.0001947778187595934,-0.0025111421849195346,0.0,0.0,1.3333883691397714e-132,9.254825487622643e-06,9.254825487622643e-06,8.565179480634968e-11,1.4407493376542198e-127,1.0,remote
253,193,197,391.1936506793431,29.788446583875867,4.615405007380332,10.0,10.0,2,2,563.907486297194,543.799180308561,25,2.2204428116360106e-46,0.0,0.0,0.0,0.0,0.0,6.721751944296442e-05,-4.6319176324874963e-05,-0.0036099383782636314,0.0003949410531920064,0.0,0.0,6.721751944296442e-05,-4.6319176324874963e-05,-0.0036099383782636314,0.0003949410531920064,0.0,0.0,4.930366279746032e-92,1.3194297191372551e-05,1.3194297191372551e-05,1.7408947837426158e-10,3.73674035701567e-87,1.0,remote
