upstream_hotspot,downstream_hotspot,upstream_geodesic_nm,downstream_geodesic_nm,upstream_steps,downstream_steps,upstream_M4,downstream_M4,ratio,delta_log10_M4,upstream_particles,downstream_particles,upstream_coordination,downstream_coordination,upstream_gap_nm,downstream_gap_nm,near_branch,downstream_class
0,1,306.9500180518242,317.6412268914049,14,15,1.2419537032380828e-07,6.81250727207447e-08,0.5485314995488613,-0.2607984279115955,"[0, 1]","[0, 2]","[2, 3]","[2, 3]",2.418659204525966,3.424481581403718,True,transition
2,0,306.43189728914194,306.9500180518242,14,14,2.6910209518975056e-09,1.2419537032380828e-07,46.15176639046049,1.664188327657689,"[1, 2]","[0, 1]","[3, 3]","[2, 3]",2.453198893153857,2.418659204525966,True,transition
3,0,284.49605663170087,306.9500180518242,13,14,7.213552604747021e-08,1.2419537032380828e-07,1.7216949418526326,0.23595620355983257,"[1, 3]","[0, 1]","[3, 2]","[2, 3]",3.7228801202257067,2.418659204525966,True,transition
2,1,306.43189728914194,317.6412268914049,14,15,2.6910209518975056e-09,6.81250727207447e-08,25.315697624988026,1.4033898997460934,"[1, 2]","[0, 2]","[3, 3]","[2, 3]",2.453198893153857,3.424481581403718,True,transition
1,4,317.6412268914049,327.56221816501585,15,15,6.81250727207447e-08,6.026036231048288e-08,0.8845548328072912,-0.05327524037152597,"[0, 2]","[2, 4]","[2, 3]","[3, 2]",3.424481581403718,2.9860014002403688,True,transition
3,2,284.49605663170087,306.43189728914194,13,14,7.213552604747021e-08,2.6910209518975056e-09,0.03730507143077637,-1.4282321240978564,"[1, 3]","[1, 2]","[3, 2]","[3, 3]",3.7228801202257067,2.453198893153857,True,transition
2,4,306.43189728914194,327.56221816501585,14,15,2.6910209518975056e-09,6.026036231048288e-08,22.393122680071222,1.3501146593745674,"[1, 2]","[2, 4]","[3, 3]","[3, 2]",2.453198893153857,2.9860014002403688,True,transition
5,3,261.0897739800745,284.49605663170087,12,13,2.134637847788117e-07,7.213552604747021e-08,0.3379286379758331,-0.4711750021053693,"[3, 11]","[1, 3]","[2, 3]","[3, 2]",3.155795655823006,3.7228801202257067,True,transition
4,6,327.56221816501585,348.38299567029594,15,16,6.026036231048288e-08,1.9088713865413848e-07,3.1677064547109732,0.5007449295443718,"[2, 4]","[4, 5]","[3, 2]","[2, 4]",2.9860014002403688,2.491017479293401,True,transition
21,5,253.55568149045956,261.0897739800745,12,12,4.625475174050718e-07,2.134637847788117e-07,0.4614959041967416,-0.335832149010003,"[11, 12]","[3, 11]","[3, 2]","[2, 3]",2.0278770443448515,3.155795655823006,True,transition
22,5,239.64803465739763,261.0897739800745,11,12,2.6035303572152667e-07,2.134637847788117e-07,0.8199012705468598,-0.08623844058967386,"[11, 14]","[3, 11]","[3, 3]","[2, 3]",1.7885237686800366,3.155795655823006,True,transition
6,7,348.38299567029594,370.9655045694788,16,17,1.9088713865413848e-07,8.09251686075586e-08,0.4239424886250927,-0.37269305512154577,"[4, 5]","[5, 6]","[2, 4]","[4, 4]",2.491017479293401,3.1001357411092307,True,transition
6,8,348.38299567029594,369.70042718525383,16,17,1.9088713865413848e-07,3.766598916787667e-08,0.1973207280146952,-0.7048272908777374,"[4, 5]","[5, 10]","[2, 4]","[4, 4]",2.491017479293401,3.1963251033621454,True,transition
6,9,348.38299567029594,365.61598870759553,16,17,1.9088713865413848e-07,3.154402188813481e-09,0.016524959256311283,-1.7818596026308846,"[4, 5]","[5, 39]","[2, 4]","[4, 3]",2.491017479293401,2.5535227214779432,True,transition
8,7,369.70042718525383,370.9655045694788,17,17,3.766598916787667e-08,8.09251686075586e-08,2.1484944480517028,0.3321342357561916,"[5, 10]","[5, 6]","[4, 4]","[4, 4]",3.1963251033621454,3.1001357411092307,True,transition
9,7,365.61598870759553,370.9655045694788,17,17,3.154402188813481e-09,8.09251686075586e-08,25.654676786157808,1.409166547509339,"[5, 39]","[5, 6]","[4, 3]","[4, 4]",2.5535227214779432,3.1001357411092307,True,transition
7,10,370.9655045694788,393.875994790595,17,18,8.09251686075586e-08,4.335799514892132e-08,0.5357788670071623,-0.2710144204836484,"[5, 6]","[6, 7]","[4, 4]","[4, 2]",3.1001357411092307,3.415378888241367,True,transition
7,11,370.9655045694788,381.25049505580847,17,18,8.09251686075586e-08,1.1698858444745896e-08,0.14456390571737648,-0.8399401268514513,"[5, 6]","[6, 10]","[4, 4]","[4, 4]",3.1001357411092307,2.378620962607908,True,transition
7,12,370.9655045694788,377.1660565781502,17,18,8.09251686075586e-08,8.158231395835813e-09,0.10081204075580777,-0.9964875936691735,"[5, 6]","[6, 39]","[4, 4]","[4, 3]",3.1001357411092307,4.3582981106012895,True,transition
9,8,365.61598870759553,369.70042718525383,17,17,3.154402188813481e-09,3.766598916787667e-08,11.940769411539312,1.0770323117531473,"[5, 39]","[5, 10]","[4, 3]","[4, 4]",2.5535227214779432,3.1963251033621454,True,transition
8,11,369.70042718525383,381.25049505580847,17,18,3.766598916787667e-08,1.1698858444745896e-08,0.31059474882245314,-0.5078058910952598,"[5, 10]","[6, 10]","[4, 4]","[4, 4]",3.1963251033621454,2.378620962607908,True,transition
8,19,369.70042718525383,391.02106941262457,17,18,3.766598916787667e-08,1.1086194271527841e-07,2.9432903572814357,0.4688331076126782,"[5, 10]","[10, 21]","[4, 4]","[4, 2]",3.1963251033621454,2.785116746716497,True,transition
8,20,369.70042718525383,385.6597161682271,17,18,3.766598916787667e-08,4.4598481031063303e-08,1.1840517670275068,0.07337069026099001,"[5, 10]","[10, 185]","[4, 4]","[4, 1]",3.1963251033621454,2.662957410937352,True,transition
9,12,365.61598870759553,377.1660565781502,17,18,3.154402188813481e-09,8.158231395835813e-09,2.5863003217432166,0.41267895384016545,"[5, 39]","[6, 39]","[4, 3]","[4, 3]",2.5535227214779432,4.3582981106012895,True,transition
9,77,365.61598870759553,386.6534846440155,17,18,3.154402188813481e-09,3.094613830760576e-08,9.810460573908635,0.9916893967797092,"[5, 39]","[39, 73]","[4, 3]","[3, 3]",2.5535227214779432,1.657562869629853,True,transition
11,10,381.25049505580847,393.875994790595,18,18,1.1698858444745896e-08,4.335799514892132e-08,3.706173158150652,0.5689257063678029,"[6, 10]","[6, 7]","[4, 4]","[4, 2]",2.378620962607908,3.415378888241367,True,transition
12,10,377.1660565781502,393.875994790595,18,18,8.158231395835813e-09,4.335799514892132e-08,5.314631694689665,0.7254731731855251,"[6, 39]","[6, 7]","[4, 3]","[4, 2]",4.3582981106012895,3.415378888241367,True,transition
10,13,393.875994790595,416.2813038933766,18,19,4.335799514892132e-08,5.786328978907376e-08,1.3345471715269868,0.12533392917021757,"[6, 7]","[7, 8]","[4, 2]","[2, 3]",3.415378888241367,1.584632114402151,True,transition
12,11,377.1660565781502,381.25049505580847,18,18,8.158231395835813e-09,1.1698858444745896e-08,1.4339944379019842,0.1565474668177222,"[6, 39]","[6, 10]","[4, 3]","[4, 4]",4.3582981106012895,2.378620962607908,True,transition
11,19,381.25049505580847,391.02106941262457,18,18,1.1698858444745896e-08,1.1086194271527841e-07,9.476304311132843,0.9766389987079378,"[6, 10]","[10, 21]","[4, 4]","[4, 2]",2.378620962607908,2.785116746716497,True,transition
11,20,381.25049505580847,385.6597161682271,18,18,1.1698858444745896e-08,4.4598481031063303e-08,3.8122079382106757,0.5811765813562497,"[6, 10]","[10, 185]","[4, 4]","[4, 1]",2.378620962607908,2.662957410937352,True,transition
12,77,377.1660565781502,386.6534846440155,18,18,8.158231395835813e-09,3.094613830760576e-08,3.7932410599926754,0.5790104429395438,"[6, 39]","[39, 73]","[4, 3]","[3, 3]",4.3582981106012895,1.657562869629853,True,transition
13,14,416.2813038933766,435.0092597982796,19,20,5.786328978907376e-08,2.379033625417456e-08,0.41114731535134486,-0.38600254118714633,"[7, 8]","[8, 9]","[2, 3]","[3, 4]",1.584632114402151,3.543836123631557,True,transition
13,15,416.2813038933766,438.3964233822635,19,20,5.786328978907376e-08,2.7299101418782613e-08,0.4717861967111566,-0.3262547696392127,"[7, 8]","[8, 15]","[2, 3]","[3, 5]",1.584632114402151,2.7341203350701093,True,transition
14,15,435.0092597982796,438.3964233822635,20,20,2.379033625417456e-08,2.7299101418782613e-08,1.147486993337152,0.05974777154793364,"[8, 9]","[8, 15]","[3, 4]","[3, 5]",3.543836123631557,2.7341203350701093,True,transition
14,16,435.0092597982796,446.3763199658146,20,21,2.379033625417456e-08,5.32571474043413e-09,0.22386042313713037,-0.6500226796787743,"[8, 9]","[9, 15]","[3, 4]","[4, 5]",3.543836123631557,3.3702936113884157,True,transition
14,17,435.0092597982796,458.1680027844744,20,21,2.379033625417456e-08,1.4124835782130766e-08,0.5937215695995991,-0.22641717309192783,"[8, 9]","[9, 18]","[3, 4]","[4, 3]",3.543836123631557,4.341560549656062,True,transition
14,18,435.0092597982796,449.62252502855506,20,21,2.379033625417456e-08,7.330528177745716e-09,0.30813049884738,-0.5112653129599853,"[8, 9]","[9, 124]","[3, 4]","[4, 3]",3.543836123631557,3.1825502846020264,True,transition
15,16,438.3964233822635,446.3763199658146,20,21,2.7299101418782613e-08,5.32571474043413e-09,0.19508754734212155,-0.7097704512267079,"[8, 15]","[9, 15]","[3, 5]","[4, 5]",2.7341203350701093,3.3702936113884157,True,transition
15,27,438.3964233822635,460.82458371103155,20,21,2.7299101418782613e-08,1.992689630653267e-08,0.7299469678816006,-0.13670869110284373,"[8, 15]","[15, 22]","[3, 5]","[5, 4]",2.7341203350701093,3.4402159857315233,True,transition
15,28,438.3964233822635,459.8014009060928,20,21,2.7299101418782613e-08,9.904353269839593e-09,0.36280876494436903,-0.44032222954746425,"[8, 15]","[15, 56]","[3, 5]","[5, 3]",2.7341203350701093,1.8859859352315809,True,transition
15,29,438.3964233822635,450.92928321989325,20,21,2.7299101418782613e-08,5.962901720445488e-09,0.21842849802898018,-0.6606907005400006,"[8, 15]","[15, 110]","[3, 5]","[5, 2]",2.7341203350701093,5.436158091802639,True,transition
16,17,446.3763199658146,458.1680027844744,21,21,5.32571474043413e-09,1.4124835782130766e-08,2.6521953334998503,0.4236055065868464,"[9, 15]","[9, 18]","[4, 5]","[4, 3]",3.3702936113884157,4.341560549656062,True,transition
16,18,446.3763199658146,449.62252502855506,21,21,5.32571474043413e-09,7.330528177745716e-09,1.3764402591994933,0.13875736671878888,"[9, 15]","[9, 124]","[4, 5]","[4, 3]",3.3702936113884157,3.1825502846020264,True,transition
16,27,446.3763199658146,460.82458371103155,21,21,5.32571474043413e-09,1.992689630653267e-08,3.741637935513668,0.5730617601238642,"[9, 15]","[15, 22]","[4, 5]","[5, 4]",3.3702936113884157,3.4402159857315233,True,transition
16,28,446.3763199658146,459.8014009060928,21,21,5.32571474043413e-09,9.904353269839593e-09,1.8597228264299095,0.2694482216792437,"[9, 15]","[15, 56]","[4, 5]","[5, 3]",3.3702936113884157,1.8859859352315809,True,transition
16,29,446.3763199658146,450.92928321989325,21,21,5.32571474043413e-09,5.962901720445488e-09,1.1196434677910325,0.049079750686707335,"[9, 15]","[15, 110]","[4, 5]","[5, 2]",3.3702936113884157,5.436158091802639,True,transition
18,17,449.62252502855506,458.1680027844744,21,21,7.330528177745716e-09,1.4124835782130766e-08,1.9268510316912029,0.28484813986805757,"[9, 124]","[9, 18]","[4, 3]","[4, 3]",3.1825502846020264,4.341560549656062,True,transition
17,34,458.1680027844744,481.71617814609726,21,22,1.4124835782130766e-08,2.7564098277056913e-08,1.9514632737839024,0.29036038234384726,"[9, 18]","[18, 20]","[4, 3]","[3, 2]",4.341560549656062,2.7557464227716437,True,transition
17,35,458.1680027844744,474.88384144188996,21,22,1.4124835782130766e-08,1.9212306099890692e-09,0.1360179077210657,-0.8664039099205436,"[9, 18]","[18, 22]","[4, 3]","[3, 4]",4.341560549656062,4.971037679916861,True,transition
64,18,430.6550375273261,449.62252502855506,20,21,6.222163883789481e-09,7.330528177745716e-09,1.178131645944563,0.07119382178628778,"[33, 124]","[9, 124]","[3, 3]","[4, 3]",3.3924663837018194,3.1825502846020264,True,transition
73,18,441.7262859819902,449.62252502855506,21,21,2.4015810600590035e-08,7.330528177745716e-09,0.3052375911711102,-0.5153619824050407,"[37, 124]","[9, 124]","[3, 3]","[4, 3]",3.8526132212191015,3.1825502846020264,True,transition
20,19,385.6597161682271,391.02106941262457,18,18,4.4598481031063303e-08,1.1086194271527841e-07,2.4857784425003606,0.3954624173516882,"[10, 185]","[10, 21]","[4, 1]","[4, 2]",2.662957410937352,2.785116746716497,True,transition
19,38,391.02106941262457,413.871328680247,18,19,1.1086194271527841e-07,1.0024429835491627e-07,0.9042264270288773,-0.04372280437416742,"[10, 21]","[21, 33]","[4, 2]","[2, 3]",2.785116746716497,2.946444660701175,True,transition
22,21,239.64803465739763,253.55568149045956,11,12,2.6035303572152667e-07,4.625475174050718e-07,1.7766165703549244,0.24959370842032913,"[11, 14]","[11, 12]","[3, 3]","[3, 2]",1.7885237686800366,2.0278770443448515,True,transition
23,21,238.65381107275525,253.55568149045956,12,12,4.283789476964202e-07,4.625475174050718e-07,1.0797624857439678,0.033328234676800586,"[12, 13]","[11, 12]","[2, 2]","[3, 2]",4.0806622434928315,2.0278770443448515,True,transition
25,22,217.5012225556982,239.64803465739763,10,11,1.8162917295995272e-07,2.6035303572152667e-07,1.4334318186810866,0.1563770405160008,"[14, 17]","[11, 14]","[3, 3]","[3, 3]",2.937381648035064,1.7885237686800366,True,transition
26,22,224.93765274183693,239.64803465739763,11,11,2.0298144863736428e-07,2.6035303572152667e-07,1.2826444853423988,0.10810629826927343,"[14, 186]","[11, 14]","[3, 2]","[3, 3]",3.6080528093672157,1.7885237686800366,True,transition
24,23,215.53504734180115,238.65381107275525,11,12,1.9354248537954855e-06,4.283789476964202e-07,0.22133587199541388,-0.6549481940838281,"[13, 16]","[12, 13]","[2, 3]","[2, 2]",2.1651695351515023,4.0806622434928315,True,transition
30,24,211.89698742615428,215.53504734180115,11,11,6.219143367097329e-07,1.9354248537954855e-06,3.112044118543628,0.49304574522775113,"[16, 19]","[13, 16]","[3, 2]","[2, 3]",3.2246661650841197,2.1651695351515023,True,transition
31,24,196.38979467172095,215.53504734180115,10,11,1.3284406939857564e-06,1.9354248537954855e-06,1.4569147592043257,0.1634341429229482,"[16, 65]","[13, 16]","[3, 2]","[2, 3]",4.066998363042909,2.1651695351515023,True,transition
25,26,217.5012225556982,224.93765274183693,10,11,1.8162917295995272e-07,2.0298144863736428e-07,1.1175597252877405,0.048270742246727345,"[14, 17]","[14, 186]","[3, 3]","[3, 2]",2.937381648035064,3.6080528093672157,True,transition
32,25,195.36759530715372,217.5012225556982,9,10,7.311237622881518e-07,1.8162917295995272e-07,0.24842466122496057,-0.6048052937519189,"[17, 31]","[14, 17]","[3, 2]","[3, 3]",1.823449260077684,2.937381648035064,True,transition
33,25,213.4689619178194,217.5012225556982,10,10,9.698106889736938e-08,1.8162917295995272e-07,1.8728312136068797,0.27249863893304815,"[17, 186]","[14, 17]","[3, 2]","[3, 3]",4.346081354050835,2.937381648035064,True,transition
33,26,213.4689619178194,224.93765274183693,10,11,9.698106889736938e-08,2.0298144863736428e-07,2.0930007365888104,0.3207693811797756,"[17, 186]","[14, 186]","[3, 2]","[3, 2]",4.346081354050835,3.6080528093672157,True,transition
28,27,459.8014009060928,460.82458371103155,21,21,9.904353269839593e-09,1.992689630653267e-08,2.0119331130093463,0.30361353844462047,"[15, 56]","[15, 22]","[5, 3]","[5, 4]",1.8859859352315809,3.4402159857315233,True,transition
29,27,450.92928321989325,460.82458371103155,21,21,5.962901720445488e-09,1.992689630653267e-08,3.341811963495507,0.5239820094371569,"[15, 110]","[15, 22]","[5, 2]","[5, 4]",5.436158091802639,3.4402159857315233,True,transition
27,35,460.82458371103155,474.88384144188996,21,22,1.992689630653267e-08,1.9212306099890692e-09,0.0964139412598453,-1.0158601634575615,"[15, 22]","[18, 22]","[5, 4]","[3, 4]",3.4402159857315233,4.971037679916861,True,transition
27,39,460.82458371103155,482.9316681520738,21,22,1.992689630653267e-08,1.9927213831532352e-08,1.0000159344935005,6.92020746431811e-06,"[15, 22]","[22, 27]","[5, 4]","[4, 3]",3.4402159857315233,2.083208790941619,True,transition
27,40,460.82458371103155,471.5215088989586,21,22,1.992689630653267e-08,1.190212724005262e-08,0.5972895656686247,-0.22381507208051968,"[15, 22]","[22, 56]","[5, 4]","[4, 3]",3.4402159857315233,2.773573073633745,True,transition
29,28,450.92928321989325,459.8014009060928,21,21,5.962901720445488e-09,9.904353269839593e-09,1.6609955578975464,0.22036847099253637,"[15, 110]","[15, 56]","[5, 2]","[5, 3]",5.436158091802639,1.8859859352315809,True,transition
28,40,459.8014009060928,471.5215088989586,21,22,9.904353269839593e-09,1.190212724005262e-08,1.2017066552236764,0.07979846636410078,"[15, 56]","[22, 56]","[5, 3]","[4, 3]",1.8859859352315809,2.773573073633745,True,transition
28,109,459.8014009060928,482.15450600985736,21,22,9.904353269839593e-09,4.640432727101723e-09,0.4685245568968763,-0.3292676413924048,"[15, 56]","[56, 102]","[5, 3]","[3, 3]",1.8859859352315809,3.0219493959359838,True,transition
145,29,432.12324885698223,450.92928321989325,20,21,1.3355612138096059e-08,5.962901720445488e-09,0.4464716149877308,-0.3502061467330068,"[81, 110]","[15, 110]","[3, 2]","[5, 2]",3.094556656921988,5.436158091802639,True,transition
31,30,196.38979467172095,211.89698742615428,10,11,1.3284406939857564e-06,6.219143367097329e-07,0.46815363269532684,-0.3296116023048029,"[16, 65]","[16, 19]","[3, 2]","[3, 2]",4.066998363042909,3.2246661650841197,True,transition
30,36,211.89698742615428,218.11501008913706,11,11,6.219143367097329e-07,8.242851683342134e-07,1.3253998495920403,0.12234691697082425,"[16, 19]","[19, 23]","[3, 2]","[2, 4]",3.2246661650841197,2.172092137061366,True,transition
121,31,173.38005130911995,196.38979467172095,9,10,1.189781857712471e-05,1.3284406939857564e-06,0.11165413940164437,-0.9521251715090833,"[65, 72]","[16, 65]","[2, 3]","[3, 2]",3.4266310581966835,4.066998363042909,True,transition
32,33,195.36759530715372,213.4689619178194,9,10,7.311237622881518e-07,9.698106889736938e-08,0.13264658310906743,-0.8773039326849671,"[17, 31]","[17, 186]","[3, 2]","[3, 2]",1.823449260077684,4.346081354050835,True,transition
59,32,172.8571825108199,195.36759530715372,8,9,1.7494549999348807e-06,7.311237622881518e-07,0.417915157757911,-0.3789118767356847,"[31, 47]","[17, 31]","[2, 2]","[3, 2]",3.7177475871085655,1.823449260077684,True,transition
35,34,474.88384144188996,481.71617814609726,22,22,1.9212306099890692e-09,2.7564098277056913e-08,14.34710551338433,1.156764292264391,"[18, 22]","[18, 20]","[3, 4]","[3, 2]",4.971037679916861,2.7557464227716437,True,transition
34,37,481.71617814609726,504.52088377606094,22,23,2.7564098277056913e-08,1.9914953585996046e-08,0.7224961029315563,-0.14116449110412763,"[18, 20]","[20, 29]","[3, 2]","[2, 2]",2.7557464227716437,3.0624038013434998,True,transition
35,39,474.88384144188996,482.9316681520738,22,22,1.9212306099890692e-09,1.9927213831532352e-08,10.372109276171551,1.0158670836650259,"[18, 22]","[22, 27]","[3, 4]","[4, 3]",4.971037679916861,2.083208790941619,True,transition
40,35,471.5215088989586,474.88384144188996,22,22,1.190212724005262e-08,1.9212306099890692e-09,0.16141909519533715,-0.7920450913770418,"[22, 56]","[18, 22]","[4, 3]","[3, 4]",2.773573073633745,4.971037679916861,True,transition
41,36,215.42313370782745,218.11501008913706,11,11,3.898656914869491e-08,8.242851683342134e-07,21.14279831062813,1.3251624669088373,"[23, 24]","[19, 23]","[4, 3]","[2, 4]",4.363310405480171,2.172092137061366,True,transition
42,36,198.4369214581485,218.11501008913706,10,11,7.864710020492065e-06,8.242851683342134e-07,0.1048080814405718,-0.9796052289006659,"[23, 30]","[19, 23]","[4, 4]","[2, 4]",4.338554619088921,2.172092137061366,True,transition
36,43,218.11501008913706,222.11178057308143,11,11,8.242851683342134e-07,1.2104603311558495e-06,1.4684970416270526,0.16687307594813428,"[19, 23]","[23, 140]","[2, 4]","[4, 2]",2.172092137061366,3.8572226448320066,True,transition
37,55,504.52088377606094,527.7407307470618,23,24,1.9914953585996046e-08,1.2320992780670132e-08,0.6186804667892425,-0.20853359547112774,"[20, 29]","[29, 34]","[2, 2]","[2, 3]",3.0624038013434998,3.387756131141508,True,transition
38,63,413.871328680247,435.9208484869197,19,20,1.0024429835491627e-07,6.245394985060004e-08,0.6230174770587051,-0.20549977022093716,"[21, 33]","[33, 37]","[2, 3]","[3, 3]",2.946444660701175,2.142496909328244,True,transition
38,64,413.871328680247,430.6550375273261,19,20,1.0024429835491627e-07,6.222163883789481e-09,0.06207000284205519,-1.2071182347291696,"[21, 33]","[33, 124]","[2, 3]","[3, 3]",2.946444660701175,3.3924663837018194,True,transition
40,39,471.5215088989586,482.9316681520738,22,22,1.190212724005262e-08,1.9927213831532352e-08,1.674256494626775,0.22382199228798402,"[22, 56]","[22, 27]","[4, 3]","[4, 3]",2.773573073633745,2.083208790941619,True,transition
39,51,482.9316681520738,503.28314036616075,22,23,1.9927213831532352e-08,1.8493949061820253e-08,0.928075004271589,-0.03241692396974775,"[22, 27]","[27, 28]","[4, 3]","[3, 3]",2.083208790941619,2.7031208661412585,True,transition
39,52,482.9316681520738,506.75258560129174,22,23,1.9927213831532352e-08,2.3486472781220047e-09,0.11786129751895173,-0.9286287821258253,"[22, 27]","[27, 36]","[4, 3]","[3, 4]",2.083208790941619,5.571825385997279,True,transition
40,109,471.5215088989586,482.15450600985736,22,22,1.190212724005262e-08,4.640432727101723e-09,0.3898826347180949,-0.4090661077565056,"[22, 56]","[56, 102]","[4, 3]","[3, 3]",2.773573073633745,3.0219493959359838,True,transition
42,41,198.4369214581485,215.42313370782745,10,11,7.864710020492065e-06,3.898656914869491e-08,0.004957152780854299,-2.304767695809503,"[23, 30]","[23, 24]","[4, 4]","[4, 3]",4.338554619088921,4.363310405480171,True,transition
41,43,215.42313370782745,222.11178057308143,11,11,3.898656914869491e-08,1.2104603311558495e-06,31.04813677087485,1.4920355428569714,"[23, 24]","[23, 140]","[4, 3]","[4, 2]",4.363310405480171,3.8572226448320066,True,transition
41,44,215.42313370782745,239.38374467880135,11,12,3.898656914869491e-08,5.0022408234513996e-08,1.2830677160569928,0.1082495776016062,"[23, 24]","[24, 25]","[4, 3]","[3, 2]",4.363310405480171,3.670366039798033,True,transition
41,45,215.42313370782745,234.251910883412,11,12,3.898656914869491e-08,1.6748226114780775e-06,42.958963767504095,1.6330537970052192,"[23, 24]","[24, 175]","[4, 3]","[3, 2]",4.363310405480171,2.7324634271368318,True,transition
42,43,198.4369214581485,222.11178057308143,10,11,7.864710020492065e-06,1.2104603311558495e-06,0.15391035753408688,-0.8127321529525317,"[23, 30]","[23, 140]","[4, 4]","[4, 2]",4.338554619088921,3.8572226448320066,True,transition
56,42,196.94987026791566,198.4369214581485,10,10,9.473361720907254e-08,7.864710020492065e-06,83.019209570928,1.9191785941277995,"[30, 41]","[23, 30]","[4, 4]","[4, 4]",4.301697678171163,4.338554619088921,True,transition
57,42,188.672340960881,198.4369214581485,10,10,1.0453706648412108e-05,7.864710020492065e-06,0.7523369733822304,-0.1235875943800588,"[30, 78]","[23, 30]","[4, 4]","[4, 4]",2.517554995865815,4.338554619088921,True,transition
58,42,176.78591842210716,198.4369214581485,9,10,5.855170958490722e-05,7.864710020492065e-06,0.13432075811701558,-0.8718568656705783,"[30, 90]","[23, 30]","[4, 4]","[4, 4]",1.8408983096198064,4.338554619088921,True,transition
43,222,222.11178057308143,240.94055774866598,11,12,1.2104603311558495e-06,3.245454519497976e-08,0.026811737947652875,-1.5716750339614567,"[23, 140]","[140, 175]","[4, 2]","[2, 2]",3.8572226448320066,2.5400950711624866,True,transition
45,44,234.251910883412,239.38374467880135,12,12,1.6748226114780775e-06,5.0022408234513996e-08,0.029867287372223755,-1.524804219403613,"[24, 175]","[24, 25]","[3, 2]","[3, 2]",2.7324634271368318,3.670366039798033,True,transition
44,46,239.38374467880135,262.9529636170626,12,13,5.0022408234513996e-08,2.791339259616783e-07,5.5801776806316195,0.7466480276991035,"[24, 25]","[25, 26]","[3, 2]","[2, 5]",3.670366039798033,3.6645421000801477,True,transition
45,222,234.251910883412,240.94055774866598,12,12,1.6748226114780775e-06,3.245454519497976e-08,0.019377900066883932,-1.7126932881097043,"[24, 175]","[140, 175]","[3, 2]","[2, 2]",2.7324634271368318,2.5400950711624866,True,transition
46,47,262.9529636170626,286.77401649018276,13,14,2.791339259616783e-07,4.743773163187373e-08,0.16994613416638704,-0.7696887100412119,"[25, 26]","[26, 32]","[2, 5]","[5, 4]",3.6645421000801477,4.1802935742350265,True,transition
46,48,262.9529636170626,277.0671394003205,13,14,2.791339259616783e-07,1.9573139602236164e-07,0.7012096266980933,-0.1541521302377377,"[25, 26]","[26, 51]","[2, 5]","[5, 3]",3.6645421000801477,2.636769250467175,True,transition
46,49,262.9529636170626,281.9070342119611,13,14,2.791339259616783e-07,1.1728720700504394e-07,0.4201825578921068,-0.3765619794608395,"[25, 26]","[26, 136]","[2, 5]","[5, 2]",3.6645421000801477,2.5499404168520954,True,transition
46,50,262.9529636170626,284.70335961853976,13,14,2.791339259616783e-07,6.200455111379194e-07,2.2213190639644576,0.34661094385550895,"[25, 26]","[26, 150]","[2, 5]","[5, 3]",3.6645421000801477,3.3789221890090566,True,transition
48,47,277.0671394003205,286.77401649018276,14,14,1.9573139602236164e-07,4.743773163187373e-08,0.24236138195455434,-0.6155365798034742,"[26, 51]","[26, 32]","[5, 3]","[5, 4]",2.636769250467175,4.1802935742350265,True,transition
49,47,281.9070342119611,286.77401649018276,14,14,1.1728720700504394e-07,4.743773163187373e-08,0.4044578504613352,-0.39312673058037234,"[26, 136]","[26, 32]","[5, 2]","[5, 4]",2.5499404168520954,4.1802935742350265,True,transition
50,47,284.70335961853976,286.77401649018276,14,14,6.200455111379194e-07,4.743773163187373e-08,0.07650685438366467,-1.1162996538967207,"[26, 150]","[26, 32]","[5, 3]","[5, 4]",3.3789221890090566,4.1802935742350265,True,transition
47,60,286.77401649018276,310.4693104772338,14,15,4.743773163187373e-08,2.7056005615132273e-08,0.5703477945592399,-0.24386023345853008,"[26, 32]","[32, 43]","[5, 4]","[4, 3]",4.1802935742350265,3.5524333156405596,True,transition
47,61,286.77401649018276,293.9971809990786,14,15,4.743773163187373e-08,8.839687489789806e-07,18.634296341122603,1.2703129977908303,"[26, 32]","[32, 136]","[5, 4]","[4, 2]",4.1802935742350265,3.142198788321611,True,transition
47,62,286.77401649018276,296.79350640565724,14,15,4.743773163187373e-08,4.540872208237332e-08,0.9572279390328795,-0.018984633929545986,"[26, 32]","[32, 150]","[5, 4]","[4, 3]",4.1802935742350265,2.0857626039521584,True,transition
48,49,277.0671394003205,281.9070342119611,14,14,1.9573139602236164e-07,1.1728720700504394e-07,0.5992253127936832,-0.22240984922310186,"[26, 51]","[26, 136]","[5, 3]","[5, 2]",2.636769250467175,2.5499404168520954,True,transition
48,50,277.0671394003205,284.70335961853976,14,14,1.9573139602236164e-07,6.200455111379194e-07,3.167838802248574,0.5007630740932466,"[26, 51]","[26, 150]","[5, 3]","[5, 3]",2.636769250467175,3.3789221890090566,True,transition
48,100,277.0671394003205,288.756600494825,14,15,1.9573139602236164e-07,8.385422280911002e-09,0.04284147791983763,-1.3681355555488903,"[26, 51]","[51, 150]","[5, 3]","[3, 3]",2.636769250467175,3.068758093096978,True,transition
48,101,277.0671394003205,298.3955268970099,14,15,1.9573139602236164e-07,4.2175729761446716e-07,2.154775913243284,0.3334021122219797,"[26, 51]","[51, 151]","[5, 3]","[3, 2]",2.636769250467175,3.5003998493329753,True,transition
49,50,281.9070342119611,284.70335961853976,14,14,1.1728720700504394e-07,6.200455111379194e-07,5.286557050601899,0.7231729233163485,"[26, 136]","[26, 150]","[5, 2]","[5, 3]",2.5499404168520954,3.3789221890090566,True,transition
49,61,281.9070342119611,293.9971809990786,14,15,1.1728720700504394e-07,8.839687489789806e-07,7.536787442989971,0.877186267210458,"[26, 136]","[32, 136]","[5, 2]","[4, 2]",2.5499404168520954,3.142198788321611,True,transition
50,62,284.70335961853976,296.79350640565724,14,15,6.200455111379194e-07,4.540872208237332e-08,0.07323449854356394,-1.1352842878262668,"[26, 150]","[32, 150]","[5, 3]","[4, 3]",3.3789221890090566,2.0857626039521584,True,transition
50,100,284.70335961853976,288.756600494825,14,15,6.200455111379194e-07,8.385422280911002e-09,0.0135238819252508,-1.868898629642137,"[26, 150]","[51, 150]","[5, 3]","[3, 3]",3.3789221890090566,3.068758093096978,True,transition
51,52,503.28314036616075,506.75258560129174,23,23,1.8493949061820253e-08,2.3486472781220047e-09,0.12699544430835805,-0.8962118581560776,"[27, 28]","[27, 36]","[3, 3]","[3, 4]",2.7031208661412585,5.571825385997279,True,transition
51,53,503.28314036616075,516.0690530591594,23,24,1.8493949061820253e-08,8.977755796039827e-09,0.48544287464130165,-0.3138618691292767,"[27, 28]","[28, 36]","[3, 3]","[3, 4]",2.7031208661412585,1.3272259685383219,True,transition
51,54,503.28314036616075,525.8830544501371,23,24,1.8493949061820253e-08,1.2676507709163955e-08,0.6854408253634651,-0.16403003223464435,"[27, 28]","[28, 183]","[3, 3]","[3, 2]",2.7031208661412585,2.5228332712134147,True,transition
52,53,506.75258560129174,516.0690530591594,23,24,2.3486472781220047e-09,8.977755796039827e-09,3.82252195962712,0.5823499890268009,"[27, 36]","[28, 36]","[3, 4]","[3, 4]",5.571825385997279,1.3272259685383219,True,transition
52,70,506.75258560129174,529.1438314749976,23,24,2.3486472781220047e-09,8.825581884685199e-09,3.757729807662817,0.5749255497773719,"[27, 36]","[36, 38]","[3, 4]","[4, 4]",5.571825385997279,2.3739966980602603,True,transition
52,71,506.75258560129174,530.0697503666088,23,24,2.3486472781220047e-09,3.3943422524159824e-09,1.445232872570854,0.15993783126144606,"[27, 36]","[36, 70]","[3, 4]","[4, 3]",5.571825385997279,2.502656207925199,True,transition
53,54,516.0690530591594,525.8830544501371,24,24,8.977755796039827e-09,1.2676507709163955e-08,1.4119907020366584,0.14983183689463236,"[28, 36]","[28, 183]","[3, 4]","[3, 2]",1.3272259685383219,2.5228332712134147,True,transition
53,70,516.0690530591594,529.1438314749976,24,24,8.977755796039827e-09,8.825581884685199e-09,0.9830498941147682,-0.007424439249429009,"[28, 36]","[36, 38]","[3, 4]","[4, 4]",1.3272259685383219,2.3739966980602603,True,transition
53,71,516.0690530591594,530.0697503666088,24,24,8.977755796039827e-09,3.3943422524159824e-09,0.37808360235341426,-0.42241215776535485,"[28, 36]","[36, 70]","[3, 4]","[4, 3]",1.3272259685383219,2.502656207925199,True,transition
54,235,525.8830544501371,546.9671323485596,24,25,1.2676507709163955e-08,6.205254038586197e-10,0.04895081658886514,-1.3102400589766743,"[28, 183]","[156, 183]","[3, 2]","[2, 2]",2.5228332712134147,5.669930552138013,True,transition
55,65,527.7407307470618,551.0671922259154,24,25,1.2320992780670132e-08,2.4727153210641447e-09,0.20069124015261822,-0.6974715833491161,"[29, 34]","[34, 35]","[2, 3]","[3, 4]",3.387756131141508,4.648380652469513,True,transition
55,66,527.7407307470618,549.211764508785,24,25,1.2320992780670132e-08,2.745166256901016e-08,2.228039822576463,0.3479229488763118,"[29, 34]","[34, 42]","[2, 3]","[3, 4]",3.387756131141508,1.2996250838350214,True,transition
57,56,188.672340960881,196.94987026791566,10,10,1.0453706648412108e-05,9.473361720907254e-08,0.009062203522179603,-2.0427661885078585,"[30, 78]","[30, 41]","[4, 4]","[4, 4]",2.517554995865815,4.301697678171163,True,transition
58,56,176.78591842210716,196.94987026791566,9,10,5.855170958490722e-05,9.473361720907254e-08,0.0016179479280907603,-2.791035459798378,"[30, 90]","[30, 41]","[4, 4]","[4, 4]",1.8408983096198064,4.301697678171163,True,transition
56,82,196.94987026791566,217.36871767672747,10,11,9.473361720907254e-08,1.3626866760004437e-06,14.384404566681537,1.157891889253343,"[30, 41]","[41, 64]","[4, 4]","[4, 2]",4.301697678171163,2.345415363743072,True,transition
56,83,196.94987026791566,209.6572526226716,10,11,9.473361720907254e-08,2.6084088080428654e-06,27.53414136278817,1.4398715377914304,"[30, 41]","[41, 66]","[4, 4]","[4, 4]",4.301697678171163,1.3440347409584241,True,transition
56,84,196.94987026791566,197.9158436518796,10,10,9.473361720907254e-08,5.116644388517071e-05,540.1086266161338,2.7324811138889786,"[30, 41]","[41, 78]","[4, 4]","[4, 4]",4.301697678171163,1.8124810510470617,True,transition
58,57,176.78591842210716,188.672340960881,9,10,5.855170958490722e-05,1.0453706648412108e-05,0.17853802600337298,-0.7482692712905195,"[30, 90]","[30, 78]","[4, 4]","[4, 4]",1.8408983096198064,2.517554995865815,True,transition
57,84,188.672340960881,197.9158436518796,10,10,1.0453706648412108e-05,5.116644388517071e-05,4.894574298480316,0.6897149253811203,"[30, 78]","[41, 78]","[4, 4]","[4, 4]",2.517554995865815,1.8124810510470617,True,transition
57,122,188.672340960881,201.63469220422928,10,10,1.0453706648412108e-05,7.804214504558509e-07,0.0746549981459825,-1.1269411109857699,"[30, 78]","[66, 78]","[4, 4]","[4, 4]",2.517554995865815,3.4828179415839813,True,transition
141,57,177.75189180607111,188.672340960881,9,10,4.532365063743959e-07,1.0453706648412108e-05,23.06457335494689,1.3629454255037472,"[78, 90]","[30, 78]","[4, 4]","[4, 4]",4.289920161417964,2.517554995865815,True,transition
58,141,176.78591842210716,177.75189180607111,9,9,5.855170958490722e-05,4.532365063743959e-07,0.007740790313170052,-2.1112146967942667,"[30, 90]","[78, 90]","[4, 4]","[4, 4]",1.8408983096198064,4.289920161417964,True,transition
159,58,155.10717976939523,176.78591842210716,8,9,1.1775392080045173e-05,5.855170958490722e-05,4.972378769801659,0.6965642035113063,"[90, 94]","[30, 90]","[4, 4]","[4, 4]",2.7369723913051693,1.8408983096198064,True,transition
160,58,161.84416311079133,176.78591842210716,9,9,8.022285168546576e-05,5.855170958490722e-05,0.7298632291765718,-0.13675851574118222,"[90, 101]","[30, 90]","[4, 4]","[4, 4]",4.342948250802433,1.8408983096198064,True,transition
95,59,149.5436616205417,172.8571825108199,7,8,1.5699337997008277e-05,1.7494549999348807e-06,0.1114349535164007,-0.9529785637557153,"[47, 55]","[31, 47]","[2, 3]","[2, 2]",2.970979785075425,3.7177475871085655,True,transition
61,60,293.9971809990786,310.4693104772338,15,15,8.839687489789806e-07,2.7056005615132273e-08,0.030607423222125268,-1.5141732312493605,"[32, 136]","[32, 43]","[4, 2]","[4, 3]",3.142198788321611,3.5524333156405596,True,transition
62,60,296.79350640565724,310.4693104772338,15,15,4.540872208237332e-08,2.7056005615132273e-08,0.5958327910230891,-0.2248755995289841,"[32, 150]","[32, 43]","[4, 3]","[4, 3]",2.0857626039521584,3.5524333156405596,True,transition
60,87,310.4693104772338,333.46980716609505,15,16,2.7056005615132273e-08,1.6785864334853407e-07,6.2041177007537165,0.7926800283909183,"[32, 43]","[43, 52]","[4, 3]","[3, 2]",3.5524333156405596,3.8874347554086057,True,transition
60,88,310.4693104772338,330.75212365891906,15,16,2.7056005615132273e-08,1.9893785978179347e-08,0.7352817064412813,-0.13354623899281415,"[32, 43]","[43, 60]","[4, 3]","[3, 2]",3.5524333156405596,3.3268124702682513,True,transition
61,62,293.9971809990786,296.79350640565724,15,15,8.839687489789806e-07,4.540872208237332e-08,0.05136914866597062,-1.2892976317203764,"[32, 136]","[32, 150]","[4, 2]","[4, 3]",3.142198788321611,2.0857626039521584,True,transition
100,62,288.756600494825,296.79350640565724,15,15,8.385422280911002e-09,4.540872208237332e-08,5.4151980140277525,0.7336143418158703,"[51, 150]","[32, 150]","[3, 3]","[4, 3]",3.068758093096978,2.0857626039521584,True,transition
64,63,430.6550375273261,435.9208484869197,20,20,6.222163883789481e-09,6.245394985060004e-08,10.037336048526535,1.0016184645082322,"[33, 124]","[33, 37]","[3, 3]","[3, 3]",3.3924663837018194,2.142496909328244,True,transition
63,72,435.9208484869197,457.7774949390118,20,21,6.245394985060004e-08,3.000317584679777e-08,0.4804047769367706,-0.3183926828116682,"[33, 37]","[37, 53]","[3, 3]","[3, 4]",2.142496909328244,4.898960554777304,True,transition
63,73,435.9208484869197,441.7262859819902,20,21,6.245394985060004e-08,2.4015810600590035e-08,0.3845362968721713,-0.41506266031690386,"[33, 37]","[37, 124]","[3, 3]","[3, 3]",2.142496909328244,3.8526132212191015,True,transition
64,73,430.6550375273261,441.7262859819902,20,21,6.222163883789481e-09,2.4015810600590035e-08,3.859720034561947,0.5865558041913285,"[33, 124]","[37, 124]","[3, 3]","[3, 3]",3.3924663837018194,3.8526132212191015,True,transition
66,65,549.211764508785,551.0671922259154,25,25,2.745166256901016e-08,2.4727153210641447e-09,0.0900752482603936,-1.0453945322254279,"[34, 42]","[34, 35]","[3, 4]","[3, 4]",1.2996250838350214,4.648380652469513,True,transition
65,67,551.0671922259154,574.244246791233,25,26,2.4727153210641447e-09,1.164450947631902e-09,0.4709199387864734,-0.32705292110618206,"[34, 35]","[35, 40]","[3, 4]","[4, 5]",4.648380652469513,4.699856214733586,True,transition
65,68,551.0671922259154,561.5359548350198,25,26,2.4727153210641447e-09,5.362642248768841e-09,2.168726097616851,0.33620470563105936,"[34, 35]","[35, 42]","[3, 4]","[4, 4]",4.648380652469513,3.068461178780229,True,transition
65,69,551.0671922259154,575.3419982444086,25,26,2.4727153210641447e-09,1.9257007118601924e-09,0.7787797873276646,-0.10858532880836883,"[34, 35]","[35, 61]","[3, 4]","[4, 3]",4.648380652469513,4.1549025865752185,True,transition
66,68,549.211764508785,561.5359548350198,25,26,2.745166256901016e-08,5.362642248768841e-09,0.19534854165163246,-0.7091898265943686,"[34, 42]","[35, 42]","[3, 4]","[4, 4]",1.2996250838350214,3.068461178780229,True,transition
66,85,549.211764508785,570.6826250344178,25,26,2.745166256901016e-08,8.705774341580906e-09,0.31713104150597954,-0.49876124616290707,"[34, 42]","[42, 54]","[3, 4]","[4, 3]",1.2996250838350214,2.018947270478982,True,transition
66,86,549.211764508785,568.1379559762632,25,26,2.745166256901016e-08,1.400392520662273e-08,0.5101303125600701,-0.2923188693987572,"[34, 42]","[42, 154]","[3, 4]","[4, 3]",1.2996250838350214,3.064833565816219,True,transition
68,67,561.5359548350198,574.244246791233,26,26,5.362642248768841e-09,1.164450947631902e-09,0.2171412698468255,-0.6632576267372414,"[35, 42]","[35, 40]","[4, 4]","[4, 5]",3.068461178780229,4.699856214733586,True,transition
67,69,574.244246791233,575.3419982444086,26,26,1.164450947631902e-09,1.9257007118601924e-09,1.653741375518148,0.21846759229781323,"[35, 40]","[35, 61]","[4, 5]","[4, 3]",4.699856214733586,4.1549025865752185,True,transition
67,78,574.244246791233,596.8172305258508,26,27,1.164450947631902e-09,4.1632034945075275e-09,3.575250209529281,0.5533064407707826,"[35, 40]","[40, 46]","[4, 5]","[5, 3]",4.699856214733586,2.448363609820124,True,transition
67,79,574.244246791233,587.1311603060219,26,27,1.164450947631902e-09,2.367809676460923e-09,2.033412984270608,0.30822559239849445,"[35, 40]","[40, 54]","[4, 5]","[5, 3]",4.699856214733586,4.8087670380129985,True,transition
67,80,574.244246791233,586.3216980845206,26,27,1.164450947631902e-09,7.704449419379244e-09,6.616379534962361,0.8206204096660422,"[35, 40]","[40, 61]","[4, 5]","[5, 3]",4.699856214733586,1.3500043755894566,True,transition
67,81,574.244246791233,596.8053261642282,26,27,1.164450947631902e-09,2.0384605145184824e-09,1.7505765431030127,0.2431811048299889,"[35, 40]","[40, 68]","[4, 5]","[5, 3]",4.699856214733586,3.241706542171901,True,transition
68,69,561.5359548350198,575.3419982444086,26,26,5.362642248768841e-09,1.9257007118601924e-09,0.35909550227824655,-0.44479003443942816,"[35, 42]","[35, 61]","[4, 4]","[4, 3]",3.068461178780229,4.1549025865752185,True,transition
68,85,561.5359548350198,570.6826250344178,26,26,5.362642248768841e-09,8.705774341580906e-09,1.623411359126107,0.21042858043146154,"[35, 42]","[42, 54]","[4, 4]","[4, 3]",3.068461178780229,2.018947270478982,True,transition
68,86,561.5359548350198,568.1379559762632,26,26,5.362642248768841e-09,1.400392520662273e-08,2.611385312872169,0.4168709571956114,"[35, 42]","[42, 154]","[4, 4]","[4, 3]",3.068461178780229,3.064833565816219,True,transition
69,80,575.3419982444086,586.3216980845206,26,27,1.9257007118601924e-09,7.704449419379244e-09,4.0008550508022,0.6021528173682289,"[35, 61]","[40, 61]","[4, 3]","[5, 3]",4.1549025865752185,1.3500043755894566,True,transition
69,117,575.3419982444086,600.0121792268635,26,27,1.9257007118601924e-09,5.539947280448115e-10,0.28768475009268835,-0.5410831590555557,"[35, 61]","[61, 117]","[4, 3]","[3, 3]",4.1549025865752185,5.833763039491924,True,transition
70,71,529.1438314749976,530.0697503666088,24,24,8.825581884685199e-09,3.3943422524159824e-09,0.3846026581325018,-0.41498771851592586,"[36, 38]","[36, 70]","[4, 4]","[4, 3]",2.3739966980602603,2.502656207925199,True,transition
70,74,529.1438314749976,548.9597109774048,24,25,8.825581884685199e-09,1.947651144147248e-09,0.22068246259512428,-0.6562321783960705,"[36, 38]","[38, 44]","[4, 4]","[4, 3]",2.3739966980602603,3.2241909402799322,True,transition
70,75,529.1438314749976,540.3951595789601,24,25,8.825581884685199e-09,1.1826535126537017e-09,0.13400289387217962,-0.8728858226863249,"[36, 38]","[38, 70]","[4, 4]","[4, 3]",2.3739966980602603,5.7834101939706635,True,transition
70,76,529.1438314749976,551.3837360933971,24,25,8.825581884685199e-09,5.354204829656324e-09,0.6066687612912339,-0.21704836725823468,"[36, 38]","[38, 156]","[4, 4]","[4, 2]",2.3739966980602603,2.947065614803087,True,transition
71,75,530.0697503666088,540.3951595789601,24,25,3.3943422524159824e-09,1.1826535126537017e-09,0.34841905285535874,-0.457898104170399,"[36, 70]","[38, 70]","[4, 3]","[4, 3]",2.502656207925199,5.7834101939706635,True,transition
71,128,530.0697503666088,553.617774404965,24,25,3.3943422524159824e-09,8.065284723887416e-10,0.2376096493553886,-0.6241359265834938,"[36, 70]","[70, 100]","[4, 3]","[3, 3]",2.502656207925199,4.618706988368537,True,transition
73,72,441.7262859819902,457.7774949390118,21,21,2.4015810600590035e-08,3.000317584679777e-08,1.2493093131764053,0.09666997750523562,"[37, 124]","[37, 53]","[3, 3]","[3, 4]",3.8526132212191015,4.898960554777304,True,transition
72,103,457.7774949390118,480.5831074470795,21,22,3.000317584679777e-08,7.41643857769115e-08,2.4718845150130013,0.39302817690861797,"[37, 53]","[53, 71]","[3, 4]","[4, 4]",4.898960554777304,1.217259714972986,True,transition
72,104,457.7774949390118,480.11249632344,21,22,3.000317584679777e-08,1.581480117763075e-08,0.5271042391773556,-0.27810349100581644,"[37, 53]","[53, 125]","[3, 4]","[4, 4]",4.898960554777304,3.5199486602885095,True,transition
72,105,457.7774949390118,473.04124098184764,21,22,3.000317584679777e-08,5.556017257318021e-09,0.1851809716974016,-0.732403641365653,"[37, 53]","[53, 166]","[3, 4]","[4, 2]",4.898960554777304,4.238056866566151,True,transition
75,74,540.3951595789601,548.9597109774048,25,25,1.1826535126537017e-09,1.947651144147248e-09,1.646848483776963,0.2166536442902544,"[38, 70]","[38, 44]","[4, 3]","[4, 3]",5.7834101939706635,3.2241909402799322,True,transition
74,76,548.9597109774048,551.3837360933971,25,25,1.947651144147248e-09,5.354204829656324e-09,2.749057420137007,0.4391838111378358,"[38, 44]","[38, 156]","[4, 3]","[4, 2]",3.2241909402799322,2.947065614803087,True,transition
74,89,548.9597109774048,572.5889541841094,25,26,1.947651144147248e-09,9.308615481023922e-10,0.4779405957271455,-0.3206260794362898,"[38, 44]","[44, 45]","[4, 3]","[3, 3]",3.2241909402799322,4.262872422200189,True,transition
74,90,548.9597109774048,568.5324038695861,25,26,1.947651144147248e-09,2.7528283357335723e-09,1.413409349002724,0.15026795963107822,"[38, 44]","[44, 49]","[4, 3]","[3, 3]",3.2241909402799322,3.467222600103476,True,transition
75,76,540.3951595789601,551.3837360933971,25,25,1.1826535126537017e-09,5.354204829656324e-09,4.52728104416844,0.6558374554280902,"[38, 70]","[38, 156]","[4, 3]","[4, 2]",5.7834101939706635,2.947065614803087,True,transition
75,128,540.3951595789601,553.617774404965,25,25,1.1826535126537017e-09,8.065284723887416e-10,0.6819651434332694,-0.16623782241309484,"[38, 70]","[70, 100]","[4, 3]","[3, 3]",5.7834101939706635,4.618706988368537,True,transition
235,76,546.9671323485596,551.3837360933971,25,25,6.205254038586197e-10,5.354204829656324e-09,8.62850222788981,0.9359354155743783,"[156, 183]","[38, 156]","[2, 2]","[4, 2]",5.669930552138013,2.947065614803087,True,transition
77,134,386.6534846440155,409.0390991290352,18,19,3.094613830760576e-08,1.4256902428734858e-08,0.46070053352120127,-0.33658128480575417,"[39, 73]","[73, 81]","[3, 3]","[3, 3]",1.657562869629853,3.123780741319809,True,transition
77,135,386.6534846440155,406.776605017491,18,19,3.094613830760576e-08,1.1361477063907992e-09,0.03671371513619725,-1.4351716661222076,"[39, 73]","[73, 85]","[3, 3]","[3, 3]",1.657562869629853,4.30292696913018,True,transition
79,78,587.1311603060219,596.8172305258508,27,27,2.367809676460923e-09,4.1632034945075275e-09,1.7582508999330184,0.2450808483722881,"[40, 54]","[40, 46]","[5, 3]","[5, 3]",4.8087670380129985,2.448363609820124,True,transition
80,78,586.3216980845206,596.8172305258508,27,27,7.704449419379244e-09,4.1632034945075275e-09,0.5403635312389345,-0.26731396889525966,"[40, 61]","[40, 46]","[5, 3]","[5, 3]",1.3500043755894566,2.448363609820124,True,transition
81,78,596.8053261642282,596.8172305258508,27,27,2.0384605145184824e-09,4.1632034945075275e-09,2.0423272684734557,0.3101253359407936,"[40, 68]","[40, 46]","[5, 3]","[5, 3]",3.241706542171901,2.448363609820124,True,transition
78,93,596.8172305258508,620.5712649317784,27,28,4.1632034945075275e-09,7.909380525320847e-10,0.18998303916096373,-0.721285169192402,"[40, 46]","[46, 48]","[5, 3]","[3, 3]",2.448363609820124,5.369610398436091,True,transition
78,94,596.8172305258508,614.4276790552589,27,28,4.1632034945075275e-09,3.309458041177801e-09,0.7949306454858467,-0.09967076014439846,"[40, 46]","[46, 117]","[5, 3]","[3, 3]",2.448363609820124,1.8828900397862576,True,transition
80,79,586.3216980845206,587.1311603060219,27,27,7.704449419379244e-09,2.367809676460923e-09,0.3073301604790989,-0.5123948172675477,"[40, 61]","[40, 54]","[5, 3]","[5, 3]",1.3500043755894566,4.8087670380129985,True,transition
79,81,587.1311603060219,596.8053261642282,27,27,2.367809676460923e-09,2.0384605145184824e-09,0.8609055595909606,-0.0650444875685055,"[40, 54]","[40, 68]","[5, 3]","[5, 3]",4.8087670380129985,3.241706542171901,True,transition
85,79,570.6826250344178,587.1311603060219,26,27,8.705774341580906e-09,2.367809676460923e-09,0.2719815129082413,-0.5654606147702085,"[42, 54]","[40, 54]","[4, 3]","[5, 3]",2.018947270478982,4.8087670380129985,True,transition
79,106,587.1311603060219,591.7969042822185,27,27,2.367809676460923e-09,9.699875932056947e-09,4.096560643571231,0.6124193883357554,"[40, 54]","[54, 68]","[5, 3]","[3, 3]",4.8087670380129985,1.8702977279876727,True,transition
80,81,586.3216980845206,596.8053261642282,27,27,7.704449419379244e-09,2.0384605145184824e-09,0.26458224378643835,-0.5774393048360532,"[40, 61]","[40, 68]","[5, 3]","[5, 3]",1.3500043755894566,3.241706542171901,True,transition
80,117,586.3216980845206,600.0121792268635,27,27,7.704449419379244e-09,5.539947280448115e-10,0.07190581674160014,-1.1432359764237847,"[40, 61]","[61, 117]","[5, 3]","[3, 3]",1.3500043755894566,5.833763039491924,True,transition
106,81,591.7969042822185,596.8053261642282,27,27,9.699875932056947e-09,2.0384605145184824e-09,0.210153256474303,-0.6774638759042608,"[54, 68]","[40, 68]","[3, 3]","[5, 3]",1.8702977279876727,3.241706542171901,True,transition
81,126,596.8053261642282,614.0971693875849,27,28,2.0384605145184824e-09,1.7783925030014797e-09,0.8724194019630374,-0.05927468459747687,"[40, 68]","[68, 75]","[5, 3]","[3, 2]",3.241706542171901,3.6205153803481203,True,transition
83,82,209.6572526226716,217.36871767672747,11,11,2.6084088080428654e-06,1.3626866760004437e-06,0.5224206695663213,-0.2819796485380873,"[41, 66]","[41, 64]","[4, 4]","[4, 2]",1.3440347409584241,2.345415363743072,True,transition
84,82,197.9158436518796,217.36871767672747,10,11,5.116644388517071e-05,1.3626866760004437e-06,0.026632428844549496,-1.5745892246356357,"[41, 78]","[41, 64]","[4, 4]","[4, 2]",1.8124810510470617,2.345415363743072,True,transition
82,120,217.36871767672747,220.82996030454314,11,12,1.3626866760004437e-06,3.0282079170028913e-05,22.22233452733859,1.3467896810262652,"[41, 64]","[64, 66]","[4, 2]","[2, 4]",2.345415363743072,1.0712479515867308,True,transition
84,83,197.9158436518796,209.6572526226716,10,11,5.116644388517071e-05,2.6084088080428654e-06,0.050978895736759344,-1.2926095760975482,"[41, 78]","[41, 66]","[4, 4]","[4, 4]",1.8124810510470617,1.3440347409584241,True,transition
83,120,209.6572526226716,220.82996030454314,11,12,2.6084088080428654e-06,3.0282079170028913e-05,11.609406883099005,1.0648100324881777,"[41, 66]","[64, 66]","[4, 4]","[2, 4]",1.3440347409584241,1.0712479515867308,True,transition
122,83,201.63469220422928,209.6572526226716,10,11,7.804214504558509e-07,2.6084088080428654e-06,3.342307936973377,0.5240464602693419,"[66, 78]","[41, 66]","[4, 4]","[4, 4]",3.4828179415839813,1.3440347409584241,True,transition
83,123,209.6572526226716,222.9776131781576,11,11,2.6084088080428654e-06,1.980776441555483e-07,0.07593811351379748,-1.1195401959863776,"[41, 66]","[66, 84]","[4, 4]","[4, 3]",1.3440347409584241,1.8647352298357234,True,transition
84,122,197.9158436518796,201.63469220422928,10,10,5.116644388517071e-05,7.804214504558509e-07,0.015252602901372165,-1.8166560363668902,"[41, 78]","[66, 78]","[4, 4]","[4, 4]",1.8124810510470617,3.4828179415839813,True,transition
141,84,177.75189180607111,197.9158436518796,9,10,4.532365063743959e-07,5.116644388517071e-05,112.89126794853696,2.0526603508848673,"[78, 90]","[41, 78]","[4, 4]","[4, 4]",4.289920161417964,1.8124810510470617,True,transition
86,85,568.1379559762632,570.6826250344178,26,26,1.400392520662273e-08,8.705774341580906e-09,0.6216667265163467,-0.2064423767641498,"[42, 154]","[42, 54]","[4, 3]","[4, 3]",3.064833565816219,2.018947270478982,True,transition
85,106,570.6826250344178,591.7969042822185,26,27,8.705774341580906e-09,9.699875932056947e-09,1.114188761558862,0.046958773565546806,"[42, 54]","[54, 68]","[4, 3]","[3, 3]",2.018947270478982,1.8702977279876727,True,transition
167,86,546.5753211677218,568.1379559762632,25,26,2.0948475396339242e-08,1.400392520662273e-08,0.6684937658551479,-0.17490263846532222,"[95, 154]","[42, 154]","[3, 3]","[4, 3]",2.720383102708748,3.064833565816219,True,transition
180,86,558.8107563049274,568.1379559762632,26,26,1.953063237567654e-09,1.400392520662273e-08,7.170236445627447,0.8555334771933438,"[103, 154]","[42, 154]","[3, 3]","[4, 3]",4.85134648728982,3.064833565816219,True,transition
88,87,330.75212365891906,333.46980716609505,16,16,1.9893785978179347e-08,1.6785864334853407e-07,8.437742495704494,0.9262262673837325,"[43, 60]","[43, 52]","[3, 2]","[3, 2]",3.3268124702682513,3.8874347554086057,True,transition
87,102,333.46980716609505,356.0546877147582,16,17,1.6785864334853407e-07,3.3478526088957127e-07,1.9944475554615222,0.29982262090501116,"[43, 52]","[52, 91]","[3, 2]","[2, 2]",3.8874347554086057,1.4214536977109589,True,transition
88,116,330.75212365891906,344.5198053515114,16,17,1.9893785978179347e-08,3.0201387054388625e-09,0.1518131696375705,-0.8186905522031345,"[43, 60]","[60, 74]","[3, 2]","[2, 3]",3.3268124702682513,4.962888139958778,True,transition
90,89,568.5324038695861,572.5889541841094,26,26,2.7528283357335723e-09,9.308615481023922e-10,0.33814732870160485,-0.4708940390673681,"[44, 49]","[44, 45]","[3, 3]","[3, 3]",3.467222600103476,4.262872422200189,True,transition
89,91,572.5889541841094,580.6638400806862,26,27,9.308615481023922e-10,2.5551575169548994e-09,2.7449383016880606,0.43853258720594473,"[44, 45]","[45, 49]","[3, 3]","[3, 3]",4.262872422200189,1.9806031091738916,True,transition
89,92,572.5889541841094,595.7531519704781,26,27,9.308615481023922e-10,1.793535858120613e-09,1.9267482492716834,0.2848249730391322,"[44, 45]","[45, 79]","[3, 3]","[3, 2]",4.262872422200189,3.0031896845764514,True,transition
90,91,568.5324038695861,580.6638400806862,26,27,2.7528283357335723e-09,2.5551575169548994e-09,0.9281935541665377,-0.03236145186142333,"[44, 49]","[45, 49]","[3, 3]","[3, 3]",3.467222600103476,1.9806031091738916,True,transition
90,98,568.5324038695861,592.1379456100192,26,27,2.7528283357335723e-09,1.540494648827153e-09,0.5596043272406388,-0.25211893590739853,"[44, 49]","[49, 50]","[3, 3]","[3, 2]",3.467222600103476,4.377467757535918,True,transition
91,92,580.6638400806862,595.7531519704781,27,27,2.5551575169548994e-09,1.793535858120613e-09,0.7019277074777188,-0.15370761416681258,"[45, 49]","[45, 79]","[3, 3]","[3, 2]",1.9806031091738916,3.0031896845764514,True,transition
91,98,580.6638400806862,592.1379456100192,27,27,2.5551575169548994e-09,1.540494648827153e-09,0.6028961575187084,-0.21975748404597528,"[45, 49]","[49, 50]","[3, 3]","[3, 2]",1.9806031091738916,4.377467757535918,True,transition
92,142,595.7531519704781,618.160121333882,27,28,1.793535858120613e-09,7.187271406095024e-10,0.40073196047645954,-0.3971460189223316,"[45, 79]","[79, 105]","[3, 2]","[2, 2]",3.0031896845764514,3.877210687516488,True,remote
94,93,614.4276790552589,620.5712649317784,28,28,3.309458041177801e-09,7.909380525320847e-10,0.23899322568555612,-0.6216144090480035,"[46, 117]","[46, 48]","[3, 3]","[3, 3]",1.8828900397862576,5.369610398436091,True,transition
93,96,620.5712649317784,644.2987318165135,28,29,7.909380525320847e-10,2.921257395889617e-09,3.6934085881158376,0.5674273546990519,"[46, 48]","[48, 63]","[3, 3]","[3, 2]",5.369610398436091,2.80325729161072,True,transition
93,97,620.5712649317784,638.0749939681226,28,29,7.909380525320847e-10,2.172096895640984e-10,0.27462288464783047,-0.5612632753215478,"[46, 48]","[48, 126]","[3, 3]","[3, 3]",5.369610398436091,5.622461476312871,True,transition
117,94,600.0121792268635,614.4276790552589,27,28,5.539947280448115e-10,3.309458041177801e-09,5.973807824593785,0.7762512473841265,"[61, 117]","[46, 117]","[3, 3]","[3, 3]",5.833763039491924,1.8828900397862576,True,transition
94,197,614.4276790552589,624.607446148185,28,28,3.309458041177801e-09,1.4427688514259188e-09,0.4359532084934525,-0.3605601217030007,"[46, 117]","[117, 126]","[3, 3]","[3, 3]",1.8828900397862576,3.3825481333235956,True,transition
107,95,126.6156315069239,149.5436616205417,6,7,9.255282590251927e-05,1.5699337997008277e-05,0.16962570125674514,-0.7705083438934134,"[55, 58]","[47, 55]","[3, 4]","[2, 3]",2.952129439124871,2.970979785075425,True,source
108,95,133.38433253605552,149.5436616205417,8,7,1.1112562114213935e-05,1.5699337997008277e-05,1.4127559275396497,0.1500671381552911,"[55, 199]","[47, 55]","[3, 4]","[2, 3]",2.26872341133069,2.970979785075425,True,source
97,96,638.0749939681226,644.2987318165135,29,29,2.172096895640984e-10,2.921257395889617e-09,13.449019708798748,1.1286906300205997,"[48, 126]","[48, 63]","[3, 3]","[3, 2]",5.622461476312871,2.80325729161072,True,transition
96,119,644.2987318165135,666.5481768728687,29,30,2.921257395889617e-09,3.536743465546122e-09,1.2106921733506026,0.0830337348777845,"[48, 63]","[63, 67]","[3, 2]","[2, 3]",2.80325729161072,1.7514159879434956,True,transition
197,97,624.607446148185,638.0749939681226,28,29,1.4427688514259188e-09,2.172096895640984e-10,0.1505505815082059,-0.8223175626665505,"[117, 126]","[48, 126]","[3, 3]","[3, 3]",3.3825481333235956,5.622461476312871,True,transition
97,208,638.0749939681226,646.9019114654717,29,29,2.172096895640984e-10,1.7646333810240437e-09,8.124100653913517,0.9097752954772825,"[48, 126]","[126, 144]","[3, 3]","[3, 2]",5.622461476312871,2.9437415250790764,True,transition
98,99,592.1379456100192,615.3414443003772,27,28,1.540494648827153e-09,1.7228345138697147e-09,1.1183644910298034,0.04858336942214269,"[49, 50]","[50, 57]","[3, 2]","[2, 2]",4.377467757535918,3.1952386518121862,True,transition
99,110,615.3414443003772,638.106455608958,28,29,1.7228345138697147e-09,2.0222559289699383e-09,1.1737958072523655,0.06959255389930136,"[50, 57]","[57, 77]","[2, 2]","[2, 2]",3.1952386518121862,2.8110110313244405,False,remote
100,101,288.756600494825,298.3955268970099,15,15,8.385422280911002e-09,4.2175729761446716e-07,50.29648877368725,1.70153766777087,"[51, 150]","[51, 151]","[3, 3]","[3, 2]",3.068758093096978,3.5003998493329753,True,transition
101,232,298.3955268970099,318.3378680329732,15,16,4.2175729761446716e-07,9.624703151441623e-09,0.022820478047162723,-1.6416752621496058,"[51, 151]","[151, 165]","[3, 2]","[2, 1]",3.5003998493329753,3.9674456027046823,True,transition
102,161,356.0546877147582,376.78716171938794,17,18,3.3478526088957127e-07,1.4315200747304286e-08,0.04275935179842385,-1.368968887011001,"[52, 91]","[91, 104]","[2, 2]","[2, 2]",1.4214536977109589,2.8037476864170827,False,transition
104,103,480.11249632344,480.5831074470795,22,22,1.581480117763075e-08,7.41643857769115e-08,4.689555369296286,0.6711316679144346,"[53, 125]","[53, 71]","[4, 4]","[4, 4]",3.5199486602885095,1.217259714972986,True,transition
105,103,473.04124098184764,480.5831074470795,22,22,5.556017257318021e-09,7.41643857769115e-08,13.34848009682242,1.1254318182742709,"[53, 166]","[53, 71]","[4, 2]","[4, 4]",4.238056866566151,1.217259714972986,True,transition
103,129,480.5831074470795,498.1474445773469,22,23,7.41643857769115e-08,1.596076324563843e-08,0.2152079206001765,-0.6671417487600723,"[53, 71]","[71, 80]","[4, 4]","[4, 2]",1.217259714972986,2.8159751372841484,True,transition
103,130,480.5831074470795,503.39276400304396,22,23,7.41643857769115e-08,1.0387145545848804e-08,0.14005570783116333,-0.8536991872398058,"[53, 71]","[71, 87]","[4, 4]","[4, 3]",1.217259714972986,4.40718035822897,True,transition
103,131,480.5831074470795,490.72112618092643,22,23,7.41643857769115e-08,1.5204192901395006e-08,0.20500665841323937,-0.6882320332605013,"[53, 71]","[71, 125]","[4, 4]","[4, 4]",1.217259714972986,3.271101961403513,True,transition
105,104,473.04124098184764,480.11249632344,22,22,5.556017257318021e-09,1.581480117763075e-08,2.846427655853756,0.4543001503598365,"[53, 166]","[53, 125]","[4, 2]","[4, 4]",4.238056866566151,3.5199486602885095,True,transition
104,131,480.11249632344,490.72112618092643,22,23,1.581480117763075e-08,1.5204192901395006e-08,0.9613900757032964,-0.017100365346066734,"[53, 125]","[71, 125]","[4, 4]","[4, 4]",3.5199486602885095,3.271101961403513,True,transition
104,206,480.11249632344,500.444367917938,22,23,1.581480117763075e-08,3.6487333654945725e-08,2.3071636023192785,0.36307839168852957,"[53, 125]","[125, 128]","[4, 4]","[4, 2]",3.5199486602885095,1.9073302725366865,True,transition
104,207,480.11249632344,484.8012153119919,22,23,1.581480117763075e-08,2.131755841195314e-08,1.3479498207100933,0.12967372528955556,"[53, 125]","[125, 166]","[4, 4]","[4, 2]",3.5199486602885095,3.0840084594277606,True,transition
105,207,473.04124098184764,484.8012153119919,22,23,5.556017257318021e-09,2.131755841195314e-08,3.8368416483723213,0.5839738756493921,"[53, 166]","[125, 166]","[4, 2]","[4, 2]",4.238056866566151,3.0840084594277606,True,transition
106,126,591.7969042822185,614.0971693875849,27,28,9.699875932056947e-09,1.7783925030014797e-09,0.1833417783338962,-0.7367385605017378,"[54, 68]","[68, 75]","[3, 3]","[3, 2]",1.8702977279876727,3.6205153803481203,True,transition
107,108,126.6156315069239,133.38433253605552,6,8,9.255282590251927e-05,1.1112562114213935e-05,0.12006723734095572,-0.9205754820487044,"[55, 58]","[55, 199]","[3, 4]","[3, 4]",2.952129439124871,2.26872341133069,True,source
111,107,110.81816575841925,126.6156315069239,6,6,1.743578222879367e-06,9.255282590251927e-05,53.08211853533957,1.724948247460055,"[58, 59]","[55, 58]","[4, 3]","[3, 4]",5.477407164367747,2.952129439124871,True,source
112,107,104.13272101339376,126.6156315069239,5,6,0.0014542787541612374,9.255282590251927e-05,0.06364173693502082,-1.1962579759299032,"[58, 62]","[55, 58]","[4, 3]","[3, 4]",2.4955788614805137,2.952129439124871,True,source
113,107,121.90826781649308,126.6156315069239,7,6,3.718055892384083e-05,9.255282590251927e-05,2.4892801125475486,0.3960737694446291,"[58, 199]","[55, 58]","[4, 4]","[3, 4]",3.469867272522233,2.952129439124871,True,source
113,108,121.90826781649308,133.38433253605552,7,8,3.718055892384083e-05,1.1112562114213935e-05,0.2988809860813675,-0.5245017126040754,"[58, 199]","[55, 199]","[4, 4]","[3, 4]",3.469867272522233,2.26872341133069,True,source
115,108,117.92491776904694,133.38433253605552,6,8,0.0004799484103034503,1.1112562114213935e-05,0.023153659592679867,-1.635380356037077,"[59, 199]","[55, 199]","[3, 4]","[3, 4]",2.180204116147685,2.26872341133069,True,source
165,108,132.86419956236827,133.38433253605552,7,8,1.4881182910891896e-05,1.1112562114213935e-05,0.7467526056735976,-0.12682325332016386,"[94, 199]","[55, 199]","[4, 4]","[3, 4]",1.881727902106551,2.26872341133069,True,source
109,177,482.15450600985736,505.2158872618364,22,23,4.640432727101723e-09,1.693425764974251e-09,0.364928416068627,-0.437792317886899,"[56, 102]","[102, 107]","[3, 3]","[3, 2]",3.0219493959359838,3.6919012249683156,True,transition
109,178,482.15450600985736,503.17533282259797,22,23,4.640432727101723e-09,3.2240279769711754e-09,0.6947688214811829,-0.1581596792325637,"[56, 102]","[102, 119]","[3, 3]","[3, 3]",3.0219493959359838,2.7566548688974706,True,transition
110,140,638.106455608958,660.193532041212,29,30,2.0222559289699383e-09,1.9283513590938895e-09,0.9535644482328801,-0.020649949114013143,"[57, 77]","[77, 163]","[2, 2]","[2, 3]",2.8110110313244405,2.1105520705973007,True,remote
112,111,104.13272101339376,110.81816575841925,5,6,0.0014542787541612374,1.743578222879367e-06,0.0011989298598293727,-2.9212062233899583,"[58, 62]","[58, 59]","[4, 3]","[4, 3]",2.4955788614805137,5.477407164367747,True,source
111,113,110.81816575841925,121.90826781649308,6,7,1.743578222879367e-06,3.718055892384083e-05,21.324284988166685,1.328874478015426,"[58, 59]","[58, 199]","[4, 3]","[4, 4]",5.477407164367747,3.469867272522233,True,source
114,111,99.57037632767899,110.81816575841925,5,6,0.013238844332701312,1.743578222879367e-06,0.00013170169382327042,-3.880408639515291,"[59, 62]","[58, 59]","[3, 3]","[4, 3]",1.3030625699531662,5.477407164367747,True,source
111,115,110.81816575841925,117.92491776904694,6,6,1.743578222879367e-06,0.0004799484103034503,275.2663482518481,2.439753121448428,"[58, 59]","[59, 199]","[4, 3]","[3, 4]",5.477407164367747,2.180204116147685,True,source
112,113,104.13272101339376,121.90826781649308,5,7,0.0014542787541612374,3.718055892384083e-05,0.025566322011824277,-1.5923317453745325,"[58, 62]","[58, 199]","[4, 3]","[4, 4]",2.4955788614805137,3.469867272522233,True,source
114,112,99.57037632767899,104.13272101339376,5,5,0.013238844332701312,0.0014542787541612374,0.1098493733753647,-0.9592024161253329,"[59, 62]","[58, 62]","[3, 3]","[4, 3]",1.3030625699531662,2.4955788614805137,True,source
118,112,81.16737984050741,104.13272101339376,4,5,0.023289747326236943,0.0014542787541612374,0.062442873844446016,-1.2045171173638896,"[62, 83]","[58, 62]","[3, 3]","[4, 3]",3.440054383086615,2.4955788614805137,True,source
115,113,117.92491776904694,121.90826781649308,6,7,0.0004799484103034503,3.718055892384083e-05,0.07746782388618226,-1.1108786434330018,"[59, 199]","[58, 199]","[3, 4]","[4, 4]",2.180204116147685,3.469867272522233,True,source
113,165,121.90826781649308,132.86419956236827,7,7,3.718055892384083e-05,1.4881182910891896e-05,0.400240968441973,-0.39767845928391155,"[58, 199]","[94, 199]","[4, 4]","[4, 4]",3.469867272522233,1.881727902106551,True,source
114,115,99.57037632767899,117.92491776904694,5,6,0.013238844332701312,0.0004799484103034503,0.03625304431731463,-1.4406555180668634,"[59, 62]","[59, 199]","[3, 3]","[3, 4]",1.3030625699531662,2.180204116147685,True,source
118,114,81.16737984050741,99.57037632767899,4,5,0.023289747326236943,0.013238844332701312,0.5684408743149894,-0.24531470123855667,"[62, 83]","[59, 62]","[3, 3]","[3, 3]",3.440054383086615,1.3030625699531662,True,source
115,165,117.92491776904694,132.86419956236827,6,7,0.0004799484103034503,1.4881182910891896e-05,0.031005796855297797,-1.5085571027169131,"[59, 199]","[94, 199]","[3, 4]","[4, 4]",2.180204116147685,1.881727902106551,True,source
136,116,339.8689694449753,344.5198053515114,17,17,2.88249535948866e-07,3.0201387054388625e-09,0.010477514544809604,-1.9797417276092537,"[74, 92]","[60, 74]","[3, 2]","[2, 3]",2.7714855531438687,4.962888139958778,True,transition
137,116,324.63645436118,344.5198053515114,16,17,2.6688591623903496e-07,3.0201387054388625e-09,0.011316216112107959,-1.946298767171238,"[74, 122]","[60, 74]","[3, 4]","[2, 3]",1.1088481980717297,4.962888139958778,True,transition
117,197,600.0121792268635,624.607446148185,27,28,5.539947280448115e-10,1.4427688514259188e-09,2.604300688054952,0.4156911256811258,"[61, 117]","[117, 126]","[3, 3]","[3, 3]",5.833763039491924,3.3825481333235956,True,transition
147,118,60.639042394669964,81.16737984050741,3,4,9.957023822885926,0.023289747326236943,0.0023390269763848654,-2.6309647693718947,"[83, 86]","[62, 83]","[3, 3]","[3, 3]",1.9534173207280006,3.440054383086615,True,source
148,118,75.68529538538121,81.16737984050741,4,4,0.013809564935422996,0.023289747326236943,1.6864939217959196,0.22698478031013053,"[83, 112]","[62, 83]","[3, 2]","[3, 3]",2.8865705326645674,3.440054383086615,True,source
119,124,666.5481768728687,689.5668749618271,30,31,3.536743465546122e-09,2.972145796761861e-10,0.0840362278382812,-1.075533450147411,"[63, 67]","[67, 69]","[2, 3]","[3, 2]",1.7514159879434956,4.87157689794774,True,remote
119,125,666.5481768728687,684.3554527387522,30,31,3.536743465546122e-09,1.098335318770891e-10,0.031054989695196704,-1.507868610527912,"[63, 67]","[67, 149]","[2, 3]","[3, 3]",1.7514159879434956,5.164908685792632,True,remote
122,120,201.63469220422928,220.82996030454314,10,12,7.804214504558509e-07,3.0282079170028913e-05,38.802212768935156,1.5888564927575197,"[66, 78]","[64, 66]","[4, 4]","[2, 4]",3.4828179415839813,1.0712479515867308,True,transition
120,123,220.82996030454314,222.9776131781576,12,11,3.0282079170028913e-05,1.980776441555483e-07,0.006541084680591936,-2.184350228474555,"[64, 66]","[66, 84]","[2, 4]","[4, 3]",1.0712479515867308,1.8647352298357234,True,transition
132,121,150.54440400297116,173.38005130911995,8,9,8.112525049189695e-05,1.189781857712471e-05,0.14665986859804028,-0.8336887084524469,"[72, 94]","[65, 72]","[3, 4]","[2, 3]",2.2454926084629,3.4266310581966835,True,transition
133,121,168.9558367509661,173.38005130911995,9,9,1.3605081088262602e-06,1.189781857712471e-05,8.74512875001474,0.941766207755157,"[72, 155]","[65, 72]","[3, 1]","[2, 3]",3.085076694913951,3.4266310581966835,True,transition
122,123,201.63469220422928,222.9776131781576,10,11,7.804214504558509e-07,1.980776441555483e-07,0.2538085595159506,-0.5954937357170356,"[66, 78]","[66, 84]","[4, 4]","[4, 3]",3.4828179415839813,1.8647352298357234,True,transition
141,122,177.75189180607111,201.63469220422928,9,10,4.532365063743959e-07,7.804214504558509e-07,1.7218856810514374,0.2360043145179773,"[78, 90]","[66, 78]","[4, 4]","[4, 4]",4.289920161417964,3.4828179415839813,True,transition
123,149,222.9776131781576,243.94051760906342,11,12,1.980776441555483e-07,5.028479429051903e-06,25.386405671823777,1.4046012157459336,"[66, 84]","[84, 88]","[4, 3]","[3, 2]",1.8647352298357234,2.135975480213414,True,transition
123,150,222.9776131781576,243.26828003230347,11,12,1.980776441555483e-07,3.634569436913277e-06,18.349215795696196,1.2636175082132066,"[66, 84]","[84, 93]","[4, 3]","[3, 2]",1.8647352298357234,3.7777557678880456,True,transition
125,124,684.3554527387522,689.5668749618271,31,31,1.098335318770891e-10,2.972145796761861e-10,2.7060459096297538,0.43233516038050107,"[67, 149]","[67, 69]","[3, 3]","[3, 2]",5.164908685792632,4.87157689794774,True,remote
124,127,689.5668749618271,713.4304298630037,31,32,2.972145796761861e-10,9.151900950622297e-11,0.3079223421876965,-0.5115587984732097,"[67, 69]","[69, 82]","[3, 2]","[2, 2]",4.87157689794774,4.408565056819931,True,remote
226,125,668.604201446997,684.3554527387522,30,31,2.6084301939921925e-10,1.098335318770891e-10,0.4210713866526338,-0.3756442694823176,"[144, 149]","[67, 149]","[2, 3]","[3, 3]",4.271944377385594,5.164908685792632,True,remote
125,231,684.3554527387522,691.8881989660945,31,31,1.098335318770891e-10,4.235884915697177e-10,3.8566409031054465,0.5862092030195085,"[67, 149]","[149, 194]","[3, 3]","[3, 1]",5.164908685792632,3.4610789204311168,True,remote
126,138,614.0971693875849,637.0680425203719,28,29,1.7783925030014797e-09,2.2970611189392463e-09,1.2916502487850035,0.11114493193629825,"[68, 75]","[75, 76]","[3, 2]","[2, 2]",3.6205153803481203,2.3242212523709505,True,transition
127,146,713.4304298630037,732.1132042338509,32,33,9.151900950622297e-11,1.1475942824233104e-09,12.539408901112266,1.0982770646417714,"[69, 82]","[82, 97]","[2, 2]","[2, 2]",4.408565056819931,1.611473123825352,False,remote
128,173,553.617774404965,576.2332352980724,25,26,8.065284723887416e-10,1.714561726003551e-09,2.1258539341152276,0.3275334211529372,"[70, 100]","[100, 161]","[3, 3]","[3, 1]",4.618706988368537,1.1460749872691167,True,transition
128,174,553.617774404965,574.7400491344919,25,26,8.065284723887416e-10,2.516419750866738e-09,3.120063131080436,0.49416338158334233,"[70, 100]","[100, 184]","[3, 3]","[3, 2]",4.618706988368537,3.828349460803004,True,transition
129,130,498.1474445773469,503.39276400304396,23,23,1.596076324563843e-08,1.0387145545848804e-08,0.6507925332886121,-0.1865574384797334,"[71, 80]","[71, 87]","[4, 2]","[4, 3]",2.8159751372841484,4.40718035822897,True,transition
131,129,490.72112618092643,498.1474445773469,23,23,1.5204192901395006e-08,1.596076324563843e-08,1.049760638341678,0.021090284500429,"[71, 125]","[71, 80]","[4, 4]","[4, 2]",3.271101961403513,2.8159751372841484,True,transition
129,143,498.1474445773469,516.0678003449825,23,24,1.596076324563843e-08,5.8034978182528286e-09,0.363610294127929,-0.439363830016433,"[71, 80]","[80, 123]","[4, 2]","[2, 2]",2.8159751372841484,2.5819815609066517,True,transition
131,130,490.72112618092643,503.39276400304396,23,23,1.5204192901395006e-08,1.0387145545848804e-08,0.6831763851730511,-0.16546715397930442,"[71, 125]","[71, 87]","[4, 4]","[4, 3]",3.271101961403513,4.40718035822897,True,transition
130,154,503.39276400304396,526.7329646423665,23,24,1.0387145545848804e-08,1.645977178873973e-08,1.584628973964636,0.19992759247023525,"[71, 87]","[87, 95]","[4, 3]","[3, 3]",4.40718035822897,2.2881504299093827,True,transition
130,155,503.39276400304396,521.3131197706796,23,24,1.0387145545848804e-08,3.298011190810281e-08,3.1750890331254893,0.5017559079123957,"[71, 87]","[87, 123]","[4, 3]","[3, 2]",4.40718035822897,1.0891743032752714,True,transition
131,206,490.72112618092643,500.444367917938,23,23,1.5204192901395006e-08,3.6487333654945725e-08,2.399820489754373,0.3801787570345963,"[71, 125]","[125, 128]","[4, 4]","[4, 2]",3.271101961403513,1.9073302725366865,True,transition
207,131,484.8012153119919,490.72112618092643,23,23,2.131755841195314e-08,1.5204192901395006e-08,0.7132239352922208,-0.14677409063562238,"[125, 166]","[71, 125]","[4, 2]","[4, 4]",3.0840084594277606,3.271101961403513,True,transition
132,133,150.54440400297116,168.9558367509661,8,9,8.112525049189695e-05,1.3605081088262602e-06,0.016770464196744172,-1.7754549162076039,"[72, 94]","[72, 155]","[3, 4]","[3, 1]",2.2454926084629,3.085076694913951,True,transition
132,159,150.54440400297116,155.10717976939523,8,8,8.112525049189695e-05,1.1775392080045173e-05,0.1451507638946685,-0.838180674235571,"[72, 94]","[90, 94]","[3, 4]","[4, 4]",2.2454926084629,2.7369723913051693,True,transition
164,132,150.47567691513873,150.54440400297116,8,8,4.859615835561222e-05,8.112525049189695e-05,1.669375795062781,0.22255411220411303,"[94, 101]","[72, 94]","[4, 4]","[3, 4]",2.300008478232524,2.2454926084629,True,transition
165,132,132.86419956236827,150.54440400297116,7,8,1.4881182910891896e-05,8.112525049189695e-05,5.451532380031391,0.7365185959737476,"[94, 199]","[72, 94]","[4, 4]","[3, 4]",1.881727902106551,2.2454926084629,True,transition
135,134,406.776605017491,409.0390991290352,19,19,1.1361477063907992e-09,1.4256902428734858e-08,12.548458575007615,1.0985903813164533,"[73, 85]","[73, 81]","[3, 3]","[3, 3]",4.30292696913018,3.123780741319809,True,transition
134,144,409.0390991290352,418.33849538815093,19,20,1.4256902428734858e-08,1.5195584815437936e-08,1.0658405562775795,0.027692241549903407,"[73, 81]","[81, 85]","[3, 3]","[3, 3]",3.123780741319809,3.8401169873877663,True,transition
134,145,409.0390991290352,432.12324885698223,19,20,1.4256902428734858e-08,1.3355612138096059e-08,0.9367821800602181,-0.028361379224253493,"[73, 81]","[81, 110]","[3, 3]","[3, 2]",3.123780741319809,3.094556656921988,True,transition
135,144,406.776605017491,418.33849538815093,19,20,1.1361477063907992e-09,1.5195584815437936e-08,13.374656068012278,1.1262826228663567,"[73, 85]","[81, 85]","[3, 3]","[3, 3]",4.30292696913018,3.8401169873877663,True,transition
135,151,406.776605017491,429.1923022049742,19,20,1.1361477063907992e-09,1.2710608944497252e-09,1.1187461694461407,0.04873156131502826,"[73, 85]","[85, 138]","[3, 3]","[3, 2]",4.30292696913018,1.5707855386801377,True,transition
137,136,324.63645436118,339.8689694449753,16,17,2.6688591623903496e-07,2.88249535948866e-07,1.0800477597727445,0.03344296043801564,"[74, 122]","[74, 92]","[3, 4]","[3, 2]",1.1088481980717297,2.7714855531438687,True,transition
136,162,339.8689694449753,362.0993828908855,17,18,2.88249535948866e-07,8.610882169835699e-08,0.29873013122086084,-0.5247209703554159,"[74, 92]","[92, 145]","[3, 2]","[2, 3]",2.7714855531438687,3.0786156212651328,True,transition
188,137,311.3466454064709,324.63645436118,15,16,9.31722587927322e-07,2.6688591623903496e-07,0.28644353984455845,-0.5429609679387104,"[111, 122]","[74, 122]","[3, 4]","[3, 4]",2.2675478428532188,1.1088481980717297,True,transition
137,204,324.63645436118,333.346516847983,16,16,2.6688591623903496e-07,5.086739396803613e-07,1.905960220189252,0.28011383211941915,"[74, 122]","[122, 132]","[3, 4]","[4, 2]",1.1088481980717297,1.9686643077217312,True,transition
205,137,319.90633425484845,324.63645436118,16,16,2.329140028685872e-06,2.6688591623903496e-07,0.11458560367863117,-0.9408699428893427,"[122, 135]","[74, 122]","[4, 2]","[3, 4]",1.3246304703985565,1.1088481980717297,True,transition
138,139,637.0680425203719,659.4112507026246,29,30,2.2970611189392463e-09,8.419494649883309e-10,0.36653333167605595,-0.43588652551189044,"[75, 76]","[76, 99]","[2, 2]","[2, 2]",2.3242212523709505,2.5980327313976055,False,transition
139,172,659.4112507026246,682.6088371983453,30,31,8.419494649883309e-10,1.4608603567445924e-10,0.17350926836978742,-0.7606773214820666,"[76, 99]","[99, 129]","[2, 2]","[2, 3]",2.5980327313976055,3.9971275145966665,True,transition
140,241,660.193532041212,683.033655307027,30,31,1.9283513590938895e-09,3.5542028438685276e-10,0.18431303129003457,-0.7344439582302834,"[77, 163]","[163, 193]","[2, 3]","[3, 2]",2.1105520705973007,3.968195564641171,True,remote
140,242,660.193532041212,681.3587441467824,30,31,1.9283513590938895e-09,2.0930186120041286e-10,0.10853927642043483,-0.9644130779809745,"[77, 163]","[163, 197]","[2, 3]","[3, 2]",2.1105520705973007,3.9848618095656327,True,remote
159,141,155.10717976939523,177.75189180607111,8,9,1.1775392080045173e-05,4.532365063743959e-07,0.038490141414693105,-1.4146504932829602,"[90, 94]","[78, 90]","[4, 4]","[4, 4]",2.7369723913051693,4.289920161417964,True,transition
160,141,161.84416311079133,177.75189180607111,9,9,8.022285168546576e-05,4.532365063743959e-07,0.00564971821434902,-2.247973212535449,"[90, 101]","[78, 90]","[4, 4]","[4, 4]",4.342948250802433,4.289920161417964,True,transition
142,182,618.160121333882,640.0244596420999,28,29,7.187271406095024e-10,1.3561553968928236e-09,1.8868849112095067,0.27574541158468496,"[79, 105]","[105, 109]","[2, 2]","[2, 3]",3.877210687516488,2.3620911488270018,True,remote
143,155,516.0678003449825,521.3131197706796,24,24,5.8034978182528286e-09,3.298011190810281e-08,5.682799053421827,0.7545622994490951,"[80, 123]","[87, 123]","[2, 2]","[3, 2]",2.5819815609066517,1.0891743032752714,True,transition
144,145,418.33849538815093,432.12324885698223,20,20,1.5195584815437936e-08,1.3355612138096059e-08,0.8789139937890013,-0.05605362077415688,"[81, 85]","[81, 110]","[3, 3]","[3, 2]",3.8401169873877663,3.094556656921988,True,transition
144,151,418.33849538815093,429.1923022049742,20,20,1.5195584815437936e-08,1.2710608944497252e-09,0.08364672435366834,-1.0775510615513284,"[81, 85]","[85, 138]","[3, 3]","[3, 2]",3.8401169873877663,1.5707855386801377,True,transition
146,169,732.1132042338509,748.0505669949171,33,34,1.1475942824233104e-09,5.656050926059981e-12,0.004928615463399151,-2.3072750647096547,"[82, 97]","[97, 98]","[2, 2]","[2, 3]",1.611473123825352,4.471159596851464,True,remote
147,148,60.639042394669964,75.68529538538121,3,4,9.957023822885926,0.013809564935422996,0.0013869169323148668,-2.8579495496820253,"[83, 86]","[83, 112]","[3, 3]","[3, 2]",1.9534173207280006,2.8865705326645674,True,source
152,147,38.23229792713454,60.639042394669964,2,3,14.15694308536391,9.957023822885926,0.7033314863842286,-0.15283993987816558,"[86, 89]","[83, 86]","[3, 3]","[3, 3]",3.1946205981128557,1.9534173207280006,True,source
153,147,41.546042232669535,60.639042394669964,2,3,24.453657627284624,9.957023822885926,0.40717932567176335,-0.39021428119834106,"[86, 120]","[83, 86]","[3, 2]","[3, 3]",2.836650070467435,1.9534173207280006,True,source
148,190,75.68529538538121,97.14416766058673,4,5,0.013809564935422996,0.0005596352660899498,0.040525191684672564,-1.392274922256161,"[83, 112]","[112, 115]","[3, 2]","[2, 2]",2.8865705326645674,3.5682046277630484,True,source
150,149,243.26828003230347,243.94051760906342,12,12,3.634569436913277e-06,5.028479429051903e-06,1.383514475740056,0.14098370753272685,"[84, 93]","[84, 88]","[3, 2]","[3, 2]",3.7777557678880456,2.135975480213414,True,transition
149,156,243.94051760906342,263.8952005443957,12,13,5.028479429051903e-06,2.7273317569819087e-06,0.5423770337459917,-0.2656987083898009,"[84, 88]","[88, 114]","[3, 2]","[2, 2]",2.135975480213414,1.627886205129613,True,transition
150,163,243.26828003230347,266.27422222749027,12,13,3.634569436913277e-06,4.440993007230615e-06,1.221875956510053,0.08702711905089713,"[84, 93]","[93, 106]","[3, 2]","[2, 2]",3.7777557678880456,2.6239719303016678,True,transition
151,220,429.1923022049742,449.0805604650879,20,21,1.2710608944497252e-09,5.207309502043766e-09,4.096821422783322,0.6124470338115618,"[85, 138]","[138, 192]","[3, 2]","[2, 1]",1.5707855386801377,3.498936135995809,True,transition
152,153,38.23229792713454,41.546042232669535,2,2,14.15694308536391,24.453657627284624,1.7273261239967777,0.2373743413201755,"[86, 89]","[86, 120]","[3, 3]","[3, 2]",3.1946205981128557,2.836650070467435,True,source
157,152,33.39684578907303,38.23229792713454,2,2,21.358908733824972,14.15694308536391,0.6628120969000776,-0.17860957392649388,"[89, 96]","[86, 89]","[3, 2]","[3, 3]",3.562644748490591,3.1946205981128557,True,source
158,152,19.242269575533626,38.23229792713454,1,2,109.37944560068264,14.15694308536391,0.12942964747734612,-0.8879662316964753,"[89, 147]","[86, 89]","[3, 3]","[3, 3]",3.730348001051901,3.1946205981128557,True,source
201,153,22.556013881068633,41.546042232669535,1,2,27.78336681076729,24.453657627284624,0.8801545829142544,-0.05544104533750946,"[120, 147]","[86, 120]","[2, 3]","[3, 2]",2.877822565743063,2.836650070467435,True,source
155,154,521.3131197706796,526.7329646423665,24,24,3.298011190810281e-08,1.645977178873973e-08,0.49908174461639,-0.3018283154421604,"[87, 123]","[87, 95]","[3, 2]","[3, 3]",1.0891743032752714,2.2881504299093827,True,transition
154,166,526.7329646423665,550.0674219454454,24,25,1.645977178873973e-08,2.9845769740821417e-09,0.1813255379472464,-0.7415410254218532,"[87, 95]","[95, 103]","[3, 3]","[3, 3]",2.2881504299093827,4.4708702744113005,True,transition
154,167,526.7329646423665,546.5753211677218,24,25,1.645977178873973e-08,2.0948475396339242e-08,1.27270752384734,0.10472861153020246,"[87, 95]","[95, 154]","[3, 3]","[3, 3]",2.2881504299093827,2.720383102708748,True,transition
156,193,263.8952005443957,286.2558704044747,13,14,2.7273317569819087e-06,3.370350259235355e-06,1.235768347802695,0.09193706727387128,"[88, 114]","[114, 133]","[2, 2]","[2, 2]",1.627886205129613,3.1257694897728356,False,transition
158,157,19.242269575533626,33.39684578907303,1,2,109.37944560068264,21.358908733824972,0.19527351429263112,-0.7093566577699814,"[89, 147]","[89, 96]","[3, 3]","[3, 2]",3.730348001051901,3.562644748490591,True,source
168,157,33.22058910192354,33.39684578907303,2,2,102.16930506225926,21.358908733824972,0.2090540668825086,-0.679741379381435,"[96, 176]","[89, 96]","[2, 2]","[3, 2]",3.4991930659693757,3.562644748490591,True,source
158,201,19.242269575533626,22.556013881068633,1,1,109.37944560068264,27.78336681076729,0.2540090293764836,-0.5951508450387903,"[89, 147]","[120, 147]","[3, 3]","[2, 3]",3.730348001051901,2.877822565743063,True,source
229,158,0.0,19.242269575533626,0,1,126.34487577242106,109.37944560068264,0.8657212643724671,-0.06262191494637584,"[147, 169]","[89, 147]","[3, 2]","[3, 3]",2.2485287702685746,3.730348001051901,True,source
159,160,155.10717976939523,161.84416311079133,8,9,1.1775392080045173e-05,8.022285168546576e-05,6.812754186029448,0.8333227192524886,"[90, 94]","[90, 101]","[4, 4]","[4, 4]",2.7369723913051693,4.342948250802433,True,transition
164,159,150.47567691513873,155.10717976939523,8,8,4.859615835561222e-05,1.1775392080045173e-05,0.2423111718806322,-0.6156265620314579,"[94, 101]","[90, 94]","[4, 4]","[4, 4]",2.300008478232524,2.7369723913051693,True,transition
165,159,132.86419956236827,155.10717976939523,7,8,1.4881182910891896e-05,1.1775392080045173e-05,0.7912940893580765,-0.10166207826182337,"[94, 199]","[90, 94]","[4, 4]","[4, 4]",1.881727902106551,2.7369723913051693,True,transition
164,160,150.47567691513873,161.84416311079133,8,9,4.859615835561222e-05,8.022285168546576e-05,1.650806450551478,0.2176961572210306,"[94, 101]","[90, 101]","[4, 4]","[4, 4]",2.300008478232524,4.342948250802433,True,transition
160,175,161.84416311079133,173.29120272065404,9,9,8.022285168546576e-05,0.00020198234139352962,2.51776566339792,0.4010153064592437,"[90, 101]","[101, 108]","[4, 4]","[4, 2]",4.342948250802433,4.513959045001847,True,source
160,176,161.84416311079133,172.604757848308,9,9,8.022285168546576e-05,6.198474775078484e-08,0.0007726569979562921,-3.112013257639758,"[90, 101]","[101, 134]","[4, 4]","[4, 3]",4.342948250802433,3.163832208166653,True,source
161,181,376.78716171938794,399.9468888511098,18,19,1.4315200747304286e-08,1.9928766626107035e-08,1.3921402136019536,0.14368297875654915,"[91, 104]","[104, 148]","[2, 2]","[2, 2]",2.8037476864170827,4.5490656776021545,False,transition
162,219,362.0993828908855,370.7346151880416,18,18,8.610882169835699e-08,6.70288501878624e-09,0.07784202462166702,-1.108785876868905,"[92, 145]","[137, 145]","[2, 3]","[3, 3]",3.0786156212651328,3.385802703897216,True,transition
162,227,362.0993828908855,384.0290345620209,18,19,8.610882169835699e-08,1.9129816105155543e-07,2.2215860962734033,0.3466631487323731,"[92, 145]","[145, 162]","[2, 3]","[3, 3]",3.0786156212651328,2.911715860236111,True,transition
163,183,266.27422222749027,288.9050961707903,13,14,4.440993007230615e-06,2.114635153136523e-06,0.476162684717939,-0.32224464180823104,"[93, 106]","[106, 111]","[2, 2]","[2, 3]",2.6239719303016678,2.7261404424236098,True,transition
165,164,132.86419956236827,150.47567691513873,7,8,1.4881182910891896e-05,4.859615835561222e-05,3.2656112519148945,0.5139644837696346,"[94, 199]","[94, 101]","[4, 4]","[4, 4]",1.881727902106551,2.300008478232524,True,source
164,175,150.47567691513873,173.29120272065404,8,9,4.859615835561222e-05,0.00020198234139352962,4.156343798114308,0.6187114636802744,"[94, 101]","[101, 108]","[4, 4]","[4, 2]",2.300008478232524,4.513959045001847,True,source
164,176,150.47567691513873,172.604757848308,8,9,4.859615835561222e-05,6.198474775078484e-08,0.001275507156289987,-2.8943171004187276,"[94, 101]","[101, 134]","[4, 4]","[4, 3]",2.300008478232524,3.163832208166653,True,source
167,166,546.5753211677218,550.0674219454454,25,25,2.0948475396339242e-08,2.9845769740821417e-09,0.14247227626902614,-0.8462696369520556,"[95, 154]","[95, 103]","[3, 3]","[3, 3]",2.720383102708748,4.4708702744113005,True,transition
166,179,550.0674219454454,573.2035186708827,25,26,2.9845769740821417e-09,9.794307589898902e-09,3.281640136927942,0.5160909548050464,"[95, 103]","[103, 121]","[3, 3]","[3, 3]",4.4708702744113005,2.607757356367113,True,transition
166,180,550.0674219454454,558.8107563049274,25,26,2.9845769740821417e-09,1.953063237567654e-09,0.6543852795648828,-0.18416647870661051,"[95, 103]","[103, 154]","[3, 3]","[3, 3]",4.4708702744113005,4.85134648728982,True,transition
167,180,546.5753211677218,558.8107563049274,25,26,2.0948475396339242e-08,1.953063237567654e-09,0.0932317603365519,-1.030436115658666,"[95, 154]","[103, 154]","[3, 3]","[3, 3]",2.720383102708748,4.85134648728982,True,transition
244,168,20.19158380461698,33.22058910192354,1,2,0.5981032939692024,102.16930506225926,170.82217418371243,2.232544245161906,"[169, 176]","[96, 176]","[2, 2]","[2, 2]",2.58759771912516,3.4991930659693757,False,source
169,170,748.0505669949171,761.2862669516774,34,35,5.656050926059981e-12,9.133132005877838e-11,16.147542031132314,1.2081064236604622,"[97, 98]","[98, 113]","[2, 3]","[3, 3]",4.471159596851464,4.622701992916262,True,remote
169,171,748.0505669949171,769.1136305544123,34,35,5.656050926059981e-12,2.792275332071469e-10,49.36793123990796,1.693444928517549,"[97, 98]","[98, 157]","[2, 3]","[3, 3]",4.471159596851464,2.0648141534134794,True,remote
170,171,761.2862669516774,769.1136305544123,35,35,9.133132005877838e-11,2.792275332071469e-10,3.057303157640156,0.4853385048570869,"[98, 113]","[98, 157]","[3, 3]","[3, 3]",4.622701992916262,2.0648141534134794,True,remote
170,191,761.2862669516774,781.7827586007313,35,36,9.133132005877838e-11,2.2849640315294214e-10,2.501840584433555,0.3982596332924375,"[98, 113]","[113, 118]","[3, 3]","[3, 3]",4.622701992916262,2.7808085488256005,True,remote
170,192,761.2862669516774,772.3186740283841,35,36,9.133132005877838e-11,9.941157765791944e-13,0.010884719239132954,-1.963182768686998,"[98, 113]","[113, 157]","[3, 3]","[3, 3]",4.622701992916262,4.9661787658973005,True,remote
171,192,769.1136305544123,772.3186740283841,35,36,2.792275332071469e-10,9.941157765791944e-13,0.003560235500994462,-2.448521273544085,"[98, 157]","[113, 157]","[3, 3]","[3, 3]",2.0648141534134794,4.9661787658973005,True,remote
171,236,769.1136305544123,789.6291445507094,35,36,2.792275332071469e-10,1.201018868986689e-11,0.043012193503700974,-1.3664084090557131,"[98, 157]","[157, 164]","[3, 3]","[3, 2]",2.0648141534134794,2.0415435998708418,True,remote
172,212,682.6088371983453,700.5758378192728,31,32,1.4608603567445924e-10,5.57740575006062e-10,3.81789109705832,0.5818235362574459,"[99, 129]","[129, 143]","[2, 3]","[3, 2]",3.9971275145966665,3.934585312817653,True,transition
172,213,682.6088371983453,705.6243674926945,31,32,1.4608603567445924e-10,2.786482945701234e-10,1.907425944469246,0.28044768553507354,"[99, 129]","[129, 171]","[2, 3]","[3, 2]",3.9971275145966665,3.3198488080065545,True,transition
174,173,574.7400491344919,576.2332352980724,26,26,2.516419750866738e-09,1.714561726003551e-09,0.6813496537741764,-0.16662996043040507,"[100, 184]","[100, 161]","[3, 2]","[3, 1]",3.828349460803004,1.1460749872691167,True,transition
223,174,568.0967533592438,574.7400491344919,26,26,2.708197429009749e-09,2.516419750866738e-09,0.92918622693873,-0.031897236246791145,"[141, 184]","[100, 184]","[2, 2]","[3, 2]",3.1086985534067324,3.828349460803004,True,transition
176,175,172.604757848308,173.29120272065404,9,9,6.198474775078484e-08,0.00020198234139352962,3258.5813239995346,3.513028564099002,"[101, 134]","[101, 108]","[4, 3]","[4, 2]",3.163832208166653,4.513959045001847,True,source
175,185,173.29120272065404,184.86173737080892,9,10,0.00020198234139352962,0.0045155098534784745,22.35596350812045,1.3493933920408947,"[101, 108]","[108, 134]","[4, 2]","[2, 3]",4.513959045001847,1.0471677285404368,True,source
176,185,172.604757848308,184.86173737080892,9,10,6.198474775078484e-08,0.0045155098534784745,72848.72516757641,4.8624219561398965,"[101, 134]","[108, 134]","[4, 3]","[2, 3]",3.163832208166653,1.0471677285404368,True,source
176,217,172.604757848308,194.19717610576635,9,10,6.198474775078484e-08,1.0162808023197248e-05,163.95659241944028,2.214728883608771,"[101, 134]","[134, 170]","[4, 3]","[3, 2]",3.163832208166653,2.1803875789148286,True,source
178,177,503.17533282259797,505.2158872618364,23,23,3.2240279769711754e-09,1.693425764974251e-09,0.5252515725887545,-0.27963263865433535,"[102, 119]","[102, 107]","[3, 3]","[3, 2]",2.7566548688974706,3.6919012249683156,True,transition
177,184,505.2158872618364,515.0212834350822,23,24,1.693425764974251e-09,2.5020356255520004e-09,1.4774994436145505,0.16952732601002665,"[102, 107]","[107, 119]","[3, 2]","[2, 3]",3.6919012249683156,4.926111345741624,True,transition
178,184,503.17533282259797,515.0212834350822,23,24,3.2240279769711754e-09,2.5020356255520004e-09,0.7760589062575526,-0.11010531264430869,"[102, 119]","[107, 119]","[3, 3]","[2, 3]",2.7566548688974706,4.926111345741624,True,transition
178,200,503.17533282259797,524.8647993559889,23,24,3.2240279769711754e-09,5.778452097044342e-10,0.17923082982899327,-0.746587284445149,"[102, 119]","[119, 127]","[3, 3]","[3, 3]",2.7566548688974706,3.2697263399169323,True,transition
180,179,558.8107563049274,573.2035186708827,26,26,1.953063237567654e-09,9.794307589898902e-09,5.0148440672595616,0.7002574335116569,"[103, 154]","[103, 121]","[3, 3]","[3, 3]",4.85134648728982,2.607757356367113,True,transition
179,202,573.2035186708827,595.4858365055117,26,27,9.794307589898902e-09,5.93999402588546e-09,0.6064741148227277,-0.21718773070764202,"[103, 121]","[121, 167]","[3, 3]","[3, 1]",2.607757356367113,3.55795006707935,True,transition
179,203,573.2035186708827,594.2634618580691,26,27,9.794307589898902e-09,1.3516157252262713e-09,0.13800013046560067,-0.8601205030156934,"[103, 121]","[121, 181]","[3, 3]","[3, 2]",2.607757356367113,2.091028318000358,True,transition
181,230,399.9468888511098,422.0700759529404,19,21,1.9928766626107035e-08,9.685658957258635e-09,0.4860139686000563,-0.3133512484357629,"[104, 148]","[148, 191]","[2, 2]","[2, 3]",4.5490656776021545,3.737460242364488,True,transition
182,186,640.0244596420999,662.6065094094528,29,30,1.3561553968928236e-09,5.674952430909815e-10,0.4184588612715084,-0.37834723110194596,"[105, 109]","[109, 116]","[2, 3]","[3, 3]",2.3620911488270018,3.2443526027223513,True,remote
182,187,640.0244596420999,657.8716781027586,29,30,1.3561553968928236e-09,6.839273106866978e-10,0.5043133790225578,-0.29729951020970186,"[105, 109]","[109, 131]","[2, 3]","[3, 2]",2.3620911488270018,2.1645943949491304,True,remote
183,188,288.9050961707903,311.3466454064709,14,15,2.114635153136523e-06,9.31722587927322e-07,0.44060678105409756,-0.3559488232276616,"[106, 111]","[111, 122]","[2, 3]","[3, 4]",2.7261404424236098,2.2675478428532188,True,transition
183,189,288.9050961707903,308.77256033342184,14,15,2.114635153136523e-06,4.770408625599185e-09,0.002255901505526141,-2.6466798659210933,"[106, 111]","[111, 135]","[2, 3]","[3, 2]",2.7261404424236098,3.863594921024742,True,transition
184,200,515.0212834350822,524.8647993559889,24,24,2.5020356255520004e-09,5.778452097044342e-10,0.23095003276659967,-0.6364819718008403,"[107, 119]","[119, 127]","[2, 3]","[3, 3]",4.926111345741624,3.2697263399169323,True,transition
185,217,184.86173737080892,194.19717610576635,10,10,0.0045155098534784745,1.0162808023197248e-05,0.0022506446343746626,-2.647693072531126,"[108, 134]","[134, 170]","[2, 3]","[3, 2]",1.0471677285404368,2.1803875789148286,True,source
187,186,657.8716781027586,662.6065094094528,30,30,6.839273106866978e-10,5.674952430909815e-10,0.8297595873473562,-0.08104772089224406,"[109, 131]","[109, 116]","[3, 2]","[3, 3]",2.1645943949491304,3.2443526027223513,True,remote
186,195,662.6065094094528,669.4938544041197,30,31,5.674952430909815e-10,1.0544813730314027e-09,1.85813253215648,0.2690766870158094,"[109, 116]","[116, 131]","[3, 3]","[3, 2]",3.2443526027223513,1.844547594314669,True,remote
186,196,662.6065094094528,686.3002056969857,30,31,5.674952430909815e-10,2.2643751893029025e-10,0.3990121885373893,-0.39901383781279703,"[109, 116]","[116, 142]","[3, 3]","[3, 2]",3.2443526027223513,4.718797843781591,True,remote
187,195,657.8716781027586,669.4938544041197,30,31,6.839273106866978e-10,1.0544813730314027e-09,1.5418032831188593,0.1880289661235654,"[109, 131]","[116, 131]","[3, 2]","[3, 2]",2.1645943949491304,1.844547594314669,True,remote
189,188,308.77256033342184,311.3466454064709,15,15,4.770408625599185e-09,9.31722587927322e-07,195.31295137432667,2.2907310426934315,"[111, 135]","[111, 122]","[3, 2]","[3, 4]",3.863594921024742,2.2675478428532188,True,transition
188,204,311.3466454064709,333.346516847983,15,16,9.31722587927322e-07,5.086739396803613e-07,0.5459499922739234,-0.26284713581929126,"[111, 122]","[122, 132]","[3, 4]","[4, 2]",2.2675478428532188,1.9686643077217312,True,transition
188,205,311.3466454064709,319.90633425484845,15,16,9.31722587927322e-07,2.329140028685872e-06,2.4998213619218963,0.39790897495063227,"[111, 122]","[122, 135]","[3, 4]","[4, 2]",2.2675478428532188,1.3246304703985565,True,transition
189,205,308.77256033342184,319.90633425484845,15,16,4.770408625599185e-09,2.329140028685872e-06,488.2474881055544,2.688640017644064,"[111, 135]","[122, 135]","[3, 2]","[4, 2]",3.863594921024742,1.3246304703985565,True,transition
190,194,97.14416766058673,119.56971611135603,5,6,0.0005596352660899498,0.22289629317114035,398.28850445481817,2.600197771827643,"[112, 115]","[115, 153]","[2, 2]","[2, 2]",3.5682046277630484,2.8734050106375726,False,source
192,191,772.3186740283841,781.7827586007313,36,36,9.941157765791944e-13,2.2849640315294214e-10,229.84888534734907,2.3614424019794353,"[113, 157]","[113, 118]","[3, 3]","[3, 3]",4.9661787658973005,2.7808085488256005,True,remote
191,198,781.7827586007313,804.3999640377378,36,37,2.2849640315294214e-10,2.658186960482309e-11,0.11633386450740207,-0.9342938447910814,"[113, 118]","[118, 168]","[3, 3]","[3, 1]",2.7808085488256005,3.240911253654179,True,remote
191,199,781.7827586007313,798.9068834425108,36,37,2.2849640315294214e-10,7.108770783182987e-11,0.31111083960585545,-0.5070848571040957,"[113, 118]","[118, 198]","[3, 3]","[3, 1]",2.7808085488256005,3.4626529253050045,True,remote
192,236,772.3186740283841,789.6291445507094,36,36,9.941157765791944e-13,1.201018868986689e-11,12.081277626630765,1.0821128644883717,"[113, 157]","[157, 164]","[3, 3]","[3, 2]",4.9661787658973005,2.0415435998708418,True,remote
193,216,286.2558704044747,308.4515205758932,14,15,3.370350259235355e-06,6.106637027591221e-07,0.18118701493585,-0.7418729299692445,"[114, 133]","[133, 146]","[2, 2]","[2, 2]",3.1257694897728356,2.8347932464999666,False,transition
194,234,119.56971611135603,142.32840332923905,6,7,0.22289629317114035,2.962909252924015e-05,0.00013292770421485141,-3.876384495853793,"[115, 153]","[153, 188]","[2, 2]","[2, 1]",2.8734050106375726,4.232142224145132,False,source
195,196,669.4938544041197,686.3002056969857,31,31,1.0544813730314027e-09,2.2643751893029025e-10,0.21473828245949195,-0.6680905248286065,"[116, 131]","[116, 142]","[3, 2]","[3, 2]",1.844547594314669,4.718797843781591,True,remote
196,224,686.3002056969857,710.0116771830518,31,32,2.2643751893029025e-10,3.742347569261977e-10,1.6527064891636065,0.21819573230410128,"[116, 142]","[142, 160]","[3, 2]","[2, 2]",4.718797843781591,2.788910446192123,True,remote
197,208,624.607446148185,646.9019114654717,28,29,1.4427688514259188e-09,1.7646333810240437e-09,1.2230880776778756,0.0874577328107319,"[117, 126]","[126, 144]","[3, 3]","[3, 2]",3.3825481333235956,2.9437415250790764,True,transition
199,198,798.9068834425108,804.3999640377378,37,37,7.108770783182987e-11,2.658186960482309e-11,0.3739306051013355,-0.42720898768698573,"[118, 198]","[118, 168]","[3, 1]","[3, 1]",3.4626529253050045,3.240911253654179,True,remote
200,209,524.8647993559889,545.1899113469506,24,25,5.778452097044342e-10,3.45358013031598e-09,5.976652695766872,0.7764580196459037,"[119, 127]","[127, 141]","[3, 3]","[3, 2]",3.2697263399169323,3.149830330058556,True,transition
200,210,524.8647993559889,548.7490091691132,24,25,5.778452097044342e-10,1.9865673810026632e-10,0.34378884650074115,-0.4637082171828706,"[119, 127]","[127, 173]","[3, 3]","[3, 1]",3.2697263399169323,4.624218404436867,True,transition
229,201,0.0,22.556013881068633,0,1,126.34487577242106,27.78336681076729,0.21990101807383253,-0.6577727599851663,"[147, 169]","[120, 147]","[3, 2]","[2, 3]",2.2485287702685746,2.877822565743063,True,source
203,202,594.2634618580691,595.4858365055117,27,27,1.3516157252262713e-09,5.93999402588546e-09,4.394735807687542,0.6429327723080513,"[121, 181]","[121, 167]","[3, 2]","[3, 1]",2.091028318000358,3.55795006707935,True,transition
203,251,594.2634618580691,616.7592931675963,27,28,1.3516157252262713e-09,5.347303012833751e-10,0.395623024579606,-0.4027184411474314,"[121, 181]","[181, 195]","[3, 2]","[2, 1]",2.091028318000358,3.7089683902047703,True,transition
205,204,319.90633425484845,333.346516847983,16,16,2.329140028685872e-06,5.086739396803613e-07,0.21839560241784223,-0.6607561107699236,"[122, 135]","[122, 132]","[4, 2]","[4, 2]",1.3246304703985565,1.9686643077217312,True,transition
204,215,333.346516847983,356.04878800281114,16,17,5.086739396803613e-07,2.024455070835276e-07,0.39798678739221355,-0.4001313456597334,"[122, 132]","[132, 137]","[4, 2]","[2, 3]",1.9686643077217312,3.7766334433898976,True,transition
207,206,484.8012153119919,500.444367917938,23,23,2.131755841195314e-08,3.6487333654945725e-08,1.7116094136975188,0.23340466639897395,"[125, 166]","[125, 128]","[4, 2]","[4, 2]",3.0840084594277606,1.9073302725366865,True,transition
206,211,500.444367917938,522.9491934015955,23,24,3.6487333654945725e-08,1.1256499651686222e-08,0.30850430886885166,-0.5107387658125965,"[125, 128]","[128, 130]","[4, 2]","[2, 2]",1.9073302725366865,3.1300383862003045,True,transition
208,226,646.9019114654717,668.604201446997,29,30,1.7646333810240437e-09,2.6084301939921925e-10,0.14781711725743737,-0.8302752716244929,"[126, 144]","[144, 149]","[3, 2]","[2, 3]",2.9437415250790764,4.271944377385594,True,remote
209,210,545.1899113469506,548.7490091691132,25,25,3.45358013031598e-09,1.9865673810026632e-10,0.05752197157854581,-1.2401662368287742,"[127, 141]","[127, 173]","[3, 2]","[3, 1]",3.149830330058556,4.624218404436867,True,transition
209,223,545.1899113469506,568.0967533592438,25,26,3.45358013031598e-09,2.708197429009749e-09,0.784171012925641,-0.10558921554144095,"[127, 141]","[141, 184]","[3, 2]","[2, 2]",3.149830330058556,3.1086985534067324,True,transition
211,214,522.9491934015955,546.5081087183017,24,25,1.1256499651686222e-08,3.2973916260143625e-09,0.292932237200435,-0.5332328315691409,"[128, 130]","[130, 180]","[2, 2]","[2, 1]",3.1300383862003045,4.039162292301377,False,transition
212,213,700.5758378192728,705.6243674926945,32,32,5.57740575006062e-10,2.786482945701234e-10,0.49960197815461926,-0.3013758507223723,"[129, 143]","[129, 171]","[3, 2]","[3, 2]",3.934585312817653,3.3198488080065545,True,transition
212,225,700.5758378192728,712.235762223276,32,33,5.57740575006062e-10,4.3078062992940583e-11,0.0772367385902888,-1.112176073087169,"[129, 143]","[143, 171]","[3, 2]","[2, 2]",3.934585312817653,2.2252545118808733,True,transition
213,225,705.6243674926945,712.235762223276,32,33,2.786482945701234e-10,4.3078062992940583e-11,0.1545965427830736,-0.8108002223647967,"[129, 171]","[143, 171]","[3, 2]","[2, 2]",3.3198488080065545,2.2252545118808733,True,transition
215,218,356.04878800281114,379.57510338155174,17,18,2.024455070835276e-07,1.0917918892216521e-07,0.5393016150124716,-0.26816827915564545,"[132, 137]","[137, 139]","[2, 3]","[3, 2]",3.7766334433898976,3.4106610123227945,True,transition
215,219,356.04878800281114,370.7346151880416,17,18,2.024455070835276e-07,6.70288501878624e-09,0.03310957657371312,-1.4800463732459908,"[132, 137]","[137, 145]","[2, 3]","[3, 3]",3.7766334433898976,3.385802703897216,True,transition
216,228,308.4515205758932,329.0325509883201,15,16,6.106637027591221e-07,4.538283613411269e-06,7.431723210183015,0.8710895262642887,"[133, 146]","[146, 159]","[2, 2]","[2, 2]",2.8347932464999666,1.9414275713565416,False,transition
217,245,194.19717610576635,216.8025341863331,10,11,1.0162808023197248e-05,1.6645291792182035e-05,1.6378634481914949,0.21427769097202462,"[134, 170]","[170, 172]","[3, 2]","[2, 2]",2.1803875789148286,3.4265460325272095,True,source
219,218,370.7346151880416,379.57510338155174,18,18,6.70288501878624e-09,1.0917918892216521e-07,16.28838755493607,1.2118780940903453,"[137, 145]","[137, 139]","[3, 3]","[3, 2]",3.385802703897216,3.4106610123227945,True,transition
218,221,379.57510338155174,402.9790316907762,18,19,1.0917918892216521e-07,5.499690851977378e-08,0.5037306932091384,-0.29780158599905776,"[137, 139]","[139, 152]","[3, 2]","[2, 2]",3.4106610123227945,3.8994603377729646,True,transition
219,227,370.7346151880416,384.0290345620209,18,19,6.70288501878624e-09,1.9129816105155543e-07,28.5396751571006,1.455449025601278,"[137, 145]","[145, 162]","[3, 3]","[3, 3]",3.385802703897216,2.911715860236111,True,transition
221,233,402.9790316907762,426.71982902155975,19,20,5.499690851977378e-08,2.5932674825118233e-08,0.47152968272379003,-0.32649096329272553,"[139, 152]","[152, 158]","[2, 2]","[2, 1]",3.8994603377729646,3.6399389876389705,False,transition
224,238,710.0116771830518,732.5563841059228,32,33,3.742347569261977e-10,1.5221126297010207e-10,0.406726687334708,-0.39069733046743516,"[142, 160]","[160, 174]","[2, 2]","[2, 2]",2.788910446192123,4.162785059260617,False,remote
226,231,668.604201446997,691.8881989660945,30,31,2.6084301939921925e-10,4.235884915697177e-10,1.6239211328918761,0.21056493353719086,"[144, 149]","[149, 194]","[2, 3]","[3, 1]",4.271944377385594,3.4610789204311168,True,remote
227,239,384.0290345620209,407.15479298635654,19,20,1.9129816105155543e-07,6.912577343859671e-08,0.3613509563218807,-0.4420707915762061,"[145, 162]","[162, 179]","[3, 3]","[3, 3]",2.911715860236111,3.638817967487075,True,transition
227,240,384.0290345620209,405.4931010023099,19,20,1.9129816105155543e-07,1.3678912355361115e-08,0.07150571798583369,-1.1456592282632012,"[145, 162]","[162, 191]","[3, 3]","[3, 3]",2.911715860236111,4.558101166984063,True,transition
228,237,329.0325509883201,351.1155793163316,16,17,4.538283613411269e-06,1.4767994312114124e-06,0.32540924213005584,-0.4875701165832886,"[146, 159]","[159, 177]","[2, 2]","[2, 1]",1.9414275713565416,2.6326721917859857,False,transition
229,244,0.0,20.19158380461698,0,1,126.34487577242106,0.5981032939692024,0.004733894353155541,-2.3247814384968284,"[147, 169]","[169, 176]","[3, 2]","[2, 2]",2.2485287702685746,2.58759771912516,True,source
240,230,405.4931010023099,422.0700759529404,20,21,1.3678912355361115e-08,9.685658957258635e-09,0.7080723017764331,-0.14992239392134632,"[162, 191]","[148, 191]","[3, 3]","[2, 3]",4.558101166984063,3.737460242364488,True,transition
250,230,417.31250998605344,422.0700759529404,21,21,1.7304006677220803e-09,9.685658957258635e-09,5.597350450638088,0.7479824989763407,"[179, 191]","[148, 191]","[3, 3]","[2, 3]",5.396961172608126,3.737460242364488,True,transition
236,243,789.6291445507094,810.0079930589624,36,37,1.201018868986689e-11,8.682841426044557e-11,7.229562873870877,0.8591120390365893,"[157, 164]","[164, 189]","[3, 2]","[2, 1]",2.0415435998708418,3.2309464859239405,True,remote
238,247,732.5563841059228,756.6614030811594,33,34,1.5221126297010207e-10,1.3450458823776362e-10,0.8836704039712457,-0.0537096902223401,"[160, 174]","[174, 178]","[2, 2]","[2, 2]",4.162785059260617,4.076764488226715,False,remote
240,239,405.4931010023099,407.15479298635654,20,20,1.3678912355361115e-08,6.912577343859671e-08,5.053455394902399,0.7035884366869951,"[162, 191]","[162, 179]","[3, 3]","[3, 3]",4.558101166984063,3.638817967487075,True,transition
239,249,407.15479298635654,429.7653956475097,20,21,6.912577343859671e-08,8.827750878157558e-08,1.2770563624867222,0.10621006513874746,"[162, 179]","[179, 190]","[3, 3]","[3, 1]",3.638817967487075,1.6169580762179976,True,transition
239,250,407.15479298635654,417.31250998605344,20,21,6.912577343859671e-08,1.7304006677220803e-09,0.025032640962189982,-1.601493329584682,"[162, 179]","[179, 191]","[3, 3]","[3, 3]",3.638817967487075,5.396961172608126,True,transition
240,250,405.4931010023099,417.31250998605344,20,21,1.3678912355361115e-08,1.7304006677220803e-09,0.12650133451903375,-0.897904892897687,"[162, 191]","[179, 191]","[3, 3]","[3, 3]",4.558101166984063,5.396961172608126,True,transition
242,241,681.3587441467824,683.033655307027,31,31,2.0930186120041286e-10,3.5542028438685276e-10,1.698122904155769,0.22996911975069112,"[163, 197]","[163, 193]","[3, 2]","[3, 2]",3.9848618095656327,3.968195564641171,True,remote
241,253,683.033655307027,693.342841929103,31,32,3.5542028438685276e-10,1.7408947837426158e-10,0.4898130073656012,-0.30996968603021674,"[163, 193]","[193, 197]","[3, 2]","[2, 2]",3.968195564641171,4.615405007380332,True,remote
242,253,681.3587441467824,693.342841929103,31,32,2.0930186120041286e-10,1.7408947837426158e-10,0.8317626865609458,-0.08000056627952563,"[163, 197]","[193, 197]","[3, 2]","[2, 2]",3.9848618095656327,4.615405007380332,True,remote
245,246,216.8025341863331,239.95285467247868,11,12,1.6645291792182035e-05,1.2308859000099745e-06,0.07394799174311245,-1.131073615943323,"[170, 172]","[172, 182]","[2, 2]","[2, 1]",3.4265460325272095,2.9027688509574325,False,source
247,248,756.6614030811594,780.3641948734482,34,35,1.3450458823776362e-10,1.1208428503616997e-10,0.833311982175944,-0.07919237341797848,"[174, 178]","[178, 187]","[2, 2]","[2, 2]",4.076764488226715,3.347223187889501,False,remote
248,252,780.3641948734482,800.2303615653008,35,36,1.1208428503616997e-10,8.565179480634968e-11,0.7641730932994716,-0.11680825798140557,"[178, 187]","[187, 196]","[2, 2]","[2, 1]",3.347223187889501,3.1388908048675788,False,remote
250,249,417.31250998605344,429.7653956475097,21,21,1.7304006677220803e-09,8.827750878157558e-08,51.01564650791838,1.7077033947234295,"[179, 191]","[179, 190]","[3, 3]","[3, 1]",5.396961172608126,1.6169580762179976,True,transition
