seed,hotspot_id,particle_i,particle_j,gap_nm,x_nm,y_nm,euclidean_distance_nm,geodesic_distance_nm,geodesic_steps,classification,plasmon_dominated_remote,coordination,coordination_i,coordination_j,M2_inc,M2_scat,M2_CDA,M4_CDA,Cparallel_real,Cparallel_imag,Cperp_real,Cperp_imag,Cparallel_abs,Cperp_abs,M2_FWcorr,M4_FWcorr,FW_correction_status,E_CDA_x_real,E_CDA_x_imag,E_CDA_y_real,E_CDA_y_imag,E_CDA_z_real,E_CDA_z_imag,E_FWcorr_x_real,E_FWcorr_x_imag,E_FWcorr_y_real,E_FWcorr_y_imag,E_FWcorr_z_real,E_FWcorr_z_imag
20575000,0,0,1,4.77903486091466,12.254368159945134,-1.824994016463871,151.878149966212,128.75654779244783,6,transition,False,3,2,3,2.3802482367861827e-07,0.011843043241602397,0.01194370065075757,0.00014265198523490677,1.2347729535404393,0.0014926061030021845,-0.1741416878968025,0.03424264278011013,1.234773855678828,0.17747643800829901,0.018141240947298833,0.00032910462310795183,CALIBRATED,0.10340234571307176,0.027070304149875858,-0.02213657972161079,-0.00536898717207851,0.0,0.0,0.12902736725243072,0.03382242489035537,-0.01799648779394522,-0.005034823613975858,0.0,0.0
20575000,1,0,79,2.0747983411801805,-10.45017818666645,-3.5521762791088367,129.12694103865815,105.98640103460218,5,source,False,3,2,3,1.630598862979813e-05,0.06155852725712464,0.06338864271874292,0.00401812002572444,1.8504887744027798,0.006763009357992226,0.18465097790775828,0.003802826118646729,1.850501132797891,0.1846901327325856,0.21597025559419392,0.04664315130142145,CALIBRATED,0.22862687149563854,0.03932791159834827,0.09645716482853485,0.016362367536914488,0.0,0.0,0.432316828774863,0.07585881506580198,0.1504007348159173,0.026409738656114717,0.0,0.0
20575000,2,1,2,4.504939247769837,19.263577316036503,-14.722987577247897,157.96833597766843,143.43603180544574,7,transition,False,3,3,2,6.835786544899375e-08,0.000143233757686788,0.00014325012318137993,2.0520597791480523e-08,1.2619517918946972,0.0016807902057126083,-0.06759453091398959,0.026355373106755224,1.2619529112141834,0.07255085320710275,0.00020075870607863322,4.030405806636704e-08,CALIBRATED,0.00016202384304145947,0.0015992857974071746,0.009031686855011448,0.007687313506478782,0.0,0.0,0.004712668845626148,0.004153053985428944,0.00924787300151565,0.008705081617770656,0.0,0.0
20575000,3,1,5,2.599910533868556,35.76876737121144,-4.59903479573707,175.0108476440305,152.43401118090802,7,transition,False,3,3,3,1.6045152342594681e-09,0.006518308058639817,0.0065242771285374986,4.2566192049957506e-05,1.6170024949548736,0.004508762719247439,0.1987058076711605,0.004833295219800413,1.6170087809382931,0.1987645812133791,0.01705621806133349,0.0002909145745557587,CALIBRATED,0.0745283439568729,0.03059983577930098,-0.005215327427461279,-0.002500697040372369,0.0,0.0,0.12024798626346916,0.04980676490767621,-0.009923555224898717,-0.0041772098395792545,0.0,0.0
20575000,4,2,3,5.055856768348974,21.065884669872442,-36.15369958794964,160.62711279972706,164.94239665595748,8,transition,False,3,2,3,3.9044716966578206e-08,0.0020528404159596567,0.002062137085131906,4.252409357876315e-06,1.209412039940094,0.0013186232796592128,-0.8522988654520937,0.9012432747032781,1.2094127587880878,1.2404244419749293,0.0030164281736823366,9.098838926984557e-06,CALIBRATED,0.023623073341748083,0.0057200064753645755,-0.03707287431720826,-0.009847385785301845,0.0,0.0,0.03142255749993043,0.007345205079375736,-0.042877381690869645,-0.0116888474848161,0.0,0.0
20575000,5,3,4,3.1433667637837104,23.400040023780896,-57.079692693696686,166.45303684613134,185.9981670925374,9,transition,False,3,3,2,1.1076698908880514e-08,0.0004062754324081468,0.0004038386033886855,1.6308561758692403e-07,1.468199075113762,0.0032372174076571217,0.19070348876765833,0.006754898256525825,1.4682026439635132,0.19082308371528953,0.0008319945980644744,6.922150112084664e-07,CALIBRATED,-0.011524213207567217,-0.00017216919015043564,-0.01609771801834423,0.003444553048953849,0.0,0.0,-0.012284604569563562,0.0015175504325669635,-0.025712809184092463,0.004198996687424084,0.0,0.0
20575000,6,3,6,3.6248080154565088,36.76751175075927,-54.551212463474904,178.97367858998388,189.12936779730455,9,transition,False,3,3,3,6.346784876071645e-10,0.001602039126628966,0.001603407449828318,2.5709154501649505e-06,1.3804243781542536,0.0025573166417389333,0.15584912011584634,0.009604619633671008,1.3804267469413085,0.1561447948514167,0.0030545303750196392,9.330155811917617e-06,CALIBRATED,0.027169597242649744,0.011747951436812709,-0.02443881646733982,-0.011399575527820652,0.0,0.0,0.03698750729233715,0.01658598878003104,-0.03423210183493213,-0.01547652607888689,0.0,0.0
20575000,7,4,15,4.335619771403913,19.98062055804899,-79.74679319709642,169.84933964091113,208.92173301745078,10,transition,False,3,2,3,5.205315243451e-09,0.0006281692737017937,0.0006285109440119013,3.9502600674273135e-07,1.278741213022519,0.0017970388146040057,-0.0017762253175559184,0.021483101143965108,1.2787424757279333,0.021556405339030013,0.0010260858294104378,1.0528521293169062e-06,CALIBRATED,0.002403921433083393,-0.0006581813685626476,-0.024765457526780544,-0.00299516552643915,0.0,0.0,0.0034038763871331954,0.00039672775719898286,-0.03162807638234918,-0.0037425721623648915,0.0,0.0
20575000,8,5,9,2.175619399004855,57.88766654784126,-7.789622762614632,196.85490608949456,174.78184222466479,8,transition,False,3,3,2,7.463023193991298e-12,0.003343042486155016,0.003343308283214348,1.117771027660967e-05,1.80238929247387,0.006291799494057761,0.18784282989732903,0.003983630028473065,1.8024002741803307,0.18788506606976682,0.010852624306697353,0.0001177794543423182,CALIBRATED,0.04864911837580958,0.028284979938358767,-0.011461509160629298,-0.006720512042863051,0.0,0.0,0.08795992095609131,0.051569157258007335,-0.018420179821212603,-0.01081645076485918,0.0,0.0
20575000,9,5,151,3.4730842690781003,47.86268312070008,6.158799220976926,188.20207650853217,168.62023343586603,8,transition,False,3,3,2,6.754709209891873e-11,0.00012880766094161347,0.00012873378479988327,1.6572387348902657e-08,1.408086124657391,0.0027715838882871485,0.16683329600674218,0.008706544526951743,1.4080888523562425,0.1670603261521809,0.00018440700963771916,3.4005945203525843e-08,CALIBRATED,-0.004490281950979029,-0.002867960009664584,0.009133739515393176,0.004113485219191286,0.0,0.0,5.283079873513545e-05,-0.000177386943860945,0.01239612593045317,0.005541553422364376,0.0,0.0
20575000,10,6,7,4.331508389663778,51.97821188384985,-72.83881098224114,198.07286119805158,212.91595347331915,10,transition,False,4,3,4,5.430011325165294e-12,0.000648778178055097,0.0006488353601778711,4.209873246171477e-07,1.2791488903962855,0.0017998615401295633,-0.0001780383540493924,0.021364793608348278,1.2791501566679386,0.02136553541530921,0.0010614220972867397,1.126616868608581e-06,CALIBRATED,0.012270751155220942,0.005892308202935836,-0.0191262590014692,-0.009885896363752174,0.0,0.0,0.015660860798730202,0.007952463705926375,-0.024463311815414286,-0.012428364025778727,0.0,0.0
20575000,11,6,65,3.9888089272373506,57.391804066033416,-63.35369767332932,200.98585056417141,211.55357746845198,10,transition,False,3,3,3,2.5177779192140128e-12,0.0006077374870620282,0.0006077961274110998,3.6941613249592983e-07,1.314060996093544,0.0020432674241972026,0.12949694957640195,0.01175919441511741,1.314062584657262,0.1300297604507742,0.0010478098090390478,1.0979053959184458e-06,CALIBRATED,0.01847891583539488,0.01630281161421039,-0.00023506707612676122,-0.0006991951807472003,0.0,0.0,0.02417806720661338,0.021435703283440747,-0.0014224855101502285,-0.0013107383069226608,0.0,0.0
20575000,12,7,8,2.7406696838128397,69.88965895077037,-83.67871256040559,218.32643655951927,233.8521279628334,11,transition,False,4,4,3,2.0568883738637394e-14,0.00037393870258186523,0.0003739416445502456,1.3983235352894223e-07,1.573846492803985,0.004132639879062143,0.1995420276171835,0.005210795142220581,1.5738519185818511,0.19961005278189528,0.0009141124556184808,8.35601581516849e-07,CALIBRATED,0.010256653398522516,0.0163213449557665,0.0015350419696314517,-7.113309189745966e-06,0.0,0.0,0.015926968409091156,0.02566947723820603,-0.0004218846251961884,-0.0011593466239821313,0.0,0.0
20575000,13,7,20,3.5095996307112607,55.63801821661106,-94.47889842188567,208.41940302840052,234.8633352485738,11,transition,False,4,4,4,3.366384190860175e-13,0.00024372144472027435,0.00024371555651780475,5.939727248878328e-08,1.4014287707422848,0.0027200161793384386,0.16418973384543123,0.008922684307825621,1.4014314103630785,0.1644320011296179,0.0004664111080727758,2.1753932173367453e-07,CALIBRATED,-0.00507394867736928,-0.0017899260870472295,-0.014564532192576663,0.0016251670534234693,0.0,0.0,-0.005500287258583348,3.006116622010762e-05,-0.020823838583935543,0.0015889591254416794,0.0,0.0
20575000,14,7,65,1.8425598131624739,63.94834347592687,-73.60149578295187,209.8151437339444,223.71933166328387,11,transition,False,4,4,3,2.28848679402143e-13,0.000136355993294569,0.00013634991727612484,1.8591299941206087e-08,2.01644602406226,0.008608649770136406,0.17510961410892875,0.0034712083775293627,2.016464400084306,0.1751440157155767,0.0005360184234961642,2.873157503273133e-07,CALIBRATED,-0.006350362615205636,0.001467794783265577,-0.007972377788169083,0.005505413954322607,0.0,0.0,-0.010324046828218142,0.005237610492685366,-0.017546563299846687,0.009701444906626461,0.0,0.0
20575000,15,8,13,2.4595402102019897,88.53023645007949,-92.81638514765932,238.85834386436724,254.61190131948635,12,transition,False,3,3,2,4.148517005480384e-17,0.0005172986914235807,0.0005172988206231584,2.675980698181106e-07,1.6669369948877226,0.0049648317980332275,0.1968313609210367,0.004492789462554538,1.66694438853853,0.19688262950088373,0.0014338870562839957,2.056032090178783e-06,CALIBRATED,0.010029627429117057,0.010128772442709117,-0.01137919564181377,-0.013587761758487088,0.0,0.0,0.016388754880101844,0.018172989807864706,-0.019139416553926984,-0.021649964091943558,0.0,0.0
20575000,16,8,65,3.3965405606392203,75.30325113295393,-74.19359925149377,220.9461061769863,232.48975195796623,11,transition,False,3,3,3,9.611436526095607e-15,0.0004147319902761415,0.0004147334891705366,1.720038670395676e-07,1.4220413077436667,0.002879680412656403,0.17237474602299196,0.00825347109075087,1.422044223464445,0.1725722250292232,0.0008365478509889918,6.998123069943004e-07,CALIBRATED,0.007644510362093686,0.005567284682963984,-0.014324867205909074,-0.010958944807155672,0.0,0.0,0.01160125061111558,0.008764644515037022,-0.019898889766318692,-0.015138494900088676,0.0,0.0
20575000,17,9,10,3.0470649410375543,79.94409337955041,-12.752648784905292,218.6802435018837,197.38975216522482,9,transition,False,2,2,2,1.857012270384768e-14,0.0014906089372949765,0.0014906168116249697,2.2219384790989904e-06,1.485756488980609,0.0033732167280662675,0.19767534508485896,0.006184873644002011,1.4857603182004429,0.19777207769655034,0.0032899200793381055,1.0823574128432046e-05,CALIBRATED,0.028891976494011543,0.023755474419502487,-0.007226472805027867,-0.006271047105309423,0.0,0.0,0.04290707668308647,0.03553922313746008,-0.010465597208064358,-0.00873714734419768,0.0,0.0
20575000,18,10,11,2.191155876608306,102.23718498044165,-15.505749615774153,240.90898258386912,219.85219854380654,10,transition,False,3,2,3,2.1647073222549037e-17,0.0010318886901416245,0.0010318888813225554,1.0647946633971148e-06,1.7949771849256073,0.006219186275594273,0.18833469278807285,0.004011491825961028,1.7949879589237885,0.18837740993613736,0.0033218188342005635,1.103448036724959e-05,CALIBRATED,0.020545420364881453,0.024678250972483353,0.000779924108144259,0.0003875960236242834,0.0,0.0,0.0367212465587184,0.04442257165138299,5.1440648987140404e-05,-3.697447432822988e-05,0.0,0.0
20575000,19,11,12,3.1268754723572023,120.94821245087277,-24.238936443066766,259.64644690064955,240.50095398232207,11,transition,False,3,3,3,4.3883639421428805e-20,0.0003224019745072269,0.00032240197699618376,1.039430347710478e-07,1.4712057100923874,0.003260506732435388,0.1918973905135657,0.006657283883948565,1.47120932307833,0.1920128326821606,0.0006868873821174197,4.7181427571212213e-07,CALIBRATED,0.005940678639210945,0.008095498403948116,-0.00837888316751796,-0.012303151497017514,0.0,0.0,0.009727404325734044,0.013862548709003794,-0.01139964799913818,-0.016436020077480813,0.0,0.0
20575000,20,11,29,2.901678134291039,121.08994757492879,-7.114355315999028,260.009178048805,240.4881418403557,11,transition,False,3,3,3,3.87417020723151e-20,0.00020811682277457294,0.00020811682413785816,4.331261248922818e-08,1.524482163466256,0.0037024088375158942,0.2004985443183814,0.005642601370011601,1.5244866593571609,0.2005779280579267,0.0004653008940160013,2.1650492197209008e-07,CALIBRATED,0.0034631187975646045,0.006654452184428974,0.006004624528283521,0.010760408111744517,0.0,0.0,0.006738912895848673,0.012487359386457397,0.007747322840327408,0.014280503890247057,0.0,0.0
20575000,21,12,17,1.7499737939732647,139.33208407395526,-34.45951870606148,278.40591167869167,261.534903626852,12,transition,False,4,3,4,5.54709420908166e-23,0.00034894824127202815,0.00034894824136215516,1.217648751497409e-07,2.0930555869365066,0.009488435588839968,0.1708911720348352,0.0033550756568144747,2.093077093758385,0.17092410366037492,0.0015249837216708944,2.325575351361212e-06,CALIBRATED,0.00605051535929484,0.0175698058314574,-0.00011209876220817504,-0.0019049572597539485,0.0,0.0,0.012300736674896073,0.03667889915659833,-0.0016103947999380642,-0.005073517928832382,0.0,0.0
20575000,22,12,55,4.1001892355190535,133.9115026810623,-43.738926676190395,273.6751155841906,263.91668614435457,12,transition,False,3,3,3,3.1189227063594914e-22,0.00011551791303338201,0.00011551791313668576,1.3344388255454876e-08,1.3020860903996336,0.001958676878189932,0.08974094264316615,0.014708442824697457,1.3020875635790845,0.09093830368338432,0.00019576271049082005,3.832303881871263e-08,CALIBRATED,0.002924716432975653,0.003953372720277556,-0.005966390953544953,-0.007465719660380378,0.0,0.0,0.0038271441459602506,0.00490376167482959,-0.007740931179072171,-0.00985630681818515,0.0,0.0
20575000,23,13,14,2.802561726868195,103.2756380542038,-109.98411219627889,258.4541089727554,277.2428032123146,13,transition,False,3,2,3,6.602093891385121e-20,0.00031743628541405604,0.0003174362890779487,1.0076579762357901e-07,1.5548707235962493,0.003967258012035629,0.19990971498190183,0.005376782514700952,1.5548757848242598,0.19998200902670124,0.0007655375084709457,5.860476768759033e-07,CALIBRATED,0.007129710613306544,0.00922288851195744,-0.007116034822877085,-0.01144132385452212,0.0,0.0,0.010295708071976025,0.01489325700610646,-0.011671021069632154,-0.017364160409010756,0.0,0.0
20575000,24,14,16,3.1578428052656804,108.41179381831518,-129.9496565443211,270.81446770349515,297.8584054869719,14,transition,False,3,3,3,8.734678974728233e-22,9.759061387087798e-05,9.759061374664267e-05,9.5239278914464e-09,1.4655598535060617,0.0032167740583245556,0.18965548283821543,0.006840584069123469,1.465563383768867,0.1897788074601676,0.00020313510686505414,4.1263871641076966e-08,CALIBRATED,-0.0021018008626692303,-0.002582102325051395,-0.008353765938018703,-0.0040890572405003316,0.0,0.0,-0.002587620741335475,-0.0016561613566203352,-0.012329012346656404,-0.006456927278581974,0.0,0.0
20575000,25,14,19,4.023814293268494,121.61446151334181,-123.69854635015491,280.51876711587977,300.1425444778056,14,transition,False,3,3,2,2.5408432448852552e-23,0.00013476540363946307,0.00013476540366431586,1.8161714024805997e-08,1.309659295187289,0.002011113142353664,0.11942960809883714,0.01251070693645911,1.3096608393193017,0.12008309239310833,0.000230149334114915,5.2968715993538785e-08,CALIBRATED,0.0024652210055684746,0.010464527677381154,-0.0005075830884053108,-0.004350184933506682,0.0,0.0,0.0029099727997866785,0.013462076722613061,-0.0012917624578130638,-0.006227779097437625,0.0,0.0
20575000,26,15,21,3.8224300760454426,26.759763052770914,-102.41864789623558,185.2364615875004,232.58541338341718,11,transition,False,4,3,4,1.4047644531403524e-10,0.00044770894763200146,0.0004479349218233754,2.006456941889134e-07,1.3443946104090994,0.002278230896822201,0.14154209484627367,0.010774373593679634,1.3443965407695204,0.14195158237866778,0.0008085674357126826,6.53781298094983e-07,CALIBRATED,0.009538871212467583,0.0036856393056180683,-0.016851258562263553,-0.007706880405971997,0.0,0.0,0.01206280926516181,0.005278346265603197,-0.023027733505238537,-0.010242978993296627,0.0,0.0
20575000,27,15,45,2.5900602330715294,15.024110182277095,-101.25359803396893,174.284362638014,230.99229371255902,11,transition,False,3,3,3,1.897610349805867e-09,0.00040715399464853936,0.00040610525827356104,1.6492148079743572e-07,1.6200225444688956,0.004535083730094148,0.19864728914498256,0.004806877840978753,1.6200288922028254,0.19870543917877137,0.00105361064319074,1.1100953874448048e-06,CALIBRATED,-0.01201562263705833,0.0027216587282686494,-0.014723660573836467,0.006126700905925239,0.0,0.0,-0.017275049455876698,0.005684256817886886,-0.025343974372197438,0.00897527141302479,0.0,0.0
20575000,28,16,23,4.064582425019179,115.97338311556834,-148.15303851008383,285.4881797494315,317.5698424638082,15,transition,False,4,3,4,3.9567783577113385e-24,9.795250576979004e-05,9.795250577386672e-05,9.594693387379392e-09,1.3056167990300394,0.001983123222322987,0.10358211428564303,0.013683834975639433,1.3056183051287085,0.10448206420015134,0.00016616016537360955,2.7609200556985275e-08,CALIBRATED,0.001024728257180405,0.008010291173420177,0.00011682528806901511,-0.005720491669594244,0.0,0.0,0.0008567430703419289,0.010555925520438984,-0.0005065802929018332,-0.007330891453214885,0.0,0.0
20575000,29,16,27,2.636396349893655,94.87073520712767,-139.78649268311955,262.8914724222548,296.2210807609484,14,transition,False,3,3,3,1.4302743913386354e-20,0.00013672932617097246,0.00013672932579884115,1.8694908533405648e-08,1.6058161390023167,0.00441126888843594,0.1989225620854859,0.004931146000544423,1.6058221979950065,0.1989836724646841,0.0003411370274549371,1.1637447150079053e-07,CALIBRATED,-0.0015558099802651668,0.011417521975810552,0.001963641013913643,-0.00030510162980188724,0.0,0.0,-0.0028744710069063956,0.018099719043710986,0.0007290427151666354,-0.002177868486291118,0.0,0.0
20575000,30,17,18,2.8885680292853166,161.40892403950207,-37.73645592954143,300.63740294568555,283.85362178966307,13,transition,False,4,4,3,1.1162306394750752e-26,0.00023466380195456151,0.00023466380195499482,5.506709994797303e-08,1.528501651506993,0.003737440378498002,0.20042065999395503,0.005607441569568507,1.528506220831367,0.20049908816094064,0.0005475149514997628,2.9977262211578763e-07,CALIBRATED,0.0020503178598714833,0.015032012387340065,0.0002083712822993232,-0.002110730590116752,0.0,0.0,0.0029714154887623737,0.022938704916037705,-0.0003575393269308182,-0.0035176162237446386,0.0,0.0
20575000,31,17,55,1.493265448792986,144.6798797282044,-45.25793812453894,284.5371699081905,273.58499824461154,13,transition,False,4,4,3,5.6623736910539666e-24,3.468238374740312e-05,3.4682383733954176e-05,1.2028677414692492e-09,2.3119154931387613,0.012038285393635693,0.15916829830501292,0.00303549476327782,2.3119468349705317,0.15919724059722729,0.00015565691640067063,2.4229075623365363e-08,CALIBRATED,-0.0028259134458236135,-0.00040740020791903755,-0.0034877452503918977,0.003790284299313677,0.0,0.0,-0.005280316216230343,0.0032370409662968963,-0.008838052697990527,0.00625983764544605,0.0,0.0
20575000,32,17,193,2.32156492245068,148.43139852379954,-24.943255115105536,287.13827170489805,274.7014064347239,13,transition,False,4,4,3,2.1185077144953484e-24,4.529572707706251e-05,4.52957270781476e-05,2.0517028915380337e-09,1.7327619326836645,0.005609690302500354,0.19246325859972946,0.004245356316909192,1.7327710131413554,0.19251007495994554,0.00012478389629663937,1.557102077497045e-08,CALIBRATED,0.00037275320172444273,-0.0011795937486691688,-0.004231709330537427,-0.005085073928537804,0.0,0.0,0.0010524005173759713,0.00089294513260295,-0.007243536488689372,-0.008391077259497288,0.0,0.0
20575000,33,18,22,1.508973357383688,182.91529419246427,-42.90930070188488,322.4466382525582,305.973347832157,14,transition,False,4,3,4,1.3991207673618047e-30,0.00027294114726320555,0.0002729411472632047,7.449686986935438e-08,2.292469475354143,0.01177850884471215,0.15991061157346834,0.0030527834031921753,2.292499733631632,0.15993974859398608,0.0014337486940688845,2.055635317744232e-06,CALIBRATED,-0.00038011999862503943,0.015629951583208967,0.0005069818732907609,-0.005314530923472745,0.0,0.0,-0.0012995296226288114,0.03587747436002823,0.0004961296268251054,-0.012025830772453857,0.0,0.0
20575000,34,18,24,2.442707484752063,172.64790654838862,-50.715520340490045,312.90221877534117,301.02251344924935,14,transition,False,3,3,3,7.71015990176844e-29,2.8103130611207452e-05,2.8103130611207673e-05,7.897859501505977e-10,1.6749675134228585,0.005043503322018815,0.19629846065817022,0.0044626030844303125,1.674975106665085,0.19634917999079182,7.272627386549595e-05,5.2891109103591195e-09,CALIBRATED,1.2561992967759488e-05,-0.001508620634451759,-0.003631797554441325,-0.0035548675238890044,0.0,0.0,-2.403894030838344e-05,-0.00032872885274014366,-0.006064887689154467,-0.0059862150524487125,0.0,0.0
20575000,35,19,36,4.796445011363041,139.87831224743303,-138.74980119990892,303.16390932747333,323.80915632211924,15,transition,False,4,2,4,4.071218571539101e-27,6.85009692247681e-05,6.85009692249029e-05,4.6923827847510945e-09,1.2330465936788904,0.0014806529254135638,-0.18090940669257144,0.0347436305561075,1.2330474826689362,0.18421545346163956,0.0001039637592598339,1.08084632394367e-08,CALIBRATED,0.0010562937302834934,0.004523332318115306,-0.0016513844078174375,-0.006648128086745752,0.0,0.0,0.0014579693350642348,0.005946173994559113,-0.0019061106632287882,-0.00792766306321104,0.0,0.0
20575000,36,20,21,1.6978934228198064,42.49314957446114,-109.43143524162406,202.44408855188294,249.81093624318967,12,transition,False,4,4,4,1.706458433071899e-12,0.0002829368469716862,0.0002829235437967589,8.004573163451655e-08,2.136149074520645,0.009983322099512746,0.168518264863406,0.0032897500790343985,2.136172402989878,0.1685503724355291,0.0012168143156901063,1.4806370788683817e-06,CALIBRATED,-0.005091218506909288,0.014423609806313855,0.002190052347973146,0.006645764724996467,0.0,0.0,-0.008608345512681113,0.03176559713223484,-0.002328831676213841,0.011324048970259092,0.0,0.0
20575000,37,20,25,4.42988618377413,63.30844966761478,-111.99816649949152,222.3251493402241,253.98819531654726,12,transition,False,4,4,3,6.41600011207785e-15,0.00018826126003534255,0.00018826222508995727,3.5442665395821736e-08,1.2693939215622496,0.0017323189162295387,-0.038419709398818114,0.02419567507746597,1.2693951035938393,0.04540379678775709,0.0003032336885973487,9.195066990035385e-08,CALIBRATED,0.0060241059571981516,0.01012464532299319,-0.003374740277455867,-0.006170498978989969,0.0,0.0,0.007565319429379756,0.013034056944752747,-0.004383746940850979,-0.007542927339456497,0.0,0.0
20575000,38,20,56,2.742983334324599,53.884942904125445,-117.18502307215627,216.1072723816952,257.6370343263449,12,transition,False,4,4,3,3.890751882929135e-14,0.00023368363596925617,0.00023368461167635562,5.4608497734329124e-08,1.5731371399377494,0.004126457568341856,0.1995557725190732,0.005217000087966858,1.5731425519334175,0.1996239550645211,0.0005739705156522381,3.2944215283809605e-07,CALIBRATED,0.0024733752968122413,-0.0004236966180921198,-0.014399812961830967,-0.004475812122685314,0.0,0.0,0.0025098006932244266,0.0005360402884204862,-0.022774202247880394,-0.006979956225819602,0.0,0.0
20575000,39,21,32,3.2425876115559866,31.420262716003666,-124.58367371754224,200.15962563011135,255.23510712903288,12,transition,False,4,4,3,3.134620878932133e-12,0.00031318213934266714,0.0003131771944834766,9.807995514454134e-08,1.4501094747419268,0.0030970957829292295,0.18352030703118638,0.007342201006285395,1.450112782075448,0.18366712010710468,0.0006538826018295458,4.275624569753763e-07,CALIBRATED,-0.0013955841531067244,-0.0016345996881644057,-0.01746229511380224,-0.0019041724115755048,0.0,0.0,-0.0018193287260130566,-0.0004861107211703137,-0.025330526228403642,-0.002949708828879235,0.0,0.0
20575000,40,21,45,3.5866817910699247,20.509361138949668,-111.82663286907379,184.23201836947555,242.90350875058172,12,transition,False,4,4,3,1.7954069246832849e-10,0.00020405763402208887,0.0002041119478291035,4.166168724659066e-08,1.3873754189720375,0.002611159242621054,0.15860930212238292,0.009378944919909413,1.3873778761824145,0.15888635979076376,0.0003915402524878992,1.5330376931828784e-07,CALIBRATED,0.0020334431975371683,0.014027195674837078,0.0005855307935223065,-0.001694695188274997,0.0,0.0,0.0026896093183627926,0.019503318513583754,-0.0001392865519494586,-0.0019767196100161553,0.0,0.0
20575000,41,22,24,5.795837965056528,182.84581378294612,-54.13043933770209,323.4021484358204,311.77700012794116,15,transition,False,4,4,3,9.303764753804796e-31,2.6611501484988985e-05,2.6611501484985462e-05,7.081720112853835e-10,1.1637017200394253,0.001023512192647446,-8.698501271876385,12.302888623824304,1.1637021701448895,15.067348567915344,0.0001356986118482916,1.841411325755331e-08,CALIBRATED,-0.00182502060850096,0.003980644638867844,-0.0015885959543982784,0.0022162202995763673,0.0,0.0,-0.0078853677578677,0.0019721375080793096,0.005721839728257852,0.0060737806138210955,0.0,0.0
20575000,42,22,26,1.6549625051674113,203.90557744715687,-45.45303079015416,343.56906399515253,327.11720164063274,15,transition,False,4,4,4,1.2777684468142565e-34,0.00016195827965247088,0.00016195827965247083,2.6230484347987945e-08,2.171671919804867,0.010391267196032348,0.16656222883452987,0.0032359008660169265,2.171696780331659,0.16659365872907944,0.000762109836013459,5.808114021484615e-07,CALIBRATED,-0.003659295303531604,0.0120885727203415,-0.00011056159853405077,0.0015562850805579355,0.0,0.0,-0.008043015657694358,0.026307839571948016,-0.0006203465663331397,0.002220919255134512,0.0,0.0
20575000,43,22,44,2.5632779323520403,199.8086945841626,-55.40418385903843,340.4035563609739,326.98546533385473,15,transition,False,4,4,3,5.347343082906838e-34,8.766023913170497e-05,8.766023913170498e-05,7.684317524627701e-09,1.628233854553629,0.0046066487758996836,0.19848818123568582,0.004735050777176203,1.6282403711760474,0.19854465189501555,0.00023133671141722177,5.351667404933495e-08,CALIBRATED,0.0003230143830775349,0.005076025301030205,1.3179084898806181e-05,-0.007860642104500909,0.0,0.0,0.00019445821991405523,0.008933625666034927,-0.00016952156860665526,-0.01230692863044508,0.0,0.0
20575000,44,23,28,4.265791627176256,130.59405325382014,-166.18362735899967,306.829052403134,340.78333271258845,16,transition,False,4,4,3,9.284729864455332e-28,7.641186859096038e-05,7.64118685910502e-05,5.838773661575924e-09,1.2856652488462466,0.001844980284788983,0.025367551846479167,0.019473753391206845,1.2856665726552636,0.031980302653748426,0.00012610763676333168,1.5903136050032404e-08,CALIBRATED,0.0014737566707039864,0.0029673239776141567,-0.0028137000241324887,-0.007584061606598317,0.0,0.0,0.0015928375909520969,0.004086583536194396,-0.003729154846573275,-0.009641770807489958,0.0,0.0
20575000,45,23,36,2.313610664158162,136.56080984739037,-151.86090694170332,305.58557104348677,337.3334646573652,16,transition,False,4,4,4,1.5361424688531192e-27,0.0001016770410127463,0.00010167704101212217,1.0338220668980774e-08,1.736556732215169,0.00564686631561296,0.19221143804056925,0.004231091826632203,1.7365659133188733,0.1922580012682671,0.00030065106621461846,9.039106361598689e-08,CALIBRATED,-0.007961693378325217,0.005226662341149768,-0.0016774344814999482,0.002855992628410728,0.0,0.0,-0.013576565160123294,0.009582747078533462,-0.0038759595810651105,0.0030782853055480106,0.0,0.0
20575000,46,23,105,2.2870600474018694,117.6898448271167,-162.59264771245,293.7992141643633,332.1111132034743,16,transition,False,4,4,2,1.6403172088015599e-25,0.00011268832370603592,0.00011268832369985261,1.2698658298282763e-08,1.749223440325805,0.0057709565878144775,0.19137088309355338,0.004183478208788735,1.749232959935635,0.1914166042586951,0.0003412755829420708,1.1646902351245025e-07,CALIBRATED,-0.007633571532279767,0.00012582857894979314,-0.0072031856342142766,0.0015859360797929672,0.0,0.0,-0.013448008799680947,0.0013171403620854728,-0.01250733164298298,0.0015028102690548182,0.0,0.0
20575000,47,24,60,3.689920802946304,170.8314205086687,-73.65207865468457,314.26059874056637,322.71682016245387,15,transition,False,3,3,3,4.389794697062325e-29,1.9851146257355087e-05,1.9851146257349263e-05,3.9406800773067165e-10,1.3685532408758263,0.002465363087838929,0.15113522181313338,0.009990031772307787,1.3685554614727466,0.15146503229233058,3.641073580276867e-05,1.3257416816990201e-09,CALIBRATED,-0.00043947586434214207,-0.000943470863951316,-0.003820395769623094,-0.0020426566315293717,0.0,0.0,-0.0007495037407460115,-0.0005304626972224928,-0.005200953887334988,-0.0029185044002103056,0.0,0.0
20575000,48,25,27,2.401295968504453,78.76443339471089,-128.20254382542944,243.28110676804246,276.38170503462476,13,transition,False,3,3,3,1.012990960135551e-17,0.0002498012927594598,0.0002498013294245224,6.240070418225876e-08,1.6947240258060603,0.005237049346603181,0.19498743066723387,0.004388339193424278,1.694732117572025,0.19503680585747366,0.0007077928110789844,5.00970663415091e-07,CALIBRATED,0.005759964021130333,0.003863245737579682,-0.008952666106152442,-0.011024937453910031,0.0,0.0,0.008020295171753684,0.008379449585857183,-0.015949474737802748,-0.017856840612583146,0.0,0.0
20575000,49,25,56,1.5133410540459558,64.45210743226143,-123.31200181974013,228.30537465200803,265.35968698370954,13,transition,False,3,3,3,1.0801082750453465e-15,0.00019522303727824756,0.00019522255299319583,3.8111845197181155e-08,2.288855459598915,0.011737005412363371,0.16010961435518783,0.0030582619030897666,2.2888855524538156,0.16013881969976818,0.0009917573221519236,9.835825860419545e-07,CALIBRATED,-0.007367776668375755,0.009367161358476872,-0.0019856806071813777,0.00701796128292649,0.0,0.0,-0.015119377712953762,0.023035717430466333,-0.007996280886473982,0.01298371881139148,0.0,0.0
20575000,50,26,33,4.488111938778587,224.5762695314461,-51.81618900574257,364.69888819170876,348.7451301988675,16,transition,False,4,4,2,6.445898579478725e-39,5.0754337785675396e-05,5.0754337785675396e-05,2.5760028040624373e-09,1.2636203582236616,0.0016923432255045604,-0.06105337575970529,0.025871156951786232,1.263621491485044,0.06630860768919619,8.071209739816791e-05,6.514442666411343e-09,CALIBRATED,-0.0017714606597374883,0.005186580722574678,0.0016406589278746084,-0.004245454464162806,0.0,0.0,-0.002458878917494643,0.006837139128604325,0.0017913552789455558,-0.0049709744183580205,-0.0,0.0
20575000,51,26,44,1.523001332849585,210.60107060429766,-54.53299495009567,351.0468638407258,337.81294658643844,16,transition,False,4,4,3,4.121034669477814e-36,1.5522851522493103e-05,1.55228515224931e-05,2.4095891938936634e-10,2.2808621389780446,0.011645209951552089,0.1605497599291046,0.0030703790074879714,2.2808918667789397,0.1605791164521176,7.527402558233318e-05,5.66617892736975e-09,CALIBRATED,-0.00111157356851491,-0.0009517246194494434,-0.0036515281116431,0.00021867423919181314,0.0,0.0,-0.00324216377242226,-0.00029785814901142496,-0.008035619487292023,-0.0003201556397223169,0.0,0.0
20575000,52,26,132,2.7985178716853945,223.3885600870507,-37.20509050496214,362.49043730280846,348.274118511824,16,transition,False,4,4,3,1.8638643802977545e-38,3.182376392827225e-05,3.182376392827225e-05,1.0127519505624018e-09,1.5561105479560575,0.003978063606536981,0.1998856913048334,0.0053659373581453045,1.5561156327375416,0.19995770270770438,7.52676914164038e-05,5.665225371154986e-09,CALIBRATED,-0.0026338666224748645,0.0027012408452005304,-0.0024372891933513,0.0034131261077608,0.0,0.0,-0.004243466603284123,0.004942661480859532,-0.0036482456436483894,0.004418267059882655,0.0,0.0
20575000,53,27,31,1.7225543829439864,78.69323451412612,-147.94252812814202,252.69446878333298,296.12181773825273,14,transition,False,3,3,2,4.624041600987664e-19,0.00019332155831447602,0.00019332154936225918,3.7373221447824414e-08,2.1157435598250434,0.009748984742934872,0.16964187761494665,0.00332068287450117,2.1157660205336186,0.16967437512917954,0.0008398504546151791,7.05348786117323e-07,CALIBRATED,-0.0065824824305245845,-0.0030047451052381737,-0.011852404866583227,-0.000696046079822131,0.0,0.0,-0.013143389563311764,-0.0023411803717130358,-0.02545699150470925,-0.003682692411602339,0.0,0.0
20575000,54,28,30,3.4773916839241252,139.52450571851693,-188.3177691060946,325.63292295594414,364.65116068466625,17,transition,False,5,3,5,3.572131002384601e-31,7.987515737365814e-05,7.987515737365971e-05,6.380040765466905e-09,1.4073008117423156,0.0027655008726694295,0.16652145686861683,0.00873204074715369,1.4073035289963773,0.16675024477720135,0.00015792764289682744,2.494114039094785e-08,CALIBRATED,0.0013148847032906064,0.003040754491477316,-0.0024049057440059555,-0.007944587848071148,0.0,0.0,0.0014148275139198986,0.004283927132314137,-0.0035259138236798334,-0.011186679848627515,0.0,0.0
20575000,55,28,72,3.0998139032691796,146.57940328043392,-179.96981503674624,327.49777857326205,361.8923446780835,17,transition,False,3,3,2,1.5966006021054247e-31,4.683061558101423e-05,4.683061558101125e-05,2.193106555696454e-09,1.476139481383686,0.0032987236103742133,0.19385653693488536,0.006497102487648854,1.476143167202001,0.1939653815842445,0.0001013232852963103,1.0266408143237492e-08,CALIBRATED,-0.003750052375496475,0.00551306231021834,0.0012838964560700108,-0.0008517491507394567,0.0,0.0,-0.005670622830961346,0.008004335731288167,0.0013954988435533676,-0.0017749688683903566,0.0,0.0
20575000,56,29,42,3.7337755325668276,140.2714668155158,4.519361110397885,279.9099488544298,262.9219118816757,12,transition,False,3,3,3,3.1838217526026996e-23,0.0001999568050617973,0.0001999568051105436,3.998272391001592e-08,1.3605577988788893,0.002403430579657446,0.14796031956284156,0.010249614348695453,1.3605599217119104,0.14831490403676623,0.00037005740586917537,1.369424836386236e-07,CALIBRATED,0.0043195366560415714,0.012935528668490898,0.0009891719553964057,0.0036044479600854493,0.0,0.0,0.005774824696740711,0.017600590707125358,0.0015900248631254936,0.004939618738929578,0.0,0.0
20575000,57,29,193,3.505294987138196,137.80475660071346,-6.2996625396892565,276.7437656394497,257.2227934676894,12,transition,False,3,3,3,1.0209821510918421e-22,0.00011272229998665151,0.00011272230005688053,1.2706316930113407e-08,1.4022135784084988,0.0027260952813102,0.16450137235477982,0.008897204491194766,1.402216228357328,0.16474180329947846,0.00022162138562909474,4.9116038568159916e-08,CALIBRATED,0.0034751798639791475,0.0072473223558388545,-0.002976886414402376,-0.006265771374394321,0.0,0.0,0.004868891455285448,0.010238927839584947,-0.004138660563125729,-0.008714994381222701,0.0,0.0
20575000,58,30,39,4.174872047124492,154.31016707567022,-205.1073704345706,347.055741233739,387.02316315511086,18,transition,False,5,5,4,2.600343440080969e-35,3.058042465853304e-05,3.058042465853301e-05,9.351623722962138e-10,1.294680674307136,0.0019074023695299367,0.06071004659654422,0.01685748661397262,1.2946820793570055,0.06300702034452062,5.0832500616037784e-05,2.5839431188794816e-09,CALIBRATED,-0.002875231866822969,0.003913254260261834,0.0019888714876803402,-0.0017447915837066335,0.0,0.0,-0.003944735047786704,0.004850923079660598,0.0021878796939425707,-0.0026369098844767,0.0,0.0
20575000,59,30,41,2.251940019120987,142.93211238529847,-210.37939409131968,340.4414722734504,386.9744014929405,18,transition,False,5,5,4,5.256850804895681e-34,0.00010515854426762149,0.0001051585442676215,1.1058319432485311e-08,1.765978423878712,0.00593509792995738,0.1902590327067319,0.00412049693718338,1.7659883971851504,0.19030364689493107,0.0003264781478464395,1.0658798102124163e-07,CALIBRATED,0.00029518279408323456,-0.0007987351083758998,-0.005304652544443057,-0.008734649105435218,0.0,0.0,-0.0005271175379671538,-0.0011292663533198383,-0.00924134674825559,-0.015476516492071867,0.0,0.0
20575000,60,30,72,1.859544071466054,150.77435090186293,-190.9333634825536,336.6222238074644,373.63104052004553,18,transition,False,5,5,2,2.9055309003277205e-33,0.00011386352938166304,0.00011386352938166244,1.2964903323248705e-08,2.002392535039025,0.008447259208931355,0.17588345783233883,0.0034925121137024057,2.002410352692014,0.1759181297647416,0.0004531114810322008,2.0531001424319446e-07,CALIBRATED,-0.005606823654688726,-0.003953798218743719,-0.0074040475607207315,-0.003460435991451043,0.0,0.0,-0.01188962167675934,-0.006869492295938491,-0.0142084202825424,-0.007917022551844517,0.0,0.0
20575000,61,30,104,3.030304009725782,132.75868631101616,-202.8112342410921,327.7737554935944,380.6460612431037,18,transition,False,5,5,3,1.4166759228484696e-31,9.09707275803154e-05,9.097072758030857e-05,8.275673276490716e-09,1.4888122837666564,0.0033968868435721175,0.19888876765066194,0.0060856632333983075,1.4888161589446547,0.19898185142014668,0.00020025308331243698,4.0101297376137826e-08,CALIBRATED,-0.009113897486243925,-0.0011849478558416879,-0.002525866598022018,0.00035142097045864993,0.0,0.0,-0.01341024172362024,-0.0015195434946492913,-0.004241833077182756,-0.00034108641089786423,0.0,0.0
20575000,62,31,35,2.934167635458987,80.03476641454837,-167.1855355098604,264.1420242160984,315.4115310832643,15,transition,False,3,2,3,9.250654021451026e-21,0.00010796781769110714,0.00010796781853202762,1.1657049838564847e-08,1.514521056264058,0.0036155935685949813,0.20069155748252548,0.005729734491909716,1.5145253719842566,0.20077333264681746,0.0002426172148416083,5.886311293749912e-08,CALIBRATED,0.004371582847339011,0.0046199590613530935,-0.003932075089620653,-0.007214696507954104,0.0,0.0,0.004967137983130161,0.007130583886296815,-0.007005874731947866,-0.010863574355565137,0.0,0.0
20575000,63,32,34,2.5121000995059575,31.158495601369047,-147.4176267894726,212.87710594571448,278.0705605931842,13,transition,False,3,3,3,9.725601364050371e-14,0.00032729809274675424,0.00032729910934703314,1.0712470697936115e-07,1.6439247042444491,0.004743401177801913,0.19818414469783327,0.004597797689638549,1.6439315475651453,0.19823747111282106,0.0008791055839988384,7.728266278179387e-07,CALIBRATED,0.001630059820579144,-0.0010195017571271135,-0.017557103781206868,-0.0039180016987633995,0.0,0.0,0.0016015783342274567,8.484421147822129e-05,-0.028898205002778263,-0.006436387178794589,0.0,0.0
20575000,64,32,56,5.610724418785836,42.812056045667966,-132.33726154807445,213.92827832111325,269.01520435334743,13,transition,False,3,3,3,7.229256896988609e-14,9.265988621202955e-05,9.265682830670158e-05,8.585287831857575e-09,1.175136604406257,0.001097337122393785,-6.735696867287096,9.450655332914533,1.1751371167503084,11.605365074375174,0.00013079593636903327,1.71075769706522e-08,CALIBRATED,-0.005686393943964824,0.007263966124778946,-0.0016694042992017194,0.002183950009641366,0.0,0.0,-0.006690840260512002,0.007990558590626121,-0.001962330021994114,0.004281217965941072,-0.0,0.0
20575000,65,33,47,1.1935934200725349,245.01790559944348,-58.208888335623634,385.65903498755097,370.16304536021585,17,transition,False,2,2,2,1.964746283918113e-43,0.00010471761189593412,0.00010471761189593412,1.0965778241187482e-08,2.8468260999939816,0.019803510387276214,0.14432985152619265,0.002767033186411884,2.846894979206399,0.14435637330657597,0.0008439871372415696,7.1231428782922e-07,CALIBRATED,-0.006389139998544797,0.007849020053071936,-0.0006056434277806313,0.0013865721112837385,0.0,0.0,-0.01836590019421574,0.022381007006555178,-0.001479375190374992,0.0018928343076737516,0.0,0.0
20575000,66,34,37,4.042758389179863,38.802888985723115,-168.37386709870742,231.92965461447585,300.3775271756928,14,transition,False,3,3,3,3.5852307957747544e-16,8.988503947018718e-05,8.988520038338298e-05,8.079349247960913e-09,1.3077808319947002,0.0019981068134677744,0.11206561004791024,0.013055834935614352,1.307782358408152,0.11282356039975112,0.00015308675375986228,2.343555417673271e-08,CALIBRATED,0.0042491696710158875,0.004263813658795911,-0.004846958639923942,-0.005491506397723105,0.0,0.0,0.004987616242982172,0.005386258115325714,-0.006736627041421417,-0.00733597420882055,0.0,0.0
20575000,67,34,62,2.107425575948465,27.002909684638396,-168.65557120074277,223.21970793704924,299.7112439725864,14,transition,False,3,3,2,4.929710128981996e-15,0.0002590051048984191,0.0002590041427429131,6.70831459579913e-08,1.83492304713322,0.006610518646354814,0.18568390998024695,0.0038613370263896932,1.834934954666632,0.18572405430956926,0.0008686030408444718,7.544712425642632e-07,CALIBRATED,-0.006851763388216912,-0.0008211059523475099,-0.014524594027861399,0.0006476376731135074,0.0,0.0,-0.012575663825494986,-3.2216338101869206e-05,-0.02665171827626336,0.0003749602950410401,0.0,0.0
20575000,68,35,38,3.3122418709108032,87.64966924677799,-188.34785077523682,282.6267605069051,337.9022032060685,16,transition,False,3,3,2,1.1590860962555701e-23,0.00010235502616337858,0.0001023550261729932,1.0476551382874121e-08,1.4374103520856008,0.0029987286735046513,0.17847762482378038,0.007754494782946517,1.4374134800594114,0.17864600401933667,0.00021013623234152895,4.4157236142693035e-08,CALIBRATED,0.0014120299861244785,0.0001941269654308798,-0.007343952540248081,-0.006811011180372183,0.0,0.0,0.001311824124638918,0.0010046948169707697,-0.010617184247279164,-0.009730433535645958,0.0,0.0
20575000,69,35,105,4.104209748295958,97.9287288190983,-173.4691092672041,282.5220264319779,334.37668833806777,16,transition,False,3,3,2,1.2053451441302854e-23,6.590190265516665e-05,6.590190260546553e-05,4.343060767020264e-09,1.3016874234322533,0.001955916539997443,0.08817807849850771,0.014824135550067188,1.301688892912285,0.0894154825659167,0.00011025065540927093,1.2155207018173802e-08,CALIBRATED,-0.007157817498581644,0.003184154447395387,-0.0013937325189283022,0.00160817330635659,0.0,0.0,-0.009116126081826048,0.004352938770005398,-0.0025464108175799493,0.0013094337257828336,0.0,0.0
20575000,70,36,49,2.54261636547173,158.32508430601482,-150.87078261386046,324.9207940010311,345.8817997935894,16,transition,False,4,4,3,4.8523442218687195e-31,9.030180083071695e-05,9.030180083071122e-05,8.154415233269437e-09,1.634568580396179,0.004661858595089248,0.19836543529449305,0.004679638820671184,1.6345752282914177,0.19842062629440932,0.00023911873555390996,5.7177769692900724e-08,CALIBRATED,-0.004147556715098655,0.008366278561629375,0.0014620876187024256,-0.0009834922217328715,0.0,0.0,-0.006994608893262157,0.01347973781645586,0.0014932337916866547,-0.0025022196600584076,0.0,0.0
20575000,71,36,140,2.9424039042821235,153.2390262854634,-138.9171284813084,315.54639028706305,337.17091810809353,16,transition,False,4,4,2,2.569926165442831e-29,5.14994303910804e-05,5.149943039104571e-05,2.6521913306021623e-09,1.5119958603163184,0.0035935854162047897,0.2007404873906234,0.005751823221793325,1.5120001307770536,0.2008228740661775,0.00011690956356979503,1.3667846054079944e-08,CALIBRATED,-0.0034222096690515614,-0.000944216383596794,-0.006212149853742984,-0.0005527757119159072,0.0,0.0,-0.005522688121615692,-0.0008595884527204332,-0.009176103165045302,-0.0012123192143801355,0.0,0.0
20575000,72,37,43,3.34755826577522,44.54963776458386,-189.68537778469693,250.36676648009154,322.450261696961,15,transition,False,3,3,3,1.0028877311164588e-18,0.00012215038405393827,0.00012215038305555056,1.4920716080617734e-08,1.4309715896277604,0.002948854168911711,0.17592086293065137,0.007963537703674937,1.4309746280289908,0.1761010163145655,0.00024838099512398975,6.169311873878342e-08,CALIBRATED,-0.0004984741354846264,-0.0012014466082820154,-0.009974570034426465,-0.0045789065580739575,0.0,0.0,-0.001510851236707045,-0.0008820426758252547,-0.01416763064880273,-0.006678215793283343,0.0,0.0
20575000,73,37,62,3.606682842545343,34.084318890187255,-178.36984942424903,234.99913638566704,311.43123996366705,15,transition,False,3,3,2,1.3899018817718109e-16,8.521747481055885e-05,8.521731664591167e-05,7.261991056329575e-09,1.3837288967306915,0.002582913365953742,0.15716130816854973,0.009497334076959914,1.3837313074036421,0.15744801091096466,0.00016292100878028835,2.6543255101986794e-08,CALIBRATED,-0.006707906000577623,0.0063361234548830105,0.00019858414941636572,0.0001881957316422317,0.0,0.0,-0.009287784702793586,0.008751172822831974,-0.00016570305033548189,0.00021813027959993904,0.0,0.0
20575000,74,38,78,4.040965779256002,95.9813265719782,-209.68860759701872,302.3247599185529,360.81168629737795,17,transition,False,4,2,4,5.696621272564256e-27,4.231866142036559e-05,4.231866142064014e-05,1.790869104434776e-09,1.3079585840382073,0.001999337554398507,0.11276243802255434,0.013004251483670699,1.3079601121249413,0.11350981448950113,7.046649099687522e-05,4.9655263534126966e-09,CALIBRATED,0.0018188188029928378,0.003946807992845268,-0.0008517999143222684,-0.00476526003027045,0.0,0.0,0.0014170607788086687,0.004765197259456373,-0.0017906733447667943,-0.006522638560954345,0.0,0.0
20575000,75,39,40,2.4201305289354167,168.71712777410505,-221.47390823745184,368.0423556710844,408.8273846780038,19,transition,False,4,4,3,1.2759331017021276e-39,5.808468773044889e-05,5.808468773044889e-05,3.37383094874376e-09,1.6857384763718983,0.0051490217971067904,0.19558370619222196,0.004422115492138585,1.6857463400957204,0.19563369145755855,0.00016153480816820409,2.6093494249938495e-08,CALIBRATED,0.0007830456602706669,0.003000350866287147,0.0008313772703717916,-0.0069121801002186905,0.0,0.0,-0.00012330864233208404,0.004405373127865759,0.0009201065733116998,-0.01188552458434028,0.0,0.0
20575000,76,39,41,5.080220252175806,153.52282612102272,-216.20544697398833,352.4774303038317,398.14913316467135,19,transition,False,4,4,4,2.1184623921166884e-36,2.902070081768066e-05,2.902070081768064e-05,8.422010759493298e-10,1.2079070521855748,0.0013089069054763004,-1.110630869402347,1.2766363296870356,1.207907761361327,1.6921292049799856,4.2342477050220286e-05,1.7928853627484317e-09,CALIBRATED,-0.004588771414072109,-0.0016795892908338438,-0.0021270270937757945,-0.0007865197286370283,0.0,0.0,-0.005545364195512597,-0.002041720076832134,-0.0025579630633204456,-0.0009378790347886486,0.0,0.0
20575000,77,39,120,5.0611752763564795,174.89820978961285,-203.37901798926407,363.7225862937398,407.6836255160147,19,transition,False,4,4,3,1.0315338839933866e-38,3.4268918138786486e-05,3.4268918138786486e-05,1.1743587504028494e-09,1.209083503615794,0.0013165022113315861,-0.9086923123568902,0.9831909543981737,1.2090842203477459,1.3388002731352064,5.013167778092082e-05,2.5131851171300707e-09,CALIBRATED,-0.003888929656103154,-0.002633461061472342,-0.00309733929108908,-0.0016175649669341401,0.0,0.0,-0.004684360061773437,-0.0027349123010667288,-0.003761622369574256,-0.002561035034273299,0.0,0.0
20575000,78,40,58,3.2860974637407985,184.08222326049946,-230.53632632909614,385.860025366154,426.66592668607666,20,transition,False,3,3,3,1.7732940863185514e-43,3.591432957940523e-05,3.591432957940523e-05,1.2898390691381417e-09,1.4421769096013093,0.003035650317417799,0.18037037249033416,0.00759974220255113,1.4421801044807243,0.1805304056214552,7.352520728164858e-05,5.4059561058093885e-09,CALIBRATED,-0.005675433062076502,-0.0017039053620464468,-0.0007098124600191947,0.0005446668028116334,0.0,0.0,-0.008176737826078407,-0.002353380714417654,-0.0010493020957313681,-0.00016349351708237086,0.0,0.0
20575000,79,40,64,3.389527356679544,170.05013941619404,-243.44247435420093,381.6461229540999,430.83635596845534,20,transition,False,4,3,4,1.5046573547620142e-42,4.589810536718054e-05,4.589810536718054e-05,2.1066360762968075e-09,1.4233199307327375,0.002889584596660488,0.17288247317639144,0.008211958907952392,1.4233228639069162,0.17307739829536267,9.257878173914902e-05,8.570830828304992e-09,CALIBRATED,-5.1633443352829435e-06,-0.0015598693300412823,-0.0019502120538575514,-0.00629774239908565,0.0,0.0,-0.0005017053681202184,-0.0019895165334081165,-0.002649178540173815,-0.009019465088813565,0.0,0.0
20575000,80,41,50,3.3511329279111948,145.5986793928521,-232.63046897391348,355.55550943530875,409.3846873687737,19,transition,False,4,4,3,5.014643332583833e-37,5.106867575304073e-05,5.106867575304073e-05,2.60800964316921e-09,1.430319869641931,0.0029438059610240328,0.17566207207826795,0.007984696653120097,1.4303228990287635,0.17584345011251615,0.00010301750423350562,1.0612606178500349e-08,CALIBRATED,0.001012989910633278,0.0024432876439381937,-0.0006977086211902188,-0.00660197511074464,0.0,0.0,0.0005275098364358466,0.003044805999288085,-0.0012616240462164985,-0.009585233372155142,0.0,0.0
20575000,81,41,104,5.359466998143553,131.97134535636866,-213.90931078050986,333.4835190487012,391.7720312526642,19,transition,False,4,4,3,1.1672130032505854e-32,1.7999209958098354e-05,1.7999209958097855e-05,3.23971559115689e-10,1.1906573461846655,0.0011975408179139306,-4.071552714372144,5.579275878619563,1.1906579484165554,6.9069429442885415,2.821591444347623e-05,7.961378278815704e-10,CALIBRATED,-0.0023073878782796757,0.002564173348885446,0.0014338869254825585,-0.002011008318993645,0.0,0.0,-0.001761755317207266,0.0025561257808097565,0.003038624181531716,-0.0030569783646369783,0.0,0.0
20575000,82,42,63,1.7194338907457976,162.5451132186194,7.2558227689898604,302.33605662676973,285.36302474399685,13,transition,False,3,3,3,5.6709524823119736e-27,0.00032925529572742,0.00032925529572777905,1.0840904976478723e-07,2.1183255861973747,0.009778636787675356,0.16949970047312765,0.0033167687711395744,2.118348156199985,0.16953214861955002,0.001477405921767016,2.182728257672246e-06,CALIBRATED,0.0023834265849495564,0.01796557972055373,-1.662588716991581e-05,-0.0009012448758461968,0.0,0.0,0.004865717419785388,0.03809008668509532,-0.0001974634866119329,-0.0016843456448104356,0.0,0.0
20575000,83,42,193,2.1933262063130172,149.22904614130408,-3.0889564257139104,288.3161386421946,269.08968123397284,13,transition,False,3,3,3,1.3533377294669294e-24,8.351096955983185e-06,8.351096954571682e-06,6.974082034465643e-11,1.7939417689454153,0.006209042752138803,0.18840340235466016,0.0040153839106573256,1.793952514025637,0.18844618681937275,1.576561498880555e-05,2.485546159752502e-10,CALIBRATED,-0.0006066638440838974,-0.0013667960211180667,-0.0010263757144573847,0.00224977275836493,0.0,0.0,-0.0005150094628161362,0.00041391860588563094,-0.0019840055738225295,0.0033753182831783753,0.0,0.0
20575000,84,43,46,2.7168741103833582,52.52245941696157,-207.7929765720977,268.6566930720619,342.2353828476161,16,transition,False,3,3,2,1.8857784066943934e-21,4.4882666793387034e-05,4.4882666769280605e-05,2.0144537763222856e-09,1.5811420882840004,0.004196224084179018,0.19940066321467992,0.005146978139012417,1.5811476564950075,0.1994670796758645,0.00010669162200347654,1.138310220573272e-08,CALIBRATED,-0.0002775603576969158,0.005547205546185622,0.001901152903628013,-0.0032279645726850876,0.0,0.0,-0.0015702332742132214,0.008347272391469585,0.0014353628757484333,-0.005699891797706602,0.0,0.0
20575000,85,43,53,3.8733213086039875,38.56079565323326,-212.27453730398474,262.19318652659126,345.81982218967283,16,transition,False,3,3,2,1.822639310524215e-20,0.00011457010700101442,0.00011457010591421714,1.3126309169194934e-08,1.3351162976342772,0.0022063613013630417,0.13785777869227253,0.011075606262935644,1.3351181207064984,0.1383019746788135,0.0002038933942364652,4.157251621326662e-08,CALIBRATED,-0.004025021197202946,-0.001550039286240088,-0.009459041377328479,-0.0025481806665509747,0.0,0.0,-0.00534671405109939,-0.0016002389035791585,-0.012633348942610043,-0.0036254341861309595,0.0,0.0
20575000,86,44,113,5.582506630319198,210.9190348562629,-76.48936714751378,354.2557901946197,350.81873232078823,16,transition,False,3,3,3,9.228682381947686e-37,2.3540453364754157e-05,2.3540453364754157e-05,5.541529446181652e-10,1.1768796813161007,0.0011085906275700099,-6.4364967244240034,9.015875073544958,1.1768802034480257,11.077657397901879,3.4653700134104685e-05,1.200878932984447e-09,CALIBRATED,0.00022487273216240588,0.0015423766861672442,-0.000536805176927821,-0.004563200628843226,0.0,0.0,0.001156419871586162,0.002943692864254184,-0.0002981239055445777,-0.004956025390631809,0.0,0.0
20575000,87,45,52,3.488823089371234,4.392080479731569,-121.5580292372083,175.98766978828115,253.91193555275564,12,transition,False,3,3,2,1.2790726369543917e-09,0.00033933383081111965,0.00033882131163790987,1.1479988122003364e-07,1.40521667760247,0.0027493572179825795,0.16569387007941364,0.008799704912532645,1.4052193672082791,0.16592737383699308,0.0006658704315207828,4.433834315736735e-07,CALIBRATED,-0.007147387229312895,0.0006418767569317938,-0.016290694832711394,0.004683740335303164,0.0,0.0,-0.009402305221577098,0.002203918836860209,-0.023163428574164025,0.006005448067481813,0.0,0.0
20575000,88,46,48,2.6262890864434425,64.07823049361882,-225.39083296641942,289.2774535571515,363.28818301413264,17,transition,False,3,2,3,9.375051151345098e-25,6.288625923114586e-05,6.288625923549088e-05,3.954681600633362e-09,1.608914971890762,0.004438276529764406,0.19886251699925084,0.004904039477310618,1.608921093488679,0.19892297572294745,0.0001579037306868284,2.4933588164818435e-08,CALIBRATED,0.002243751776147513,0.0012527537478615148,-0.004099815153579521,-0.006282830648380108,0.0,0.0,0.0016915486431741513,0.002054958791538223,-0.006956260757715662,-0.01012076946236545,0.0,0.0
20575000,89,47,51,3.656726903937514,267.07049303731367,-60.179164398633766,407.79778767187815,392.3034744542822,18,transition,False,3,2,3,1.7759026706778053e-48,5.475710824108962e-05,5.475710824108962e-05,2.9983409029264046e-09,1.374605037260697,0.002512240162209834,0.15353832372644777,0.009793552215835473,1.3746073329548023,0.15385035104845152,0.00010343010442381883,1.0697786501122066e-08,CALIBRATED,-0.004987564393808888,0.005161688291717977,0.0013458961681003516,-0.0011945070709433849,0.0,0.0,-0.006904321673749177,0.007063569396141098,0.0017083408093422757,-0.0017169757465528897,0.0,0.0
20575000,90,48,76,2.9858173754649435,64.0056662251168,-247.7344587058402,305.56982065323865,385.6319265849036,18,transition,False,3,3,2,1.5459500473412201e-27,0.00010188633991014114,0.0001018863399100674,1.0380826260269794e-08,1.4986855223632625,0.0034775801825127125,0.20099839751968812,0.005868253180414073,1.498689557081509,0.20108404263111482,0.00022786659760526607,5.192318630420025e-08,CALIBRATED,-0.0009376722174997499,-0.0014265679116443268,-0.007768051096664403,-0.006215255173818224,0.0,0.0,-0.0022264939213492156,-0.0019591341275291396,-0.0114499054107147,-0.009379274064633037,0.0,0.0
20575000,91,48,155,3.5703415670794385,78.09606807756143,-237.084933677601,307.4485162356111,381.54336753724965,18,transition,False,3,3,3,7.219500878010238e-28,8.316481252986329e-05,8.316481252937971e-05,6.916386043046872e-09,1.3903545118603848,0.002634235227007113,0.1597922672065728,0.009282224737641617,1.3903570073350802,0.16006163923656677,0.00015862907131223585,2.5163182265382407e-08,CALIBRATED,-0.008999547938526082,-0.0002819664549697603,0.0012558434476745996,0.0007185412895270637,0.0,0.0,-0.012562158677444632,-0.00046000236276774276,0.0007674831094545794,0.00014355548714121928,0.0,0.0
20575000,92,49,59,4.227506848059477,176.7673413932346,-162.63877413577086,346.5670716076266,367.7587847533791,17,transition,False,3,3,3,3.253542131232339e-35,6.490617377073063e-05,6.490617377073063e-05,4.21281139355628e-09,1.2894615001291652,0.0018712652250070928,0.040249710388916324,0.01837208534984598,1.2894628579175513,0.04424446526395887,0.0001077194411909931,1.160347801049982e-08,CALIBRATED,-0.00032095262349943383,0.004777206308005975,0.0009560563060305183,-0.0064083866467814395,0.0,0.0,-0.0007461579767701633,0.0062786628708124325,0.0009963514249557298,-0.008169967310666881,0.0,0.0
20575000,93,49,140,5.981365114950652,164.30103930724977,-141.07913126947426,326.60775639736164,348.44222629082935,17,transition,False,3,3,2,2.3461636232919667e-31,3.497549972572039e-05,3.497549972572057e-05,1.2232855810638798e-09,1.152241286436987,0.0009495223140950481,-10.66569121728741,15.161494727787252,1.15224167767122,18.53720290451724,0.00013223095173392921,1.7485024596460718e-08,CALIBRATED,0.00019391007466345494,0.002405080204362329,-0.0016304194005805734,-0.005147350813521411,0.0,0.0,0.0024627897421543032,-0.005795549768908387,-0.0009199718521826879,-0.009577623561571328,0.0,0.0
20575000,94,50,64,1.5801633420362755,158.30974572531284,-249.32701143391353,375.7910499098909,430.3691039064524,20,transition,False,4,3,4,2.8238814009754897e-41,3.3929661967082745e-05,3.3929661967082745e-05,1.1512219612005014e-09,2.233563890547504,0.011102035879576066,0.1631541987710001,0.0031420785978420354,2.233591481976589,0.16318445157098158,0.00015955142976344626,2.5456658739559922e-08,CALIBRATED,-0.004056785658206221,0.002747000612367722,0.00314547976217961,-0.0001791557753044349,0.0,0.0,-0.009739962449833058,0.004750337577048564,0.005944897970917569,-0.0026032752944605865,0.0,0.0
20575000,95,50,84,4.997784919855363,144.00028748002813,-255.21572775401359,368.33692914009583,432.0264357745632,20,transition,False,3,3,3,1.105459436123521e-39,5.281285634032337e-05,5.281285634032337e-05,2.789197794823634e-09,1.2130820828850508,0.001342420249652324,-0.25917477763706015,0.04053731012677792,1.213082825659015,0.2623258257883393,7.760625911704797e-05,6.0227314541423915e-09,CALIBRATED,-0.0014405957251314686,-0.002742811158166565,-0.0035130451609387213,-0.00555635140581464,0.0,0.0,-0.0018723316329500464,-0.002971684667054703,-0.00419738558654628,-0.0069030194734440746,0.0,0.0
20575000,96,51,57,4.7712643514366135,290.93961621416327,-62.61286057474651,431.7906566830321,416.29634669395466,19,transition,False,3,3,2,2.919413263287222e-54,2.8075947649942836e-05,2.8075947649942836e-05,7.882588364423306e-10,1.2355434635774696,0.0014979410528649405,-0.1711211153174217,0.03401904159565655,1.2355443716096997,0.1744698578510493,4.279853338161496e-05,1.8317144596172099e-09,CALIBRATED,-0.004689271227494553,0.0024404402760893357,-0.0003393377808785447,0.00012563492445973263,0.0,0.0,-0.005805821918033354,0.0030106333713805825,-0.00014556418246818186,7.657029195727031e-05,-0.0,0.0
20575000,97,51,147,2.981854915147416,283.35039241798904,-73.43576438276978,425.48892104168095,413.2980586841332,19,transition,False,3,3,2,1.0387454042001948e-52,2.2246246482889773e-05,2.2246246482889773e-05,4.948954825774856e-10,1.4999003914929334,0.0034881682816120608,0.20097485739207188,0.005857626315566909,1.4999044475294472,0.2010602026503914,4.958261419212589e-05,2.458435630125204e-09,CALIBRATED,-0.0005805034216348765,0.0015436718757105763,0.002283956941716336,-0.0037828402145591512,0.0,0.0,-0.0013769508480982902,0.0025196390785170303,0.003209170858372753,-0.0055712890671574585,0.0,0.0
20575000,98,52,66,1.6827049414308917,1.2010887342708065,-143.23024964892795,187.0364464990596,275.81781526332094,13,transition,False,2,2,2,9.019806842302424e-11,0.0003891909235259034,0.0003892644730239366,1.5152682995860306e-07,2.1487166622635683,0.010127648539407546,0.16782624106225685,0.00327069882612744,2.148740529695018,0.16785810871059514,0.001770021568856758,3.132976354218139e-06,CALIBRATED,0.003876889057609638,-0.0015236943436213472,-0.019209364786595347,-0.0017067115461173498,0.0,0.0,0.004900791793610592,0.00010430560319113513,-0.04163883922078342,-0.0034928494584405734,0.0,0.0
20575000,99,53,54,3.236591332113317,35.6358577897595,-234.75535072939758,277.3285234799267,368.49011627187224,17,transition,False,2,2,2,8.241122169875718e-23,5.801427413526168e-05,5.801427417149317e-05,3.3656560076451797e-09,1.4512026955848356,0.003105563846211229,0.1839544130275212,0.007306708148845906,1.45120601852373,0.18409946783266992,0.00011959147755126259,1.4302121502894143e-08,CALIBRATED,0.001995551990725924,0.0007771214936665711,-0.005783815940604106,-0.004469407317877643,0.0,0.0,0.0014990310979326803,0.001009196257906911,-0.008589502596591992,-0.0065227564246152425,0.0,0.0
20575000,100,54,138,3.8816262067536655,34.33673224829682,-257.79464819775154,294.8407167752864,391.5660118126261,18,transition,False,2,2,2,1.0936864885983912e-25,8.38828474587028e-05,8.388284745759464e-05,7.0363320975940915e-09,1.3336021774465392,0.0021946329615225744,0.13725653818635644,0.01112476417308547,1.333603983236398,0.1377066361974233,0.00014900596157114951,2.2202776583742885e-08,CALIBRATED,-0.0016754447795897253,-0.0012513884886156048,-0.007638331949491079,-0.004600613451278462,0.0,0.0,-0.00259755044834638,-0.0016192376775223752,-0.010080459945312915,-0.006166124380360727,0.0,0.0
20575000,101,55,173,1.9545324074553996,143.1553651133031,-64.79994990505301,285.493951039419,286.9170272747136,13,transition,False,3,3,3,3.9481670573379245e-24,0.00011260539712552337,0.00011260539713602357,1.2679975464161585e-08,1.9237951942955536,0.007544645707697517,0.1802113552470307,0.0036116581142673415,1.9238099883495565,0.18024754265816179,0.0004072433151111606,1.6584711770272804e-07,CALIBRATED,0.002642224394699263,0.0013887061480815192,-0.006143270711442642,-0.008121315631367327,0.0,0.0,0.004594358142587016,0.0052727021618359194,-0.011938688735662725,-0.014690184190619796,0.0,0.0
20575000,102,57,61,1.0457626181046713,313.3053070382598,-65.55338699285804,454.3394180149847,438.8545119929032,20,transition,False,3,2,3,5.345339585238896e-60,6.46388446227011e-05,6.46388446227011e-05,4.1781802341576944e-09,3.1107021258285115,0.023634162994969645,0.13700991747483435,0.0026345987701098194,3.110791907102513,0.1370352458207026,0.000624422505857877,3.899034658218304e-07,CALIBRATED,-0.007150825910487303,0.002516354636694718,0.0026156164353708807,-0.0005753637336566075,0.0,0.0,-0.022514688873332585,0.007424891460142359,0.007514737799175853,-0.002431253464707791,0.0,0.0
20575000,103,58,73,2.4846730485415165,206.372193795126,-232.3776613248022,405.65293244610166,449.0318226216508,21,transition,False,3,3,3,5.628550784433533e-48,3.769474042283002e-05,3.769474042283002e-05,1.4208934555445353e-09,1.6549466772931931,0.004847367831776795,0.19762703101008774,0.004537860557173697,1.654953776290648,0.19767912273251956,0.0001013399722841694,1.0269789982556221e-08,CALIBRATED,-0.005766001862550162,0.0004178604801279613,0.001931631742438699,0.0007363113299743116,0.0,0.0,-0.009605928074754185,0.000307786129299057,0.0029942475861781223,7.659763766809476e-05,0.0,0.0
20575000,104,58,81,5.155954983037741,193.56941145129932,-241.46612291245214,399.80546635097045,441.1389081730127,21,transition,False,3,3,3,1.2670091477048184e-46,2.6866615382394226e-05,2.6866615382394226e-05,7.218150221055021e-10,1.2032287457763131,0.0012787032207764008,-1.9136648251065704,2.4435586052001765,1.2032294252320985,3.1037222362669623,3.916498110201243e-05,1.5338957447209908e-09,CALIBRATED,-2.6402832490378508e-05,-0.0007082751181283422,-0.0009356825728224636,-0.005048639693302279,0.0,0.0,-0.0007327250752552164,-0.0009416129525252026,-0.0010027647610642537,-0.0060610166595802374,0.0,0.0
20575000,105,59,111,3.0773721103839655,194.23184650124472,-177.85269966529438,368.8251018604153,390.9206600808563,18,transition,False,3,3,3,8.71390975312662e-40,5.329622035956309e-05,5.329622035956309e-05,2.840487104615107e-09,1.480230991122171,0.0033304163498688428,0.19548123053916433,0.0063642662242330145,1.4802347377195242,0.1955848035448532,0.00011642363147657027,1.3554461966192245e-08,CALIBRATED,-0.0035630006392310984,0.005389854448105769,0.0022014608221437304,-0.002589263617556656,0.0,0.0,-0.00541262031726983,0.007743959852286885,0.00305041886259394,-0.004225305118751557,0.0,0.0
20575000,106,59,120,3.5917093563668736,184.52156211324962,-184.03468776540214,362.8545871795078,390.5164880430643,18,transition,False,3,3,3,1.565206411329634e-38,4.5284195717197076e-05,4.5284195717197076e-05,2.05065838175341e-09,1.3864588107278322,0.002604059216430481,0.1582453270503008,0.00940870381624812,1.3864612562092158,0.15852478431071448,8.69467963851057e-05,7.559745401633031e-09,CALIBRATED,0.0002817053180535422,0.00015369859686474192,-0.0017587436115640042,-0.00648752922776322,0.0,0.0,0.00011333009977558565,0.000279274474274925,-0.002430313114821731,-0.008997196041297228,0.0,0.0
20575000,107,60,93,3.0753006409538237,180.57807364482193,-86.37406829098445,326.25003123976484,331.7023845933936,15,transition,False,3,3,3,2.737898133678266e-31,9.250409885407124e-05,9.250409885406906e-05,8.557008304803381e-09,1.480608654234461,0.0033333417195733207,0.1956311964154125,0.006352004892872922,1.480612406459233,0.19573429177608295,0.00020186869061928082,4.0750968252342916e-08,CALIBRATED,-0.0020835967386410473,0.009354814850699406,0.0006946987408597663,-0.00040933635726033514,0.0,0.0,-0.003173485407625095,0.013798230089192343,0.0003755249652607363,-0.0011249481734926419,0.0,0.0
20575000,108,60,173,4.323737847734474,158.06792338488088,-80.21502602425002,302.9564714992764,308.36484688333206,14,transition,False,3,3,3,4.4241189369110386e-27,9.661670372353792e-05,9.661670372365443e-05,9.334787438424421e-09,1.2799194036511254,0.0018051965122721752,0.002842546839868426,0.021141191490089827,1.2799206766737932,0.021331433382627912,0.0001580520987369216,2.4980465915145615e-08,CALIBRATED,0.0008757571065612387,0.008881341633884854,-1.7559012399459382e-06,-0.004119650581420259,0.0,0.0,0.0009047338785396228,0.011355247341436257,-0.0004227126370572459,-0.005302190791288183,0.0,0.0
20575000,109,61,67,2.100896689381745,333.65496167512924,-65.03760685251656,474.53640198209723,459.21070203409295,21,transition,False,3,3,2,2.1935489549793145e-65,2.5023902225655982e-05,2.5023902225655982e-05,6.261956825991905e-10,1.838037833549942,0.006641032864486682,0.18547721467246803,0.0038496286765315876,1.8380498309018916,0.18551716040195299,8.28784587499347e-05,6.868838924764628e-09,CALIBRATED,-0.004411350042605506,3.5732060047910925e-06,-0.00234714261374434,0.00023409786458791085,0.0,0.0,-0.008492986153397875,0.00010181175446136,-0.0032758481325748786,7.809178628929316e-05,0.0,0.0
20575000,110,61,80,1.9840865234180782,329.54655468965007,-77.91066025468695,471.8803556691617,459.26236165280864,21,transition,False,3,3,2,1.1559283171269018e-64,2.7239162279524916e-05,2.7239162279524916e-05,7.41971961690293e-10,1.8993408768417637,0.007263811815755917,0.18155791196619175,0.003648728504863303,1.8993547665994719,0.18159457210287328,9.691305923419788e-05,9.392141050131148e-09,CALIBRATED,-0.002174199123256451,0.0012667408584517178,0.00422048557202417,-0.0017592298274587696,0.0,0.0,-0.0050059274630040035,0.0023312029650206516,0.007428757691039448,-0.003351537165695967,0.0,0.0
20575000,111,63,75,1.837049070674933,183.20986890290544,11.564059259548852,323.3067684335803,306.47209931276507,14,transition,False,3,3,3,9.691036091709558e-31,0.00019095633833754103,0.00019095633833754127,3.6464323151281535e-08,2.021005843965741,0.008661014837060362,0.174858531405811,0.003464296129612867,2.0210244022578463,0.17489284534557337,0.0007752202568981753,6.00966446705273e-07,CALIBRATED,0.00011712509530013065,0.011910068157589708,2.5410210076447414e-05,0.007006586248122818,0.0,0.0,0.00010808093635938533,0.02494613640351773,4.295669118692948e-05,0.012365152998209958,0.0,0.0
20575000,112,63,96,5.677535547493253,184.5055451811041,0.3490074379003758,323.73216036176,308.38398627901296,14,transition,False,4,3,4,8.0786201770188e-31,7.650166346752051e-05,7.650166346752051e-05,5.8525045132977625e-09,1.1710095291782254,0.0010706922496523479,-7.444111677247783,10.480082564695268,1.1710100186625658,12.854840692368247,0.00010492022616060311,1.1008253857592104e-08,CALIBRATED,-6.698883555816578e-06,0.007573089067685811,1.1865332679724054e-05,-0.004376048420579653,0.0,0.0,-8.334192085620207e-05,0.008873570584603335,-9.782222932945599e-05,-0.0051150225978330265,-0.0,0.0
20575000,113,64,70,4.104169958929663,175.17234336641167,-264.2198895296805,398.2455097463099,452.2358408847301,21,transition,False,4,4,3,2.8856493664450652e-46,1.7873207666590382e-05,1.7873207666590382e-05,3.194515522930652e-10,1.3016913688757512,0.0019559438579326246,0.08819354552407649,0.014822990586605375,1.3016928383923767,0.08943054579973189,3.0242565307183903e-05,9.146127563592834e-10,CALIBRATED,-0.0017643784547155734,0.0020662231043197146,0.002269123700620801,-0.0023112715222539794,0.0,0.0,-0.0023616702831300205,0.002550890144783772,0.0029086360540162117,-0.0031141410622331322,0.0,0.0
20575000,114,64,81,3.961579797544495,179.53732760699387,-254.37227093755692,395.76013950288376,445.30933745539136,21,transition,False,4,4,3,1.0638461928056577e-45,2.3950969042336425e-05,2.3950969042336425e-05,5.736489180669578e-10,1.3190253164523775,0.002081720934504293,0.13146822669709995,0.011598021203023143,1.319026959165105,0.13197881923515545,4.159268156624695e-05,1.7299511598712185e-09,CALIBRATED,-0.00447027658950879,-0.0019871802415083397,-8.682307207105291e-05,0.00010570098174135344,0.0,0.0,-0.005887298530292371,-0.0026211879954299677,-0.00023420255665956787,-8.318795905772123e-05,0.0,0.0
20575000,115,66,68,1.6487921492885995,-2.7990183413649703,-163.50464142726412,198.3103654838704,296.4830473839146,14,transition,False,2,2,2,5.1023341022776916e-12,0.00041545851551148436,0.00041541332918091484,1.7256823406117112e-07,2.1767775315461844,0.010449900147811372,0.16628109255629636,0.0032281612502276236,2.176802614445646,0.16631242517254405,0.001959969563294622,3.841480689041312e-06,CALIBRATED,-0.010001003764604376,0.0006546902197567539,-0.017331688638658173,0.003818010284172375,0.0,0.0,-0.020964709953657425,0.0035401360002805765,-0.03821091490373101,0.006916929895046182,0.0,0.0
20575000,116,67,69,2.1893925094516646,352.35936270848447,-68.51928649658757,493.49300548810277,478.23638759757574,22,transition,False,2,2,2,1.1803976913997014e-70,2.1368253933214187e-05,2.1368253933214187e-05,4.5660227615432357e-10,1.7958184481350492,0.006227427768154215,0.18827886707974656,0.004008329553284474,1.7958292456463625,0.1883215295568741,6.822376744344248e-05,4.654482444176922e-09,CALIBRATED,-0.0031652058717287685,0.00032068910747530717,0.0033531272653189743,-5.849582642464406e-05,0.0,0.0,-0.00614544041821742,0.00037799497184663186,0.005498354541284856,-0.0002873093266377698,0.0,0.0
20575000,117,68,92,2.462068495559805,-7.315229576748074,-184.21401890097732,211.02881684445896,317.67914323365403,15,transition,False,2,2,2,1.6326323017505125e-13,0.00016503079201383614,0.00016503267461140647,2.7235783689394365e-08,1.6657308062352405,0.004953015288415609,0.1969114028569543,0.004497323474473403,1.6657381700620153,0.19696275407682487,0.0004497589254576444,2.0228309102881495e-07,CALIBRATED,0.002329812479385772,-0.0006405682166206559,-0.012554842417700123,-0.0012530972224364552,0.0,0.0,0.001579506513143765,-8.359719669613012e-06,-0.02104543932173799,-0.0020865038947273117,0.0,0.0
20575000,118,69,86,3.142176833342724,372.26421715492467,-76.23258708689511,514.1023823336392,499.5834772476992,23,remote,True,3,2,3,1.2863807735755705e-76,1.9232955438513027e-05,1.9232955438513027e-05,3.699065748998278e-10,1.4684160190991342,0.0032388978507338316,0.19078963484283584,0.0067478548837296365,1.4684195911272215,0.19090892673993667,4.136655081142053e-05,1.7111915260338366e-09,CALIBRATED,-0.004203027822079464,-0.0012430377861674922,-5.6215959821880195e-05,0.0001385979558294574,0.0,0.0,-0.006158991595353214,-0.0018431367899074587,0.00017257598606103296,8.023492078702148e-05,0.0,0.0
20575000,119,70,71,2.6612641350171415,191.64197671253459,-280.6267929517788,421.33412441329136,474.85508619190864,23,transition,False,3,3,3,1.0635672331007688e-51,1.9896306065730998e-05,1.9896306065730998e-05,3.958629950612441e-10,1.598191809154475,0.004344819624047332,0.19907029626789538,0.004997838552741516,1.5981977150234006,0.199133023997495,4.857623782266352e-05,2.3596508810039657e-09,CALIBRATED,-0.0029282528395550757,0.002144092023156709,0.0025409041119696077,-0.0005179933043779091,0.0,0.0,-0.00483241048567471,0.0026033091014485005,0.0038832645504622383,-0.0018349618181431884,0.0,0.0
20575000,120,70,81,1.5433218753718556,187.14276687783308,-263.7216049164999,407.44540096980467,457.3614224348562,22,transition,False,3,3,3,2.1473759283783314e-48,7.006855511953318e-05,7.006855511953318e-05,4.909602416539059e-09,2.2640480681968254,0.011452116811831703,0.16147561279863099,0.00309586751979447,2.2640770318355443,0.16150528760506114,0.0003565492304872154,1.2712735376102547e-07,CALIBRATED,1.125260964015426e-05,-0.003343853912947749,-0.0017437441849681534,-0.007473046615976864,0.0,0.0,-0.0013144810592707118,-0.0075208050586297315,-0.0032514245575919003,-0.016961341328102904,0.0,0.0
20575000,121,71,74,2.89396274519083,211.3801718659245,-291.26060107515264,443.4266705288743,497.27548367094624,24,transition,False,4,3,4,3.4760192007395447e-57,1.351278129374534e-05,1.351278129374534e-05,1.8259525829259396e-10,1.5268476604782468,0.0037230251460305024,0.2004527088450962,0.005621909579901166,1.5268521995347597,0.20053152956745104,2.9792122820875464e-05,8.875705821741286e-10,CALIBRATED,-0.0032789439936189812,-0.0009485669031376569,0.0007306069525765713,0.001152276829400799,0.0,0.0,-0.004866490907651642,-0.0017915070561754112,0.001526054418631535,0.0007556781362910079,0.0,0.0
20575000,122,71,100,4.000572785490355,201.67135176535479,-299.6279475684694,441.0787687990644,496.340714893846,24,transition,False,3,3,3,1.372108338508763e-56,2.4483847671830423e-05,2.4483847671830423e-05,5.99458796817396e-10,1.3119638821734276,0.002027069918300149,0.12846410722614043,0.011841918270495688,1.3119654481502265,0.12900875115175098,4.206715225267591e-05,1.7696452986498158e-09,CALIBRATED,1.9219152735079504e-06,0.0003957612819354223,0.002114371564375549,-0.004456080101788233,0.0,0.0,-0.0002419763014901345,0.0005669278742168259,0.002759237692163992,-0.005837276750829155,0.0,0.0
20575000,123,73,82,2.1729771351082867,228.19608574677426,-235.98418542250903,426.19449714750715,471.1517067982137,22,transition,False,3,3,3,6.981692164917062e-53,3.709123366468562e-05,3.709123366468562e-05,1.3757596147683076e-09,1.8036498577494835,0.006304148707982357,0.18775917956219865,0.003978891617137178,1.8036608749015612,0.18780133409635533,0.00011736881407490803,1.377543851735033e-08,CALIBRATED,-0.0055323834090695075,-0.002328789460917025,-0.00021499672117889328,0.001007215734757051,0.0,0.0,-0.00994875402070359,-0.004274788994445826,0.0001866969353693618,0.0002871076761961264,0.0,0.0
20575000,124,73,89,1.706356893031824,218.1658436649152,-246.49908460333543,423.15052590742533,467.43032181758196,22,transition,False,3,3,2,3.857616782772954e-52,4.3310304863382156e-05,4.3310304863382156e-05,1.875782507359104e-09,2.129146043620085,0.00990289914651445,0.16890388095477557,0.0033003659995698995,2.1291690732477226,0.16893612229868457,0.00019214206155820663,3.6918571819837664e-08,CALIBRATED,0.0006707501425396246,0.000927695769544297,0.0024311502928693225,-0.006007436052286887,0.0,0.0,-0.0003412774241100773,0.0013111421207918728,0.005064253097018159,-0.012831984966731639,0.0,0.0
20575000,125,74,77,2.075982048098801,225.83009184711878,-305.2795429420721,463.44469138329066,517.4083155266735,25,transition,False,4,4,3,2.1304234083902185e-62,4.4225537605621686e-05,4.4225537605621686e-05,1.955898176506258e-09,1.8499240541868869,0.006757477037779603,0.18468845239339438,0.00380494887795508,1.8499363961377604,0.18472764298672506,0.0001483186210406927,2.1998413347412614e-08,CALIBRATED,-0.0012794880401624977,0.0025420433727684536,0.003970439741230135,-0.004512435230884448,0.0,0.0,-0.002500913364718385,0.003207975561207219,0.0073355154631984726,-0.008829674913083665,0.0,0.0
20575000,126,74,99,1.5624497212020394,227.96830851035713,-285.69444049563174,453.3380400408087,508.3029802365112,24,transition,False,4,4,4,9.749045175852031e-60,9.507302425973519e-05,9.507302425973519e-05,9.038879941892195e-09,2.2482208847774614,0.011270357107168808,0.1623471235336581,0.003119860005886075,2.248249133814772,0.1623770982808511,0.00047742760417755867,2.2793711723072363e-07,CALIBRATED,0.0013783599605019564,-0.005129728357190462,0.0007178225967371761,-0.008145168247499236,0.0,0.0,0.0017619396920151886,-0.011464363849619404,0.002577350853228662,-0.018337088013154142,0.0,0.0
20575000,127,74,100,5.6338584754184815,212.545352843461,-303.20418624868796,451.7628787943653,507.7876962664414,25,transition,False,4,4,3,2.502230494469574e-59,2.707328374870154e-05,2.707328374870154e-05,7.329626929377069e-10,1.1737075611630186,0.0010881110547177031,-6.980992952686355,9.807105348652097,1.1737080655413887,12.03800556259288,4.3202394671436534e-05,1.8664469053465677e-09,CALIBRATED,1.1280214825811749e-05,-0.003928209060102074,0.0002770747904969873,-0.0034008174967289926,0.0,0.0,0.0010211240900420298,-0.005969019976566762,-0.0008356060875636144,-0.002415007919230481,-0.0,0.0
20575000,128,75,88,2.417058384020727,203.547780123059,12.485470473658072,343.64208106154894,326.83087214966105,15,transition,False,4,3,4,1.2360731307595668e-34,0.00011026762701835516,0.00011026762701835513,1.2158949568259082e-08,1.6872041283100487,0.005163380156545503,0.19548644643250734,0.00441660616874808,1.6872120290826262,0.19553633204307425,0.0003121886327973548,9.746174244788163e-08,CALIBRATED,-0.001746634307504574,0.009401753178223076,0.0007476326034957884,-0.004273754588200586,0.0,0.0,-0.0030471613770567604,0.01625110457174045,0.0011426115158578117,-0.006123681855037396,0.0,0.0
20575000,129,75,96,2.5792970997901143,194.3209440028772,5.131488383842737,333.84250574880735,319.30251081435046,15,transition,False,4,3,4,9.962384025298184e-33,8.23452932915489e-06,8.23452932915492e-06,6.780747327271257e-11,1.6233224635379357,0.004563843922669204,0.19858334767662908,0.004778012349958522,1.62332887897007,0.1986408200156083,2.0118599857411454e-05,4.047580602226362e-10,CALIBRATED,0.0001481446175798205,-0.00043991568030395096,0.00022754837006069929,-0.002822636787640677,0.0,0.0,-2.5924856466208167e-06,0.00036358495001507986,0.00035395156122244214,-0.004456581359389768,0.0,0.0
20575000,130,76,116,4.46067706763748,61.80789382553991,-271.2203135775437,322.1508236776824,409.2203894974179,19,transition,False,2,2,2,1.5871093027464065e-30,4.741102008778009e-05,4.741102008778105e-05,2.2478048257639786e-09,1.2663407517369283,0.0017111790125842225,-0.05038882156003513,0.025081701678639177,1.2663419078760925,0.05628610039170694,7.582654224034405e-05,5.74966450812668e-09,CALIBRATED,0.0003799189546741986,0.00016885477745651772,-0.004259474957871987,-0.005393982093319542,0.0,0.0,3.4380225185912634e-05,7.151253730938145e-05,-0.0053892096356026,-0.0068393468767855205,0.0,0.0
20575000,131,77,98,4.003515337510631,232.58131323076037,-327.29633966980316,482.532034730011,540.4369570046498,26,transition,False,3,3,3,1.3927417154387714e-67,2.337722736278821e-05,2.337722736278821e-05,5.464947591714938e-10,1.311672103896532,0.0020250496688504734,0.12732027078002864,0.011926592012791327,1.3116736671011262,0.12787765617393598,4.017576406163332e-05,1.6140920179360275e-09,CALIBRATED,-0.0009968170725742646,0.0009587681495798918,0.0036256959124896463,-0.0028842114818646188,0.0,0.0,-0.001308642615447344,0.0010710613869818145,0.00476178325945743,-0.0038264168959923884,0.0,0.0
20575000,132,77,127,5.6780322583859615,219.70775075763584,-324.1355741434277,470.64438738234486,532.7165862745859,26,transition,False,3,3,2,2.4970395977535545e-64,1.7109335840417984e-05,1.7109335840417984e-05,2.9272937290021136e-10,1.17097884621776,0.0010704941569276544,-7.4493784248611075,10.487735896245994,1.1709793355338156,12.864130096753255,2.849123957808979e-05,8.117507326961102e-10,CALIBRATED,0.0005992401620553027,-0.0031555534383916166,0.0006241126120435679,-0.00253045707601234,0.0,0.0,0.002224552314090174,-0.0033523419930066023,-0.001018008507280224,-0.00335679436680227,-0.0,0.0
20575000,133,78,90,2.981408796895739,107.75207533234277,-229.90933301917755,324.31717927129887,384.2088712344161,18,transition,False,4,4,3,6.287493473203797e-31,4.503060651113248e-05,4.5030606511134604e-05,2.0277555227606383e-09,1.5000371689616558,0.003489360355192682,0.200972207099139,0.005856429877499011,1.50004122740083,0.20105751862889704,0.00010060014257674935,1.0120388686462298e-08,CALIBRATED,0.001339013256573242,0.002804549185978383,-0.001641102057630926,-0.005716549475839709,0.0,0.0,0.0013592432896745942,0.003989072572085253,-0.002732286921439339,-0.008681849368066267,0.0,0.0
20575000,134,78,104,2.9161790326785173,112.39877516350117,-212.89431087053316,317.1851454154104,377.53918317327424,18,transition,False,4,4,3,1.294764346718003e-29,0.00012271975554133086,0.00012271975554126708,1.5060138400108352e-08,1.5200362656170041,0.0036636609544198713,0.20058469104825058,0.00568149111905074,1.5200406807722209,0.20066513803911729,0.00028208361343775375,7.957116497010009e-08,CALIBRATED,-0.008862829124330352,-0.0026478130658542974,-0.006032194451627635,-0.0008784825099185567,0.0,0.0,-0.013370182158115054,-0.003458416498501497,-0.009297802994117099,-0.0022163161557086993,0.0,0.0
20575000,135,78,155,2.4799588955895473,96.43262385441426,-228.56950756508115,314.9099803692498,379.6979790209676,18,transition,False,4,4,3,3.3506432223444694e-29,0.0001406765199621988,0.00014067651996213154,1.9789883268655994e-08,1.6571956947069726,0.004869400484666895,0.1974777875999953,0.004529406596229173,1.6572028486628925,0.19752972464796992,0.00038498153668080825,1.482107835851165e-07,CALIBRATED,-0.005808326110558202,-0.003112839397557801,-0.009127957592672965,-0.0037323570068946168,0.0,0.0,-0.0103439940613752,-0.0047775671157600326,-0.014580501324631017,-0.006524351087723922,0.0,0.0
20575000,136,79,87,3.2847085331065315,-31.51574841269943,-11.885342489025382,107.36830690266565,86.92452158352053,4,source,False,4,3,4,0.0004896658571143023,0.0756638601651467,0.08639546466709977,0.007464176315044085,1.4424301346107928,0.003037611792465407,0.18047092536192613,0.007591520918425415,1.442433333058659,0.18063052369642513,0.17815326077187796,0.03173858432365275,CALIBRATED,0.25354912664441104,0.029878998557769147,0.14473425594506084,0.016356822618424947,0.0,0.0,0.3800718013709679,0.045186699095023646,0.1766673844472447,0.021106493597249854,0.0,0.0
20575000,137,79,103,2.9918329308619107,-29.58090847608905,0.4324976175190267,110.7882079124718,86.4450994538707,4,source,False,4,3,4,0.0002990023330414526,0.08216235830926927,0.08850018748538074,0.007832283184947542,1.496841185268636,0.003461506003448013,0.201034134645206,0.005884386211173127,1.4968451876998592,0.20112023591282172,0.19396728091297555,0.03762330606477317,CALIBRATED,0.19190818942384427,0.02116240869105459,-0.224932663012105,-0.025077557419298898,0.0,0.0,0.3245957064597005,0.036571280694599445,-0.2935114598220124,-0.03344357400774505,0.0,0.0
20575000,138,80,85,4.700814153488963,342.86696441135115,-97.07925198369472,487.79734250676813,482.60477421079787,22,transition,False,2,2,2,4.751871086852072e-69,1.0157425221002846e-05,1.0157425221002846e-05,1.0317328712026471e-10,1.2425291811527193,0.0015463096025634922,-0.14373553181947457,0.03199179386491392,1.2425301433323193,0.14725276901342918,1.563580726306327e-05,2.4447846876766206e-10,CALIBRATED,-0.001571955972981769,0.0007234970062330286,0.002522405243174453,-0.0008946527321747031,0.0,0.0,-0.002130984437203043,0.0008075357416333423,0.003012334733627091,-0.0011698025773737156,-0.0,0.0
20575000,139,82,83,1.737700975351796,242.57065237406033,-246.6296852473571,443.99013942917907,489.03898809647495,23,transition,False,4,3,4,2.497494954150566e-57,4.657274383051641e-05,4.657274383051641e-05,2.1690204679029043e-09,2.103210632785321,0.009605056347278922,0.17033199285320605,0.0033396815851194942,2.1032325651170067,0.17036473010114103,0.0002000994445312433,4.003978770171211e-08,CALIBRATED,-0.0006361787682281063,0.0025969930309364866,0.003956058790275135,-0.004875781624573266,0.0,0.0,-0.0024472522551345975,0.003613382114117934,0.008022679711394302,-0.010802336824814194,0.0,0.0
20575000,140,82,188,1.494675929776907,248.92943380435798,-231.5414434968798,442.0128453886554,483.66512344253675,23,transition,False,3,3,2,7.953098076272971e-57,4.245645819961145e-05,4.245645819961145e-05,1.8025508428553546e-09,2.309397803241948,0.012001736429636069,0.15923813914768956,0.0030367583445026,2.309428989013532,0.1592670928360967,0.00021880238825906274,4.7874485107869634e-08,CALIBRATED,-0.0023189808666339356,-0.00543380246557088,-0.0021154824342691884,-0.0017542265461597348,0.0,0.0,-0.006125254686067968,-0.011807771223576435,-0.003160702836872813,-0.005645364434518777,0.0,0.0
20575000,141,83,97,2.7753211931399413,250.91313472567018,-267.1944033856696,461.8888780053009,511.2314337457305,24,transition,False,4,4,3,5.518759122450651e-62,2.644520817259774e-05,2.644520817259774e-05,6.993490352920302e-10,1.5632225254694005,0.004040047503291363,0.19974788480849642,0.005303726522439205,1.5632277460814081,0.19981828495033474,6.447695642838572e-05,4.157277910267951e-09,CALIBRATED,-0.001683001136623649,0.0015447559749061205,0.0037449913848142226,-0.0026835580583211413,0.0,0.0,-0.002823819826991145,0.002170743326488471,0.0057727197085320125,-0.004297275717278247,0.0,0.0
20575000,142,83,99,3.045645438939321,239.7724465686622,-266.77005201733243,452.29979002686025,502.7967895567518,24,transition,False,4,4,4,1.8153095157393234e-59,5.342264753269198e-05,5.342264753269198e-05,2.8539792694022408e-09,1.486015287673228,0.0033752213767341125,0.1977781112048413,0.0061764714028974465,1.486019120778023,0.19787453113209233,0.00011791013776614326,1.3902800588030883e-08,CALIBRATED,0.0006066022930569505,-0.0038937447488465804,0.0006894999312864553,-0.0061170272899780075,0.0,0.0,0.0007500952329108695,-0.005704428772602722,0.0011476466615045733,-0.009137280472128851,0.0,0.0
20575000,143,83,196,2.6759856077616604,256.84320597880867,-254.1644023508855,460.10800200911007,505.1783111377496,24,transition,False,4,4,2,1.6342152672762307e-61,2.2462001640428556e-05,2.2462001640428556e-05,5.045415176946151e-10,1.5936782843876787,0.0043054823437172745,0.19915775338275205,0.005037319856949209,1.59368410022409,0.19922144795128435,5.550371197093103e-05,3.0806620425520726e-09,CALIBRATED,-0.0019050198765137806,-0.004191644040048331,-0.001022931862892647,-0.000465436951608112,0.0,0.0,-0.0031971318702017698,-0.006482246874883634,-0.0009313791242819002,-0.0015476007739027523,0.0,0.0
20575000,144,84,91,4.397564203804183,141.89810029265777,-278.48467353354204,382.12712440644816,455.39014756574437,21,transition,False,3,3,3,1.1801858789612227e-42,2.3870480020019156e-05,2.3870480020019156e-05,5.697998163861337e-10,1.2725989121814485,0.0017545100149074112,-0.025855425591643,0.023265590245115708,1.2726001216371143,0.034782045971716656,3.857389644744749e-05,1.487945487138402e-09,CALIBRATED,0.00019187840324912713,0.0013333922803822475,-8.743929453933148e-05,-0.004695538530858118,0.0,0.0,3.060956009178679e-05,0.0015012614685663292,-0.00015568393208546618,-0.006024527866859522,0.0,0.0
20575000,145,84,153,5.7906977706929155,129.87551026833705,-275.81205813013423,371.53768608728376,443.9498607650212,21,transition,False,3,3,3,2.3097084042953368e-40,3.772900828804563e-05,3.772900828804563e-05,1.4234780663994158e-09,1.164019241524779,0.001025562147906913,-8.643998528340859,12.223688404385998,1.164019693311776,14.971214672346385,6.395851522003441e-05,4.090691669151374e-09,CALIBRATED,-0.0028112331035129684,-0.0033723759693447433,-0.0025081660337892054,-0.0034874288801480515,0.0,0.0,-0.0021385603864111325,-0.0063511187701788575,-0.004034990234330493,-0.0016634959782478656,0.0,0.0
20575000,146,85,101,2.6356238850934837,361.2352408225926,-106.63596153719206,507.4996204825945,503.31043227350324,23,remote,True,2,2,2,1.1122973920085722e-74,1.5953257715252348e-05,1.5953257715252348e-05,2.5450643172925855e-10,1.6060529725764812,0.004413332993360547,0.19891797303764241,0.004929074338402016,1.6060590363463798,0.19897903349659163,4.083063700157741e-05,1.6671409179545822e-09,CALIBRATED,-0.0037589201605057448,-0.0012564871947672754,-0.00046978860678396293,0.00015593439812195705,0.0,0.0,-0.00605134532423918,-0.002018927822807744,-0.0003635606839601429,-6.0090296697836414e-05,0.0,0.0
20575000,147,86,108,3.0807071374308954,394.7396155574477,-72.87107002871011,536.0960332604525,522.3088667995771,24,remote,True,3,3,2,3.000333534315658e-83,1.0940124576706705e-05,1.0940124576706705e-05,1.1968632575386206e-10,1.4796229605735236,0.0033257065593478045,0.19523978828270297,0.006384006738441076,1.4796266981169532,0.19534413344329318,2.379076833048564e-05,5.660006577548385e-10,CALIBRATED,-0.002485774617851598,-0.0017368280445448044,-0.0011342314744483529,-0.0006767543365245849,0.0,0.0,-0.003782235936593873,-0.00260888779545916,-0.0013566487405587988,-0.0009157883575739415,0.0,0.0
20575000,148,86,122,2.4272300629632433,390.780021642472,-85.42861529858925,533.5733703200661,520.2571791583719,24,remote,True,3,3,2,1.7864218282135107e-82,1.1612405152245344e-05,1.1612405152245344e-05,1.348479534198942e-10,1.6823514467568257,0.005115840529865301,0.19580846739093058,0.004434847192617352,1.6823592250851513,0.19585868316622318,3.228729534856698e-05,1.0424694409255948e-09,CALIBRATED,-0.0017884211028508469,-0.00012291794583681466,0.002830087534175255,0.0006240599639619476,0.0,0.0,-0.0034175192628979746,-0.0005548819968020625,0.004434569899914397,0.0007965884813920174,0.0,0.0
20575000,149,87,95,2.0014196174479295,-50.20878409899571,-24.13408237607635,88.58431961610238,82.8963689465433,4,source,False,4,4,1,0.0055819377615178205,0.07827610286919898,0.09879201765876165,0.009759862753089075,1.885496129733881,0.007105961308423919,0.18232791137393714,0.00367123495668998,1.885509519977972,0.18236486841518984,0.3326389243028839,0.11064865396137971,CALIBRATED,0.17465550650200912,0.014301379501247541,0.26011585617486344,0.020559270854467796,0.0,0.0,0.4129465427307291,0.03460464703542283,0.39972672204141674,0.03369188684534881,0.0,0.0
20575000,150,87,103,4.9377457257625,-40.19630051545558,-4.3484923132886815,99.53855158731717,78.73623922100211,4,source,False,4,4,4,0.0014291247868628981,0.000471122427395377,0.0033633687558070912,1.1312249387539341e-05,1.219035463650425,0.0013836409818566466,-0.23583618653471433,0.03880964542850675,1.219036248886707,0.23900814935378872,0.0006636648979485626,4.4045109676907607e-07,CALIBRATED,0.057155297965606214,0.0023979556986478408,0.009162476686285273,0.0026342930190968584,0.0,0.0,-0.009509389376807335,0.0022200909489091857,0.02360309918921304,0.0033468367859172056,0.0,0.0
20575000,151,87,117,3.9249803799589955,-50.88660518645014,-8.51507430649189,88.38721015319793,67.26266002945192,3,source,False,4,4,4,0.00571216990073066,0.30875671185304543,0.3623261131834622,0.13128021229463505,1.325697995156788,0.0021334073489153544,0.134117874164022,0.011381383882639668,1.325699711770974,0.13459992596342854,0.6291504878390239,0.3958303363480818,CALIBRATED,0.39218335008834404,0.021386101598476003,-0.45534511382164833,-0.026866244138608105,0.0,0.0,0.5735217427324782,0.0329057892575699,-0.54596527907859,-0.03259480826909009,0.0,0.0
20575000,152,88,96,3.5979284994268923,204.84345640125767,1.270418652009596,344.08888439332264,328.74275911590894,15,transition,False,4,4,4,1.0088175194923377e-34,4.055912554921766e-05,4.0559125549217645e-05,1.6450426653171995e-09,1.3853249581642135,0.0025952764207826844,0.15779508664369024,0.009445515836124026,1.3853273891656008,0.15807753521073187,7.77533437310145e-05,6.045582461353292e-09,CALIBRATED,-0.001370968375967429,0.004648140617583098,-0.0011438876540510554,0.003970627292431091,0.0,0.0,-0.0019410431776873268,0.006594923197851734,-0.0015576429536992439,0.005297776095362672,0.0,0.0
20575000,153,88,107,1.9107718391132416,224.08172849967522,13.073179259587521,364.14570211999813,347.3732293062923,16,transition,False,4,4,2,8.414982536932785e-39,9.301147197737081e-05,9.301147197737081e-05,8.651133919397235e-09,1.960004527423595,0.007960474444940881,0.17821751833409946,0.0035567682517793674,1.9600206929199442,0.1782530068233407,0.0003553568648663506,1.2627850140764176e-07,CALIBRATED,-0.0031495738680950213,0.007892773396404443,-0.0016389655325365063,0.00425553481044996,0.0,0.0,-0.006395518676354747,0.015939140507277884,-0.0028872993670501215,0.0072153661016634086,0.0,0.0
20575000,154,88,115,4.789975368131373,214.38277211098458,-3.766647486402486,353.3586270589464,339.5302787331602,16,transition,False,4,4,4,1.4041944587087941e-36,2.324144734660974e-06,2.324144734660974e-06,5.401648747652329e-12,1.2336881121095788,0.0014850947477121376,-0.1783945102113092,0.03455746259714933,1.2336890059763468,0.18171081281719664,3.4847124597683146e-06,1.2143220927264538e-11,CALIBRATED,0.00014892085033301695,-8.852816874265763e-05,-0.00035809896306600607,-0.00147169807059301,0.0,0.0,-9.405061632422172e-06,7.2932283484943e-05,-0.0004444704466835129,-0.0018115603519161696,0.0,0.0
20575000,155,89,99,4.0792005692716735,226.45040780022265,-266.9265736467433,441.3021003784012,489.47383132787934,23,transition,False,4,2,4,1.2044927983535504e-56,1.6254017815841735e-05,1.6254017815841735e-05,2.641930951577005e-10,1.3041672895865304,0.001973086934883415,0.09789971137303226,0.014104481057933755,1.304168782136549,0.09891051447058918,2.706989196697554e-05,7.327790511037268e-10,CALIBRATED,-0.001803664545075484,0.0020492818413863924,0.002391123994150923,-0.0017560700452542077,0.0,0.0,-0.0023565026914666373,0.002106251761712123,0.0031217561024777553,-0.002708344399261937,0.0,0.0
20575000,156,90,129,4.039416915618538,111.45771270920996,-252.3452332558528,342.03412556136516,406.9487342023163,19,transition,False,3,3,2,2.5622595178025724e-34,4.2156904438853395e-05,4.21569044388534e-05,1.7772045918666176e-09,1.3081121666291595,0.00200040094797308,0.1133645163091506,0.01295968198087653,1.3081136961622206,0.11410287864490155,7.172293154005656e-05,5.14417890869964e-09,CALIBRATED,0.00023587508014681228,-0.0004816889936137061,-0.0029686053061979104,-0.005749489162948667,0.0,0.0,-0.00027810144141363486,-0.0006490821295592414,-0.0038203962466289237,-0.00752521468372635,0.0,0.0
20575000,157,90,155,2.7969396199246503,101.1850681418411,-239.03136977347472,325.4520727011883,391.18868341941544,19,transition,False,3,3,3,3.8613344692898413e-31,6.325936865295847e-05,6.325936865294877e-05,4.001747722369678e-09,1.5565944315004543,0.003982280856605722,0.1998763152493322,0.0053617046676418725,1.556599525484652,0.19994821648265193,0.00015249992217298067,2.325622626276516e-08,CALIBRATED,-0.007834817128516542,0.0002298592486332394,0.0012806372027145882,0.000426781321631696,0.0,0.0,-0.012252568198171625,0.0002547563579999508,0.0015184498620450842,6.24814904424613e-05,0.0,0.0
20575000,158,91,94,2.742306946496253,147.75232203344544,-301.3154155396203,402.1298582697618,471.4477409808913,22,transition,False,3,3,2,3.6944791885922283e-47,2.6116897675376854e-05,2.6116897675376854e-05,6.820923441861049e-10,1.5733445168264737,0.00412826494577462,0.19955175424393062,0.005215186093261523,1.573349932850093,0.19961989076196146,6.361323590775323e-05,4.046643782655465e-09,CALIBRATED,0.00010824659226970417,0.0017451813089104258,0.0012253667514473935,-0.004643059215012856,0.0,0.0,-0.0003921016898470293,0.002080543202464023,0.0018004326297813024,-0.007475912954340217,0.0,0.0
20575000,159,91,153,4.632137056084201,132.82562295599172,-287.64874347273866,381.9061013139625,451.2095525557249,21,transition,False,3,3,3,1.3195897161491318e-42,1.2836095009895424e-05,1.2836095009895424e-05,1.647653351030622e-10,1.2493390812003258,0.0015934608057644097,-0.11703919255904677,0.030015568191690826,1.2493400973841404,0.120826764124277,1.9942948465281e-05,3.977211934888539e-10,CALIBRATED,-0.003308980051299772,-0.0011113315029359985,0.0006479776247156912,0.00048146995591148435,0.0,0.0,-0.0041083215177378065,-0.0014620814600895718,0.0009164948441047462,0.0002949538556542228,0.0,0.0
20575000,160,92,130,3.6026150419332303,-8.941109829035735,-206.99970699385926,228.37589272382317,340.522765285791,16,transition,False,3,2,3,1.0573536217823703e-15,0.0001210381700501629,0.000121038080246569,1.4650216869774875e-08,1.3844705240108204,0.002588657993656849,0.15745580022057895,0.009473256168550478,1.3844729441216983,0.15774051985947632,0.00023062917741144533,5.318981747347993e-08,CALIBRATED,-0.0013808562807889077,-0.0004942063479085953,-0.010887226848882922,-0.0005961273396049806,0.0,0.0,-0.0028320937357802904,-0.00023909340341328396,-0.014888338211970581,-0.0009426781601481442,0.0,0.0
20575000,161,93,113,3.288805945369866,203.70280719119967,-87.93761226247733,349.2145637633009,354.8799161992778,16,transition,False,3,3,3,9.625613476451957e-36,6.895179220565176e-05,6.895179220565173e-05,4.7543496483713746e-09,1.4416831086372546,0.0030318253466084222,0.18017428954800596,0.007615774102541296,1.4416862965620885,0.18033517302320595,0.00014291340548510103,2.0424241467348905e-08,CALIBRATED,-0.0035958446611671344,0.007480760865703963,0.00023113078619067774,8.055313919719953e-05,0.0,0.0,-0.005210397211720184,0.010747551535267649,0.00025678619951171466,-0.0004351588511174703,0.0,0.0
20575000,162,93,181,2.51040012133317,193.2076425046103,-98.57837179928521,341.25445981209623,349.2651586825533,16,transition,False,3,3,1,3.644109795637018e-34,4.1294843395209575e-05,4.129484339520961e-05,1.7052640910348867e-09,1.6444459084554033,0.0047479436932892196,0.1981740454918033,0.004593238542836389,1.6444527627162269,0.1982272689286182,0.00010867019631368075,1.1809211566853915e-08,CALIBRATED,0.0008844678804312826,-0.0003480950746714175,-0.0031782973575675195,-0.005503618417874174,0.0,0.0,0.0006513645329205547,0.0007292213366134729,-0.00528204169352368,-0.008933878908348776,0.0,0.0
20575000,163,94,106,3.222493401170844,159.66030596672812,-319.6409991303083,423.50082899820217,493.3024222939329,23,transition,False,2,2,2,3.170726039612194e-52,6.0546198237060545e-06,6.0546198237060545e-06,3.665842120961433e-11,1.453772981392153,0.003125473220433618,0.18497504530734643,0.0072232604279854895,1.453776341122898,0.1851160254480021,1.1443632172895583e-05,1.309567173085309e-10,CALIBRATED,-0.0017263635177981395,0.000962351268259855,0.0014431606065093757,0.0002558443441231949,0.0,0.0,-0.0025380967496612503,0.0007479717530832718,0.002066097913295889,-0.0004165029790031393,0.0,0.0
20575000,164,96,115,1.5750392345024622,205.1559359908028,-11.12062957621782,343.8929313947023,332.00582392617576,15,transition,False,4,4,4,1.1028644482201905e-34,0.00012871248825500236,0.00012871248825500233,1.6566904632794113e-08,2.2378037924433167,0.011150727001424044,0.16292073208777824,0.003135651314820813,2.2378315736860874,0.1629509044257986,0.0006438638644692212,4.145606759692396e-07,CALIBRATED,-0.0014561772945928264,0.009767441749114036,0.0010430195980317106,-0.005486458578855812,0.0,0.0,-0.0036034816327822246,0.022122282539244285,0.0019484442369277883,-0.011734008901515824,0.0,0.0
20575000,165,97,99,2.2975340964428526,244.82313223369152,-276.9763926042294,462.1518581091634,510.4155567626765,24,transition,False,4,3,4,4.699654612663255e-62,2.2324271702171983e-05,2.2324271702171983e-05,4.983731070323968e-10,1.7442265047308088,0.005722003766549427,0.19170247666132234,0.0042022614774746845,1.7442358903349509,0.19174852948486956,6.557178998835629e-05,4.299659642277102e-09,CALIBRATED,-0.002538661977677168,-0.0038643958125708405,-0.00036425937944434164,0.0009017910919608849,0.0,0.0,-0.004378626107692257,-0.006799440289314235,7.524515322316503e-05,0.0004017129775832547,0.0,0.0
20575000,166,97,102,3.4679852841643104,263.21899641380014,-286.62294567271726,482.8052003415719,531.1872636024178,25,transition,False,3,3,2,1.1699127574892842e-67,1.6237195640604686e-05,1.6237195640604686e-05,2.636465222712718e-10,1.4090157538780985,0.0027787847746595677,0.16720244156566086,0.008676362887426506,1.4090184939600652,0.1674274043831312,3.186444909546712e-05,1.0153431161576153e-09,CALIBRATED,-0.0024626164638618248,0.0007208968330614255,0.003099681765332212,-0.000212123789967932,0.0,0.0,-0.003455420991673656,0.0005838551130818941,0.004381029352184928,-0.0006246678221186113,0.0,0.0
20575000,167,98,109,3.845188133212339,246.13906226719604,-344.7315809475249,504.1233333405827,562.5231562554793,27,remote,True,3,3,3,1.0640090276960918e-73,5.4440122417907405e-06,5.4440122417907405e-06,2.963726928876745e-11,1.3402454404651638,0.0022460915227141033,0.1398945050073516,0.010909081871762281,1.3402473225546059,0.1403192096561862,9.761923671542305e-06,9.5295153769018e-11,CALIBRATED,-0.0018500366242841966,-0.0009100359219114011,0.0009403867535689392,0.0005557734296822882,0.0,0.0,-0.0024241706611351607,-0.001245813211904015,0.00135349601412686,0.0007080383167752487,0.0,0.0
20575000,168,98,110,1.8607818306818658,236.18413179135393,-349.79246029207957,499.90068283664846,563.219751930483,27,transition,False,3,3,3,1.7551041780538925e-72,3.453424611428684e-05,3.453424611428684e-05,1.1926141546821357e-09,2.0013683610514477,0.008435497573485993,0.17593985312397467,0.0034940646628516285,2.0013861382144804,0.17597454476473004,0.00013767076269253288,1.8953238900343703e-08,CALIBRATED,-0.00016130253715637154,0.0005497163314514792,0.004567766763661232,-0.0036526081576759737,0.0,0.0,-0.0003573368103870243,0.00035739183269496277,0.009171426108417194,-0.0073007045764256,0.0,0.0
20575000,169,100,127,2.1698298235790467,206.42301175397802,-322.0602174500435,459.23769170825153,519.2707171766034,25,transition,False,3,3,2,2.77365255185533e-61,2.3927118549143487e-05,2.3927118549143487e-05,5.725070020647664e-10,1.8051513700058672,0.006318858375480902,0.18765954013385747,0.003973247496333391,1.805162429424352,0.18770159748632395,7.572433650435061e-05,5.734175139024126e-09,CALIBRATED,-0.0009076933959301102,0.00204052274217268,0.0027298271474415635,-0.003389324701455364,0.0,0.0,-0.001686839376544262,0.002400979469045471,0.004937055881117837,-0.006537559654644255,0.0,0.0
20575000,170,101,184,2.4959032416798053,379.64398957108824,-114.78204340342577,527.060484457055,523.4410229319171,24,remote,True,2,2,1,1.7197458412175783e-80,1.2474495398825745e-05,1.2474495398825745e-05,1.5561303545532466e-10,1.6495890021847588,0.0047948810011996645,0.1979825630297383,0.0045579998303703585,1.6495959708403523,0.19803502373640366,3.369040624219126e-05,1.1350434727638797e-09,CALIBRATED,-0.0020782433980475463,0.0002470658064572812,0.002843739630840018,8.662087835519092e-05,0.0,0.0,-0.003637976169468122,0.00012046046068425747,0.004520643871637532,-6.931014219489244e-05,0.0,0.0
20575000,171,102,137,2.964744438231701,280.053657466389,-302.17589285409974,505.4506568972503,554.1066872160785,26,remote,True,2,2,2,4.387053578122457e-74,1.1943815071175845e-05,1.1943815071175845e-05,1.4265471845444725e-10,1.5051463721547205,0.003533889225344748,0.20087320771538264,0.0058117379757267554,1.5051505207066744,0.20095726380543144,2.6593930509868764e-05,7.072371399637287e-10,CALIBRATED,-0.002781987677145558,-0.0008724597594546011,0.0015397335427011507,0.001035564687018388,0.0,0.0,-0.004005445888449777,-0.0015986849025987889,0.002584373315860071,0.0011469764125921099,0.0,0.0
20575000,172,103,117,2.9471583831003585,-48.95176524983976,3.8027658000525184,92.55507786486099,66.78323789980209,3,source,False,4,4,4,0.0034694347458260276,0.4415570735040118,0.5133269032863848,0.2635045096375894,1.5105381625525331,0.0035808809626937874,0.20076873273042778,0.005764574189568723,1.5105424069638202,0.20085147337714251,1.1609550674777789,1.347816668702334,CALIBRATED,0.6386827464688187,0.03965035662545954,0.32157459345592765,0.020709483638182473,0.0,0.0,0.9968107804893664,0.06445586571716523,0.4030650552379205,0.026595826715145387,0.0,0.0
20575000,173,103,141,4.075143565551048,-48.063287870418556,14.957002347656742,96.74926650456052,71.35894619244473,4,source,False,4,4,3,0.002052477222117876,0.07626571991194472,0.09718307808438334,0.00944455066595535,1.3045695749316346,0.001975872326433827,0.09947676037188985,0.013987738283238314,1.304571071237116,0.10045537654285493,0.16539247621556266,0.02735467118871546,CALIBRATED,0.2535062752527758,0.020092837640790055,-0.1796188043467,-0.015843279093986435,0.0,0.0,0.33005661125381947,0.02758504765042313,-0.23516398558538618,-0.019800874044545492,0.0,0.0
20575000,174,106,169,3.088032060286711,162.34758466940005,-336.6350784550455,437.5721802994967,510.5076598372305,24,transition,False,2,2,1,1.0521468492672524e-55,4.614738223370617e-05,4.614738223370617e-05,2.1295808870237798e-09,1.4782875060779086,0.003315362159812749,0.19470949396189935,0.006427364031102701,1.478291223762183,0.19481554878214224,0.0001006550090265959,1.0131430842144101e-08,CALIBRATED,0.0003388249092805241,-0.003545201858013257,0.0001060236365329089,-0.005783846703448572,0.0,0.0,0.0002697520357455071,-0.0054511744149468595,0.00033468573978501654,-0.008411594725093475,0.0,0.0
20575000,175,107,119,4.781286939018656,246.28338276842936,15.302357899442953,386.45752525122447,369.68651435528665,17,transition,False,2,2,2,1.307009358502005e-43,4.041209594243457e-05,4.041209594243457e-05,1.6331374984605367e-09,1.234549641441251,0.001491059907890297,-0.1750171215330107,0.03430744771123573,1.2345505418743983,0.17834795708995324,6.1519967375757e-05,3.784706385914206e-09,CALIBRATED,-0.003501589880217656,0.00513055759332205,0.000727698514027886,-0.0011396481507372886,0.0,0.0,-0.004351737519140292,0.006380271807824048,0.0007836415463603401,-0.0011226689295457258,-0.0,0.0
20575000,176,108,124,5.1419134695356306,418.06968614761854,-71.06150562549035,559.1417692235759,545.7090103263112,25,remote,True,3,2,3,1.6969707603948654e-90,6.865228059269467e-06,6.865228059269467e-06,4.713135630578081e-11,1.2040961219703663,0.001284303101329225,-1.7647792081202214,2.2272066791940985,1.2040968068965765,2.84163601561851,1.0012784411264306e-05,1.002558516664575e-10,CALIBRATED,-0.0019744415048062952,-0.0016484716078057004,0.0003853164033286945,0.0003176183731336218,0.0,0.0,-0.002429691720402469,-0.0019885181791934434,0.00011697675080153214,0.0003761574748175371,0.0,0.0
20575000,177,109,110,2.3350075459123474,246.5665783472361,-355.65360802877103,511.56957567893227,573.4535471708202,28,remote,True,3,3,3,7.166414127561155e-76,2.242966900618071e-05,2.242966900618071e-05,5.030900517268236e-10,1.726348756327233,0.005546863181768197,0.1928888330319655,0.004269463174470826,1.726357667508023,0.19293607807828897,6.641003878759467e-05,4.410293251769829e-09,CALIBRATED,0.0019813494879511047,-0.0038461615714558595,0.0005924878982945604,-0.0018330091296573767,0.0,0.0,0.0031848194977586973,-0.006553278534091749,0.0015385656062517742,-0.0033097310894032034,0.0,0.0
20575000,178,109,112,2.7328361795226,262.1533360443771,-360.4658225428145,526.5147336185573,584.9736200188285,28,remote,True,3,3,3,2.515156175103568e-80,8.260510173290351e-06,8.260510173290351e-06,6.823602832303339e-11,1.5762482033011882,0.004153571803440877,0.19949549044686565,0.005189786580695351,1.5762536758304324,0.1995629840260679,1.961285490849559e-05,3.8466407766169955e-10,CALIBRATED,-0.001651199193091025,0.00030772988769808964,0.0022726241639135373,0.0005239590860358422,0.0,0.0,-0.0022358534074889973,-0.00015219676099490463,0.0037900296837546504,0.00047573689253274334,0.0,0.0
20575000,179,110,133,4.914184615320899,241.75440325640935,-372.06046533079905,518.9741671947763,586.1738795026397,28,remote,True,3,3,3,4.615628385109171e-78,9.35328983456311e-06,9.35328983456311e-06,8.748403072934162e-11,1.2213717418738959,0.0013998171853954141,-0.22667745063190975,0.038131659999537396,1.221372544040608,0.22986232862150816,1.3875946293382566e-05,1.9254188553683738e-10,CALIBRATED,-0.001293739242836682,0.0006724280946029628,0.0024585208388272534,-0.0010876784215696502,0.0,0.0,-0.001371072603774843,0.0005984799631039759,0.003099478831574532,-0.0014251873262645424,-0.0,0.0
20575000,180,111,118,3.4246841328394666,210.44030954624907,-193.44427840749182,390.23224145776777,413.41091579206187,19,transition,False,3,3,2,1.8812895355323428e-44,3.6496429199430646e-05,3.6496429199430646e-05,1.331989344309054e-09,1.4169102694027447,0.00283993550872859,0.17033726702168497,0.008420057022159129,1.4169131154635601,0.17054524882468353,7.268098262869739e-05,5.2825252358730125e-09,CALIBRATED,-0.0010187159123249095,0.003071249604996121,0.002531626195990896,-0.004429101687361728,0.0,0.0,-0.0019374786871519168,0.004030020240257158,0.0033019541568468477,-0.00646399215459989,0.0,0.0
20575000,181,111,120,3.0223022103016284,194.60582315582633,-189.64262456118112,374.3862497622851,402.0551740982563,19,transition,False,3,3,3,5.668202857919701e-41,3.631294630918537e-05,3.631294630918537e-05,1.3186300696537795e-09,1.4902711440474186,0.0034081871414554056,0.199468065054111,0.006038299409057521,1.49027504123232,0.199559439857363,8.022144954211355e-05,6.435480966637871e-09,CALIBRATED,-0.004651791607340877,-0.00198298090169715,-0.0031816486156086635,-0.0007865621280980878,0.0,0.0,-0.007053822115098996,-0.0026924868136491116,-0.004537548776341113,-0.0016205582282981354,0.0,0.0
20575000,182,112,121,4.162652460083876,278.4332315040332,-376.0465504355803,549.0128448368657,607.5079067358679,29,remote,True,3,3,3,2.8354193270422173e-87,4.186015810431777e-06,4.186015810431777e-06,1.752272836518481e-11,1.2958923470410486,0.0019157918946169914,0.06546007613457137,0.016505860489130407,1.295893763152729,0.06750899938549317,6.848750303745485e-06,4.6905380723053874e-11,CALIBRATED,-0.0005840095039051438,-0.0016785563573544974,-4.242883102634401e-05,0.001012717660191025,0.0,0.0,-0.000572162283912611,-0.0022363848662677404,0.0002815595428167474,0.0012002864568055557,0.0,0.0
20575000,183,112,133,4.638770182814401,257.34116095355034,-376.8726798448425,533.7194154160148,602.0716314714472,29,remote,True,3,3,3,1.6114883497073148e-82,1.5245009945768183e-05,1.5245009945768183e-05,2.3241032824657082e-10,1.2486813520337954,0.0015889067416275722,-0.1196176387694797,0.030206440488763992,1.248682362949674,0.12337264101812434,2.371515721071631e-05,5.624086815289898e-10,CALIBRATED,0.0023360866922277723,-0.0024168683674192035,0.0012421895697385698,-0.0015502971584717663,0.0,0.0,0.0027854779093883877,-0.003034931662232872,0.0017699788684344664,-0.0019006931993084692,-0.0,0.0
20575000,184,113,114,3.8102204434420983,226.85758362106552,-91.48389216148831,372.61545189651287,372.7019020437214,17,transition,False,3,3,3,1.359148322977834e-40,5.7257728917150506e-05,5.7257728917150506e-05,3.278447520749893e-09,1.346620628221287,0.002295473579142733,0.14242602208429392,0.010702102987627606,1.3466225846725006,0.14282754207474682,0.00010365684062417679,1.0744740608185989e-08,CALIBRATED,-0.003561395777355073,0.006417361197276168,0.0011514434690076238,-0.0014373038076766684,0.0,0.0,-0.00487765823097273,0.008567488011418007,0.0012952714905186586,-0.002187626966843079,0.0,0.0
20575000,185,114,126,3.6264764277728716,249.44889898163518,-98.60363674616715,396.1684455663922,396.3885711356764,18,transition,False,3,3,3,8.590795112288737e-46,4.2918402403688995e-05,4.2918402403688995e-05,1.8419892648849773e-09,1.3801201990151304,0.002554960477185478,0.1557283339187025,0.009614495210862018,1.380122563960391,0.15602484578827375,8.160987982456883e-05,6.660172484980567e-09,CALIBRATED,-0.003934394725242008,0.0047577902307639865,0.0015868682225833944,-0.0015113642558558348,0.0,0.0,-0.005490252988109777,0.006450560405651069,0.0020648860717074986,-0.0023650619262580797,0.0,0.0
20575000,186,114,154,2.4225778236530147,236.35672202074954,-105.50017146262877,384.84274652443344,389.63381616421975,18,transition,False,3,3,2,2.977842258897508e-43,2.0093617914444068e-05,2.0093617914444068e-05,4.037534808916676e-10,1.6845709265506248,0.00513758381544137,0.19566118407910363,0.004426504262331897,1.6845787608025606,0.19571124877027718,5.427120448924084e-05,2.9453636367129947e-09,CALIBRATED,0.0003911322799667641,-0.0014739199963845517,-0.001522444535927451,-0.003930694077805405,0.0,0.0,-0.0003000365951940247,-0.0013978800485475614,-0.002367021348564978,-0.006828200629455428,0.0,0.0
20575000,187,115,132,2.115311263931357,223.38720920366956,-22.9930174216714,362.05488873274624,353.7620395004678,16,transition,False,4,4,3,2.2962936652392772e-38,6.454204789829894e-05,6.454204789829894e-05,4.165675946906315e-09,1.831160960969735,0.0065736631119890695,0.18593355970045813,0.0038754785485056067,1.8311727602895127,0.1859739442956022,0.0002159864871329416,4.665016262402835e-08,CALIBRATED,-0.0012414146103470961,0.005984148507000463,0.0012759924496518272,-0.005055961587879338,0.0,0.0,-0.002552652625928476,0.011229223654553568,0.002064486111734664,-0.008894542423011503,0.0,0.0
20575000,188,115,187,3.380815994426598,225.8633074286981,-12.702240550135116,364.5642483849006,352.77350856216196,16,transition,False,4,4,2,6.878231948822475e-39,4.11972208538333e-05,4.11972208538333e-05,1.6972110060795174e-09,1.4249081560441332,0.0029018869530692696,0.17351314001345342,0.008160395077163029,1.4249111109500763,0.1737049274060574,8.359240171046355e-05,6.98768962372351e-09,CALIBRATED,-0.0024846093108736693,0.005558152005861052,-0.0007490247552988293,0.0018894035095356053,0.0,0.0,-0.0035492467062863955,0.007972575703409807,-0.001096117470883966,0.0024963598842717553,0.0,0.0
20575000,189,116,125,3.6635236182952227,63.754963114080525,-295.14035586051136,342.34844859281117,433.2195457666149,20,transition,False,2,2,2,2.222567906090382e-34,3.4489292381630105e-05,3.4489292381630125e-05,1.1895112889855698e-09,1.3733658839039888,0.0025026417090621717,0.15304626953079767,0.009833782964929394,1.3733681641449638,0.15336187239563456,6.439183165982876e-05,4.146307984507725e-09,CALIBRATED,0.0008349747534012992,0.0011918626448728512,-0.002388297278958597,-0.005164069043485788,0.0,0.0,0.0005901860305191083,0.0011822509400171994,-0.003353451193502408,-0.007169390484332303,0.0,0.0
20575000,190,117,141,2.379131798499511,-58.75359254141311,10.790420354453534,85.2767340264713,59.885367000894554,3,source,False,4,4,3,0.00816405639389899,0.04026617218696037,0.013972392373935263,0.0001952277486512043,1.7052980578349235,0.0053406385744647926,0.1942857444158311,0.004348591856098005,1.7053064206986217,0.19433440440216593,0.0088069218326694,7.756187216674894e-05,CALIBRATED,-0.10032477283688476,-0.008865307749355348,0.061866939982210566,0.001104710328324759,0.0,0.0,-0.013009671176645636,-0.0021067771914203663,0.09290825099777768,0.0011351981961795357,0.0,0.0
20575000,191,117,149,2.6991700093190545,-70.78649923853317,1.7843865349005301,70.98026082501049,44.85541394905407,2,source,False,4,4,3,0.03575591313950822,2.5741171937068836,3.1935976653904663,10.199066048387436,1.5865700709331787,0.004243531252330213,0.19929548694413382,0.005099497767179119,1.5865757459189904,0.19936071828165366,8.016227016953996,64.25989558734317,CALIBRATED,1.7325830966301958,0.07226782425171606,-0.43147919473567914,-0.018882392591009732,0.0,0.0,2.773698719429535,0.1232715139946099,-0.5540660650073087,-0.025245994409953114,0.0,0.0
20575000,192,118,170,2.7198324593590506,225.90272183032636,-196.95910860204822,405.6527341202343,429.267782599201,20,transition,False,2,2,2,5.629149593239135e-48,2.5862994671887188e-05,2.5862994671887188e-05,6.688944933980651e-10,1.5802350743185951,0.004188319073247671,0.19941823813198903,0.0051549120922172904,1.5802406247541403,0.19948485360634569,6.287500170450798e-05,3.9532658393418815e-09,CALIBRATED,-0.0031798357688283744,-0.0027579281393180556,-0.002669451155499078,-0.0010097039476644311,0.0,0.0,-0.005314584848527741,-0.003789053098162093,-0.0037792576342337136,-0.002447545289816264,0.0,0.0
20575000,193,119,128,2.5643789174217098,269.6798251498118,14.389793066048295,409.69127205104536,393.1007470072549,18,transition,False,3,2,3,6.382035860971327e-49,6.0459591988812556e-05,6.0459591988812556e-05,3.6553622634536873e-09,1.6278962984227945,0.00460370683122632,0.19849472195205056,0.004738003493063948,1.6279028080740028,0.19855126118945238,0.00016020395308757063,2.5665306584884532e-08,CALIBRATED,-0.005479379946773147,0.005428777973690928,-0.0006865570541919613,0.0007021371030079033,0.0,0.0,-0.008952661815146026,0.008823604254793277,-0.0010539408332465115,0.001042600683870148,0.0,0.0
20575000,194,121,123,2.5809597835382974,297.3494512941646,-389.44265675644675,572.0985413637022,630.687187046277,30,remote,True,3,3,2,1.049652563133689e-94,6.02026426931457e-06,6.02026426931457e-06,3.624358187238569e-11,1.6228126935979978,0.004559401061697508,0.19859322532447443,0.004782471477384319,1.6228190985568387,0.19865080210814523,1.4679504164080753e-05,2.1548784250326416e-10,CALIBRATED,-0.001782003305152363,-0.0009192293350298105,0.0007938393292158464,0.001170284170084946,0.0,0.0,-0.0022746089544085435,-0.0017240376663574977,0.0019421962589723537,0.0016616937398990258,0.0,0.0
20575000,195,121,190,2.652475346659312,293.5413246645519,-371.3430444012227,557.5926619057938,623.3312264874924,30,remote,True,3,3,1,5.326038507367805e-90,2.2368205091074525e-05,2.2368205091074525e-05,5.003365989963723e-10,1.6008864046349416,0.004368304165125072,0.1990180839596433,0.004974268028732517,1.6008923644724742,0.19908023780724518,5.715516480687767e-05,3.2667128641013477e-09,CALIBRATED,0.0017617909100765725,-0.0005115226824050856,0.003953515202081191,-0.0018363986420557277,0.0,0.0,0.0027418024827424803,-0.001137097508373641,0.006371789897455461,-0.002782981622583918,0.0,0.0
20575000,196,122,134,2.7163827455749363,409.08022205063946,-93.76255604933839,552.8008716045975,540.3656824198305,25,remote,True,3,2,3,1.7955366635883623e-88,1.2421472739633118e-05,1.2421472739633118e-05,1.542929850214487e-10,1.5812927381049002,0.004197537061185372,0.19939774412164946,0.00514566035486032,1.581298309270162,0.19946412755503276,3.087784636082747e-05,9.53441395882866e-10,CALIBRATED,-0.0026799059926158964,-0.0022570795232090646,-0.00037816046199569593,-4.65113025840839e-05,0.0,0.0,-0.004243409144472989,-0.0035777434943633788,-0.0002276153044115907,-0.0001388090601100137,0.0,0.0
20575000,197,123,145,3.3653520291496477,302.3575026191534,-408.34971475493813,588.2627461007577,650.2462621837174,31,remote,True,2,2,2,4.3193233323058355e-100,1.8522517502341188e-05,1.8522517502341188e-05,3.4308365462453565e-10,1.427727492487075,0.002923725467736219,0.17463266756683382,0.008068861598733337,1.4277304861121523,0.17481897811452798,3.7696101012963144e-05,1.4209960315795209e-09,CALIBRATED,0.0011954501154062673,0.00015164888273174363,0.004130431128804033,-9.978892969255226e-05,0.0,0.0,0.0017110756077860366,1.1244768661295773e-05,0.005896043819812914,-6.972881345952791e-05,0.0,0.0
20575000,198,124,134,2.6442302458175604,425.4587611219436,-83.15405014066054,567.7375569360275,559.8797014760037,26,remote,True,3,3,3,2.8076796784077323e-93,1.8881705695554597e-06,1.8881705695554597e-06,3.5651880997353892e-12,1.6034143084323271,0.004390335917572009,0.19896910158241546,0.004952155612386299,1.6034203190476874,0.19903071931167524,4.141786142614014e-06,1.7154392451149472e-11,CALIBRATED,0.0004140060773197176,-0.0002452446637370846,-5.981440832865526e-05,-0.0012857086874415128,0.0,0.0,0.00016459385406100469,-0.0008334380527498856,0.00015782471796393755,-0.0018425979964298894,0.0,0.0
20575000,199,124,139,2.532807896586604,441.23136906363845,-76.40545932325689,582.7088294306535,569.4791890514726,26,remote,True,3,3,2,3.1827611278049974e-98,1.1285375018524408e-05,1.1285375018524408e-05,1.2735968930873478e-10,1.6375758044698605,0.00468806782679037,0.1983071652827394,0.004653333630247248,1.6375825149790344,0.1983617536632254,3.0234546902378428e-05,9.14127826392121e-10,CALIBRATED,-0.0021149286028863358,-0.002409595222346169,0.0005758617596649976,0.0008213927936253836,0.0,0.0,-0.0034138080313997894,-0.003980585441575789,0.0010602082286481807,0.0012693934304817745,0.0,0.0
20575000,200,125,143,3.122027997740858,63.086312030584054,-318.1197795692822,360.76301392645587,456.20869556078253,21,transition,False,2,2,2,4.25748388636023e-38,5.184918787358734e-05,5.184918787358734e-05,2.6883382831505565e-09,1.47208948482916,0.003267352431039257,0.1922483277602626,0.006628590970760575,1.4720931108243425,0.19236256846090147,0.00011203790159078338,1.255249139286606e-08,CALIBRATED,-0.00036824401721108016,-0.0011853707497567968,-0.003191760538081529,-0.006334125438491261,0.0,0.0,-0.0009495428911732436,-0.002005283477104968,-0.0045870399127439865,-0.00927761676854294,0.0,0.0
20575000,201,126,135,3.705484942103592,272.1228544590142,-105.13830814644203,419.6969155690763,419.98539692432297,19,transition,False,3,3,3,2.6432372887125293e-51,3.01237170158053e-05,3.01237170158053e-05,9.074383268483178e-10,1.3657156410789253,0.0024433831056559956,0.15000844208237424,0.010082158194626763,1.3657178267887626,0.1503468742935566,5.6016158435635387e-05,3.1378100058862056e-09,CALIBRATED,-0.004586419019731425,0.00285226093283922,0.0009349839951960709,-0.00028087379902273947,0.0,0.0,-0.006267541224357186,0.0038093004032072257,0.0012929219028328107,-0.0007427441200838044,0.0,0.0
20575000,202,126,166,5.1282140538955225,258.32755475977626,-115.10602955758863,408.434073817104,415.1278213055517,19,transition,False,3,3,3,1.2597739438540096e-48,8.08588399791502e-06,8.08588399791502e-06,6.538152002773818e-11,1.2049423660021712,0.0012897665502100432,-1.6195209388016534,2.016125804012829,1.2049430562830195,2.586041633234733,1.2107701796829235e-05,1.465964428009419e-10,CALIBRATED,9.802510888379949e-05,-0.0006502853605190722,-0.000611965848165993,-0.002697943999885171,0.0,0.0,-0.00010817522085617478,9.325120022321651e-05,-0.0006937182244437816,-0.003406766671956483,0.0,0.0
20575000,203,128,168,3.0233220344009233,290.95984078274336,21.26791986549564,431.49182218740555,415.46472906786045,19,transition,False,3,3,3,3.46234813983609e-54,3.0049497250250906e-05,3.0049497250250906e-05,9.029722849928368e-10,1.4900852132594844,0.0034067469258864174,0.1993942339792014,0.006044335897469328,1.4900891076372513,0.19948582541271934,6.657651682418532e-05,4.43243259244103e-09,CALIBRATED,-0.003768284228864448,0.002754591556262408,-0.002336020861152881,0.0016747427011839068,0.0,0.0,-0.0057620550686094864,0.004174763918824942,-0.0032377523792035965,0.0023374225042845642,0.0,0.0
20575000,204,128,171,3.6720549913164255,291.2368100620434,9.95633185180223,430.8590306586542,415.1089086034538,19,transition,False,3,3,2,4.966585960040239e-54,2.077133112207407e-05,2.077133112207407e-05,4.3144819658284285e-10,1.3718104736042216,0.0024905935369720247,0.1524286331746401,0.009884281413058731,1.3718127345036586,0.15274877161712802,3.904030323853765e-05,1.5241452769569736e-09,CALIBRATED,-0.0031161153290003812,0.002354312323380406,0.0018577732335254467,-0.0014377233653309236,0.0,0.0,-0.004347189943871823,0.0032906001361455964,0.0024319942532239954,-0.0018437997523379262,0.0,0.0
20575000,205,129,153,3.1236251178956884,115.60696936516064,-274.6476996767327,360.5335056662773,429.6338910069634,20,transition,False,3,2,3,4.749923928446187e-38,1.6548521779568213e-05,1.6548521779568213e-05,2.738535730888435e-10,1.4717983034293296,0.003265096946672765,0.1921327028227146,0.006638044559191719,1.4718019251365055,0.1922473384198891,3.458054767543485e-05,1.1958142775330224e-09,CALIBRATED,0.00023755762323514912,0.0022686895588845315,0.0007329885525813743,-0.0032875315393778434,0.0,0.0,-0.000278594725900571,0.002713638114475741,0.0007772189355215075,-0.0051512165130255,0.0,0.0
20575000,206,130,131,1.140192711507229,-4.071209014643369,-226.34081504096417,247.15922835066445,360.46754892542486,17,transition,False,3,3,1,2.880546876741735e-18,3.387729755937134e-05,3.3877296813911415e-05,1.1476712394178526e-09,2.942145658336255,0.02118725153455643,0.14168568224759523,0.0027191940921580337,2.942221945145278,0.14171177287183076,0.00023149502392370448,5.358994610143651e-08,CALIBRATED,-0.00021961153888663818,0.0027032780420881896,0.004179394472413904,-0.003008989407927387,0.0,0.0,-0.006205663732701766,0.008025651374882703,0.007280045587277643,-0.008693366310948664,0.0,0.0
20575000,207,130,185,1.9881464249701608,-18.734508947080293,-226.61980717125658,239.73282797423926,362.45126266377895,17,transition,False,3,3,1,3.1457213767267265e-17,0.0002176877895533452,0.00021768767932883775,4.738792573157489e-08,1.895981543694694,0.007225233163793839,0.18174289086121242,0.0036538209304498746,1.8959953106548513,0.18177961598040182,0.0007816595040368692,6.109915802511643e-07,CALIBRATED,-0.009826252513227529,0.00048081592577160515,-0.010936592537541506,0.0011367500114111508,0.0,0.0,-0.01896516425909246,0.0013704350370409154,-0.020435232791126638,0.0015827878077065045,0.0,0.0
20575000,208,132,187,1.1689537804526857,234.55526493183797,-19.537562257176614,373.2016103032074,363.8311641941276,17,transition,False,3,3,2,1.017982040998549e-40,7.1167926993095745e-06,7.1167926993095745e-06,5.064873832494606e-11,2.8908075307535483,0.020441982874105584,0.143109804454367,0.0027449597331970573,2.890879806309016,0.14313612728764194,4.7066235311790926e-05,2.215230506424875e-09,CALIBRATED,4.3018398748876556e-05,-0.0008836881327468895,-0.002355826672748223,0.0008855044261261542,0.0,0.0,-0.0014599345930021242,0.00028472839167650025,-0.00644279451668939,0.0018287030526132678,0.0,0.0
20575000,209,133,142,3.9039713527433406,248.66825648775722,-395.226476030482,539.9400706718698,610.3495991039762,29,remote,True,3,3,1,1.947505882258663e-84,1.4495875658172342e-05,1.4495875658172342e-05,2.1013041109719343e-10,1.3295282880343942,0.002163076708666911,0.13563884142024715,0.011257028369352315,1.3295300476425924,0.13610516518316035,2.5498530313696093e-05,6.501750481584785e-10,CALIBRATED,-0.0006868062153737359,0.00043247979056527686,0.0033890559055228427,-0.0015334386784901786,0.0,0.0,-0.0007068595039348446,0.0003352157937129832,0.004540209852122546,-0.0020671247726559263,0.0,0.0
20575000,210,134,158,2.5015553155977486,429.57837713200064,-99.84483719832988,573.9423329107835,561.7471815654683,26,remote,True,3,3,2,2.5960200759728866e-95,1.181726520387548e-05,1.181726520387548e-05,1.3964775689872618e-10,1.6471576785640827,0.004771577918527228,0.19812150039631513,0.0045695177866350006,1.6471645898356517,0.19817418957091626,3.194462753764458e-05,1.0204592285188406e-09,CALIBRATED,-0.0023237769759679614,-0.0014044565052121977,0.0016893553583016035,0.001261311289167538,0.0,0.0,-0.003839062433601799,-0.002500209436335887,0.0027512709445675315,0.0018400239489168287,0.0,0.0
20575000,211,135,136,2.6436609232338064,294.760132240091,-110.0925007780015,442.8691137318443,443.15844959263217,20,transition,False,3,3,2,4.819187013205512e-57,3.1013219552644134e-05,3.1013219552644134e-05,9.618197870205085e-10,1.603588859689981,0.00439185720572463,0.1989657193589476,0.0049506287544073746,1.6035948738168033,0.19902730015022427,7.946978524305307e-05,6.315446766576976e-09,CALIBRATED,-0.005054840337775943,0.0020059706824866576,0.0011928455338977373,-0.00012251475626040112,0.0,0.0,-0.008122241638918986,0.003089389414586136,0.001880728233203467,-0.0006461504158771494,0.0,0.0
20575000,212,135,147,4.069882009358313,285.93511029515207,-95.71149067836214,431.4498810111865,435.72323980939217,20,transition,False,3,3,2,3.5461983040729414e-54,8.386014727339454e-06,8.386014727339454e-06,7.032524300715421e-11,1.3050913015788197,0.001979484720005654,0.10152204612896275,0.01383633377107749,1.3050928027601925,0.10246057769911264,1.3972576602198448e-05,1.9523289690430355e-10,CALIBRATED,0.0003189392022267453,-0.0007170216565647244,-0.0003628327306567479,-0.002763788136996714,0.0,0.0,-2.96803498738402e-05,-0.0006961019997091684,-0.0003846510311132481,-0.003652284390527965,0.0,0.0
20575000,213,136,150,3.3665325098694296,316.30376905833197,-117.73969841076358,465.53482925125314,466.01906898473936,21,transition,False,2,2,1,5.901109389804487e-63,2.0114521726560653e-05,2.0114521726560653e-05,4.045939842882806e-10,1.427512271342054,0.002922058369740892,0.17454720561264797,0.008075849037243812,1.427515262005022,0.17473393009045599,4.089604852759845e-05,1.6724867851716877e-09,CALIBRATED,-0.003825840095320053,0.0012244476295979023,0.0019584817159004316,-0.0003775535226400157,0.0,0.0,-0.005516342211581952,0.0016306299935959425,0.0026909940568907178,-0.000752073096235817,0.0,0.0
20575000,214,137,160,2.8567127714546245,300.8353893551556,-310.7687159164459,527.4985474103287,576.5948393962236,27,remote,True,2,2,2,1.2671195698118265e-80,1.1072020875951104e-05,1.1072020875951104e-05,1.2258964627749705e-10,1.5382683030959134,0.0038225608843752918,0.20023141473356326,0.005522009415676411,1.5382730525759385,0.20030754362777015,2.58115110378726e-05,6.662341020582191e-10,CALIBRATED,-0.0015807261013433692,-0.002835712677623363,-6.812268410369755e-05,0.0007262360348809078,0.0,0.0,-0.002320241636891055,-0.004408137222386228,0.00039012614628277357,0.0009187587294329832,0.0,0.0
20575000,215,138,144,1.6636132198367726,27.542629997737187,-279.5012047401147,308.97139987544864,414.3109985639493,19,transition,False,2,2,2,3.8811598827071746e-28,0.00013159023306579746,0.00013159023306569834,1.7315989438284808e-08,2.16451395497202,0.01030906497852258,0.16695637623444817,0.003246751651475453,2.1645385046446615,0.1669879425636024,0.0006134390367535726,3.76307451813151e-07,CALIBRATED,-0.0025159008164671714,-0.002219484466359027,-0.009126566990381025,-0.006086061108884514,0.0,0.0,-0.006947049868731174,-0.004900632083960616,-0.019126681065985557,-0.013241276805982883,0.0,0.0
20575000,216,139,152,2.3263800468964746,461.0965052887263,-86.23455253036579,603.4959618578338,591.6430043934965,27,remote,True,2,2,2,2.6463190971773225e-105,9.734598155468596e-06,9.734598155468596e-06,9.476240124845259e-11,1.7304647440182896,0.005587185736649874,0.19261569862440234,0.004253991351542671,1.7304737637233165,0.19266266841032173,2.896534657760288e-05,8.38991302360651e-10,CALIBRATED,-0.0015303533487206803,-0.0019023450312156992,0.0010338364268989782,0.0016446526709775807,0.0,0.0,-0.0026044121742089025,-0.003519861689748968,0.0018268734627948028,0.0025407657980240925,0.0,0.0
20575000,217,141,161,3.0279715932594584,-69.12417136037126,24.35412208062465,81.94854605944995,55.72807032263822,3,source,False,3,3,2,0.011795437826847699,0.2162655207999274,0.3254414147493245,0.10591211443404183,1.489237521836314,0.0034001807277924323,0.19905762502024615,0.006071857318260389,1.4892414034246253,0.19915020846083553,0.7217723398705014,0.5209553106021385,CALIBRATED,0.5569233582439663,0.02755283121898886,-0.12029617660534436,-0.006889062167008808,0.0,0.0,0.829591925911236,0.04318782228193055,-0.17775024319165025,-0.009446660004536174,0.0,0.0
20575000,218,143,146,3.9929726391266342,61.00663354195765,-341.39825662818,379.1856339974459,479.57988630489496,22,transition,False,2,2,2,5.1875583935624524e-42,1.6653852594281028e-05,1.6653852594281028e-05,2.7735080623204095e-10,1.3133018826024614,0.002037387348709798,0.12919551394195064,0.011783840036442833,1.3133034629492064,0.1297317991424201,2.8354911284782203e-05,8.040009939678692e-10,CALIBRATED,0.0003036212706119229,0.000511898201483413,-0.0008688429268534969,-0.0039426816911954385,0.0,0.0,7.034231694417342e-05,0.00023074893164673344,-0.0011442958795626068,-0.005194930713088391,0.0,0.0
20575000,219,144,162,2.3025931116593092,27.67037174237345,-300.1068607053255,326.59563323077987,434.9170504834692,20,transition,False,2,2,2,2.3584794853247475e-31,2.2214987626052684e-05,2.2214987626054534e-05,4.93505675225756e-10,1.7418129612089266,0.005698359322390406,0.19186263792259373,0.0042113338850722805,1.741822282305051,0.19190885118646261,6.087535135515281e-05,3.7058084026133055e-09,CALIBRATED,0.001905745861905055,0.002150581938019837,-0.0016511034820097016,-0.0033514138740902435,0.0,0.0,0.0015519381984249792,0.0025276667875283815,-0.003510823525413264,-0.006304907451188556,0.0,0.0
20575000,220,145,191,3.588008099045748,302.2455380023089,-430.93438042868695,603.3652667350997,672.8312053908727,32,remote,True,2,2,1,2.9371934936450076e-105,9.263340564894315e-06,9.263340564894315e-06,8.580947842121653e-11,1.3871336111081531,0.0026092862045183317,0.15851328287398125,0.00938679553133552,1.3871360652223135,0.15879097196576983,1.7635650165066736e-05,3.110161567446184e-10,CALIBRATED,-0.0010845789051783688,-0.0001511664678481369,0.002748113576123599,0.0007155764355118819,0.0,0.0,-0.001135313104753629,-0.0002682203781203043,0.003912268135075195,0.000984342515224079,0.0,0.0
20575000,221,146,148,2.7003478522696085,70.25613884270936,-360.5109702882281,400.3106193183515,500.81309547731223,23,transition,False,2,2,2,9.698944808597793e-47,6.316322553190118e-06,6.316322553190118e-06,3.989593059593813e-11,1.5862089505873422,0.004240383935541003,0.19930248425669878,0.005102656607102729,1.586214618448373,0.1993677941276917,1.367389644566975e-05,1.8697544400689981e-10,CALIBRATED,-0.0014615580131351006,-0.0003086419805399777,0.0014174181660876698,0.001440776387134285,0.0,0.0,-0.002479640537155201,-0.0013034129976028652,0.00204048962521335,0.0012894944355223141,0.0,0.0
20575000,222,148,164,2.9996069096158067,76.50446000923739,-378.83906456885916,419.2272385975454,520.1769937769776,24,transition,False,2,2,2,3.429847232162444e-51,2.5715257095813186e-05,2.5715257095813186e-05,6.612744475037704e-10,1.4944577249823463,0.0034407331373884154,0.2010803181870684,0.005905235132025898,1.4944616858266835,0.2011670106259403,5.6970061673548984e-05,3.245587927087975e-09,CALIBRATED,0.0002871077353216301,-0.0007291348840639951,0.0003606409205235627,-0.0049971118349919465,0.0,0.0,0.00018034364650576902,-0.0016102392051889282,0.0006141900361944682,-0.007346253340596548,0.0,0.0
20575000,223,149,157,2.212844399399163,-92.82990781525766,1.7960347494163469,50.32777435934457,22.81200229474538,1,source,False,3,3,2,0.18737662950754203,8.981708677711216,11.679325960117984,136.40665488268587,1.7846300735924006,0.006117820091845325,0.1890213207219042,0.004050386178029458,1.7846405596906885,0.1890647119788464,37.169387765965695,1381.5633868967202,CALIBRATED,3.3324005234220557,0.10457829032071353,0.750255226950578,0.02476261782056786,0.0,0.0,5.975677565436981,0.20834218823648396,1.1897443193183384,0.04204030386940243,0.0,0.0
20575000,224,149,161,2.883396773248286,-81.15707805749133,15.348088261071645,66.9843740251533,40.69811727079772,2,source,False,3,3,2,0.0514806298312026,0.37779885349573783,0.22318456694557698,0.04981135092268473,1.5300871309358273,0.0037512585033498726,0.2003899386700065,0.005593572853015682,1.5300917293403655,0.2004679914036926,0.3726716225707529,0.13888413826951773,CALIBRATED,-0.2272733403140425,-0.014288467640632805,0.41359301898279305,0.016372234705621998,0.0,0.0,-0.009733343849195893,-0.0028019138342041897,0.6098617413079326,0.02525253167482807,0.0,0.0
20575000,225,151,156,2.519229424517146,59.0890815645657,22.198644518470005,201.9877637909739,188.19850351235488,9,transition,False,2,2,2,1.9279131716278825e-12,0.0013602664310376916,0.0013603446549525762,1.8505375802580436e-06,1.6417388913460407,0.004724350892453688,0.19822649848995547,0.004616917722969932,1.6417456888475395,0.19828025779902794,0.00366457138136505,1.342908340911975e-05,CALIBRATED,0.02816933015948405,0.018585214174457527,0.012141935230282452,0.008602134402096211,0.0,0.0,0.046362531419160836,0.03108270797521428,0.019404798931229813,0.013130350533724024,0.0,0.0
20575000,226,152,159,1.0529323632685426,479.42132481192357,-87.55776897216566,621.8545824115221,610.0155358551542,28,remote,True,2,2,2,9.189348266650297e-112,9.455939200227927e-06,9.455939200227927e-06,8.941478615840716e-11,3.097904225560745,0.023448377606249026,0.13736493186335122,0.002641021795644229,3.0979929659635257,0.13739031807936175,8.875421527123123e-05,7.877310728412056e-09,CALIBRATED,5.601058777198517e-05,-0.002479909437556736,-0.00028275506690043293,-0.0017952439299283346,0.0,0.0,-0.0001590560149142631,-0.00820915376212481,-0.00013034866726265227,-0.004617544822747881,0.0,0.0
20575000,227,154,166,4.401672298277642,245.23537779889065,-122.00256427405023,397.45192379635836,408.3730663340951,19,transition,False,3,2,3,4.380839650445625e-46,2.3920105627537653e-05,2.3920105627537653e-05,5.721714532325585e-10,1.2721915607672574,0.001751689546299878,-0.027452334720329347,0.02338380318761424,1.2721927667235406,0.036061515956959965,3.863751874825266e-05,1.492857855021576e-09,CALIBRATED,-0.0027207282520674576,0.003466007619824329,0.0014772891405008845,-0.0015238606828110823,0.0,0.0,-0.003527085350705131,0.004292668947938001,0.001763130629714659,-0.0021590626121223925,-0.0,0.0
20575000,228,156,183,4.479554448939535,81.68381962160899,25.57355457020811,224.7994823172215,211.04390142361314,10,transition,False,2,2,2,3.0874131899187347e-15,0.0006228791621828046,0.000622881127534776,3.8798089903899384e-07,1.2644689038475236,0.0016982184875284176,-0.05772688613515736,0.02562490992392176,1.2644700442254018,0.06315876337825596,0.0009940244861923729,9.88084679150011e-07,CALIBRATED,0.017685349534154203,0.017347351974574387,-0.002271193799059864,-0.002005142784668915,0.0,0.0,0.022425382113686484,0.02202992720143195,-0.0016932914842840597,-0.0017151660841979463,0.0,0.0
20575000,229,157,165,3.7193261112873905,-115.57982911632769,0.11421148563726558,29.97652529352011,0.0,0,source,False,2,2,2,0.5520534218760682,9.785343440445555,14.970318781955086,224.11044443335723,1.363192167183716,0.0024238363354185674,0.14900639829898843,0.010164086104980739,1.363194322044226,0.14935265441359336,27.804376932047603,773.0833765793809,CALIBRATED,3.86070375969898,0.0918164076742437,-0.23827868426117774,-0.00884746911854007,0.0,0.0,5.266853551318766,0.1347420850386604,-0.2154712064095512,-0.006879733741614571,0.0,0.0
20575000,230,158,167,4.092272299913098,447.8555787319872,-114.25304828217162,594.181217621231,585.0206137352857,27,remote,True,2,2,1,4.226268991789463e-102,6.093367866657453e-06,6.093367866657453e-06,3.7129131958413593e-11,1.3028711197936707,0.0019641123589191904,0.0928184343664096,0.01448062813844868,1.3028726002682578,0.09394120687704369,1.0336520533696524e-05,1.0684365674352986e-10,CALIBRATED,-0.0015353148906329774,-0.001068821500655478,0.0012720489663609587,0.0009877692443960226,0.0,0.0,-0.001968605381336908,-0.0014361210307146503,0.0016897606228483953,0.0012423279795923405,0.0,0.0
20575000,231,159,172,1.3549279654058175,499.2916535722746,-82.8984505977305,641.1267330931116,630.4248281691661,29,remote,True,2,2,2,9.424724993117909e-119,1.0637213218791074e-05,1.0637213218791074e-05,1.1315030506202357e-10,2.558846070895431,0.015622943221535467,0.15231843182424337,0.002911564948779087,2.5588937631116866,0.15234625654687953,6.957589157822013e-05,4.840804688904243e-09,CALIBRATED,-0.0002242132743713021,-0.0032486250979614456,-9.708568121089352e-05,0.00015476100860868509,0.0,0.0,-0.0005121256914589836,-0.008317928998138425,5.3977485044272855e-06,0.00035446706561651165,0.0,0.0
20575000,232,160,163,2.578036537999239,321.3251339389723,-319.4482945294655,549.3850415930001,598.8471363115901,28,remote,True,2,2,2,2.1638640510211283e-87,9.980147295222136e-06,9.980147295222136e-06,9.960334003432971e-11,1.6237089450375746,0.004567212272657114,0.1985758589491599,0.004774631667576953,1.623715368413743,0.19863325216327118,2.5936360738372056e-05,6.726948083509675e-10,CALIBRATED,-0.0018311325996788405,-0.001812228224591867,0.0009321601839674183,0.0015728976289110443,0.0,0.0,-0.0027429516896840538,-0.0031646630349360175,0.0018276514972940948,0.0022488162766619376,0.0,0.0
20575000,233,162,174,3.5835365032776068,28.977566453719557,-322.0610204911327,346.3015748071953,456.9100923357034,21,transition,False,2,2,2,3.6743161692695266e-35,4.579861603842451e-05,4.57986160384245e-05,2.097513231035034e-09,1.3879488569187486,0.0026156010796501822,0.15883700803634146,0.009360327500176686,1.3879513214774746,0.15911257289368233,8.806691622907002e-05,7.755781734098038e-09,CALIBRATED,-0.0006405217881849568,-0.001042853881300693,-0.003968510969331389,-0.005343381358824893,0.0,0.0,-0.0011816821230398696,-0.0016327600594115517,-0.00542770767244681,-0.00738543347407655,0.0,0.0
20575000,234,163,194,3.2284607319814675,339.97186162869343,-332.74294333156763,572.2675656790844,621.7479690542187,29,remote,True,2,2,2,9.23646790568691e-95,6.533252051336159e-06,6.533252051336159e-06,4.268338236628813e-11,1.4526850383633,0.0031170460389768296,0.18454303507303826,0.007258581934226271,1.452688382503485,0.18468572983764744,1.3605334783139114e-05,1.8510513456129503e-10,CALIBRATED,-0.001191748866005831,-0.0016819826744948739,0.0005509077214533292,0.0014072745492092675,0.0,0.0,-0.0015297988669631451,-0.0025514373135575863,0.0010629127758841122,0.001904057319417084,0.0,0.0
20575000,235,164,178,3.0728128000909685,74.27223966102315,-401.5747337554292,437.80565702791233,543.0219814338824,25,transition,False,2,2,1,9.19160237256928e-56,1.4535302883200295e-05,1.4535302883200295e-05,2.112750299063708e-10,1.4810622287403055,0.0033368550971708175,0.1958113058727548,0.0063372789979372875,1.4810659877274681,0.19591382955955725,3.127334826516562e-05,9.780223117143375e-10,CALIBRATED,-3.947881685569906e-05,0.0006451018083026943,0.0008930261910963237,-0.003649670147446281,0.0,0.0,-4.692932336527796e-05,0.00027162334543641935,0.0013352285628565985,-0.005423516511168737,0.0,0.0
20575000,236,165,192,2.581937213208178,-133.0383864522059,-9.231089039640606,11.290968606604089,19.802420714597147,1,source,False,2,2,1,0.9191662719052375,7.573111683011053,8.57541560172351,73.53775274228299,1.6225130188915762,0.004556789269684964,0.1985990320246862,0.004785092831837633,1.6225194176961655,0.1986566702493315,21.935200910056324,481.15303896453577,CALIBRATED,1.0020897402124957,0.013761101995487877,2.7506549867812096,0.07028179032930999,0.0,0.0,2.239261354037459,0.0551730386926416,4.111651785126051,0.11038583261375166,0.0,0.0
20575000,237,166,180,3.214274606481993,267.2381318750256,-130.87297381676447,421.0113181474625,432.09658530557886,20,transition,False,3,3,2,1.2730386486198509e-51,2.5796400966321762e-05,2.5796400966321762e-05,6.654543028152463e-10,1.4552714034959502,0.0031370799632801406,0.185570052276449,0.00717461217684829,1.4552747847412766,0.18570869490083708,5.4247700634788086e-05,2.9428130241615878e-09,CALIBRATED,-0.003870328627497092,0.00303054597030805,0.001185151350515403,-0.0004776658661861845,0.0,0.0,-0.005642869789596001,0.004238571213115316,0.001722997775784363,-0.0012130597299577508,0.0,0.0
20575000,238,168,171,2.6299567275952533,301.31060160411084,15.527423606737074,441.3118011382977,426.6205696206543,20,transition,False,3,3,2,1.1976936160369283e-56,1.4099754503608132e-07,1.4099754503608132e-07,1.988030770620178e-14,1.6077904927396809,0.004428476217618832,0.19888430566938145,0.004913875670913816,1.6077965915953785,0.1989450004792811,2.359858061731134e-08,5.568930071517424e-16,CALIBRATED,0.000347984051705486,-0.00010621294597616947,8.145149437873767e-05,-4.459942785786295e-05,0.0,0.0,6.721654031367016e-05,-1.7965279133464896e-05,0.00011908950489224344,-6.764211628674183e-05,0.0,0.0
20575000,239,168,179,2.556166462136531,312.31097750175536,26.709987874752827,453.2708309128598,437.4985018589946,20,transition,False,3,3,1,1.014981245808577e-59,2.3528713398116042e-05,2.3528713398116042e-05,5.536003541706853e-10,1.6304141932672258,0.00462565135140834,0.19844593351507858,0.004715978628362355,1.6304207549763479,0.1985019621643427,6.251969274900104e-05,3.908711981429494e-09,CALIBRATED,-0.004435209669624392,0.0019584075595827756,0.00010498934793609502,-0.0001060455184122164,0.0,0.0,-0.007241176225309334,0.0031738698980260404,9.400545642252784e-05,-5.265422663832616e-05,0.0,0.0
20575000,240,170,175,2.2636849419058116,242.8474467937,-198.61795648841087,421.64995295392663,446.29351255108463,21,transition,False,2,2,2,8.91903945596515e-52,4.024527618247053e-05,4.024527618247053e-05,1.6196822550033296e-09,1.7603751827162604,0.005880205394739368,0.19063086033844837,0.004141559282748107,1.7603850035542767,0.19067584384674824,0.00012316925937089446,1.5170666453974673e-08,CALIBRATED,-0.00277116917028116,0.0035548857942095968,0.0034229040313466757,-0.0028657307260926044,0.0,0.0,-0.0052601092215192385,0.005510782709892369,0.00570467948274021,-0.005708626478596838,0.0,0.0
20575000,241,172,176,3.5364579580368662,521.4739756402705,-85.78103585318397,663.4861985769944,652.793661622953,30,remote,True,2,2,1,3.966050680743465e-127,4.683635658565247e-06,4.683635658565247e-06,2.1936442982183915e-11,1.3965320537832517,0.0026820863233975286,0.1622453012927053,0.009081662686326014,1.396534629298935,0.1624992750405642,9.130075679597987e-06,8.335828191518665e-11,CALIBRATED,1.0670493581823508e-05,-0.0021179690617437346,-5.116606957858873e-05,0.00044171357908967453,0.0,0.0,3.279146342050099e-05,-0.0029564903950984227,-1.4809575771468186e-05,0.0006228528073959113,0.0,0.0
20575000,242,173,177,3.4578911997289516,136.08577243831104,-79.22458178427293,281.2486453122569,302.9809354368424,14,transition,False,3,3,1,1.9375169452308017e-23,8.403337360962546e-05,8.403337358854771e-05,7.061607876672428e-09,1.4108560722955976,0.00279303983841864,0.16793321180790763,0.008616614521248487,1.4108588369517694,0.1681541247603738,0.00016524354713659062,2.7305429870282648e-08,CALIBRATED,-0.002394260083282574,0.007914530810877661,-0.00035800218188441595,0.003941183670368789,0.0,0.0,-0.0031711528588319877,0.01154497307154047,-0.0011192023143980344,0.004544042213642367,0.0,0.0
20575000,243,174,189,1.1850840649905834,24.526144002539795,-343.99271104385093,363.6278100922297,479.28897104619864,22,transition,False,2,2,1,1.0796361620967397e-38,6.31912538198499e-05,6.31912538198499e-05,3.993134559324695e-09,2.8620151862436005,0.020024008299758304,0.14390850551987786,0.0027594100695892466,2.862085234090239,0.14393495859205596,0.0005061910713697039,2.5622940073440865e-07,CALIBRATED,2.9962598319132268e-05,-0.00028966154729326743,-0.004131672223312084,-0.006784964030094994,0.0,0.0,-0.0019184528156631156,-0.0032749494788700713,-0.011329505510695925,-0.019063777720004435,0.0,0.0
20575000,244,175,188,1.6489162277268363,254.51698669833007,-216.77859771222688,440.09226316973076,467.88024577419924,22,transition,False,2,2,2,2.4377590371892277e-56,5.277941471388328e-05,5.277941471388328e-05,2.785666617540079e-09,2.176674863832434,0.010448721109644232,0.16628674586884754,0.0032283168845959726,2.1766999422549658,0.16631808044093718,0.0002475538569646163,6.128291209805771e-08,CALIBRATED,-0.0010091620506733783,0.0027328449133974123,0.0038940231294442235,-0.0053971426899828475,0.0,0.0,-0.0032024282834748068,0.004989390171759494,0.00813665924177435,-0.012091280831699129,0.0,0.0
20575000,245,180,182,3.2293431356711757,284.20990977750216,-144.28881020969834,441.0176988092266,453.7304918250441,21,transition,False,2,2,1,1.4218584298094654e-56,2.37155040695967e-05,2.37155040695967e-05,5.624251332750577e-10,1.4525241615871805,0.0031157998912020035,0.18447915267120016,0.007263805011079565,1.452527503424119,0.18462210223459963,4.982496001118384e-05,2.4825266401160688e-09,CALIBRATED,-0.0011555347955134482,0.0021179852244955525,0.00255395795757725,-0.003372192275909065,0.0,0.0,-0.002007438369963786,0.0029399638790309655,0.003531267242296348,-0.004968089698813712,0.0,0.0
20575000,246,183,186,1.540293689541027,104.10276549212605,28.023529393796583,247.26727260575913,233.59631838014778,11,transition,False,2,2,2,2.7805845998301245e-18,0.0007938921266771796,0.0007938921809647864,6.302647949970251e-07,2.2665537164019574,0.011480891728106239,0.16133764135727507,0.003092069198380027,2.26658279359268,0.16136726870916632,0.004071640174127461,1.6578253707568703e-05,CALIBRATED,0.01627806081226134,0.02071518776111239,0.005971987241014265,0.008008325765859579,0.0,0.0,0.03699704496374608,0.047834375319766906,0.012425297877509072,0.01613515876900056,0.0,0.0
20575000,247,186,195,3.1683060405395054,125.90278840138609,31.572025868650663,269.34502190076006,255.68325628643788,12,transition,False,2,2,1,1.4762419449204e-21,0.00031039950607254427,0.0003103995067233882,9.63478537741227e-08,1.463652232789754,0.0032019976725206015,0.18889798759189533,0.006902517493254277,1.46365573525318,0.18902405789743412,0.0006644106050358548,4.414414520841106e-07,CALIBRATED,0.008469700654132467,0.01544492622178312,-0.0003330811731462537,-8.359718026237575e-05,0.0,0.0,0.012340493796170192,0.022628953263447035,6.919929300403286e-05,0.00022023524040773131,0.0,0.0
20575000,248,194,197,4.002232512452522,360.8719323525175,-342.9118666073456,595.3292399851591,644.9906013674811,30,remote,True,2,2,2,1.7133554728761426e-102,4.630694520224278e-06,4.630694520224278e-06,2.1443331739635157e-11,1.3117993065704132,0.002025930409989395,0.1278189338606945,0.011889677933572939,1.3118008709833375,0.1283707298984028,7.9042900793817e-06,6.247780165901195e-11,CALIBRATED,0.0003164618682700755,-0.0020340583221714714,-0.00029075073988264966,0.0005555332172048408,0.0,0.0,0.0004819310102822727,-0.002660462399292575,-0.00016279348443475067,0.0007533065007591511,0.0,0.0
20575000,249,196,198,4.273589770584234,276.8395136948635,-259.46611167294566,480.0387467384376,525.8655159757835,25,transition,False,2,2,1,6.807525928887626e-67,1.0549067520763273e-05,1.0549067520763273e-05,1.1128282555762259e-10,1.284891998677384,0.0018396263624726043,0.022336237334249706,0.01969814975897257,1.28489331560652,0.029781279391235718,1.72476369316229e-05,2.9748097972508225e-10,CALIBRATED,-0.002438780911886535,0.000309395035950839,0.002117796919682753,0.00014361790728309315,0.0,0.0,-0.0030875459993220467,0.0001270832964186697,0.0027725739247524282,-0.00010667849477567244,0.0,0.0
20575000,250,197,199,4.58985236327057,383.85349332870413,-350.7064335488815,618.881438912734,669.2580161187121,31,remote,True,2,2,1,1.0531733857948735e-110,2.8714300614706156e-06,2.8714300614706156e-06,8.245110597917144e-12,1.253531956882119,0.0016224919415940614,-0.1006021771997258,0.02879880017614487,1.2535330069068045,0.10464305494828863,4.487789955934623e-06,2.0140258688587682e-11,CALIBRATED,0.00039719529055597233,-0.001515134105366187,-0.0002889987593492242,0.0005783721314876659,0.0,0.0,0.0005617460011926502,-0.0018915707596565967,-0.0002072256687837762,0.0007424614262626524,0.0,0.0
