seed,hotspot_id,particle_i,particle_j,gap_nm,x_nm,y_nm,euclidean_distance_nm,geodesic_distance_nm,geodesic_steps,classification,plasmon_dominated_remote,coordination,coordination_i,coordination_j,M2_inc,M2_scat,M2_CDA,M4_CDA,Cparallel_real,Cparallel_imag,Cperp_real,Cperp_imag,Cparallel_abs,Cperp_abs,M2_FWcorr,M4_FWcorr,FW_correction_status,E_CDA_x_real,E_CDA_x_imag,E_CDA_y_real,E_CDA_y_imag,E_CDA_z_real,E_CDA_z_imag,E_FWcorr_x_real,E_FWcorr_x_imag,E_FWcorr_y_real,E_FWcorr_y_imag,E_FWcorr_z_real,E_FWcorr_z_imag
20470271,0,0,1,1.3655205862683708,-2.247531349751831,10.4436569415338,287.28761682698575,289.7535654953157,13,transition,False,5,5,3,2.0016919323898866e-24,0.00029670275852725433,0.00029670275853090186,8.803252691984666e-08,2.5399383827873048,0.015348462868393174,0.1528429320306468,0.002921054361962047,2.539984756581939,0.15287084231569623,0.0018476316254496135,3.4137426233615807e-06,CALIBRATED,0.0012890458356931294,-1.4106035726588715e-05,-0.008263507317558955,-0.015058398560165342,0.0,0.0,0.004351974283288927,0.007415277840912326,-0.02052575772352753,-0.03677497613465344,0.0,0.0
20470271,1,0,2,4.818961797611394,-0.46516904932681435,-12.400759409543104,295.7280493244147,312.66740790097356,14,transition,False,5,5,5,7.734357984208394e-26,6.673214258909968e-05,6.67321425891345e-05,4.453178854536578e-09,1.230813868803509,0.001465193716973661,-0.189662190188906,0.03539156491478041,1.2308147409060755,0.19293602373421576,9.812127202040871e-05,9.627784022903042e-09,CALIBRATED,6.260162338542154e-05,0.0011843897230940238,-0.005937092562068947,-0.005484193333493893,0.0,0.0,-0.00037648591893699255,-0.0005043212242731576,-0.007282472782225746,-0.006685116352924585,0.0,0.0
20470271,2,0,3,3.1647971865895883,10.614715158749261,4.63462827771288,301.2253761602485,303.8667578791295,14,transition,False,5,5,3,8.833690588129122e-27,0.00011883538536604334,0.00011883538536580896,1.4121848815040323e-08,1.4642919548556532,0.0032069529447989005,0.18915201420197672,0.006881748072113866,1.464295466633077,0.18927715903719824,0.000254604654141921,6.48235299107272e-08,CALIBRATED,-0.0012468464203478507,0.009884055611736747,-0.00022704299579336132,0.004419802655326501,0.0,0.0,-0.0017089042317860997,0.014517440507176927,-0.0006868348196858078,0.006360540819737752,0.0,0.0
20470271,3,0,5,3.2149754327554696,9.33382731619029,-6.9002491779210375,303.2852961620581,310.60875544960896,14,transition,False,5,5,5,3.877812930679497e-27,0.0002775022923253924,0.00027750229232566124,7.700752224599675e-08,1.4551436312837396,0.003136090242689193,0.18551931533354732,0.007178760470344644,1.4551470106926097,0.18565815620036397,0.000587431360506896,3.4507560330698274e-07,CALIBRATED,0.002157876092288064,0.013170065628011868,-0.0012776732024075697,-0.009887506542991652,0.0,0.0,0.002906263134007732,0.019263500251304782,-0.0020885185447416213,-0.014266767099068184,0.0,0.0
20470271,4,0,30,3.0860696640292673,-9.358557810421752,-6.7571479813673685,285.48208912085596,308.36631347405455,14,transition,False,5,5,3,3.965886321917055e-24,9.981349796908619e-05,9.981349796226385e-05,9.96273437546285e-09,1.4786452833481636,0.0033181334942462546,0.19485156338856402,0.006415748319848553,1.4786490063492612,0.1949571583232358,0.00020471798266129466,4.190945242491014e-08,CALIBRATED,-0.0017129070103331066,0.0063319523188158115,-0.00032687269953421546,0.007528544454724155,0.0,0.0,-0.0019950506570473574,0.01115718809380999,-0.0012821588182390358,0.008637764649564493,0.0,0.0
20470271,5,1,4,2.587659927822518,-14.780616083504835,25.55185960999555,271.49949061106395,270.1235883986722,12,transition,False,4,3,4,6.832447942621026e-22,0.0005690742356546534,0.0005690742361679166,3.2384548627009775e-07,1.6207584652138711,0.0045414975911321495,0.19863302944586841,0.004800440497149629,1.620764828024965,0.19869102802041644,0.0014925822071562133,2.227801645119313e-06,CALIBRATED,0.009817973224307826,0.01977523903706656,-0.0037225704501517003,-0.00823189092525085,0.0,0.0,0.015432227306258569,0.031701696200435926,-0.006857133108235618,-0.014227113237596232,0.0,0.0
20470271,6,1,48,1.824760590874721,-3.849327198366557,31.78057186104741,280.92909403052795,277.4518530745151,13,transition,False,4,3,4,2.1818661194845185e-23,6.367960524969845e-05,6.367960523911712e-05,4.055092123409793e-09,2.0311738485319526,0.008777784413680323,0.17429863866315054,0.003448882413750085,2.031192815185037,0.17433275719075686,0.00023042915783725597,5.3097596781587026e-08,CALIBRATED,-0.001132649851934899,-0.003022602101019677,-0.004285658798723095,-0.0059070902102361465,0.0,0.0,-0.0006625256363223292,-0.0011996977655668887,-0.008748597186602324,-0.01232935481508823,0.0,0.0
20470271,7,2,5,2.4745137949274856,8.868658266863475,-19.30100858746414,306.83317017647437,323.01823634841463,15,transition,False,5,5,5,9.269230889380934e-28,0.00015792418670484368,0.00015792418670455984,2.4940048746296674e-08,1.6597934309988431,0.00489484938589288,0.19730540341997768,0.004519641815831702,1.6598006486133874,0.19735716197002723,0.00041681236583203775,1.7373254831050048e-07,CALIBRATED,-0.004661339755738871,0.00859278602813285,-0.0018124672749288582,0.007686032073714302,0.0,0.0,-0.007277422283059312,0.016026536179399968,-0.003939349274675412,0.009564682751067484,0.0,0.0
20470271,8,2,9,2.1445711864671786,-8.726553464653234,-32.663740783968635,295.41162979777073,334.3261200183918,16,transition,False,5,5,4,8.752511337880564e-26,0.00011617505232206358,0.0001161750523179718,1.3496642781083486e-08,1.8172017033937982,0.006436910290561489,0.18685988743372847,0.003927950804895656,1.817213103802471,0.1869011672763746,0.00037085706948043827,1.3753496598361862e-07,CALIBRATED,-0.006915409132141252,0.0021361079718092866,-0.006318111268903804,0.004885763152220208,0.0,0.0,-0.012049261272581487,0.00606466502614896,-0.01203945420512553,0.006629008434811129,0.0,0.0
20470271,9,2,30,1.0658694202926746,-9.823726859748566,-19.157907390910474,289.2723418722658,320.7757943728603,15,transition,False,5,5,3,9.393399954171023e-25,0.0006230705043929144,0.0006230705044059217,3.8821685346064975e-07,3.0748117499191343,0.023113147258001687,0.1380055182836014,0.0026526114750131465,3.0748986186567087,0.13803100892322281,0.005870518505593775,3.446298752451897e-05,CALIBRATED,0.006710421099519726,0.01952108485677935,-0.0030888862637977427,-0.013690390087093347,0.0,0.0,0.018616280066605272,0.06189859831384568,-0.01164876738459981,-0.03945658838871089,0.0,0.0
20470271,10,2,45,1.8394637329008816,2.5740244049006984,-35.14366499281899,306.7728853202445,335.61248256247814,15,transition,False,5,5,3,9.49872300443157e-28,0.0002489774592337491,0.0002489774592339171,6.198977520657686e-08,2.019007850972427,0.008638069843831878,0.1749685492337495,0.003467324894607437,2.0190263293327617,0.17500290158419599,0.001001331130301652,1.0026640325111839e-06,CALIBRATED,0.0027254379251656084,0.0028365116554732134,-0.006438787840329853,-0.013858053980468223,0.0,0.0,0.004570208131687753,0.008823289210169475,-0.01318791567666308,-0.026993939607875654,0.0,0.0
20470271,11,3,5,3.2115550174224197,19.94854247493955,-2.265620900208157,312.08970027573656,315.4742455955073,15,transition,False,5,3,5,1.0786399466769854e-28,2.370586234238727e-05,2.370586234238611e-05,5.619679093961598e-10,1.4557672295281587,0.003140920620220447,0.1857669393511117,0.007158514530347935,1.455770617903258,0.1859048145857466,4.6094478218177754e-05,2.1247009222060633e-09,CALIBRATED,-5.5995712682174555e-05,-0.0017053511321917913,-0.003489668679121117,-0.002935424475001968,0.0,0.0,-0.00048658022927330143,-0.0007509703669851772,-0.005025350387709543,-0.004476562842998608,0.0,0.0
20470271,12,3,6,3.76893456292807,30.707913021422566,16.43856113785228,317.88139248845937,327.1706080184352,15,transition,False,3,3,3,9.665612485210833e-30,6.940145388767166e-05,6.94014538876617e-05,4.816561801721234e-09,1.3541477265707407,0.0023537783082982896,0.14541495021322082,0.010457725805850405,1.3541497722368194,0.14579050646233394,0.00012430669877313666,1.5452155359875333e-08,CALIBRATED,-0.0015992178487067266,0.00560484658533069,-0.0011523702521855279,0.0058396655483704115,0.0,0.0,-0.0021392417456656447,0.008516450504969504,-0.0016264845474178648,0.006674950362373764,0.0,0.0
20470271,13,4,11,3.8394159270209585,-32.46967967731788,39.55811152522693,251.36327839550196,247.56083006687945,11,transition,False,4,4,3,7.20592348835526e-19,0.0004998382793452377,0.0004998382916556218,2.4983831780521043e-07,1.341297809051104,0.0022542431453615635,0.1403123890208831,0.010874915336759904,1.3412997033390601,0.14073318832574402,0.0008932373747787012,7.978730077015459e-07,CALIBRATED,0.007250981749025443,0.010066120191220527,-0.01061300786953095,-0.015274123332882264,0.0,0.0,0.010569568281136183,0.01501593847368062,-0.013514025255460705,-0.019323931129004508,0.0,0.0
20470271,14,4,48,5.162665438840232,-14.13488058236773,36.44511758797536,269.9588606271334,266.15802311060384,12,transition,False,4,4,4,1.1860476805130657e-21,0.00014495850408479467,0.0001449585043432136,2.101296798142148e-08,1.2028142256739431,0.001276027031279926,-1.9848174364161195,2.5469534448682305,1.2028149025218269,3.2290048166931564,0.00021323385403030991,4.546867650461952e-08,CALIBRATED,0.0037518307357198967,0.01008083347462124,0.0018814301134797002,0.005071418702766384,0.0,0.0,0.0034117351434501952,0.011488532176164756,0.004166237195098883,0.00722841707517341,0.0,0.0
20470271,15,4,150,5.3665426652455,-34.57179210489313,21.819470778852704,253.1318301258931,265.4235916727201,12,transition,False,4,4,3,3.994834322438395e-19,8.909166044158235e-05,8.909166221198415e-05,7.937324275694283e-09,1.1902202661504975,0.0011947189789008857,-4.146577750804655,5.688297901427435,1.190220865767694,7.039235758152439,0.00020194071402979613,4.07800519828639e-08,CALIBRATED,0.0014005304545018837,0.006050415690708826,0.002057156995153015,0.006803730721076074,0.0,0.0,0.007948074327525981,0.008752628424438627,-0.004678304891295863,0.006346163212658872,0.0,0.0
20470271,16,5,10,1.882152621192379,24.917604501111136,-22.780769925936383,323.1165957106059,332.85836332429756,15,transition,False,5,5,4,1.0511593172705775e-30,0.00026819780644216193,0.0002681978064421649,7.193006338038896e-08,1.9836852709518322,0.00823242459777882,0.17691355782189408,0.0035208705247684467,1.9837023534305749,0.1769485899080658,0.0010507748268470778,1.1041277367355062e-06,CALIBRATED,0.001476732718143169,0.008562482687525404,-0.0010097922326737002,-0.013844900750600924,0.0,0.0,0.0019134206291901916,0.018301120181957113,-0.002547141051610747,-0.02656491522462717,0.0,0.0
20470271,17,5,120,1.420684025244146,29.355203647469448,-13.102127338824317,324.24467782070894,329.8239893635664,16,transition,False,5,5,3,6.486033730618412e-31,0.00030491911554615485,0.00030491911554614845,9.297566702544543e-08,2.4414723739817954,0.01391904512493923,0.15557438400123536,0.0029704726005478016,2.4415120504993406,0.1556027399014376,0.0018137450520365364,3.2896711137870183e-06,CALIBRATED,-0.00394077281322713,0.016930878723684494,0.00037559661916673054,0.0016104961981440976,0.0,0.0,-0.00976314378446898,0.041356858179446176,-0.0005409691948746252,0.0027827521153874265,0.0,0.0
20470271,18,6,7,3.24282525427914,36.596503632366385,34.660915354248466,320.2683929862622,330.83085342884783,15,transition,False,4,3,4,3.530564889064198e-30,3.827666014170961e-05,3.8276660141710804e-05,1.4651027116040326e-09,1.4500661485459747,0.003096760179220728,0.1835031026743694,0.0073436076484165785,1.4500694552615625,0.18364998574574962,7.37169670279378e-05,5.4341912277980685e-09,CALIBRATED,0.0003160444331909537,0.00011848302850308997,-0.00023646615022886053,-0.006173072297463597,0.0,0.0,0.00019106306416141178,0.0023350272765969007,-0.00041044631289236194,-0.008249826869409598,0.0,0.0
20470271,19,6,35,2.2717379599212855,51.21228438891576,22.046661980395033,336.8387627402152,348.4280782403643,16,transition,False,4,3,4,2.6384701292746948e-33,0.0001860922200293692,0.00018609222002936892,3.463031435545905e-08,1.756533267119798,0.0058425678058744305,0.19088580749065379,0.004156000880312295,1.7565429838455755,0.19093104473782174,0.0005738232390103405,3.2927310962831833e-07,CALIBRATED,-0.0030160562314093175,0.013132973927155008,0.0007447782849384593,-0.001991463274403221,0.0,0.0,-0.00544361461917028,0.0230794772473693,0.0008319819482040882,-0.0032917829385184874,0.0,0.0
20470271,20,7,8,2.428520634588576,33.55065741968625,56.91502067704363,314.4975273813371,319.77073126598657,15,transition,False,5,4,5,3.978040508932171e-29,2.4561931766575382e-06,2.4561931766571524e-06,6.0328849210571536e-12,1.68173574376868,0.005109808753437917,0.1958493250619259,0.004437161594001405,1.6817435066069655,0.19589958277194772,4.763021284574584e-06,2.2686371757310518e-11,CALIBRATED,-3.058595601139579e-05,-0.0009356983660320389,0.0006540411469303222,-0.0010732923282494211,0.0,0.0,4.518275577160647e-05,-0.0002639207993502747,0.0011009479854750756,-0.0018652718697562969,0.0,0.0
20470271,21,7,27,1.6310562464873115,42.346753971701936,51.16716477629932,323.80960102515695,327.79869690640675,15,transition,False,4,4,3,7.815169600662988e-31,0.0001528777972023161,0.00015287779720231536,2.3371620877432262e-08,2.191452962812001,0.010618433106708654,0.1654730020988582,0.003205914709500571,2.191478687858757,0.16550405527579476,0.0007254815248621311,5.263234429162829e-07,CALIBRATED,-0.00040909946094101,0.009925055172660254,-0.00020073251924763747,0.007359580226394679,0.0,0.0,-0.0009733352556887819,0.02312653791238949,-0.0005669866940877094,0.013761392139522198,0.0,0.0
20470271,22,7,68,4.718834401967204,22.758669293158086,52.62300785000032,304.17722736195583,308.15658550184924,14,transition,False,4,4,4,2.710265690249768e-27,0.00012183207654745617,0.00012183207654756947,1.4843054875892826e-08,1.2407423250448295,0.001533937553804343,-0.15074040950230683,0.03251033758656645,1.2407432732527985,0.15420633290145924,0.00018755222731408656,3.51758379704748e-08,CALIBRATED,0.0010883914611113698,0.009101279703484564,-0.0007508653488337155,-0.006103309721930396,0.0,0.0,0.001347002476762584,0.011272698304099202,-0.0009066199952211592,-0.007605401026290865,0.0,0.0
20470271,23,8,15,3.625687026536113,39.27961994501481,78.7302136955378,319.03087378567386,334.4132374066238,15,transition,False,5,5,3,5.956773857672988e-30,5.069678500492866e-05,5.069678500493374e-05,2.5701640098364747e-09,1.3802641199070258,0.0025560752850745487,0.15578548332504144,0.009609822629167535,1.3802664866697227,0.15608159886988865,9.382753965519261e-05,8.803607197746741e-09,CALIBRATED,0.0010405451606265224,0.001863976575630197,0.0017887476888840243,0.006552863786516888,0.0,0.0,0.0012742243242750589,0.0038981621780286037,0.0025290042560389726,0.0084031161561258,0.0,0.0
20470271,24,8,27,1.0151528196302522,42.89079985200203,62.368220465124814,323.37388247424695,330.58625938923024,16,transition,False,5,5,3,9.416902713813283e-31,0.000254366476451083,0.0002543664764510816,6.470230434213865e-08,3.165340211163268,0.02442733669616146,0.13549425427626205,0.002607176942316686,3.165434464206326,0.13551933557057055,0.0025050729952918876,6.27539071174067e-06,CALIBRATED,-0.0007249591031107287,0.012081978325394035,0.00026495890714638506,-0.010382509680810854,0.0,0.0,-0.0023250742528895495,0.04167915081771405,0.0014975303208287273,-0.027573045081435647,0.0,0.0
20470271,25,8,68,3.2282915282746742,23.302715173458182,63.824063538825804,303.7319478111325,312.5624983213243,14,transition,False,5,5,4,3.241431169980479e-27,0.00023169999638113825,0.00023169999638141992,5.368488832315e-08,1.4527158869954782,0.0031172849917658675,0.18455528472624796,0.007257580392670234,1.4527192315773818,0.18469793066935677,0.0004889540938219112,2.390761058652063e-07,CALIBRATED,0.0024743107409994215,0.01394672964205168,0.0008763425230345085,0.005504410850602754,0.0,0.0,0.003504034045060474,0.020250101406024693,0.0013739971400514714,0.008044958927043409,0.0,0.0
20470271,26,8,78,4.532688235444052,23.87445780026151,74.89912729739896,303.732238171509,322.84950008032723,15,transition,False,5,5,4,3.241053185361983e-27,0.00012556218962062187,0.0001255621896206576,1.5765863462333975e-08,1.259200251139124,0.0016617387576187065,-0.07838118930635354,0.027153867276136535,1.2592013476186132,0.08295145173611171,0.00019884827603985377,3.954063688402188e-08,CALIBRATED,0.0003137315992683281,0.009538840404233735,-0.0002695640183486656,-0.005865289514324749,0.0,0.0,0.0004115372532949388,0.011724220766956707,-0.0002809646703012516,-0.007819374616342911,0.0,0.0
20470271,27,9,16,1.9708915232680475,-15.226516341973008,-51.43466331616862,297.58666938420583,354.1905870416066,17,transition,False,4,4,2,3.730654893576588e-26,0.0001429000068323038,0.00014290000683306502,2.042041195289003e-08,1.9102589744386984,0.007389195476393326,0.1809567159725849,0.0036321777201911067,1.910273265696135,0.18099316498302861,0.0005136499867891929,2.6383630892853807e-07,CALIBRATED,0.0019705106919435927,-0.0001333343802146663,-0.008401797666635145,-0.008270980132848705,0.0,0.0,0.0021033070808337186,0.0016595480050296825,-0.01618596846425509,-0.015636061249753704,0.0,0.0
20470271,28,9,44,2.2682770826932313,-26.754878399958564,-44.91606238549058,284.35314980690987,356.1238236726778,17,transition,False,4,4,3,6.0681749818779605e-24,0.00019481012644952364,0.00019481012640805513,3.795098535112242e-08,1.7581843745896129,0.00585874299311122,0.19077624101610602,0.004149794437454403,1.758194136015852,0.19082136916527065,0.0005938486724670563,3.5265624579088516e-07,CALIBRATED,-0.008417050494563075,0.009377822671834169,-0.0025136263314489236,0.0054499093553480584,0.0,0.0,-0.014231104563881644,0.017249395826074997,-0.005902373682617384,0.007677542829906948,0.0,0.0
20470271,29,9,45,3.1389787386992687,-5.2221909610989075,-43.00588695770142,302.8537223779424,345.24585188484224,17,transition,False,4,4,3,4.609990683216336e-27,0.00014299875125816213,0.0001429987512578256,2.0448642861297477e-08,1.4689990846075462,0.0032434142626324982,0.19102116375586325,0.006728924892500341,1.4690026651827042,0.19113964380225582,0.0003083294889439889,9.506707375246137e-08,CALIBRATED,-0.0024782362144868627,0.011437305298142379,0.0008396986214121096,-0.0023108548775970946,0.0,0.0,-0.003756927079839074,0.016740303063699252,0.000879635244155646,-0.00363365973001069,0.0,0.0
20470271,30,10,12,2.6858443767571885,33.03702558810279,-42.94884562086702,337.89250869640466,354.59948279925413,16,transition,False,4,4,4,1.6489186068285608e-33,0.00010661104212044716,0.00010661104212044724,1.1365914302007776e-08,1.5906556385693107,0.004279138704978361,0.1992163222166826,0.005063759946509591,1.5906613943704042,0.1992806681601027,0.00026648028583359885,7.101174273795655e-08,CALIBRATED,0.0010083922215083356,0.0006057130879112812,-0.002915245532766847,-0.009835072058041296,0.0,0.0,0.0008966084588327428,0.002372893237350117,-0.004712838235959684,-0.015421897177421557,0.0,0.0
20470271,31,10,40,1.8850921087642014,41.76060883581639,-34.504490280529254,342.948806169989,353.3798743303515,16,transition,False,4,4,4,1.6932466338110352e-34,0.00021319025909013588,0.00021319025909013578,4.545008657091922e-08,1.9812530154134296,0.008204492524420532,0.17704748795689546,0.003524557589966981,1.9812700029986805,0.177082566894802,0.0008329112484219488,6.937411477478093e-07,CALIBRATED,-0.003330363654126737,0.013854569991691549,0.0015334262636674987,-0.0027925671452307494,0.0,0.0,-0.00700484540855586,0.027072949800993493,0.0019301331365604863,-0.006868286858614769,0.0,0.0
20470271,32,10,120,1.2949203814261132,35.605153516200005,-22.082398908918623,332.9857281597794,340.7650656741626,17,transition,False,4,4,3,1.4534875079062636e-32,3.589734591449022e-05,3.5897345914489786e-05,1.2886194437045365e-09,2.6659588144489588,0.01717788444483484,0.14934711900265515,0.0028578070765883047,2.6660141560111974,0.14937445904732255,0.00022033755638863807,4.8548638755316263e-08,CALIBRATED,-0.0017918535334335802,-0.002330540203667446,-0.0052201720941972216,7.065759170582068e-05,0.0,0.0,-0.006015868891761514,-0.0013373628397356859,-0.013331611961678464,-0.0021509209664466794,0.0,0.0
20470271,33,11,13,2.7542910701209458,-50.38263828732877,53.25767668893338,231.49477060847457,225.00972872263014,10,transition,False,5,3,5,4.0962409295622527e-16,0.0011483582567128692,0.001148359097580787,1.3187286169965595e-06,1.5696702486518757,0.0040962421421655085,0.199622949354263,0.005247326140572024,1.5696755934595301,0.19969190354273297,0.0028289375395200603,8.002887602505813e-06,CALIBRATED,0.020773288492456864,0.023639580843006946,-0.008252963862054237,-0.009480948678719462,0.0,0.0,0.03233529577524795,0.03703575453717194,-0.013337828838663218,-0.015291219519062685,0.0,0.0
20470271,34,11,21,4.633142299095304,-41.42014976099389,61.118853683299974,239.46408620676982,236.93131856297623,11,transition,False,3,3,3,3.425293588406828e-17,7.446486580288349e-05,7.446487190391494e-05,5.5450171476664605e-09,1.2492394030734413,0.001592770642387185,-0.11742995322712563,0.030044494676959462,1.2492404184581953,0.1212124811037162,0.00011588360864020875,1.3429010751477063e-08,CALIBRATED,0.000521226880936795,0.0004562883992147401,-0.004675788957681984,-0.007219556285705177,0.0,0.0,0.0007583803406967292,0.0011845532097906144,-0.005816011449563552,-0.008948704510194416,0.0,0.0
20470271,35,12,14,2.375301201116663,45.93717065024258,-56.00420443302688,354.8488951640345,372.953123755165,17,transition,False,4,4,4,6.988396648899648e-37,0.00011039810041425406,0.00011039810041425406,1.2187740575075721e-08,1.7071255505588505,0.005358541731905357,0.19416447312448093,0.004341722388560837,1.7071339605726172,0.19421300980368592,0.00032009545058978483,1.0246109748827738e-07,CALIBRATED,-0.004928919479604653,0.009171365432352264,0.0011287090938543083,-0.000846123552167423,0.0,0.0,-0.008536575307758717,0.01545424735376287,0.001499348038997534,-0.0024780086342498044,0.0,0.0
20470271,36,12,40,4.282342703592679,43.630080054077496,-45.69229440536559,348.73864371865466,364.72279651873015,17,transition,False,4,4,4,1.1989653782368296e-35,2.290068453578196e-05,2.290068453578194e-05,5.244413522074021e-10,1.2840240732529937,0.0018336169162600946,0.018933774534459893,0.01995002078411714,1.2840253824766101,0.02750438414886739,3.717616278648798e-05,1.3820670795274538e-09,CALIBRATED,-0.0032170665032974985,0.0014468940190282243,-0.0031818999913404474,0.000577215550683764,0.0,0.0,-0.004183766219579671,0.0013320212526594574,-0.004034708245858515,0.0012724432245317856,0.0,0.0
20470271,37,12,53,3.097653347131857,39.1338926812012,-64.88395274010507,352.30180280071676,377.36614071567556,17,transition,False,4,4,4,2.2991227587005015e-36,8.170837341564804e-05,8.170837341564804e-05,6.676258286230979e-09,1.476533386475031,0.003301774790071572,0.1940129523227266,0.006484313839003442,1.476537078129834,0.19412128166417839,0.00017765390787439705,3.156091098304476e-08,CALIBRATED,0.0009554537899362579,0.0031553725732116344,-0.0011694941981983877,-0.008334949832815347,0.0,0.0,0.0008504077041627234,0.004800298161485053,-0.0019155905460883768,-0.012256360186926532,0.0,0.0
20470271,38,13,17,2.9877083840207455,-68.27666150639895,66.42330149522044,212.22825851827878,219.51499270543343,10,transition,False,5,5,3,1.167123992463546e-13,0.0010398115790783934,0.001039819942704933,1.08122551324689e-06,1.4981057492591066,0.003472527214310614,0.20100963159628696,0.0058733246488294035,1.4981097738178077,0.20109541997993277,0.002282785518197445,5.211109722091977e-06,CALIBRATED,0.012240867539276579,0.011524578834713965,-0.020436002297502337,-0.01842647544620946,0.0,0.0,0.022030533714974494,0.020289842176620648,-0.02742196816184053,-0.025175366313316024,0.0,0.0
20470271,39,13,20,2.3774672155148053,-61.9791760835687,46.479737696055224,221.09353609206175,214.17092814149413,10,transition,False,5,5,2,9.206098813325034e-15,6.600211314808935e-05,6.600147660403387e-05,4.356194913912831e-09,1.7060921933153432,0.0053484183770046035,0.19423304607457012,0.004345606734553371,1.7061005766573945,0.1942816524669725,0.00014330703181876644,2.053690536870494e-08,CALIBRATED,-0.0033170679945582664,-0.003410768794183386,-0.005676662912334942,-0.0033377673579590384,0.0,0.0,-0.0015063535826085077,-0.0012141273933636329,-0.010070685640720459,-0.0061761732570743,0.0,0.0
20470271,40,13,21,3.8431796806921703,-51.92959816119291,65.47671265870301,228.59593299215132,228.17303821227958,10,transition,False,5,5,3,9.893455725820465e-16,0.0003031324982646714,0.0003031330295409302,9.188963359866247e-08,1.3406116145532854,0.002248927898703964,0.1400399087182185,0.010897193546734421,1.340613500883778,0.1404632509270733,0.000541298074335295,2.9300360527909856e-07,CALIBRATED,0.008445341483907479,0.008698065543451426,0.008589466338757639,0.009076010168476792,0.0,0.0,0.012011980978559844,0.01253571395679898,0.010685693498323993,0.011210808060046483,0.0,0.0
20470271,41,13,22,5.69230315881779,-71.76583180041715,50.775559230088675,210.72312176375104,203.4829576712698,9,transition,False,5,5,3,1.7779036382835167e-13,0.0005374579955373391,0.0005374705919765617,2.888746372396357e-07,1.1700973002718469,0.0010648027948257362,-7.600696287812571,10.707622220736791,1.1700977847635028,13.131022720320916,0.0007439673450045511,5.534874104331207e-07,CALIBRATED,0.014937221472799418,0.012554082502793062,0.009632855905861342,0.007997068604124838,0.0,0.0,0.01888375681672143,0.013958397933073283,0.009006836603728158,0.010555145428993202,0.0,0.0
20470271,42,14,18,2.197210473045491,67.86074571245409,-59.998667967436496,376.5882228095781,389.870880003927,18,transition,False,4,4,2,1.8994530264518403e-41,0.00011350668246253647,0.00011350668246253647,1.2883766963651083e-08,1.7920886717697184,0.006190888758935549,0.1885263727416564,0.0040223496242412955,1.792099365155007,0.18856927776184962,0.0003606952033971245,1.3010102975369302e-07,CALIBRATED,-0.0060099372252122715,0.008653755260077563,0.0014603698297638319,-0.0006059512113526524,0.0,0.0,-0.0109100011787916,0.015144106268559688,0.0021799750277131527,-0.002751514470434154,0.0,0.0
20470271,43,14,40,1.1336845284957242,54.66075389795617,-47.55984909268912,359.6732648117038,371.73351528626245,17,transition,False,4,4,4,7.154555516102037e-38,0.00011747532523250993,0.00011747532523250993,1.3800452038483985e-08,2.9537626789139626,0.021355894252396698,0.1413634255202811,0.0027133637279386537,2.9538398801499564,0.14138946360159996,0.0009806366817900493,9.616483016721986e-07,CALIBRATED,0.0016007704887967215,0.0005563833469157072,-0.0008393474961286276,-0.01067233772079599,0.0,0.0,0.0008994608108999613,0.006557480799363087,-0.0031052855224389113,-0.030449701138596092,0.0,0.0
20470271,44,14,53,2.372708474487556,50.16456652507988,-66.7515074274286,363.0912654475141,384.50195042873094,18,transition,False,4,4,4,1.39713066984368e-38,4.338930800013466e-05,4.338930800013466e-05,1.88263204873055e-09,1.708362482707095,0.005370659422281562,0.1940823910691238,0.004337072813147052,1.708370924683448,0.1941308443387986,0.00012201982403485284,1.4888837457496452e-08,CALIBRATED,-0.0031868287376502907,-0.0023913382094898983,-0.00509164716131936,-0.001260976347709606,0.0,0.0,-0.006113791111392345,-0.0027429240699043626,-0.008168800187391198,-0.003223112366382779,0.0,0.0
20470271,45,15,23,2.0516186041888247,43.87380754803793,100.35432422976437,323.92687183428217,356.51999465702625,16,transition,False,4,3,4,7.432370069394511e-31,2.8973339161994386e-05,2.8973339161994112e-05,8.394543821959417e-10,1.86154731082948,0.006871345066319423,0.1839171402429894,0.00376125754986548,1.8615599925437507,0.18395559663548117,9.089582697192792e-05,8.26205136091066e-09,CALIBRATED,-0.00015936378270616769,-0.0018418061048292766,0.0038546733808377883,0.0032706552471989266,0.0,0.0,-0.00036855821819426946,-0.0006424030712996963,0.0071486465835806905,0.0062645161128992415,0.0,0.0
20470271,46,15,130,4.24288013107067,54.72246310867344,95.80223402203671,334.58599715096483,357.43356066685953,16,transition,False,4,3,4,7.172402231258253e-33,7.069364090980294e-05,7.069364090980297e-05,4.997590865084168e-09,1.2879371124560406,0.001860710486695224,0.03427376798129601,0.01881446101388122,1.287938456559598,0.039098275088276825,0.00011723556805086353,1.3744178416208655e-08,CALIBRATED,0.00015867737782405793,0.007139140376371789,-4.890170394459673e-05,0.004438326904293918,0.0,0.0,0.00010654959324640344,0.009164474475862164,6.303443113313194e-05,0.005764776619853121,0.0,0.0
20470271,47,16,36,3.6270347909513205,-15.631821793688113,-74.03369723325362,308.2553681264269,376.7932551693907,18,transition,False,2,2,2,5.198317494968898e-28,9.858236936281502e-05,9.85823693627758e-05,9.718483549178756e-09,1.380018400179631,0.0025541719457678465,0.1556879107185807,0.009617800244405172,1.3800207638396882,0.1559847031777733,0.00018632228391598417,3.471599348366862e-08,CALIBRATED,-0.0008602905091706915,-0.0018054484741856767,-0.007227031999149744,-0.00650789012606489,0.0,0.0,-0.0014064110578446494,-0.0014634917462600732,-0.00992423936716264,-0.009149423847666278,0.0,0.0
20470271,48,17,19,2.2650097810659062,-86.79235743283438,75.40658947991177,193.13599523995,210.55119558797713,10,transition,False,3,3,3,1.946978909692073e-11,0.0036457346052512656,0.0036461805963212634,1.3294632940989685e-05,1.7597431314502392,0.005874013461289822,0.1906728028710923,0.004143935136614397,1.7597529351361905,0.19071782809463536,0.011287957875131805,0.00012741799299075015,CALIBRATED,0.0505399144596447,0.033041489949801446,-0.0002136939135272243,0.0003345437812176496,0.0,0.0,0.08872877731714453,0.05842022814590328,-0.0012914638176219839,-0.0007556556919455523,0.0,0.0
20470271,49,17,32,2.8884547588702425,-66.97680955491272,82.68432647781202,212.72534485107002,231.66094199841066,11,transition,False,3,3,3,1.0149919623001403e-13,0.0008756299029845504,0.000875639688407896,7.667448639150772e-07,1.5285363796101286,0.0037377430486281037,0.2004199870786922,0.005607137791285391,1.5285409495707782,0.200498407013207,0.001982289602249801,3.929472067187675e-06,CALIBRATED,0.01535758142892956,0.010665457761638453,0.01827640869053261,0.0138565968828217,0.0,0.0,0.026783997627290685,0.019442255792158143,0.023981877986662223,0.017657159774330276,0.0,0.0
20470271,50,18,38,4.2140422818897925,84.94258791469883,-72.53119887209041,397.21001138382906,411.0570468091444,19,transition,False,3,2,3,4.974576784376751e-46,6.041609796193296e-05,6.041609796193296e-05,3.6501048929458798e-09,1.290796622801277,0.001880509507591391,0.045483691440006094,0.017984634185646133,1.2907979926197555,0.048910257143069645,0.00010047587007268996,1.0095400466864075e-08,CALIBRATED,-0.0014623166443486944,0.003460523515050576,0.003061176712776966,-0.006077145886724107,0.0,0.0,-0.0022218990915318145,0.004609986057124887,0.0037677967336877637,-0.007751823709712831,0.0,0.0
20470271,51,19,25,3.7328707685625346,-108.39161527886034,81.17052840004845,171.3408510869275,188.1960858505104,9,transition,False,4,3,4,3.7181442233993384e-09,0.0040939337958969205,0.004099930660690865,1.680943142247303e-05,1.3607227523099066,0.002404708305106515,0.14802582075958975,0.010244258917860752,1.3607248771430174,0.14837987886612644,0.007583727076333311,5.751291636831099e-05,CALIBRATED,0.04920399110529801,0.025670944030457773,-0.028341142943084156,-0.014720060097207286,0.0,0.0,0.0679392662368161,0.03555428942592411,-0.03656592959486535,-0.019152244667852918,0.0,0.0
20470271,52,19,132,3.973152158829734,-97.24955845442611,87.5497278468721,182.45755553526726,201.03507396723037,10,transition,False,5,3,5,2.7605539835564565e-10,6.208160090111563e-05,6.204776438973377e-05,3.849925065763914e-09,1.3169154837336638,0.00206537821922184,0.13063043528432378,0.011666519706680669,1.316917103345787,0.13115036524782642,9.871447136066006e-05,9.744546856014575e-09,CALIBRATED,-0.0010099496780830073,-0.001828325131039637,0.007528657319720639,-0.0010021537880482861,0.0,0.0,0.00038635724150693786,-0.00032823470938223416,0.009820235369250278,-0.001421421369854082,0.0,0.0
20470271,53,20,22,1.3759409404487215,-72.85292119645807,39.63976126180749,211.7541446304699,202.32615508692243,9,transition,False,3,2,3,1.3330182086872417e-13,0.003000208327056545,0.003000236958304537,9.001421805976461e-06,2.521338188427966,0.015078446360448321,0.1533589023451997,0.0029303894498136,2.5213832751031453,0.15338689680299317,0.019062416003605878,0.0003633757038945295,CALIBRATED,0.039209767230042894,0.030394942518621185,-0.018222014762511497,-0.014385296637710304,0.0,0.0,0.0992792071641719,0.0781411119014059,-0.04373028325507794,-0.03446279132197397,0.0,0.0
20470271,54,21,32,2.7396961724202207,-50.629746209706674,81.73773764129459,229.08306730048906,244.485933374704,11,transition,False,3,3,3,8.537496254784052e-16,0.00066811106862871,0.0006681115998188706,4.4637310981253064e-07,1.5741449661875655,0.00413524120103723,0.1995362441946173,0.0052081842961382175,1.574150397768092,0.19960420318960342,0.0016379475030371944,2.68287202270578e-06,CALIBRATED,0.009089823722254196,0.012383291852185873,-0.012786123772748507,-0.01639072378782456,0.0,0.0,0.01619026555523919,0.02145652618184178,-0.018296289132789544,-0.024097429167140114,0.0,0.0
20470271,55,22,24,2.5152801091048858,-93.8468531941576,44.999264121490654,190.10086303918385,180.65891133911305,8,transition,False,3,3,2,4.2009887115120715e-11,0.004668066668537169,0.004668820721327066,2.1797886927892988e-05,1.6429497303180969,0.004734903867022197,0.19820303645340456,0.004606326111253527,1.6429565531890786,0.1982565557543882,0.012602543571185728,0.00015882410446363472,CALIBRATED,0.05817283014042845,0.035264058740466515,-0.005542034449993196,-0.003236444049252407,0.0,0.0,0.09541089949139502,0.058197507155379864,-0.009060080585843342,-0.005501720649595034,0.0,0.0
20470271,56,23,28,2.1221844834289243,51.390729703286326,118.88850859851658,332.8089861252875,376.52049737328224,17,transition,False,5,4,5,1.571085497724018e-32,0.0001253339286497118,0.00012533392864971218,1.5708593670771146e-08,1.8278819009782046,0.006541539576547966,0.18615115610146216,0.003887804395754857,1.8278936062210314,0.18619175046422057,0.0004168076323603507,1.7372860239384128e-07,CALIBRATED,0.001488698321373504,0.00776592665192952,0.0005955003745392114,0.00790275069190635,0.0,0.0,0.0020259817561825823,0.014773360110078867,0.0017311565010074475,0.013836688856475609,0.0,0.0
20470271,57,23,130,3.5299683580405876,54.1317340666681,106.81220722659461,334.5323681495781,368.4593699689539,17,transition,False,4,4,4,7.34460254180385e-33,7.069893984429151e-05,7.069893984429102e-05,4.99834009510668e-09,1.3977152151161925,0.0026912510636283287,0.1627151216703468,0.009043249792178992,1.3977178060680173,0.16296622713617537,0.00013810901043041538,1.9074098762068582e-08,CALIBRATED,-0.0028218075977310187,0.007248248493519193,0.0011310858737492528,-0.0029866168565921137,0.0,0.0,-0.003940386169585909,0.010099151154883105,0.001644274265129923,-0.004229169582412856,0.0,0.0
20470271,58,23,135,5.314259461975663,41.13151408639027,123.83721624168992,323.1619174997273,380.162464719893,17,transition,False,4,4,3,1.030998807032541e-30,1.1794110238746662e-05,1.1794110238745437e-05,1.3910103632367995e-10,1.193449918414,0.0012155699856806117,-3.592206103070079,4.882717240660617,1.1934505374638587,6.061754889401118,1.955989633495328e-05,3.825895446341188e-10,CALIBRATED,-0.0006029861858131565,0.00023192465503223494,0.0033600387731563775,0.0002947342798825743,0.0,0.0,-0.0019516817316280863,-0.0011489077505337786,0.003797201485056856,0.00011003006874439432,0.0,0.0
20470271,59,24,26,2.9069806724917875,-116.33900880752476,44.104900674151196,168.39418902932573,158.1489813056398,7,transition,False,3,2,3,7.207330485691144e-09,0.007345504797160584,0.007358464490377764,5.414699965615049e-05,1.522856433628535,0.003688239913299984,0.20053004556153164,0.005656822170294956,1.5228608999371804,0.20060981733199473,0.016986260599830175,0.00028853304916534296,CALIBRATED,0.07636932744063038,0.03331751341860887,0.018950201351733736,0.007551389605437652,0.0,0.0,0.11744664697199914,0.05141190445306987,0.021511093883467374,0.009307772843696114,0.0,0.0
20470271,60,25,31,2.0893223125207747,-129.4837482208447,89.7780915232382,150.28134572305748,186.17307366132033,9,transition,False,4,4,4,3.274634135806986e-07,0.012733124432799723,0.01284465079308605,0.0001649850539963261,1.8435597110492912,0.006695128315015165,0.18511078628331173,0.003828872173521016,1.8435718681264637,0.18515038066541226,0.043208323207497325,0.001866959194403552,CALIBRATED,0.09773259873447462,0.039381382487655985,-0.03959231501939584,-0.013211557154933929,0.0,0.0,0.18506454051150953,0.07414609486291561,-0.05477196930140101,-0.0214901616603292,0.0,0.0
20470271,61,25,92,1.9389535841240395,-123.84012770633738,76.98524171845943,156.05578217993002,172.19067548935442,8,transition,False,4,4,2,1.0168091451462886e-07,0.0025217743030296748,0.002527805144231629,6.389798847203887e-06,1.9366857673643838,0.007692681317814949,0.1795015465266495,0.0035921172467060078,1.93670104529781,0.1795374849767396,0.008769557019463296,7.690513031761797e-05,CALIBRATED,0.009615888207675827,0.0016352097248275989,0.047039460192851226,0.01483088372721275,0.0,0.0,0.038614389319398965,0.011548783791575075,0.08079313929927999,0.024851160778840385,0.0,0.0
20470271,62,25,132,5.677976233439949,-107.71769519288779,93.13814461320149,172.16371573644236,195.01279419200125,9,transition,False,5,4,5,3.0843579390136837e-09,0.002463770266894349,0.002468111031274864,6.091572062700673e-06,1.1709823070059746,0.0010705165001747411,-7.44878437859591,10.48687266273685,1.1709827963410102,12.863082327470034,0.003482274594049377,1.2126236348361754e-05,CALIBRATED,0.03910770334407139,0.01723532393035836,0.023269927389304067,0.010007630026090335,0.0,0.0,0.04967696714619737,0.016767460394294602,0.020424402319798095,0.017781158314625983,0.0,0.0
20470271,63,26,33,3.314481781178017,-138.69339302601364,45.80162357649298,146.34614422166646,135.73029797242071,6,transition,False,3,3,2,7.084911867351883e-07,0.02152773056719479,0.021752069659600484,0.00047315253447611193,1.4370019794248907,0.002995565428350699,0.17831546452295616,0.007767753140324884,1.4370051016900705,0.17848457321821026,0.04486105942859118,0.0020125146530555896,CALIBRATED,0.13368329221266617,0.035458322897594936,-0.049512434661677956,-0.01311766724484053,0.0,0.0,0.1940130330906558,0.051875072992026115,-0.06500385295398656,-0.01742062922984482,0.0,0.0
20470271,64,26,92,5.093229970394479,-128.22219576769677,54.67919708585153,154.47424645582805,149.4582724565406,7,transition,False,3,3,2,1.4068780865725115e-07,0.00010601085545582305,0.00010789007707050789,1.1640268730280132e-08,1.2071034123306177,0.0013037185140653946,-1.2485761075360002,1.4770903329526386,1.2071041163636986,1.9340987947909711,0.0001688378798366519,2.850622966773571e-08,CALIBRATED,0.002692611318511947,-7.329078785067001e-05,-0.009355776309807863,-0.003619944676260045,0.0,0.0,-0.001890069896390833,0.0038250509172451748,-0.011534079648099917,-0.0041951767275262885,0.0,0.0
20470271,65,27,29,3.659663812124048,59.8503330640093,65.18209481147359,340.1182279306211,347.77764256820154,17,transition,False,3,3,3,6.079838541004611e-34,9.590067043303958e-05,9.590067043303957e-05,9.19693858950647e-09,1.3740695903600104,0.002508092602941662,0.15332570363983428,0.009810936206120474,1.3740718793719024,0.15363927188675056,0.0001791523179058886,3.2095553011052574e-08,CALIBRATED,-0.0005035045642597391,0.00597596513039579,-0.0008936076530167999,0.007690023388103095,0.0,0.0,-0.0009245110500941347,0.009078726881043173,-0.0010396200980139398,0.009736195637689909,0.0,0.0
20470271,66,28,42,2.271395877874049,59.74435741804852,137.5457006815879,343.4753063184717,396.9624618684442,18,transition,False,5,5,3,1.3333626203260471e-34,4.9877780240131934e-05,4.987778024013194e-05,2.487792961682896e-09,1.7566964668481508,0.005844166603173433,0.19087497765721792,0.00415538741946437,1.7567061879893469,0.19092020411745134,0.00014981206778803954,2.2443655654928153e-08,CALIBRATED,0.00037486955993631564,-0.001009160102707386,0.004447829192631741,0.0053791880812480986,0.0,0.0,0.00022963479235661732,-5.663531123011284e-06,0.007791655489172259,0.009436599404056839,0.0,0.0
20470271,67,28,91,2.902819548270635,70.83153375590777,128.05419232478198,353.153991649623,393.6205496421056,18,transition,False,5,5,3,1.545043752016228e-36,0.00012145817299570579,0.00012145817299570579,1.4752087787454795e-08,1.5241322120479788,0.003699358862661664,0.2005053252142364,0.005645662511606427,1.5241367015652698,0.20058479240575958,0.00028137930638307565,7.917431406062076e-08,CALIBRATED,-0.0031222788971675855,0.010471763712132445,-0.0008872718769038061,0.001124482484403159,0.0,0.0,-0.004879302799376292,0.015875272421043467,-0.000791723874662966,0.0022182446751924734,0.0,0.0
20470271,68,28,130,4.7669263127714,62.23938526392183,114.33641839078891,343.18413552965137,377.4340633831155,17,transition,False,5,5,4,1.521798076028205e-34,1.2031586359549726e-05,1.2031586359549713e-05,1.4475907032730272e-10,1.2359736158528147,0.0015009193928112465,-0.16943482168668106,0.03389421186776191,1.235974527182217,0.17279171391630488,1.827507957994585e-05,3.339785336533538e-10,CALIBRATED,-0.0005589984385273672,-0.00020000769428699214,0.003413827178919873,0.00015775937362849776,0.0,0.0,-0.0009740450285294239,-2.193107688389441e-05,0.004154830552058736,0.00025143184740398166,0.0,0.0
20470271,69,28,135,2.7808000220858133,49.23916528364399,131.36142740588423,332.1783669795465,389.1776271042701,18,transition,False,5,5,3,2.0730593484271642e-32,8.79140285598825e-05,8.791402855988139e-05,7.72887641762764e-09,1.5615427458325812,0.004025407512180118,0.19978043335718546,0.00531842011431468,1.5615479342524188,0.1998512125179559,0.00021361199382386692,4.563008390540776e-08,CALIBRATED,-0.0038015987350319726,0.0073080543148466405,0.0017115181906570641,-0.004138227063850662,0.0,0.0,-0.005900323235494395,0.011723162980636078,0.0028249593583082825,-0.005777995664060523,0.0,0.0
20470271,70,29,37,2.055286034777737,75.77717750012823,81.57570926484365,355.483207895316,370.6340414214347,18,transition,False,5,3,5,5.188018584642483e-37,0.0001078565813270422,0.0001078565813270422,1.1633042135556869e-08,1.859797661350066,0.006854204505546935,0.18403324590458828,0.0037678344079524594,1.859810291745526,0.18407181254690902,0.0003694131826212396,1.3646609949435332e-07,CALIBRATED,-0.0008463514954964145,0.006529914676935073,-0.001544609920593357,0.00788128574398021,0.0,0.0,-0.002199577422416308,0.01322144187621233,-0.002350982248392828,0.013573555133630866,0.0,0.0
20470271,71,29,43,3.1807583762377085,78.84075437442276,69.60700343999189,358.86091574282955,367.2767686490735,18,transition,False,3,3,3,1.0524091134712072e-37,9.078548640403317e-05,9.078548640403317e-05,8.242004541616893e-09,1.4613819661922198,0.003184412240135525,0.1879964896469368,0.0069762246945197694,1.4613854356716278,0.18812588293629148,0.00019301425694752365,3.725450338500468e-08,CALIBRATED,-0.003476554006524739,0.007929359482170419,0.0014313489061676388,-0.003711543769791317,0.0,0.0,-0.005148696392541067,0.01186637254051654,0.0019913591126923835,-0.004661424033375454,0.0,0.0
20470271,72,30,55,2.884841528295631,-29.921531308487346,-11.192645247773136,267.6546028979784,305.05083537268916,14,transition,False,3,3,3,2.690340621641583e-21,0.0005652463234028933,0.0005652463243115219,3.195034071476862e-07,1.529644176769399,0.0037473979701483397,0.2003985216501409,0.005597447520619918,1.52964876704297,0.20047667918814918,0.0013182241171213866,1.7377148229604592e-06,CALIBRATED,0.008758967225415464,0.02177526519856106,-0.0006442289043855001,-0.0037349179518042473,0.0,0.0,0.013007043241061214,0.033136434400520866,-0.0024649130008742117,-0.0067038692084980915,0.0,0.0
20470271,73,31,34,1.631771799669412,-148.01410177193654,100.1778138258349,132.54603890397755,207.42226721541996,10,source,False,4,4,3,9.025056997336747e-06,0.00588315762715331,0.006112650406355196,3.736449499031434e-05,2.190860884040562,0.010611633661742198,0.1655056044256032,0.003206812243907831,2.19088658309552,0.16553666887143742,0.028216056082801234,0.0007961458208677845,CALIBRATED,0.03969774964287214,0.023227251198686526,-0.05758903249141289,-0.0260909413035089,0.0,0.0,0.10745186609785383,0.055838434862218345,-0.10369009598829158,-0.05292056066376094,0.0,0.0
20470271,74,31,67,3.5061639053927287,-150.38338063049832,87.09230703511486,129.32282157298812,207.2445727341269,10,source,False,4,4,2,1.5769239621227287e-05,0.026213466325121622,0.02725284208696583,0.000742717401817096,1.4020551602500855,0.002724868177931077,0.16443846624304442,0.008902347745779473,1.4020578081129464,0.16467926698814167,0.05299575578939812,0.0028085501316895247,CALIBRATED,0.13285465439306995,0.024900759850407336,0.09315179230244247,0.017469362975756467,0.0,0.0,0.1963964461777498,0.03713768786077978,0.11219372931078563,0.0213904408987239,0.0,0.0
20470271,75,31,183,4.884588734986131,-137.1618594631619,104.88576346937926,143.90674368731646,203.11990651827668,10,source,False,4,4,3,1.1314612930911416e-06,0.001991357518548374,0.0020074209498518185,4.029738869903977e-06,1.2243064172535618,0.001420136642977468,-0.21517286333883667,0.037280020359112674,1.2243072408984343,0.21837848116380318,0.002998131715280156,8.988793782168731e-06,CALIBRATED,0.00808257272647649,0.0002310026099635181,0.04370114488150392,0.005678868004543728,0.0,0.0,0.013422349689284283,0.0017739406582829114,0.05263599114918504,0.006654157676410366,0.0,0.0
20470271,76,32,41,2.531865772462197,-66.68592193506785,97.65222097169533,213.37835008315474,238.4669763406417,11,transition,False,3,3,3,8.444372176933044e-14,0.0010679196080919297,0.001067927415063623,1.1404689638444716e-06,1.637864654684965,0.004690585278775689,0.19830156832520754,0.004650806961224207,1.6378713712183128,0.19835609898772338,0.0028187449391602333,7.945323032041428e-06,CALIBRATED,0.013433018827681317,0.01674885780101035,-0.016660143183146126,-0.018149292320015862,0.0,0.0,0.0252378107253943,0.02975200829222342,-0.02349931503644762,-0.027283658925200297,0.0,0.0
20470271,77,33,46,2.3135685212690724,-160.91961403005024,49.41739767186152,123.98836922135938,113.21188944897003,5,source,False,3,2,3,3.853115437122031e-05,0.09519885865570865,0.09901416628766585,0.009803805125641545,1.7365768376492512,0.00564706327987283,0.19221010385634932,0.004231016251159349,1.7365860192871416,0.19225666574396366,0.2982666934891877,0.08896302044497305,CALIBRATED,0.3104256058756227,0.05013709546970022,0.011567009806726172,0.001607932340522628,0.0,0.0,0.5388513605916748,0.08882769677546885,0.003892020753207639,0.000630188630877649,0.0,0.0
20470271,78,34,54,1.618587362977383,-160.93379825278575,117.134780564944,123.02395671144868,228.74027083087418,11,source,False,3,3,3,4.510391816407105e-05,0.0024500249540913683,0.0023687096214380227,5.610785270693061e-06,2.2017702409884543,0.01073691694458361,0.16490488972859027,0.0031902747092179607,2.201796420082436,0.1649357466079406,0.009300215984780109,8.649401736355945e-05,CALIBRATED,-0.0026959284299935627,0.008750543419863508,-0.03962598625082985,-0.026732953350584027,0.0,0.0,0.031413940775385917,0.027760945471730004,-0.06735812046755787,-0.05482329635596758,0.0,0.0
20470271,79,34,183,3.6589055515683206,-145.06821681073112,112.26633941511557,137.35273277566185,213.9357924181114,11,source,False,3,3,3,3.8277305351725306e-06,0.00681420207622352,0.007099371303539555,5.0401072905520916e-05,1.3742078337910917,0.0025091634333510074,0.15338059858880598,0.009806447950684126,1.3742101245275191,0.15369376839960008,0.01340235714971902,0.00017962317716862454,CALIBRATED,0.07385715885285717,0.021214129982575276,0.0328714097909204,0.010673448232092682,0.0,0.0,0.10181595348029632,0.029991083229164887,0.04428304076557125,0.013244470314558315,0.0,0.0
20470271,80,35,39,2.57353154195512,72.36695465907447,25.465304095045706,357.05642928867775,369.85719833772714,17,transition,False,4,4,2,2.4724420031377467e-37,0.00011024520816945517,0.00011024520816945517,1.2154005924326504e-08,1.6250901527178334,0.004579250082687995,0.198549095733054,0.004762549784034524,1.6250966045105724,0.19860620659198658,0.00028945431675159183,8.378380148613085e-08,CALIBRATED,-0.003972736140306093,0.008132005611995527,-0.002120299424001884,0.004882355047311857,0.0,0.0,-0.006587607278276783,0.013696502595933597,-0.003276203988381418,0.006908693882702032,0.0,0.0
20470271,81,35,80,3.5271967853767805,61.30155389844917,8.759205995878537,349.41245617453745,365.1118981200101,17,transition,False,4,4,3,8.784780041592597e-36,5.121834092559196e-06,5.121834092559199e-06,2.623318447170171e-11,1.3982205186185857,0.0026951651328327706,0.16291577214438482,0.00902684444710123,1.3982231161732093,0.16316566040093508,7.509854354293835e-06,5.639791242270607e-11,CALIBRATED,0.00031047280170138475,-0.0011066606626553605,-0.0018088419501182836,-0.0007272095359567104,0.0,0.0,-0.00011475201592461489,-0.00025655737206808373,-0.002483122150433269,-0.0011247084199917088,0.0,0.0
20470271,82,35,90,5.074089882810394,71.63311830418539,12.184102954754357,358.7912669080463,371.1058322810376,17,transition,False,4,4,3,1.0877691672139287e-37,5.51064244899307e-05,5.51064244899307e-05,3.0367180200644338e-09,1.2082857390306583,0.0013113517513389517,-1.0456290570844415,1.182179473655375,1.2082864506350632,1.5782548694527756,8.04736237194656e-05,6.476004114542137e-09,CALIBRATED,-0.001788840810677905,0.005280569757367918,0.0013945644405989933,-0.004698643006504331,0.0,0.0,-0.0019410936034520696,0.006305693792702677,0.0019483944697886826,-0.005757409497757725,-0.0,0.0
20470271,83,36,73,2.500365763575388,-12.114526325140606,-95.69048351120162,322.87622155975697,398.7338057390957,19,transition,False,3,2,3,1.1648101507301252e-30,0.0001386903606267989,0.00013869036062680412,1.923501613079298e-08,1.647522388848678,0.0047747565231534665,0.19811443352266378,0.004566327544321563,1.6475293077992603,0.19816705103838025,0.0003732901043381296,1.3934550199677167e-07,CALIBRATED,0.002424435906371103,0.0051659021928508655,-0.002292143019752435,-0.010043505666529066,0.0,0.0,0.0025771296498700836,0.008628443602807536,-0.0044575819724659155,-0.016502376527573435,0.0,0.0
20470271,84,37,43,4.709141821322152,86.60416215055011,77.43888764626887,366.3718419361585,378.3044116664624,19,transition,False,5,5,3,2.87145133307784e-39,6.543254784218562e-06,6.543254784218562e-06,4.281418317119909e-11,1.2417034242742735,0.0015405921279900076,-0.14697268443838468,0.03223142762335639,1.2417043799868637,0.15046539435253764,9.927602334106293e-06,9.855728810415272e-11,CALIBRATED,-0.0005316661148399746,0.0006625773584333572,0.0020477055989488783,-0.0012761187055577627,0.0,0.0,-0.0006610627025544736,0.00038386926476603934,0.002544642229824623,-0.001693528490211729,-0.0,0.0
20470271,85,37,49,2.803092270785779,91.90752853068369,97.1528833207436,371.795309821019,393.0580592580478,19,transition,False,5,5,4,2.035027979127204e-40,7.548602806096614e-05,7.548602806096614e-05,5.698140432420967e-09,1.5547080616701332,0.003965840344443833,0.19991286682962398,0.0053782053727375895,1.554713119810771,0.19998519799492742,0.00018090075071309613,3.272508160856175e-08,CALIBRATED,-0.001089210765664727,0.00581378960526418,-0.001857247641576029,0.006086881762652257,0.0,0.0,-0.0022893413636419294,0.009511202655584285,-0.0022927568696806894,0.008940914763867993,0.0,0.0
20470271,86,37,62,5.779854820570815,95.53757355580458,84.6935187090076,375.22714648861165,389.81247454394025,20,transition,False,5,5,4,3.736365942763366e-41,3.8834551625317006e-05,3.8834551625317006e-05,1.5081223999394118e-09,1.1646890351910957,0.0010298864129168685,-8.529028064605704,12.056620008080172,1.1646894905340173,14.768425973883298,5.561245067606632e-05,3.0927446701979093e-09,CALIBRATED,-0.003007594875211653,0.004923752551075201,0.0013040201144906445,-0.0019608970010436214,0.0,0.0,-0.0038038867634578102,0.006319418870883816,0.0007677449200924863,-0.0007863898771261566,-0.0,0.0
20470271,87,37,130,2.575832743727293,74.2604874517796,95.8338552449938,354.1153811731115,376.9716105985582,17,transition,False,5,5,4,9.855957435397552e-37,8.329358912155277e-05,8.329358912155276e-05,6.937821988750053e-09,1.6243846165685398,0.0045731010362726685,0.19856276667964948,0.004768721343686685,1.624391053840672,0.198620021686462,0.00021610220199623248,4.6700161707620466e-08,CALIBRATED,-0.0038162684161492824,0.005701925624009539,0.002665516020611862,-0.005395623506100025,0.0,0.0,-0.006240269347358469,0.010210425669081084,0.004332683305549351,-0.007357737661716052,0.0,0.0
20470271,88,38,71,4.933048015712021,101.39308512778015,-90.0159935221329,419.3543164770117,435.0640645854479,20,transition,False,3,3,3,3.1965094369784353e-51,3.7188484469334486e-05,3.7188484469334486e-05,1.3829833771259323e-09,1.2195012803070007,0.0013868662591257723,-0.2340100805111069,0.038674465935518,1.2195020689069922,0.2371843841744483,5.526662813430048e-05,3.0544001853350537e-09,CALIBRATED,-0.0038111003955684127,0.0033596499728985475,0.002428541113416341,-0.0023407132170093115,0.0,0.0,-0.004515589990091737,0.0041039281622936245,0.003163023855344528,-0.002833571757506505,-0.0,0.0
20470271,89,38,104,1.3351437030746176,90.65244270910827,-93.5936293463813,411.1598484795117,432.8797052003116,20,transition,False,3,3,3,2.8762111442556145e-49,6.130021000797321e-05,6.130021000797321e-05,3.757715747021619e-09,2.5941607174273473,0.016135601172933018,0.1513388017769773,0.00289384119162617,2.5942108984175483,0.15136646669633794,0.00040324916483605296,1.626098889409742e-07,CALIBRATED,0.001087224617082912,-0.0009355690124347925,0.0015800250480121146,-0.007533019587828525,0.0,0.0,0.0003502709129737904,-0.000967685188674075,0.0043321157797432935,-0.01958118569877977,0.0,0.0
20470271,90,39,47,3.287115051701594,93.39997413479546,34.52804455404848,376.489247937506,392.7596255648423,18,transition,False,3,2,3,1.9954025235787944e-41,9.081757453176946e-05,9.081757453176946e-05,8.2478318438335e-09,1.4419913864983802,0.0030342132597674,0.18029670330266487,0.007605765454931206,1.4419945787642987,0.1804570555283572,0.0001886651768324334,3.559454894921337e-08,CALIBRATED,-0.004814650410916922,0.007387142510248842,-0.001967096002398584,0.003032717395843025,0.0,0.0,-0.007032788002407251,0.010748350434189206,-0.0026649584326358428,0.004071366999156157,0.0,0.0
20470271,91,40,93,2.3546238488360594,63.40868098119784,-35.59903459122048,363.67966196087684,375.0555993438247,17,transition,False,4,4,2,1.05304964408971e-38,0.0001170628831414199,0.0001170628831414199,1.370371860938173e-08,1.7169902549551102,0.005455181983107758,0.19350985741780316,0.0043046413836809756,1.716998920972661,0.19355773003241333,0.000341598623589037,1.1668961963792458e-07,CALIBRATED,-0.006339723027119771,0.008396904046397636,-0.0008864027888300603,0.0023615858257477157,0.0,0.0,-0.010918077175937749,0.014629379495853512,-0.0016217989214834868,0.0023969226507920545,0.0,0.0
20470271,92,41,102,2.64163794181119,-82.3554555168644,113.83985159854292,199.42881596491904,229.216110441146,11,transition,False,3,3,3,3.802205738440673e-12,0.0006536587169384623,0.0006536857172519282,4.273050169391678e-07,1.6042090949688965,0.004397262818920061,0.19895370125982798,0.0049452033498748995,1.6042151215785319,0.19901515088343524,0.0016304327794109431,2.658311048177693e-06,CALIBRATED,0.006924400155653903,0.010933551112306938,-0.014095883838763605,-0.016955881534587432,0.0,0.0,0.015103403727842761,0.020283059748081245,-0.01914616285941045,-0.024986834738746452,0.0,0.0
20470271,93,41,132,2.2261698563442884,-85.82754972701697,102.3421001869481,194.63511657367562,218.75918900722502,10,transition,False,5,3,5,1.3256962227756712e-11,0.00237314211200846,0.0023734264129969254,5.633152937911452e-06,1.778272794772324,0.006055540575150547,0.1894431858280629,0.0040742829191258555,1.7782831051885493,0.18948699279367717,0.007492265692363774,5.613404520497122e-05,CALIBRATED,0.03904330876188215,0.025522877812487625,0.011061767826327815,0.008675624164664298,0.0,0.0,0.06958685044746789,0.04639207294628842,0.01843210277601555,0.012568575582227544,0.0,0.0
20470271,94,42,72,3.63162028035514,62.72927686203809,160.17266093375952,350.57093385008073,419.7854562894325,19,transition,False,3,3,3,5.139102474016388e-36,5.7814391847908734e-05,5.781439184790874e-05,3.3425039047435367e-09,1.3791823896769313,0.0025476962278127816,0.15535594012492182,0.009644942428697302,1.3791847427922916,0.1556550450404714,0.00010941028136123978,1.1970609667545653e-08,CALIBRATED,0.0010853238151667772,0.0011686883979191043,0.0030968106043577754,0.006758727363449948,0.0,0.0,0.0010945680364073539,0.002128651867372888,0.004349001476673425,0.009206912053361726,0.0,0.0
20470271,95,42,135,4.380672486979343,49.48514180115246,142.49440832476125,334.15616763607994,400.31332504320704,19,transition,False,3,3,3,8.673626616829609e-33,6.245494707538075e-05,6.24549470753808e-05,3.900620414188617e-09,1.2742738650777785,0.0017661072547809353,-0.019289233657390575,0.02277952071516278,1.2742750889643475,0.02984930650956467,0.00010137332345101464,1.0276550707504034e-08,CALIBRATED,0.0002889568785936619,0.006872081898788119,7.530945989156047e-05,0.00389104996874799,0.0,0.0,0.00030104538515048486,0.008670946594845446,0.00018256860147576907,0.0051052961698796265,0.0,0.0
20470271,96,43,62,3.016125754955766,98.60115043009911,72.72481288415584,378.49002617094106,387.28161776140894,19,transition,False,4,3,4,7.350164728416336e-42,5.1453383105751573e-05,5.1453383105751573e-05,2.6474506330272413e-09,1.4913972139352467,0.003416909652677118,0.19991521504559623,0.006001740064022317,1.491401128136019,0.2000052851564755,0.00011395323379463633,1.2985339492255048e-08,CALIBRATED,-0.001791297518920008,0.004962510238112829,-0.001857768701958398,0.004490748700507719,0.0,0.0,-0.002942665166090324,0.007686689000096437,-0.0024730253669479883,0.006331896498296791,0.0,0.0
20470271,97,44,57,3.097163509494269,-48.30679531377503,-51.59345348349638,268.69773634395096,378.6864625816303,18,transition,False,3,3,3,1.8584801093554048e-21,0.00021251498130695967,0.00021251498077257984,4.516261705276998e-08,1.4766226919719099,0.003302466548378145,0.19404841455522268,0.006481414418186646,1.4766263849503953,0.19415662729934263,0.0004626084093795625,2.140065404286889e-07,CALIBRATED,-0.006197850082581002,0.012881686040053734,-0.0006685614479462853,0.002777917472178619,0.0,0.0,-0.00904896215323685,0.01904414286724878,-0.001716294664271115,0.003885826605249086,0.0,0.0
20470271,98,44,70,2.866041018400111,-39.71467355164363,-60.40903054010637,280.5969127212174,376.3225452315681,18,transition,False,3,3,3,2.468239441818202e-23,0.00010625939970961805,0.00010625939968935263,1.1291060022341595e-08,1.5354083124991902,0.003797634854795866,0.20028683184968205,0.0055470267058464005,1.5354130089725375,0.20036363072588345,0.0002478302651288731,6.141984031384754e-08,CALIBRATED,-0.0020395376735435297,-0.0017956368041486515,-0.009491221314975914,-0.0029651462333724794,0.0,0.0,-0.00349087020162404,-0.001420587865046342,-0.014471682043920887,-0.004918987629749377,0.0,0.0
20470271,99,45,52,4.881665136616451,9.82582926707105,-57.34882051332079,322.62233084881143,358.971797737557,16,transition,False,3,3,2,1.2981141407400782e-30,8.934802037730534e-05,8.934802037730747e-05,7.98306874534375e-09,1.2245963161198392,0.0014221438795383582,-0.21403639460489748,0.037195892019758106,1.2245971418991208,0.21724436148864462,0.0001339343978229475,1.7938422920195567e-08,CALIBRATED,0.0009344390565002012,0.002580079389470971,-0.0025571148495002515,-0.008676358568978514,0.0,0.0,0.0009801799279795065,0.0033752452304305854,-0.0031697830545939646,-0.010560958297095871,0.0,0.0
20470271,100,46,51,2.529641008818288,-183.24748188552945,50.828076419081,102.32040647251362,90.8395025065895,4,source,False,3,3,2,0.000985894985597783,0.37709708094062533,0.4162804645041162,0.17328942512776277,1.6385467553131638,0.004696530074697085,0.19828835148115184,0.004644840399879447,1.6385534860791209,0.19834274596126059,1.1162450458455253,1.2460030023746789,CALIBRATED,0.6396592834358945,0.0591819736765477,-0.05977397876051846,-0.0064055501933689574,0.0,0.0,1.0435631265286194,0.09974220482675039,-0.13082129547753668,-0.012582846308191195,0.0,0.0
20470271,101,46,169,4.545170490420475,-169.93814181151498,37.293516867014326,119.67549775155105,109.82167402288886,5,source,False,3,3,2,7.71900872928702e-05,0.012730951888902995,0.01254600849257783,0.00015740232909583504,1.2579625327152193,0.00165316889425756,-0.0832333238050173,0.027513051832215522,1.2579636189821555,0.08766272989562347,0.018812512099622845,0.0003539106114984559,CALIBRATED,-0.006132250033087738,-0.0020006958207943342,-0.11136526956977695,-0.0101083110356326,0.0,0.0,0.025983756096325663,0.0017529756343883348,-0.1341150163558532,-0.012142733754965116,0.0,0.0
20470271,102,47,50,2.9619123885156142,113.43208664427267,31.647157162747625,396.7267871150706,412.99783308808185,19,transition,False,3,3,2,6.410856488855346e-46,6.0564336190133646e-05,6.0564336190133646e-05,3.668038818151532e-09,1.506014663442976,0.0035414567517413073,0.20085638311490972,0.005804142742674155,1.5060188273793873,0.20094022671177797,0.00013562660792670826,1.8394576777705045e-08,CALIBRATED,-0.0037439749073576783,0.0041798887499883645,0.00361426765707783,-0.004001573118653658,0.0,0.0,-0.006129437699209326,0.006794035534948501,0.004833186373914621,-0.005342096221810577,0.0,0.0
20470271,103,47,58,1.7443863437714882,112.23526142954807,46.047540490789025,393.85664437389556,414.8382766584316,19,transition,False,3,3,2,2.873787347279919e-45,6.207436037940927e-05,6.207436037940927e-05,3.853226216512776e-09,2.097678878026114,0.009541529560189891,0.1706365943434679,0.0033480671926913418,2.0977005782769007,0.17066943746044277,0.0002640605828373592,6.972799140840584e-08,CALIBRATED,-0.002793946936247775,0.003752012681487424,-0.004072234645535889,0.004858757734904643,0.0,0.0,-0.007297339147073526,0.009128451294123534,-0.007094732102936379,0.008783255522203926,0.0,0.0
20470271,104,48,68,3.0464623009181864,4.653567674850282,51.10294027540486,286.3575470890358,289.987785045006,13,transition,False,4,4,4,2.8483500630077996e-24,0.00012342337385399762,0.0001234233738599161,1.5233329214964618e-08,1.485866360234203,0.0033740677882471465,0.19771897375359443,0.006181306528751872,1.485870191103206,0.19781557353397874,0.0002692480709237062,7.249452369613712e-08,CALIBRATED,0.0017534118720154744,0.006403997331511751,0.002142657990036863,0.00864562060136303,0.0,0.0,0.0027542944367066192,0.010661739519887033,0.0029955399237149606,0.011790503977996102,0.0,0.0
20470271,105,48,76,1.7520064207678985,-8.575663015133074,52.13048334794036,273.1002608009872,282.7994052342056,13,transition,False,4,4,2,3.839338854184111e-22,0.00021067392884489873,0.0002106739289235206,4.438350432807261e-08,2.0913737061127384,0.00946912083436304,0.17098378340819914,0.003357625226197908,2.0913951426904256,0.1710167472376362,0.000899495771440825,8.090926428399249e-07,CALIBRATED,0.00200625011245311,0.004719827929686822,-0.005498914289109454,-0.01241507371564819,0.0,0.0,0.005762856323563342,0.013282053432449734,-0.01046714420187744,-0.024089649381206127,0.0,0.0
20470271,106,49,62,5.954806368962519,103.90451681023268,92.43880855863057,383.66588081527914,401.21402067933315,21,transition,False,4,4,4,5.414985329043775e-43,4.436879017752413e-06,4.436879017752413e-06,1.9685895418171614e-11,1.153881880523269,0.0009601141783655195,-10.384082309370717,14.75227702871407,1.153882279965834,18.040477902198454,0.00039576225569878953,1.5662776303579406e-07,CALIBRATED,-0.0010107881098438826,0.0008268758262615374,0.001547778121740574,0.0005795219310398568,0.0,0.0,-0.00875202379425685,-0.017248765012848468,-0.0004244694058108773,-0.004632954398503897,0.0,0.0
20470271,107,49,100,1.5528303307880122,110.3477147540743,101.06921771160484,390.3676153323905,411.9095351422954,20,transition,False,4,4,3,1.7543372194671715e-44,6.86769911014535e-05,6.86769911014535e-05,4.7165291067491235e-09,2.256180372626586,0.011361764031723356,0.16190884093327176,0.003107794188712137,2.2562089804597787,0.16193866479959285,0.000341122314215421,1.1636443325568442e-07,CALIBRATED,-0.005040681150167842,0.00522984476765965,0.0021687147373968705,-0.0033487198655272324,0.0,0.0,-0.011611600058076467,0.012688023114143384,0.004458845120658168,-0.0050424029937764445,0.0,0.0
20470271,108,49,165,4.9907597425254195,103.21878007264581,117.04171329815122,384.24565747183914,415.93839949406197,20,transition,False,4,4,4,4.0342148674763086e-43,1.531428984703174e-05,1.531428984703174e-05,2.3452747351889944e-10,1.213778687098704,0.0013472434815057959,-0.2564439325016071,0.04033515633282017,1.213779434790379,0.2595966397187796,2.2247225337439093e-05,4.949390352147919e-10,CALIBRATED,0.0005017156017043692,0.0005597968229078216,0.0006988062136703245,0.003776356537038872,0.0,0.0,0.00015991285678932233,0.0011864619009276096,0.0009518038323734257,0.0044618416419679304,0.0,0.0
20470271,109,50,66,3.1117898829763107,133.72259282283017,21.69433434410023,418.232472848984,435.5979066065788,20,transition,False,3,2,3,5.949516332342988e-51,6.27414368204104e-05,6.27414368204104e-05,3.936487894289549e-09,1.4739560623560595,0.0032818108972504263,0.1929895252066036,0.006567990067940505,1.4739597158806426,0.1931012566841626,0.00013626939449410444,1.8569347875789862e-08,CALIBRATED,-0.005884631583293126,0.004858754283906993,0.0017103266760064065,-0.0012569158361941937,0.0,0.0,-0.008732745744618622,0.007128266723277474,0.0023640693402377784,-0.0018993514499198204,0.0,0.0
20470271,110,51,82,2.681170020246814,-204.93727071480188,56.51651532413033,79.99858845807411,68.41618257766483,3,source,False,2,2,2,0.01453412945390146,1.52327933195756,1.8076457262633472,3.267583071678144,1.5920887712622518,0.004291629063490875,0.19918855286633952,0.005051223857589411,1.59209455550208,0.19925258958278566,4.581435896642109,20.989554875040884,CALIBRATED,1.239658801863031,0.06881705501153454,-0.5150885070172607,-0.028979718858725405,0.0,0.0,1.9808534403459985,0.11548159277907179,-0.8013260021493551,-0.04686346679526437,0.0,0.0
20470271,111,52,110,3.4710626927420805,19.776050127178696,-79.17417069159575,341.5202363474538,382.9583107306798,17,transition,False,3,2,3,3.2321091892783234e-34,9.438017393563681e-05,9.438017393563682e-05,8.907617232121061e-09,1.4084546914340395,0.0027744387979868187,0.16697964982795838,0.008694578520133113,1.4084574240399315,0.16720585860642073,0.00018660354769562686,3.482088401259409e-08,CALIBRATED,0.0006945598375882533,0.005199988885986637,-6.191145437049652e-05,-0.008176432175776877,0.0,0.0,0.00037645900891618175,0.007231016287277772,-0.00043022430255515974,-0.011575367675061003,0.0,0.0
20470271,112,53,56,3.793726269020901,51.557894358614945,-84.25395866099362,371.9880856897233,400.37815816429656,18,transition,False,4,4,2,1.8509713696606562e-40,5.7443201789749534e-05,5.7443201789749534e-05,3.299721431857884e-09,1.3496277888174915,0.002318766975342571,0.14362013254717218,0.01060447155018196,1.3496297807282844,0.14401110127252664,0.00010365786599489923,1.0744953182616486e-08,CALIBRATED,-0.0007055546692677611,0.005340626325449191,0.0016571009134137833,-0.005067259753861673,0.0,0.0,-0.001517861031017569,0.006878180013749527,0.0017223168755260752,-0.007146903396867217,0.0,0.0
20470271,113,53,110,2.012311260790785,34.670058592354415,-82.38388362880426,356.14976870979785,395.42641191745986,18,transition,False,4,4,3,3.7913957556358774e-37,5.3034514568225216e-05,5.303451456822521e-05,2.812659735487292e-09,1.8802999691951092,0.0070550567663734435,0.18267272538624438,0.0036907671034786672,1.8803132047563524,0.1827100061897278,0.00017700744347693537,3.133163504624047e-08,CALIBRATED,-0.005448910956700083,-0.002224723655670217,-0.004263704366547025,0.00046401905647092925,0.0,0.0,-0.01025829390302901,-0.0024183430397026447,-0.007983760529849926,-0.0014785244064084364,0.0,0.0
20470271,114,54,61,3.160329157251944,-175.15046178055385,133.73961583472004,115.3384510252341,250.59968702157266,12,source,False,3,3,3,0.00015143647610306614,0.010960963691279349,0.01270896463184741,0.00016151778201354836,1.4651065504470264,0.0032132627833477458,0.1894754811694214,0.006855301151180197,1.4651100740969942,0.18959945442499865,0.02684569891999276,0.0007206915505029004,CALIBRATED,0.07717555220359043,0.022087210917173403,-0.07689548216399973,-0.01876535932468628,0.0,0.0,0.12405242661885567,0.03374423079019566,-0.09812655036612458,-0.026252645039854777,0.0,0.0
20470271,115,54,86,2.9075940673968894,-161.63401077311215,137.3218454796811,129.12628425278285,248.9394759500226,12,source,False,3,3,2,1.630781734326097e-05,0.002735548635116393,0.0028520541061988606,8.134212624685782e-06,1.5226683700329933,0.0036866008593986676,0.2005336896092162,0.005658467225193203,1.5226728329240096,0.20061350632403604,0.00655406931619145,4.295582460144226e-05,CALIBRATED,0.016444232744419567,-0.0027155111830154074,0.05069580287836419,0.002050093943988675,0.0,0.0,0.02977876989442978,-5.4531854372583664e-05,0.07526278674210911,0.001674556017192685,0.0,0.0
20470271,116,55,85,3.7723225334218426,-51.870353069199425,-3.7878293972613166,244.51302196945807,297.6285064676199,14,transition,False,3,3,3,6.808618610089322e-18,0.0006525927474954067,0.000652592816042017,4.2587738354964977e-07,1.3535300435567377,0.0023489937500045816,0.14516967506872266,0.010477779700085047,1.3535320818445131,0.14554730649174527,0.001195285516956286,1.428707467045456e-06,CALIBRATED,0.01313489259061566,0.019160951808139245,-0.005795063723416538,-0.008907444915502638,0.0,0.0,0.017537226134311138,0.02589348663932015,-0.008237659358276174,-0.012222910227383426,0.0,0.0
20470271,117,55,150,2.488056281456938,-42.601680869205715,2.275770843985187,251.10870825504423,286.5526077575115,13,transition,False,3,3,3,7.84185077682286e-19,0.00024876873456410254,0.0002487687362117347,6.188588411638364e-08,1.6533326121962013,0.00483155553267846,0.19773413937559456,0.004543927759325306,1.653339671840115,0.19778634218289448,0.0006673983116014541,4.454205063284716e-07,CALIBRATED,0.0009302960728560331,-0.0006829506154892931,-0.01152580010970248,-0.010704802460416935,0.0,0.0,0.0023928423095627392,0.0018798679319170443,-0.018891535353037725,-0.01735651479550247,0.0,0.0
20470271,118,56,59,2.800090098478023,56.47544593060202,-103.79494123573696,385.5569919627759,420.5284016727402,19,transition,False,4,2,4,2.069680684477865e-43,4.93495351574317e-05,4.93495351574317e-05,2.4353766202545873e-09,1.5556285116346444,0.00397386245579905,0.19989503156729013,0.005370153890374145,1.5556335872542213,0.19996715279788882,0.00011648991913711934,1.3569901260572602e-08,CALIBRATED,-9.462667680656531e-05,-0.0026168645259235517,-0.0028949862183533276,-0.0058405184528409326,0.0,0.0,-0.0010992362312743883,-0.002997303191006985,-0.004191269564470493,-0.009419715062786967,0.0,0.0
20470271,119,57,70,4.620231941744208,-51.03448089615436,-62.69632200147267,272.2136900575196,387.87112698631523,19,transition,False,3,3,3,5.2853706720467e-22,0.0001133162435640142,0.0001133162436630762,1.2840571077909658e-08,1.2505195713749886,0.001601634425305532,-0.11241140566407273,0.029672991212021948,1.2505205970413753,0.11626181888668978,0.00017701531488521766,3.133442170391276e-08,CALIBRATED,0.0021544649544269438,0.007289180421634499,-0.0017716877996492475,-0.007239025869870658,0.0,0.0,0.002380228210157398,0.008961560408071056,-0.0024985711965511913,-0.009208550677552175,0.0,0.0
20470271,120,57,75,2.0757888879561293,-69.55323887077292,-58.707442289977735,254.58195185953684,401.09226987704903,19,transition,False,3,3,2,2.455247007207148e-19,0.0002849087562755308,0.0002849087473362368,8.117299430870362e-08,1.8500162065902863,0.006758379815101224,0.1846823372166744,0.0038046024809843355,1.850028551224126,0.18472152197254046,0.0009655548951190459,9.322962554883518e-07,CALIBRATED,-0.009020396344286483,0.011749131312670216,-0.003440647257572261,0.007325370773879814,0.0,0.0,-0.016150004745627698,0.02273226503070239,-0.007684264859263633,0.01135466608852238,0.0,0.0
20470271,121,58,63,1.9768705937935387,130.63442165156164,50.14282971124943,411.8026240750931,433.68769284765466,20,transition,False,3,2,3,2.0273608680591e-49,0.00010158117627710378,0.00010158117627710378,1.0318735373840032e-08,1.9053116402368024,0.007332380187179891,0.18122913682931446,0.003639677402470917,1.9053257491098639,0.18126568149402258,0.0003681250629304721,1.3551606195756404e-07,CALIBRATED,-0.00743885486985054,0.005860596235465583,0.002627850038977851,-0.0022343747313052563,0.0,0.0,-0.014343275115113002,0.011293104727864395,0.004625479741727519,-0.0036696382201802024,0.0,0.0
20470271,122,59,60,3.1123654472606397,57.5117711413408,-125.4334288772786,397.48101576950796,442.1916912972539,20,transition,False,4,4,3,4.314365975639192e-46,5.9172637032754464e-05,5.9172637032754464e-05,3.501400973410105e-09,1.4738511274746753,0.0032809980740941412,0.19294785671708567,0.006571396917352089,1.4738547794497032,0.19305972824274462,0.00012834780819162138,1.6473159867593232e-08,CALIBRATED,-0.0007394626446130552,0.002665638033950815,0.0026335609602161918,-0.006677167256461106,0.0,0.0,-0.0014520077977272863,0.0039517398440350755,0.0037611231145103998,-0.009822280115610722,0.0,0.0
20470271,123,59,114,1.6675755993241452,42.528528661103316,-112.82439683946771,378.1043882092045,424.4106454586463,19,transition,False,4,4,3,8.914057457453188e-42,6.724365316266913e-05,6.724365316266913e-05,4.5217088906613416e-09,2.1612353156793085,0.01027141301646783,0.16713691178926987,0.00325172175294869,2.161259723324523,0.1671685406313424,0.000304765405728947,9.288195252912967e-08,CALIBRATED,-0.0063500429313663705,0.00493341580434134,0.0015238669919804568,0.0005097507476214619,0.0,0.0,-0.013909722562420622,0.010123028789937797,0.0025251000145488874,-0.0015598660199034361,0.0,0.0
20470271,124,59,161,2.0608123481052267,46.76094558421948,-123.67173045061787,387.450619677097,436.0544420681147,20,transition,False,4,4,3,7.86313427472819e-44,4.8300590001893975e-05,4.8300590001893975e-05,2.3329469945310604e-09,1.8571611803037023,0.006828376038684049,0.18420820116264572,0.003777744828236614,1.8571737334849332,0.1842469341171381,0.00016586534534656925,2.7511312786936682e-08,CALIBRATED,-0.0024649710241649516,-0.0031330326182701885,-0.0041043258696471414,-0.003945012499412573,0.0,0.0,-0.005090508054421632,-0.0055063069451165535,-0.007211813608470376,-0.007590942062569076,0.0,0.0
20470271,125,60,88,1.8997331148993872,66.02095631361576,-146.26855511625573,415.9393212041843,464.69743984490674,21,transition,False,3,3,3,2.107369495657823e-50,8.22514330842368e-05,8.22514330842368e-05,6.765298244410685e-09,1.9691384317011353,0.008065368392266575,0.17771456746661615,0.0035429221323824804,1.9691549490504066,0.1777498798511059,0.00031588103002687043,9.978082513083661e-08,CALIBRATED,-0.0010984733672429784,0.0031170146759239886,0.004889077719376133,-0.006886648525202156,0.0,0.0,-0.003606696251793826,0.005725343637739197,0.009094677311655445,-0.013688683537901874,0.0,0.0
20470271,126,60,161,1.7884218341900073,51.076325025547625,-134.39193844390297,396.9172067534087,447.610624791745,21,transition,False,3,3,3,5.8012607131560185e-46,6.011032790692069e-05,6.011032790692069e-05,3.6132515210775283e-09,2.0612420628194723,0.00912308841400888,0.17264295736848578,0.003403301896106618,2.061262252183958,0.17267649866942764,0.0002508347945564738,6.291809416018841e-08,CALIBRATED,-0.006722232684356519,0.0036809089451853723,0.0010816609461663722,0.0004503716011055905,0.0,0.0,-0.013882774817497607,0.007208411231285386,0.0022679006408749675,-0.0009993958809829636,0.0,0.0
20470271,127,61,74,1.6963753462702336,-195.10506097294962,142.21487267333072,102.11217806117507,272.27953959048045,13,source,False,3,3,3,0.0010140367440000676,0.08393390411987599,0.10269854806383104,0.010546991774419014,2.137405194849512,0.009997747411581636,0.1684490976387592,0.003287845921565493,2.1374285770343264,0.16848118122246228,0.4663013210214815,0.21743692198637873,CALIBRATED,0.3105563955331567,0.041161874015761234,-0.0672261734356803,-0.006294044009299095,0.0,0.0,0.6699919590731052,0.0913034737353732,-0.09444353626953,-0.012497597354057791,0.0,0.0
20470271,128,61,107,2.5256766416699854,-179.2108837004325,150.78814420188618,120.09448007912859,268.1250784766444,13,source,False,3,3,2,7.222972167983295e-05,0.010564854650707865,0.010996042441968433,0.0001209129493855711,1.6397622090669468,0.004707123269043223,0.1982648000254626,0.004634208421130486,1.6397689652184493,0.1983189522381236,0.028528595512075507,0.0008138807618916148,CALIBRATED,0.029616951447503967,0.000981638468142192,0.09987826051346126,0.011926780439316272,0.0,0.0,0.07325709653881367,0.007614598203947873,0.15104450909228445,0.01701668258038785,0.0,0.0
20470271,129,62,100,1.5405442727213128,113.9777597791952,88.60985309986884,393.68365662504505,408.66395042818783,21,transition,False,4,4,3,3.1446525396030574e-45,5.987345570500468e-05,5.987345570500468e-05,3.5848306980591573e-09,2.2663463733487252,0.01147851059615617,0.16134905853062406,0.0030923835104840233,2.266375441138653,0.16137868980907816,0.00030070945320875516,9.042617524910852e-08,CALIBRATED,-0.0009073128585553687,0.0036329619006747835,-0.00253216436721793,0.006280125040740991,0.0,0.0,-0.003432498690058091,0.009644613831752396,-0.004814542044367463,0.013142641092675891,0.0,0.0
20470271,130,63,64,3.9266445168673556,151.93011457355664,51.88920320022558,432.88848066855587,455.05487229162685,21,transition,False,4,3,4,1.5585705814699798e-54,3.807448725781767e-05,3.807448725781767e-05,1.4496665799457203e-09,1.325394595495203,0.0021310572221768264,0.1339973974888523,0.011391234153063676,1.3253963087215754,0.13448071515765894,6.674683086147261e-05,4.455139430050033e-09,CALIBRATED,-0.004581339566189358,0.0029689702341539406,-0.002419773050492356,0.0015542616156568986,0.0,0.0,-0.006200318875353891,0.003999248332336555,-0.002951020063821846,0.0018974641141868932,0.0,0.0
20470271,131,63,83,3.0676179176792147,150.5327094225301,40.16069601418302,432.553547158278,455.94942794091236,21,transition,False,4,3,4,1.8878068205471546e-54,5.133900354339734e-05,5.133900354339734e-05,2.6356932848289644e-09,1.4820093416597897,0.0033441914118682685,0.1961873940165376,0.00630652972705721,1.482013114781068,0.19628873092513086,0.0001121420478101749,1.2575838887059553e-08,CALIBRATED,-0.004768232030442874,0.002808950804230953,0.003926481083190821,-0.0023011971949424255,0.0,0.0,-0.007419713977440987,0.0043433179255782575,0.005338633029562641,-0.0031184097030626263,0.0,0.0
20470271,132,64,65,4.827476456945728,163.91164666483843,69.33687651467076,443.8778831242789,476.22037288438435,22,transition,False,4,4,2,2.6676153006865466e-57,2.4691506758801125e-06,2.4691506758801125e-06,6.096705060199216e-12,1.229969570177076,0.0014593478608202826,-0.19297203062867685,0.03563657946855644,1.2299704359283437,0.19623498770905695,3.466419837127399e-06,1.2016066487230344e-11,CALIBRATED,0.00031279660953998663,-5.4453451068537795e-05,-0.0008479251766606853,0.001284276712158277,0.0,0.0,-0.00016219999131898368,0.0001927149803393696,-0.0009937265874182867,0.0015541812654109313,-0.0,0.0
20470271,133,64,69,4.4051363528084515,174.93624018368325,57.74223100901742,455.44269463924456,478.7938644799952,22,transition,False,4,4,3,2.7527335577796433e-60,2.8416943441973914e-05,2.8416943441973914e-05,8.075226745843443e-10,1.2718480712197122,0.0017493112521486474,-0.02879889097366184,0.02348348348506309,1.2718492742283414,0.03715979168275964,4.594225982846399e-05,2.110691238146096e-09,CALIBRATED,-0.0050015583082298745,0.001829856598349708,-0.0002288997707723776,2.4241612302411936e-05,0.0,0.0,-0.006357592574138806,0.0023110453839182378,-0.00039986200160409957,0.00014985360476968057,-0.0,0.0
20470271,134,64,83,3.6229229325388523,161.36029154813275,45.248381614970974,442.83841709133236,466.5886812504665,22,transition,False,4,4,4,4.906598559476931e-57,1.8233306504549494e-06,1.8233306504549494e-06,3.324534660888469e-12,1.3807680599249077,0.002559978792759604,0.15598559237434712,0.009593461551413886,1.3807704330554782,0.1562803235628671,3.139888232254008e-06,9.8588981110472e-12,CALIBRATED,0.0003031675270512377,4.997902526583027e-05,-0.0010024980146016726,0.0008508348422283661,0.0,0.0,-9.152928037349541e-05,0.00013478246442385269,-0.0013256302387815218,0.0011644950753009634,0.0,0.0
20470271,135,65,79,2.020322967659606,175.13417969063272,86.1518940892349,454.8250520755709,496.4364571626996,23,transition,False,2,2,2,3.9920712667687184e-60,4.3947122379444473e-05,4.3947122379444473e-05,1.9313495654338694e-09,1.8764777622269309,0.0070176122544332396,0.1829263646860182,0.0037051346171461425,1.8764908843407535,0.1829638841951419,0.0001544949120646228,2.3868677853855533e-08,CALIBRATED,-0.005397885926411671,0.0025760492926417277,-0.002664184488530071,0.0010373239406507044,0.0,0.0,-0.010319791086845075,0.004731450759152002,-0.004616251070335755,0.002073746309903823,0.0,0.0
20470271,136,66,83,1.137826282396059,152.42405537907405,26.112583975075218,436.10892683278206,454.8141921879341,21,transition,False,4,3,4,2.4499485271493755e-55,4.078342637330323e-05,4.078342637330323e-05,1.6632878667466457e-09,2.946369702993812,0.02124857142002655,0.14156850703917861,0.002717074123559567,2.9464463220135597,0.1415945785582728,0.00033359438956704886,1.1128521675061195e-07,CALIBRATED,-0.0030599903846345957,0.0013626528458358126,-0.004857590124233245,0.002442719923760039,0.0,0.0,-0.011650473482457395,0.005480501031337194,-0.011712232675550894,0.005536115190354688,0.0,0.0
20470271,137,66,115,4.118048469926958,151.3323727115926,8.514398386572271,437.7572421777948,457.5937030135108,21,transition,False,3,3,2,9.452855743191176e-56,1.4654838778401843e-05,1.4654838778401843e-05,2.1476429962095042e-10,1.3003152001634342,0.0019464153758492477,0.0827986547669774,0.015222353267548557,1.300316656937412,0.08418632472214922,2.4208382556288262e-05,5.860457859916018e-10,CALIBRATED,-0.001095717190278775,0.0010954662558034863,0.002702160711788316,-0.002225426652889953,0.0,0.0,-0.0019576299435475324,0.0016997936859467282,0.003182238572725547,-0.0027129553354022723,0.0,0.0
20470271,138,67,94,2.3922856594864896,-171.6350249384446,83.5966431302941,108.063659403745,228.78179753044017,11,source,False,2,2,2,0.0004434926137840964,0.12842856974792488,0.14340582866103394,0.02056523169395782,1.6990226436259315,0.0052791610500307045,0.19470217703683013,0.004372180871598056,1.6990308452453242,0.1947512611216038,0.4134973062651886,0.17098002228856718,CALIBRATED,0.36612749835661423,0.041623986655990146,-0.08676138758587199,-0.009817788304778011,0.0,0.0,0.6256413578458709,0.07307417602889872,-0.12846782866897513,-0.015045910166546621,0.0,0.0
20470271,139,68,78,2.1796237017461273,13.082469673733346,70.60711447035565,293.12597676002196,311.2353543161899,14,transition,False,4,4,4,2.130036732067259e-25,1.1628615761821514e-05,1.1628615761511014e-05,1.3522470452886237e-10,1.8004789287909513,0.006273084485600416,0.187969600454466,0.003990811004425622,1.800489856847068,0.18801196043732069,1.9751732949469114e-05,3.9013095450714386e-10,CALIBRATED,-0.00033638715914247925,-0.0022868679987325816,0.0024034006353105017,0.0007136943205861877,0.0,0.0,0.00014392271305191205,-0.0003814719723751138,0.004284839130787201,0.001107091667254305,0.0,0.0
20470271,140,69,81,4.593765138253847,198.09964856604768,64.03442259936288,478.249300913352,502.79668020852597,23,transition,False,3,3,2,2.1153044142672905e-66,1.9387535536700756e-05,1.9387535536700756e-05,3.758765341868347e-10,1.253143973004643,0.001619805572261522,-0.10212316123007359,0.02891139268030858,1.253145019879165,0.10613674522208887,3.0337117640259816e-05,9.203407067189633e-10,CALIBRATED,-0.0037233293167771393,0.0008080824636442841,-0.002168663565414408,0.0004101894775872366,0.0,0.0,-0.004827838365678373,0.001011816536025376,-0.0023989895844264038,0.0005001705972795954,-0.0,0.0
20470271,141,69,119,4.050549116597537,194.27725933371104,48.848061296456535,475.34422095237136,500.0819192675416,23,transition,False,3,3,3,1.3207425161527064e-65,1.0163661421767346e-05,1.0163661421767346e-05,1.0330001349632183e-10,1.3070083171823774,0.0019927579827012567,0.10903717829864805,0.013280017903702687,1.30700983633188,0.10984291113610303,1.6868798523347212e-05,2.845563636212811e-10,CALIBRATED,-0.001440415130779922,4.1936748612961456e-05,0.0028367168387461407,-0.0002003610707634694,0.0,0.0,-0.002394421610675631,0.00013919234398080944,0.0033285864159961166,-0.00019152450574270392,0.0,0.0
20470271,142,70,117,2.2526381438034164,-43.83304196791693,-82.55096502152705,289.31810998915023,398.8442285832113,19,transition,False,3,3,2,9.230370734680798e-25,0.00016230191338932474,0.00016230191338764295,2.6341911089289955e-08,1.7656453641363212,0.0059318350874152095,0.19028113434605864,0.00412174889461026,1.7656553283593,0.19032577046205024,0.0005003199556967785,2.5032005806842637e-07,CALIBRATED,-0.0008752453667131437,-0.0022731904317777316,-0.009919692834232243,-0.007613682306942272,0.0,0.0,-0.0021148641476848528,-0.001981768675016679,-0.01739605430323032,-0.013758531641545193,0.0,0.0
20470271,143,71,104,2.6416322429916335,100.9139989382777,-100.67280193885594,423.4821570395976,445.3462292081676,21,transition,False,3,3,3,3.204053359271456e-52,2.9994660447692542e-05,2.9994660447692542e-05,8.996796553723713e-10,1.6042108421964776,0.0043972780467485765,0.1989536674043622,0.004945188066293396,1.60421686884129,0.1990151166586513,7.663960840230779e-05,5.873629576059087e-09,CALIBRATED,-0.005067092435442356,0.00018999925565092038,-0.0020264863904144777,0.000420104618746799,0.0,0.0,-0.00827215556366067,0.0004329123587536771,-0.0028245439918699504,0.00021351548078609028,0.0,0.0
20470271,144,71,124,2.670801963294327,121.97599121782227,-101.78142821399882,442.97428059245846,458.772322146898,21,transition,False,3,3,3,4.5313094111930034e-57,5.156750361017424e-05,5.156750361017424e-05,2.6592074285853337e-09,1.595267562042952,0.004319333571721535,0.19912695846179385,0.005023417916044858,1.5952734095285883,0.19919031179704555,0.00013051766100421013,1.7034859834009913e-08,CALIBRATED,-0.005918651764435255,0.002699288509593559,0.002958740637412095,-0.0007048122331686202,0.0,0.0,-0.00959629809435608,0.004006905821472541,0.0044085018565061295,-0.0017142173162990292,0.0,0.0
20470271,145,72,155,3.6839924591423703,68.52283212474129,183.1078909931145,361.766432952213,443.44111228239825,20,transition,False,3,3,2,2.636203047260184e-38,5.692981529458687e-05,5.692981529458687e-05,3.241003869475777e-09,1.3696340759290213,0.0024737352110812062,0.15156440954833272,0.00995494103587746,1.3696363098690976,0.15189098423791494,0.00010656401531826993,1.1355889360752469e-08,CALIBRATED,0.0010246559794359687,0.001547652829367679,0.0028442403341578386,0.006737578426979007,0.0,0.0,0.0010996839019279242,0.0024096823151625838,0.00395896720558455,0.009158314279342529,0.0,0.0
20470271,146,72,175,4.8440579974441,77.87648952562407,171.082134855326,367.7795255062146,438.4523969257885,20,transition,False,3,3,3,1.4499701972274767e-39,2.5929802700124785e-05,2.5929802700124785e-05,6.723546680673986e-10,1.2283253738191005,0.001447963576758086,-0.19941765001757022,0.036113723484142025,1.2283262272565671,0.20266129418914505,3.880028022619253e-05,1.5054617456310672e-09,CALIBRATED,-0.0030727264192579743,0.004010921345055004,-6.53757033365352e-06,-0.0006329472935996638,0.0,0.0,-0.003769240054615269,0.004951816629978209,0.0002237573173979491,-0.00015018110020419807,-0.0,0.0
20470271,147,73,126,3.1362714804816285,-12.347092013877978,-115.86006313300352,334.3961345161825,418.9047261176948,20,transition,False,3,3,3,7.800729894902445e-33,6.709234613496488e-05,6.70923461349643e-05,4.50138290989386e-09,1.4694926625234785,0.0032472375057162935,0.19121715812823045,0.006712900234061839,1.4694962503394693,0.19133495392162184,0.00014358030142805204,2.061530295817028e-08,CALIBRATED,-0.0031978974793019613,-0.0027640842015409224,-0.0060721525353089585,-0.003514911088714953,0.0,0.0,-0.004734050102057905,-0.003190910892080175,-0.008888200651044849,-0.005655709321104434,0.0,0.0
20470271,148,73,146,1.8252346326827613,-0.439804030332021,-114.45505974048561,343.1715755823427,420.83377093647806,20,transition,False,3,3,3,1.5304964274414378e-34,0.00012120248895392024,0.00012120248895392024,1.4690043328625156e-08,2.0307816064200646,0.008773279897082261,0.17432023714989214,0.0034494770150233917,2.030800557271494,0.17435436321374873,0.0004957631238658284,2.4578107498520467e-07,CALIBRATED,0.000540439399276725,0.006816997932793926,0.0008022473856670949,-0.00859042213899313,0.0,0.0,-0.00032304171655041724,0.01322497210373174,0.0007060680368006199,-0.01789581930781942,0.0,0.0
20470271,149,74,112,4.2980781085395705,-208.75005334017527,155.4610726709704,99.97863989590027,291.29657487674723,14,source,False,3,3,2,0.0013485220378662952,0.004597139055936717,0.001038351613765736,1.078174073809908e-06,1.282463778206373,0.0018228135581663941,0.01281706714965862,0.020402816729340825,1.2824650736221368,0.024094649630362504,0.00040675225919102154,1.6544740035699996e-07,CALIBRATED,-0.03009438040185581,-0.0011894830065331305,0.00554936052700223,-0.010023452993487395,0.0,0.0,-0.004117199892451656,0.002284600504907975,0.015590021586556027,-0.011896753830365195,0.0,0.0
20470271,150,74,192,3.141041770844371,-216.8138446826912,139.94551065762317,83.49391487201139,294.1066166764001,14,source,False,3,3,1,0.009960976081835002,0.18109592483433817,0.2665067073871371,0.07102582508233313,1.468622959751762,0.00324050080822722,0.19087180870438794,0.006741136282332866,1.4686265348125485,0.19099081202105364,0.5729706419848316,0.3282953565765101,CALIBRATED,0.4777919702059613,0.028071567310748044,0.1930769946736271,0.012441938368325701,0.0,0.0,0.7136705190158616,0.04387725259088539,0.24794146867403632,0.01564759052697303,0.0,0.0
20470271,151,75,97,3.554688671206673,-90.12222735617644,-68.57856008728741,243.97791075194436,423.9072266791345,20,transition,False,2,2,2,8.09311500155726e-18,0.0002167451958148438,0.0002167451451307516,4.697845793775058e-08,1.3932082934733998,0.00265634055316218,0.16092547255888145,0.009189572951306608,1.3932108258078522,0.16118764211107095,0.00041976551503202343,1.762030876100999e-07,CALIBRATED,-0.008908072675100931,0.009705370688869727,-0.003885658070562282,0.005300832717241159,0.0,0.0,-0.012274213271811454,0.013831203232257458,-0.005770164572721762,0.0066717480124633445,0.0,0.0
20470271,152,76,77,3.555724653754602,-12.850128111608079,73.31374342369784,267.0955335343313,304.4096240970067,14,transition,False,3,2,3,3.2783128461120853e-21,8.085438612048465e-06,8.085438557915148e-06,6.537431667382099e-11,1.3930194167332288,0.0026548775183155245,0.16085047167867664,0.00919570508394569,1.3930219466219556,0.1611131131573208,8.18641671998354e-06,6.701741871322607e-11,CALIBRATED,-0.00047272590568291735,-0.001941983461375324,0.0019061897031083306,-0.0006760989776060194,0.0,0.0,0.00015417304287890788,-0.00041592516443441805,0.002581569361934753,-0.0011511530219492944,0.0,0.0
20470271,153,77,78,5.627708828886792,0.9508452051786049,83.3612641097355,280.6451284902976,321.48063860777944,15,transition,False,4,3,4,2.4244719230583963e-23,0.00016223036543930663,0.0001622303654746161,2.6318691482027508e-08,1.1740874388024642,0.001090563588485831,-6.915786739838938,9.712351469649839,1.1740879452931414,11.922997831960782,0.00024669566810899934,6.085875266374556e-08,CALIBRATED,0.0035855281138934864,0.012155238525454378,-0.0004263943720104997,-0.001201131902799602,0.0,0.0,0.0036349509819337852,0.013909025712804954,-0.0047475484942083234,-0.004181218301357735,0.0,0.0
20470271,154,77,140,2.948801723337283,-18.595883055073443,94.25068565766546,261.2570239402423,326.1206639150084,15,transition,False,3,3,2,2.520041513953115e-20,0.00012027945095895897,0.00012027945092404069,1.4467146314588713e-08,1.5100343232296372,0.003576489789561899,0.20077849546261792,0.0057689814399122675,1.5100385586503422,0.20086135862103127,0.0002674586728927309,7.153414170554082e-08,CALIBRATED,-0.0001099812567688417,0.0052831075968576184,-0.0015582770036103946,-0.009483032318158816,0.0,0.0,0.0008869794675088725,0.009462573818,-0.0015226674851721482,-0.013221691298220853,0.0,0.0
20470271,155,78,99,3.713944741566298,12.466543760229829,93.47951849018602,292.27871731467167,334.1160498995256,15,transition,False,4,4,2,2.9566777913817406e-25,1.3279677402347888e-05,1.3279677401923242e-05,1.7634983189915083e-10,1.3641732798217683,0.0024314360111471166,0.14939598735779663,0.010132232988366331,1.3641754466566083,0.14973918386294707,2.28389306308357e-05,5.216167523601252e-10,CALIBRATED,-0.0003904777436192007,-0.0008870504604982791,0.0032826312358275526,-0.0012508709700686021,0.0,0.0,-0.0004506364645171151,6.699898709964071e-06,0.0044891615642661,-0.0015758302475065108,0.0,0.0
20470271,156,79,96,1.9811098584618172,194.52746725204597,96.42432746166757,474.354253540128,518.38235632019,24,transition,False,2,2,2,2.459097588019638e-65,3.996525985787976e-05,3.996525985787976e-05,1.5972219955078555e-09,1.9018038945102975,0.0072920971620585645,0.181422287939995,0.003644994807237522,1.9018178745230987,0.18145890043898988,0.00014430645662615065,2.08243534239951e-08,CALIBRATED,-0.004851831489550891,0.0020639101203322767,-0.0032965587533822006,0.0011392833078612838,0.0,0.0,-0.009450365921128264,0.003774733465358579,-0.005944179147020546,0.002327050088965917,0.0,0.0
20470271,157,80,90,1.7688899348398053,70.69649915014965,0.4578507101216216,360.44333517330335,373.4161418022537,18,transition,False,3,3,3,4.958538175078938e-38,0.00013790886967965032,0.00013790886967965032,1.9018856336318776e-08,2.0774035771002066,0.009308687581260428,0.1717530369817212,0.003378802596621316,2.077424432756393,0.17178626842513178,0.0005937242083231555,3.525084355489578e-07,CALIBRATED,-0.005964339312257012,0.00920634117485934,-0.0020443307214627676,0.003660535523839229,0.0,0.0,-0.012515343472574878,0.019416073113205232,-0.0041624079554108805,0.006540707221855593,0.0,0.0
20470271,158,80,120,2.4063067365177524,50.20384370348587,-7.685401285280378,342.66900086474845,351.36480442067307,17,transition,False,3,3,3,1.922225835711613e-34,0.00013174038157290406,0.0001317403815729039,1.735552813697432e-08,1.6923334999505908,0.005213630396587203,0.19514606449034194,0.00439732507859137,1.6923415308373568,0.19519560177912693,0.00037337687172936493,1.3941028834240662e-07,CALIBRATED,-0.0051666183587453784,0.008502951916557179,-0.0022903782276698817,0.0052440835793217,0.0,0.0,-0.00872617145067744,0.015103945897318845,-0.004036514730870838,0.007266923055948438,0.0,0.0
20470271,159,81,84,2.793977420311549,220.47372451490097,69.14029300965731,500.4148708420546,525.7459544282432,24,remote,True,2,2,2,1.2491482620657857e-72,3.026847854408539e-05,3.026847854408539e-05,9.161807933737576e-10,1.557502626050684,0.003990196156833923,0.19985871745621142,0.005353760387468389,1.5575077373227222,0.19993041212764048,7.331574758925413e-05,5.3751988445712234e-09,CALIBRATED,-0.0054809451365808275,-0.0002467222828054271,0.0004021087866112229,-7.18024565992575e-05,0.0,0.0,-0.008545596500281815,-0.0004020752743950518,0.00035617896953153537,-2.429174774951293e-07,0.0,0.0
20470271,160,82,159,3.2332076803507555,-225.81761301914065,66.00700065581594,57.12524403058718,45.48022812668766,2,source,False,2,2,2,0.11560808044312021,4.906713894311093,6.277103459676221,39.40202784347918,1.4518195912227634,0.0031103423055081274,0.18419937551362286,0.007286679817814688,1.4518229229790693,0.18434344480446274,13.209145685048734,174.48152972884156,CALIBRATED,2.1852142836662414,0.08050119147260158,-1.2219950088403841,-0.0467947719081866,0.0,0.0,3.2307960243174065,0.12654097773451756,-1.6585307836915628,-0.06607385871141479,0.0,0.0
20470271,161,83,87,1.6462406385915784,170.53165678914417,31.18727376736299,453.4268825585961,473.6194495728763,22,transition,False,4,4,2,9.24337442470955e-60,7.498095839874404e-05,7.498095839874404e-05,5.622144122394184e-09,2.1788887587150327,0.010474145524674613,0.1661648395823477,0.0032249608331260666,2.1789139337245995,0.16619613198207275,0.00035519951353595123,1.261666944161764e-07,CALIBRATED,-0.007798719451927116,0.0030096794784978263,0.0021286618697309552,-0.0007560167921020167,0.0,0.0,-0.01719678884487972,0.006514318633857225,0.003863446698086019,-0.0014516884335836454,0.0,0.0
20470271,162,84,98,3.3691920787893537,241.8847644966953,74.72703652504146,521.6755625942911,547.8738629649459,25,remote,True,2,2,2,7.194985021536955e-79,2.1170842317231483e-05,2.1170842317231483e-05,4.4820456442107933e-10,1.4270273879732565,0.0029183024744174526,0.17435466374950714,0.008091591415734989,1.4270303719665909,0.17454232329965963,4.292863770653957e-05,1.842867935339331e-09,CALIBRATED,-0.0037612503884937856,-0.0004477631419852151,-0.002580689164299421,-0.0004042145942861415,0.0,0.0,-0.0055464741438462336,-0.0007242196004788591,-0.003380642983894564,-0.00046045766788215073,0.0,0.0
20470271,163,85,109,1.8425255056102756,-71.48764258665435,7.662903523412006,222.10489710280893,307.265398486203,14,transition,False,3,3,2,6.8449652044448704e-15,0.00148735586977732,0.0014873594349100326,2.2122380886158915e-06,2.016474411572601,0.008608975772897542,0.17510805097420365,0.00347116534479707,2.016492788727727,0.1751424520350084,0.006035733828652114,3.64300828503355e-05,CALIBRATED,0.021545715303059314,0.02149518335585297,-0.01595041964470462,-0.01751236113851101,0.0,0.0,0.04368214450627536,0.045351060997067046,-0.0314264687489278,-0.0329129519854716,0.0,0.0
20470271,164,85,150,2.1517974202167984,-53.346086942273956,7.3589359795354055,239.2927596564125,289.1212964840129,13,transition,False,3,3,3,3.6161783785149353e-17,0.00026243217828327253,0.00026243221637680064,6.887066819243991e-08,1.8137542281624002,0.0064031368637061745,0.1870886597662995,0.003940909717879115,1.8137655306953764,0.18713016160564455,0.0008272464877126596,6.843367514329314e-07,CALIBRATED,0.003167354632862372,0.011230041357528949,0.004960528459254593,0.010083620853622,0.0,0.0,0.007822345594553028,0.022431674396642242,0.00564701519739928,0.015198309124221777,0.0,0.0
20470271,165,86,107,1.1246095653278836,-165.6944326929908,154.3703738468472,133.43800674862783,266.46486740509425,13,source,False,2,2,2,7.714840672631981e-06,0.0006688809927708321,0.0006284510441304361,3.9495071486863533e-07,2.969961368114371,0.021591048434480942,0.1409140730780104,0.0027052339103762965,2.9700398484640385,0.14094003789535714,0.004144834482915439,1.71796528907649e-05,CALIBRATED,-0.0058891807188886786,0.015800135454422232,-0.011146873965049093,-0.014828065113828103,0.0,0.0,0.003571272977883423,0.050605845800945605,-0.004947239779269463,-0.03932751812116051,0.0,0.0
20470271,166,87,119,2.813952776367042,191.27008109019852,34.02161124084466,473.71162257989596,494.5506633791548,23,transition,False,3,2,3,3.6788810852431385e-65,3.833440623600417e-05,3.833440623600417e-05,1.4695267014669953e-09,1.5513782887750123,0.003936819963128019,0.19997738676594456,0.005407332005116327,1.55138328385796,0.20005047977235577,9.139184118386323e-05,8.352468634976478e-09,CALIBRATED,-0.005124990633381634,0.00098441761763997,-0.0032674831349765393,0.0006506559463177245,0.0,0.0,-0.008316740004413702,0.0015895546401450999,-0.004359040880661129,0.0008341196134645549,0.0,0.0
20470271,167,88,89,3.092100407499391,74.51099063484182,-167.10045498960648,434.7616631296901,487.1929668471556,22,transition,False,3,3,2,5.321724926239718e-55,4.465524842034574e-05,4.465524842034574e-05,1.994091211482791e-09,1.4775457791434627,0.0033096167601896144,0.19441496233823471,0.0064514451749210595,1.477549485813508,0.19452197491754558,9.721435770976167e-05,9.450631344921497e-09,CALIBRATED,-0.0010900831042938164,0.0021664604498385217,0.003619936127569011,-0.0050665055805441525,0.0,0.0,-0.0020173477727274004,0.003048735714571439,0.0052052257935785015,-0.007533624669055071,0.0,0.0
20470271,168,88,184,1.9193575513114922,81.13755484827297,-155.48505462173165,433.6289486117126,482.4021119512305,22,transition,False,3,3,3,1.0197443896212469e-54,3.730358860768021e-05,3.730358860768021e-05,1.3915577230110486e-09,1.9529003483668426,0.007878889904406152,0.17860870406484292,0.0035675375031802748,1.9529162418182355,0.17864432958131984,0.00013772956891957693,1.8969434154772493e-08,CALIBRATED,-0.005812952478206759,-0.0013727424308575557,-0.0009040171521406689,0.0009008347800506363,0.0,0.0,-0.011403394667061537,-0.0025798284281539244,-0.0010176336164677057,-3.265104490123691e-05,0.0,0.0
20470271,169,89,134,1.4704195193725944,86.00382855920606,-185.78320981746526,455.0391324270001,509.1276574425022,23,transition,False,3,2,3,3.509688795980489e-60,4.1512712726808336e-05,4.1512712726808336e-05,1.7233053179385147e-09,2.352695174921585,0.012630278523243605,0.1580370679086872,0.003015028207679174,2.3527290770581475,0.15806582561789917,0.00022533638198057496,5.077648504409559e-08,CALIBRATED,-0.0033953409680558357,0.0031713856724363406,0.003897107276188424,-0.0021769796122138437,0.0,0.0,-0.008173491707762125,0.005962132395493782,0.009064991015345383,-0.006388218098502102,0.0,0.0
20470271,170,90,108,3.0214599904799826,92.53035605531045,3.442097829557314,381.05238991424807,393.7579226754365,18,transition,False,3,3,1,2.0298524174432886e-42,9.890504261311614e-05,9.890504261311614e-05,9.782207454302319e-09,1.4904246946402717,0.0034093765407846467,0.19952903830899413,0.006033314186412681,1.490428594143961,0.19962023446680954,0.00021964319888692697,4.824313481728216e-08,CALIBRATED,-0.00559526141463572,0.008211779745362191,0.00034726108788158197,-0.00021017960297665546,0.0,0.0,-0.008373886502195714,0.012214820318342602,0.0003466904907435808,-0.0004463115834302758,0.0,0.0
20470271,171,91,129,3.6589694156571007,89.12519122284455,139.2606052423951,372.7832388681937,415.0737916814258,19,transition,False,4,3,4,1.2512819161441876e-40,5.3010540167642436e-05,5.3010540167642436e-05,2.810117368865232e-09,1.3741961903122253,0.0025090732432338845,0.15337597509115966,0.009806825971591965,1.3741984809033863,0.15368917844403074,9.986117698582e-05,9.972254668993265e-09,CALIBRATED,-8.261101159941266e-05,0.004113274008204087,-0.0006396640148826,0.005972899000477232,0.0,0.0,-0.00042832623655466255,0.0058402458439304125,-0.0006724356426122405,0.008069515004626802,0.0,0.0
20470271,172,91,165,4.003828993751185,94.16388748572766,129.44045915639447,376.4842121492101,416.9940488731122,19,transition,False,4,3,4,2.0004112437090173e-41,5.931061541554898e-05,5.931061541554898e-05,3.5177491009711563e-09,1.3116410022960248,0.0020248343238564,0.1271983455134493,0.011935617663824533,1.3116425652052313,0.12775710575297106,0.00010202852251647318,1.0409819406894475e-08,CALIBRATED,-0.004007394005662878,0.00657244382196456,0.00015107356974428386,-0.00017767296522213174,0.0,0.0,-0.005271220320877044,0.008613540348921478,0.00012093847001005457,-0.00018723084473290633,0.0,0.0
20470271,173,93,95,2.419987550153067,85.37400683498214,-31.375419264256074,383.16696279945097,397.4233096936369,18,transition,False,2,2,2,6.973519653929117e-43,8.901332986359645e-05,8.901332986359645e-05,7.923372893405432e-09,1.6858066883655656,0.005149690040567335,0.19557917968634356,0.004421859086151296,1.6858145538123668,0.1956291603124668,0.0002518725258301127,6.343976926804078e-08,CALIBRATED,-0.006762182948577904,0.006005463592098111,-0.0017448989702275933,0.0020435132153331973,0.0,0.0,-0.011480430141048905,0.010297836481922356,-0.002741183363897933,0.0025520045383358478,0.0,0.0
20470271,174,94,101,5.054014995759484,-194.89368440548049,88.26810264870474,84.85831888572302,252.50494601953596,12,source,False,2,2,2,0.008557490591413485,0.21994987018703893,0.31237755077107915,0.09757973422573814,1.2095258104178095,0.0013193577949595085,-0.8327700982509275,0.8728652051353897,1.209526529999177,1.2063994789773846,0.4569938655737253,0.2088433931720161,CALIBRATED,0.5458262212388416,0.03317594374919555,-0.11532551380135328,-0.007118258355133852,0.0,0.0,0.6625512512234895,0.040038985030381176,-0.12748683992483523,-0.01279415490097974,0.0,0.0
20470271,175,95,103,5.1488931144004475,108.73177038888562,-30.583279810677666,405.2565583566523,420.79450142948934,19,transition,False,3,2,3,6.961280322154071e-48,4.596414768766009e-05,4.596414768766009e-05,2.1127028726530285e-09,1.2036649734479667,0.0012815195568389368,-1.8387860971843997,2.3347491894167023,1.2036656556527103,2.971899744049349,6.666145734398879e-05,4.443749895224437e-09,CALIBRATED,-0.005132652814956407,0.00430927010129653,0.0008305791327626613,-0.0006002934841152172,0.0,0.0,-0.006229819024254982,0.0052044418663043665,0.0006771863144369933,-0.0005531869709393759,-0.0,0.0
20470271,176,96,125,3.772607327188851,209.32272442223018,112.79432630704943,489.8008335416592,540.4476344043132,25,transition,False,2,2,2,1.3015947382260387e-69,1.4977301925947997e-05,1.4977301925947997e-05,2.243195729810056e-10,1.3534781209462254,0.0023485915586683704,0.1451490571700475,0.010479465436160011,1.3534801586142422,0.14552686347606544,2.7262255454665038e-05,7.432305724754137e-10,CALIBRATED,-0.001293907996887919,0.0008304072989789779,-0.0031709913318113646,0.0015994817013386304,0.0,0.0,-0.002086529222734663,0.0011219774660051122,-0.004122837006412261,0.002156857167657065,0.0,0.0
20470271,177,97,106,2.5455145526112553,-111.9402544129102,-75.09924262219286,231.8939583309248,446.6788231398438,21,transition,False,2,2,2,3.624692586689755e-16,0.00023775494301944624,0.00023775459233996705,5.6527246178743916e-08,1.6336800117278079,0.004654114342735222,0.19838265280322578,0.004687411426720332,1.6336866411583604,0.19843802246325823,0.0006274090676450612,3.93642138163245e-07,CALIBRATED,-0.009209675294098605,0.01218125836368913,0.00037122266548992027,0.002101335700671602,0.0,0.0,-0.014806476948975817,0.019949135251920692,-0.0016431950919955423,0.0027402957130072247,0.0,0.0
20470271,178,98,122,2.1504854364579415,262.9374699646322,81.72509435452588,542.6368530741673,570.0592009363294,26,remote,True,2,2,2,2.82611677715099e-85,2.6697203425873154e-05,2.6697203425873154e-05,7.127406707624533e-10,1.8143801464027136,0.006409268714549976,0.1870471242174633,0.0039385569177959965,1.8143914666867753,0.1870885857250994,8.778316755273221e-05,7.705884505591057e-09,CALIBRATED,-0.004816489626982819,-0.001834748966094444,-0.000270595533026334,-0.00024311599692661704,0.0,0.0,-0.0087037134891586,-0.003371128559814389,-0.0007508291516540712,-0.00031668102185166964,0.0,0.0
20470271,179,99,142,4.033600140733096,7.469521931652606,116.67388956899853,288.8993963139213,357.8425978342111,16,transition,False,2,2,2,1.0832710853770417e-24,2.2504736481277117e-05,2.2504736477852787e-05,5.064631639375978e-10,1.3086889477842487,0.002004394534553786,0.11562562811514454,0.012792300709705143,1.308690482753693,0.11633111722350657,3.6885336156062455e-05,1.3605280233457282e-09,CALIBRATED,-0.0016450418058745159,-0.0002520672962472095,0.0038710846576137854,-0.0021793897280036187,0.0,0.0,-0.0017659653863115478,0.000715671313459312,0.005199557175959387,-0.0024938167846561264,0.0,0.0
20470271,180,100,143,3.323961028499401,127.05507284293229,106.8314199562027,407.3294315890102,429.58264434857193,21,transition,False,3,3,3,2.2858058231127526e-48,3.868563864167283e-05,3.868563864167283e-05,1.49657863711409e-09,1.4352737559746822,0.0029821786496072008,0.1776292059617439,0.007823862195452865,1.4352768541222873,0.17780142752591463,7.892251131360322e-05,6.228762792045828e-09,CALIBRATED,-0.0008565072246802663,0.0030617837099923594,-0.002232503269493196,0.0048573082752354675,0.0,0.0,-0.00182247075424019,0.004647667728067308,-0.0028147791202089456,0.006788027317082618,0.0,0.0
20470271,181,101,188,3.0721764667586235,-212.7806798368015,100.813581363777,68.74976666215304,274.3529125553587,13,source,False,2,2,1,0.043937865645301305,0.19415620249674245,0.20574187568128993,0.04232971940885536,1.481178242823473,0.0033377537395670336,0.1958573737916835,0.006333512447618069,1.4811820035409753,0.19595975160348458,0.4319461252974249,0.18657745515945867,CALIBRATED,0.1324425898115406,0.004599194386276947,-0.43322416095332195,-0.0222825012642069,0.0,0.0,0.3025658745473756,0.014651485574882857,-0.582464504470164,-0.03033894954644771,0.0,0.0
20470271,182,102,132,4.0211345050150165,-93.10354415830096,111.01509547161996,188.389366110394,218.10302551297386,10,transition,False,5,3,5,6.446951729266853e-11,0.0004572299885650434,0.00045734288166643264,2.091625114109566e-07,1.3099250182717603,0.0020129529877351664,0.12047130233264115,0.012433594382995891,1.3099265649165233,0.12111122555322235,0.0007804081571049239,6.090368916759036e-07,CALIBRATED,0.007034093545079459,0.00270052975221184,0.019367836736645525,0.005045636616480296,0.0,0.0,0.007905327682547664,0.0022801491664867727,0.02575384972242226,0.007032360598684499,0.0,0.0
20470271,183,102,176,1.126139454777384,-99.98091366106738,120.39930887299384,183.1598932278905,223.35347909792185,11,transition,False,3,3,3,2.329502918949559e-10,0.004291806813111697,0.004293487694097667,1.8434036579368102e-05,2.967230535686173,0.021551405309156592,0.1409898265050847,0.0027066044638303414,2.9673088000710766,0.1410158036734093,0.03777531885618444,0.0014269747146864035,CALIBRATED,0.055072592783447956,0.03277732366586443,0.010710132071499451,0.008452061436145974,0.0,0.0,0.1624028570237305,0.09941702715576867,0.033085029603246364,0.02054912198551697,0.0,0.0
20470271,184,103,105,3.6975522101329084,129.05553756580764,-23.513890542800056,422.9065196636657,442.31267460665555,20,transition,False,3,3,3,4.421773907133641e-52,1.1726482516343263e-05,1.1726482516343263e-05,1.3751039220610422e-10,1.367161909221442,0.0024545858651286237,0.15058273928595106,0.010035203190672547,1.3671641126864718,0.15091675411941113,2.1086677392437445e-05,4.4464796345273245e-10,CALIBRATED,-0.0018256684371739018,1.650068678064793e-05,-0.0028167364117047396,0.0006775994304622322,0.0,0.0,-0.002955681919449136,0.0004191354950114822,-0.0034436035486490172,0.0005626204937898136,0.0,0.0
20470271,185,103,171,3.3083201063442615,127.5859265865132,-42.101026153332015,426.6502968389261,442.8883396369685,20,transition,False,3,3,1,5.3993691994436815e-53,2.947618488464877e-05,2.947618488464877e-05,8.688454753539966e-10,1.4381253545810841,0.0030042670662436986,0.17876154446608963,0.007731281283308559,1.4381284925588445,0.178928651954301,6.040028851153653e-05,3.6481948522768517e-09,CALIBRATED,-0.001527007520801043,0.0021295475197950922,0.0032464868653048987,-0.0034741593674446148,0.0,0.0,-0.0027375206215196016,0.0031977623541038333,0.004327147560339603,-0.004894525439306122,0.0,0.0
20470271,186,104,123,3.37229252993788,97.48176922260146,-113.36927092798565,426.16020083688085,453.8013614586478,21,transition,False,3,3,3,7.117942229529769e-53,4.593229489799806e-05,4.593229489799806e-05,2.1097757145966582e-09,1.426462124487724,0.002913923956574932,0.17413020382435077,0.008109943440797341,1.4264651007125466,0.1743189578517577,9.315560325289513e-05,8.677966417410806e-09,CALIBRATED,-0.0025075918744977494,0.0034718785494435604,0.0035516577756449686,-0.0038698920232437023,0.0,0.0,-0.0038467184285069294,0.004663904017095889,0.004869508451751927,-0.005735350673002802,0.0,0.0
20470271,187,105,111,3.8268832771613397,145.36343901757232,-23.078484252059468,438.58078287079337,458.62638750098114,21,transition,False,3,3,3,5.865923034988922e-56,2.9548133867289326e-05,2.9548133867289326e-05,8.730922150392505e-10,1.3435827182476165,0.0022719419989785574,0.14121970138116274,0.010800732744194063,1.3435846391255373,0.14163212872083894,5.319054430109882e-05,2.829234003047156e-09,CALIBRATED,-0.0029970771409642298,0.0021232884483246227,0.0034017540895147262,-0.002117871043779591,0.0,0.0,-0.004278148863145944,0.0028467723605264173,0.00432840551066697,-0.002837037093242269,0.0,0.0
20470271,188,105,115,4.561084845125851,147.3556852126735,-8.169213311710632,437.0925907435173,466.1947708970444,21,transition,False,3,3,2,1.3884317917327829e-55,1.0554684459216319e-05,1.0554684459216319e-05,1.1140136403362248e-10,1.2563844933256534,0.0016422426757526898,-0.08941959300363456,0.027970997166686853,1.2563855666276038,0.09369226379714844,1.6565191590882937e-05,2.7440557244265877e-10,CALIBRATED,-0.0025546273584090905,0.0006110987642769763,-0.00183392905591838,0.0005402092530136651,0.0,0.0,-0.003355304790946414,0.0008628215561016412,-0.002072684979662211,0.0005163693330785411,-0.0,0.0
20470271,189,106,145,4.02802276931757,-126.53201668925715,-88.09361287396054,231.1322353058962,466.21784012047635,22,transition,False,3,2,3,4.576607721543961e-16,0.00018161552215596407,0.0001816153820972753,3.2984147014339305e-08,1.309241990112818,0.0020082237553985536,0.11779367838396651,0.012631808420470745,1.3092435303018397,0.1184690392093935,0.00030906296637088677,9.551991718197189e-08,CALIBRATED,-0.003273458179567898,-0.0009006383414530431,-0.013032971684993245,0.000479951330828793,0.0,0.0,-0.004921971958246285,-3.775533337929626e-05,-0.01687504758021872,0.00026172908374830076,0.0,0.0
20470271,190,109,121,4.025415306918767,-92.31974642529191,15.162810802333468,199.96512987316785,329.406427358778,15,transition,False,2,2,1,3.3001277241105465e-12,0.0010197930887264808,0.0010198800094035837,1.040155233581054e-06,1.3095005414928957,0.002010013944472505,0.1188072579241296,0.012556777087912984,1.3095020841244371,0.11946898001693239,0.0017432343500528359,3.038865999204133e-06,CALIBRATED,0.02392457432565028,0.021111978287275082,-0.0006294396275341478,-0.0011759809917401543,0.0,0.0,0.031103211256922884,0.02760389812816374,-0.0027609439736758137,-0.002495314822671297,0.0,0.0
20470271,191,110,114,2.5786420927350697,28.919747125432146,-100.03604215902182,359.8356911978355,405.7360383592049,18,transition,False,3,3,3,6.622557949801635e-38,8.640504425151974e-05,8.640504425151974e-05,7.465831672107084e-09,1.6235232851959776,0.004565594168489687,0.19857945642007893,0.004776255696038959,1.6235297047555524,0.19863688763814227,0.00022483009492115075,5.0548571582253655e-08,CALIBRATED,0.0012363619221919533,0.002035534404532258,-0.0007623759115667068,-0.008952755782791234,0.0,0.0,0.000629079947566883,0.003815455307152162,-0.0015662149211531284,-0.01440220903058283,0.0,0.0
20470271,192,111,113,3.861033564611727,165.70505544566066,-32.19396132990974,460.55733695028835,480.91704207334146,22,transition,False,3,3,3,1.2431526269003471e-61,2.9669605570069235e-05,2.9669605570069235e-05,8.802854946834833e-10,1.337356556443611,0.0022237142941170206,0.13874736087393486,0.011002873304116756,1.337358405203323,0.13918294928053637,5.305594246626998e-05,2.81493303098415e-09,CALIBRATED,-0.005289736756842665,0.0012422214871722378,0.0003777860827154051,-4.953852935873416e-05,0.0,0.0,-0.00708176061092245,0.0016479273416014678,0.00042467265072316997,-9.272395800081319e-05,0.0,0.0
20470271,193,111,157,3.8553750004122094,160.25076922340503,-41.524651933123174,457.7755391077416,482.33068463832353,22,transition,False,3,3,3,6.730525215004855e-61,2.4541496192680467e-05,2.4541496192680467e-05,6.022850353753499e-10,1.3383882062162735,0.002231705429317591,0.139157017674146,0.010969379432731026,1.3383900668519388,0.13958869170925634,4.395533797992296e-05,1.932071736929258e-09,CALIBRATED,-0.0022948751231045956,0.0014744922442702245,0.003471751017700413,-0.002246744723977168,0.0,0.0,-0.003023837035941254,0.0019439237318489898,0.004684319274790018,-0.0030149728052800044,0.0,0.0
20470271,194,112,136,3.27760983022176,-220.19984191491497,175.15067125429192,108.00150491029932,314.0732724156482,15,source,False,2,2,1,0.00044744789857054806,0.001120086019961151,0.001718487346144871,2.953198758860041e-06,1.443724345466949,0.0030476367197262355,0.18098484228623588,0.007549502654949969,1.443727562174923,0.1811422317619797,0.0035447489019568264,1.2565244777924127e-05,CALIBRATED,0.02472110315240223,0.012127480413316915,-0.02850674286897824,-0.012150894407397854,0.0,0.0,0.03924868338888635,0.018179939815882323,-0.03722026208464462,-0.016983275091602495,0.0,0.0
20470271,195,113,116,3.227395356813073,189.2203102149898,-33.33634421567043,483.61373724330707,504.46002925687736,23,transition,False,3,3,3,6.9789316335717534e-68,2.8537366518257237e-05,2.8537366518257237e-05,8.143812877973491e-10,1.4528792738639538,0.0031185505826578394,0.18462016385820718,0.007252275822355913,1.4528826207857213,0.18476255142110043,6.014314442258223e-05,3.6171978210355835e-09,CALIBRATED,-0.0053368731062779316,8.651177356289989e-05,0.00010905775677660454,0.00018914038296048276,0.0,0.0,-0.007749541240757428,9.971999759365471e-05,0.00027721469560583684,3.103087175885709e-05,0.0,0.0
20470271,196,113,157,1.6158298778633977,172.16079599712475,-42.22357463425776,469.422045560564,492.84472957354757,23,transition,False,3,3,3,5.337886814243079e-64,6.767158303907055e-06,6.767158303907055e-06,4.5794431510138204e-11,2.2040519000452385,0.01076311956480441,0.1647792520640121,0.003186815933784885,2.204078179837501,0.16481006554992644,2.7930911194005125e-05,7.801358001274008e-10,CALIBRATED,7.102989695347913e-05,-0.0011425107279314942,-0.001821679189966815,-0.0014622815129273605,0.0,0.0,-0.0015592423392419264,-0.002086478940066633,-0.0029891743185977773,-0.003494440877624691,0.0,0.0
20470271,197,114,161,3.287593218936813,36.09308254531014,-121.78290640609208,377.4678409266078,428.63544546128026,19,transition,False,3,3,3,1.225112680036873e-41,4.856775476007368e-05,4.856775476007368e-05,2.3588268024346593e-09,1.44190420870873,0.0030335379826316486,0.18026208595935325,0.007608595796924791,1.4419073997468217,0.1804225882876594,0.00010065374415305783,1.0131176212029224e-08,CALIBRATED,5.3298606634056014e-05,0.0024671929541736897,0.0009497577656473571,-0.00644793246956517,0.0,0.0,-0.0003945606317933226,0.0036125849791057013,0.0012080042374563883,-0.009272972640524934,0.0,0.0
20470271,198,116,160,2.701758991595554,201.99745715787788,-45.07002456241612,498.94199972934615,521.8074999220712,24,transition,False,3,3,1,3.305655312097423e-72,5.276530021881421e-06,5.276530021881421e-06,2.7841769071815954e-11,1.5857763028212126,0.004236613226983997,0.19931086753303598,0.005106441121191364,1.5857819621502036,0.1993762715512947,1.2427719844342386e-05,1.5444822052946153e-10,CALIBRATED,0.0003816299657177213,0.00023518458490938695,0.0018772075408173897,-0.0012456599258493628,0.0,0.0,-0.00018666183308140878,0.00022982102854900898,0.0029000192946137177,-0.001982409541471667,0.0,0.0
20470271,199,116,193,4.089918409630137,212.8026586380039,-35.05637343999042,506.9165982335866,528.1050214894188,24,remote,True,3,3,1,1.644528741048259e-74,1.7028317485958883e-05,1.7028317485958883e-05,2.8996359640261303e-10,1.3031045274092479,0.0019657284545790063,0.09373344469664241,0.014412893499319682,1.3031060100555274,0.09483506816426744,2.8900884500229665e-05,8.352611248956153e-10,CALIBRATED,-0.0040667660888532514,-0.0006020929750438897,0.0003443361518063175,9.299316358811748e-05,0.0,0.0,-0.005286917579931851,-0.0007963742591254258,0.0005547321450684001,8.629768170377056e-05,0.0,0.0
20470271,200,117,118,2.8141588016673715,-41.24496115405284,-104.28072321196044,304.4450777218632,420.7275682121116,20,transition,False,3,2,3,2.433340606959791e-27,0.00012395811636881917,0.0001239581163691032,1.536561461377613e-08,1.5513151225204018,0.003936269442461045,0.1999786107181039,0.00540788454138073,1.5513201164097672,0.20005171821295573,0.0002953250602488722,8.7216891211e-08,CALIBRATED,0.0028790121071201116,0.003337546227042823,-0.004518614370315412,-0.009171276629286147,0.0,0.0,0.003032081801782213,0.005280358833533427,-0.007502562218990531,-0.014211295188527847,0.0,0.0
20470271,201,118,126,2.405764272412579,-27.532354308926283,-120.51730263278716,325.30713323769896,434.7881158921655,21,transition,False,3,3,3,4.109796969139315e-31,6.119292522213962e-05,6.119292522213643e-05,3.744574097241981e-09,1.692592297497322,0.005216165724451273,0.19512889084457063,0.004396352269604121,1.69260033496751,0.19517841057737617,0.0001692629066120472,2.8649931554758614e-08,CALIBRATED,-0.0024849314021861894,0.0063924602094016115,0.0027294890903868,-0.0025892823185666622,0.0,0.0,-0.005085095077301743,0.010128270511724439,0.003148959162388197,-0.005559398106071677,0.0,0.0
20470271,202,118,128,2.5979278863925543,-40.872812344166526,-125.67930578209794,318.4704535218964,442.1293866102686,21,transition,False,3,3,2,7.543903254613978e-30,0.00011742729756199485,0.0001174272975619813,1.3789170212710098e-08,1.61761036406159,0.004514060556013682,0.1986940291873744,0.004827977986294289,1.617616662458128,0.19875267697857388,0.0003045191452319006,9.273190981276738e-08,CALIBRATED,-0.0024685818747971736,-0.00312120615930302,-0.008020270917302003,-0.006104648033557115,0.0,0.0,-0.004275473133446913,-0.003702733200119888,-0.012846297493759313,-0.010368311447272278,0.0,0.0
20470271,203,119,139,2.894667511178781,212.8821847736832,38.8541943690104,494.72939823968693,516.6964730350767,24,transition,False,3,3,2,5.2625428492586746e-71,3.8223759583878316e-05,3.8223759583878316e-05,1.4610557967261294e-09,1.526631582997643,0.0037211419392538265,0.2004568957088037,0.005623799681581101,1.5266361181051697,0.2005357677823803,8.907118777373934e-05,7.933676491424732e-09,CALIBRATED,-0.006177146390366609,6.24447002174312e-05,0.00024689145443745544,-4.20395646931844e-05,0.0,0.0,-0.009433027491697261,7.39047627575223e-05,0.00028917335116764427,-9.847519446545367e-06,0.0,0.0
20470271,204,122,152,2.7258130826717064,284.999507771671,85.4410720254542,564.6891115264945,592.4319969674482,27,remote,True,2,2,1,2.7515943431287992e-92,1.6844937841629084e-05,1.6844937841629084e-05,2.837519308883475e-10,1.5784014472140921,0.004172338236283787,0.19945376773347975,0.005170951439126145,1.5784069617731349,0.1995207863904578,4.193803172691291e-05,1.7587985051275538e-09,CALIBRATED,-0.00350142895375492,-0.001868041725831528,-0.0008758479609907457,-0.0005729254604366358,0.0,0.0,-0.005522326601599345,-0.0029988853514093324,-0.0013660453017863723,-0.0007632480034373174,0.0,0.0
20470271,205,123,127,4.209106568365598,108.71342379524694,-133.93923431838823,445.865022970124,477.2379452182688,22,transition,False,4,3,4,8.288057196487062e-58,2.58510663969967e-05,2.58510663969967e-05,6.682776338619319e-10,1.2912860394632144,0.0018838981894098606,0.047402314790634614,0.01784260599647123,1.2912874137019157,0.050649166195069074,4.3053279620354367e-05,1.8535848860684207e-09,CALIBRATED,-0.0007137072462963108,0.0014736847422133481,0.002572589368347809,-0.004068381199692605,0.0,0.0,-0.0011121814319336404,0.001815133951624119,0.0032652697861152644,-0.005278222621712785,0.0,0.0
20470271,206,123,149,4.259411660099868,116.45944235061503,-125.79840991811302,448.7473532605447,476.48694219597155,22,transition,False,4,3,4,1.5067831407153466e-58,2.1704372876315542e-05,2.1704372876315542e-05,4.710798019541418e-10,1.2862978751472849,0.0018493605386931478,0.027847589180290483,0.01929016591871414,1.2862992045954247,0.03387622653610865,3.5838001216744944e-05,1.2843623312114121e-09,CALIBRATED,-0.004336025956300888,0.0013181068094677121,0.0010508111820498986,-0.00024827823326715575,0.0,0.0,-0.005521218200831248,0.0016451266820224054,0.0015588305151278392,-0.00046664378358543513,0.0,0.0
20470271,207,124,131,1.982224804587478,143.20317537073362,-105.10118739189711,463.6598814620104,480.2575298038151,22,transition,False,3,3,2,1.8671579585906953e-62,3.804204373693795e-05,3.804204373693795e-05,1.4471970916831002e-09,1.9008813412342933,0.007281502540985482,0.18147308757138667,0.0036463933091728834,1.9008952874190468,0.1815097179130014,0.00013449040718770382,1.8087669625514376e-08,CALIBRATED,-0.005936423778444187,-0.0007419335450544234,-0.001393420233172201,0.0005557257670557529,0.0,0.0,-0.011417110517453656,-0.0013162500701741227,-0.001550813551836174,-4.957519703256604e-05,0.0,0.0
20470271,208,124,149,3.021589385232698,130.21302192716394,-117.78820302837458,457.32614329331597,476.77414191226535,22,transition,False,4,3,4,8.833482147983377e-61,2.0274518002273094e-05,2.0274518002273094e-05,4.1105608022449577e-10,1.4904011038383447,0.003409193806980322,0.19951967066050727,0.006034080092931123,1.4904050029857554,0.1996108942494001,4.3124901040959546e-05,1.8597570897925537e-09,CALIBRATED,0.0010632707025936986,-0.0008262157748272608,0.0006113038297239518,-0.004252957622228372,0.0,0.0,0.0004006015202259809,-0.0011714587158222452,0.0011441204251338682,-0.006346896280298565,0.0,0.0
20470271,209,125,141,4.018513568081417,222.42117894922967,132.6225543281144,504.36297808814544,564.2116436925462,26,remote,True,2,2,2,9.068814638498573e-74,1.3410647488985265e-05,1.3410647488985265e-05,1.7984546607382679e-10,1.3101849057629817,0.0020147524279358,0.12149011972888574,0.012358175312420573,1.3101864548668252,0.1221170491323448,2.2942335854440408e-05,5.263507744579419e-10,CALIBRATED,-0.002098755343322913,0.0007965759335153022,-0.002797835368903127,0.0007371957192752247,0.0,0.0,-0.002895830834375908,0.0009057072269550448,-0.0035483620518570384,0.0010701966179634675,0.0,0.0
20470271,210,126,146,3.97978662591348,-5.891223128011837,-124.65818643410697,344.8568922823509,429.81734343403616,21,transition,False,3,3,3,7.110235336484367e-35,4.701223571175875e-05,4.701223571175864e-05,2.2101503066179544e-09,1.3157059107364595,0.0020560088948525118,0.13015012712472646,0.011705790090364713,1.3157075171630783,0.130675480149193,8.128697219560905e-05,6.607571848729718e-09,CALIBRATED,-0.006397735585849861,0.002282045581471702,-0.0007867321334502635,0.000504515212447809,0.0,0.0,-0.008426357771565975,0.0030218392817892015,-0.00100116654016649,0.000386807206584298,0.0,0.0
20470271,211,127,138,4.121553496902845,122.06768301418371,-152.90822644297597,466.9196302192588,500.43619734012555,23,transition,False,4,4,3,2.5128365332239915e-63,1.634621814816959e-05,1.634621814816959e-05,2.671988477475488e-10,1.2999676478603823,0.0019440089515038693,0.08143617159862584,0.015323212572278097,1.2999691014229757,0.08286525742538942,2.7385668104140807e-05,7.499748175101551e-10,CALIBRATED,-0.002971746723992515,0.0009575694101489817,0.0025489881293157585,-0.0003172694406393734,0.0,0.0,-0.003974902817377434,0.0009752819895446429,0.0031763931604498695,-0.0007383544051895958,0.0,0.0
20470271,212,127,149,2.474325384867342,120.38268422026485,-137.2495401436343,457.6648071043547,488.5914954801543,23,transition,False,4,4,4,7.197067893853522e-61,2.875855627120212e-05,2.875855627120212e-05,8.270545588038988e-10,1.659883317243628,0.004895729962636665,0.1972994386241473,0.004519303937254949,1.6598905370642902,0.19735119100091836,7.826411611861975e-05,6.125271871828795e-09,CALIBRATED,-0.0010809023569085083,-0.003491692167008125,-0.0019607759180541207,-0.0033990660446753425,0.0,0.0,-0.002379539574529468,-0.005603609669979691,-0.002664773787774113,-0.005839558789700637,0.0,0.0
20470271,213,127,184,2.537885204326926,102.34850665844007,-149.98850021271255,448.5279920296389,494.5032603299353,23,transition,False,4,4,3,1.716197078629144e-58,3.559935124563692e-05,3.559935124563692e-05,1.267313809110231e-09,1.6360191290860664,0.004674500741392791,0.1983373284799897,0.00466695038822592,1.6360258071597504,0.19839222841257034,9.398479655889287e-05,8.833141984216482e-09,CALIBRATED,-0.00368713629231809,-0.00392843137107702,-0.002233804980903059,-0.0012577438044126207,0.0,0.0,-0.006327651347134311,-0.0061775077638666406,-0.002946576374391491,-0.0026649034664031402,0.0,0.0
20470271,214,128,133,2.6159952971971236,-39.48853066959595,-146.53420370496184,333.6304333871914,463.0301761438634,22,transition,False,2,2,2,1.0939771104951596e-32,6.899616881424027e-05,6.89961688142407e-05,4.760471311043202e-09,1.612070992590168,0.004465782587090887,0.19880136380323243,0.004876432713249929,1.6120771781663448,0.19886116223645087,0.00017569442681035467,3.086853161221907e-08,CALIBRATED,0.002078064009972657,0.0039039675889251365,-0.0017847063992090214,-0.006800858689749515,0.0,0.0,0.0019665341937728955,0.005667135368554493,-0.0035185905632862512,-0.011284071394559161,0.0,0.0
20470271,215,129,137,3.4661150466714936,106.5459543758603,154.14039555743705,392.3732529902101,437.98429470194213,20,transition,False,4,4,3,6.213531464375373e-45,4.41084041361535e-05,4.41084041361535e-05,1.9455513154382435e-09,1.409356729082454,0.002781425960680493,0.1673378390763947,0.00866529267741625,1.4093594737115043,0.16756204726590881,8.725782670768612e-05,7.613928321748582e-09,CALIBRATED,-0.002598290988840942,0.005364548294511083,-0.0016728693270518684,0.002404249962863412,0.0,0.0,-0.0038545004428929405,0.007392929125861762,-0.0020146999145519845,0.003699491348511755,0.0,0.0
20470271,216,129,165,2.0747574555178545,101.12439209729672,139.00539951193645,384.6227512194057,427.0757061783014,20,transition,False,4,4,4,3.33048796656266e-43,2.6025906268489977e-05,2.6025906268489977e-05,6.773477970962258e-10,1.8505082800419652,0.006763200446320371,0.18464968352555822,0.00380275279777742,1.8505206390051825,0.18468883711510506,8.602346672232375e-05,7.400036826926742e-09,CALIBRATED,-0.0017458904242975588,-0.0016158014189662014,0.004330311672340325,0.0012709679341730109,0.0,0.0,-0.0038497887245022293,-0.001732196254995248,0.007681464998232903,0.0030326861219259877,0.0,0.0
20470271,217,129,175,2.4350191290772543,93.18522754857125,159.66158752076748,380.2740508372826,435.8748486951615,20,transition,False,4,4,3,3.0034000190653623e-42,3.631637438149724e-05,3.631637438149724e-05,1.318879048217069e-09,1.6786354567357187,0.0050794365795105816,0.19605505819953067,0.004448815441291731,1.678643141732721,0.1961055272154562,9.905466028829608e-05,9.81182572482974e-09,CALIBRATED,-0.0006832283510432896,-0.0020159461027574295,0.004259767497703099,0.0036932256332530403,0.0,0.0,-0.001769466554318227,-0.0019664308136429606,0.006962452517923161,0.006601594746140222,0.0,0.0
20470271,218,131,154,2.246640522062652,161.03250299007914,-112.44063035676294,482.9313022242065,499.5384101362189,23,transition,False,3,2,3,1.0794079428950141e-67,3.417522310078863e-05,3.417522310078863e-05,1.1679458739886766e-09,1.7685066959330773,0.0059598663200304295,0.19009125813072233,0.0041109932699046016,1.768516738277216,0.19013570596651777,0.00010573844433644353,1.1180618610691167e-08,CALIBRATED,-0.0031252391385268308,0.0013296091727591863,0.004650215354128346,-0.0010078392906373108,0.0,0.0,-0.006088265952461635,0.0018215105910546732,0.007789897956753492,-0.002161261441515895,0.0,0.0
20470271,219,132,176,3.2690070643426097,-103.45300787121995,108.90155746139902,177.84847184557228,211.34291184541433,10,transition,False,5,5,3,8.276349962675292e-10,0.0005433794939579138,0.0005436929165053611,2.956019874581056e-07,1.4452927718646298,0.0030597857142087943,0.181607647191996,0.007498581622023918,1.4452960107510022,0.18176238952257054,0.0010766926403654718,1.159267041817171e-06,CALIBRATED,0.005461678345259482,0.0075992665036607185,-0.015306299269669778,-0.014894003405126888,0.0,0.0,0.012612034910573928,0.013709460983612011,-0.01860158179990508,-0.019587267544509537,0.0,0.0
20470271,220,133,167,2.508851823491817,-35.69534145286579,-167.87172511723986,351.40057563714123,484.7022342937794,23,transition,False,2,2,2,3.496738168462291e-36,8.138563745659872e-05,8.138563745659872e-05,6.623621984216924e-09,1.6449206082884025,0.004752080903422791,0.19816484738611828,0.004589086185314868,1.644927472518105,0.19821797711504321,0.00021909679217880718,4.800340434304342e-08,CALIBRATED,0.00015375282658796846,-0.0010232974236374572,-0.004384798006043468,-0.007815907263644388,0.0,0.0,-0.0006334521191071434,-0.0014154621298924745,-0.007080115916905484,-0.012905965913236707,0.0,0.0
20470271,221,134,147,3.83150293705884,102.0338133984676,-201.7462706981422,477.4326012647673,531.7502065169799,24,transition,False,3,3,2,3.5439259766645547e-66,1.7601134105364756e-05,1.7601134105364756e-05,3.0979992179503436e-10,1.3427404778991834,0.0022654180247829968,0.14088525698414855,0.010828077188649757,1.3427423889591608,0.14130075332811548,3.154553367752696e-05,9.951206949999875e-10,CALIBRATED,-0.0029204047186758312,0.0013219960913169219,0.0025973170665054154,-0.0007606844122782982,0.0,0.0,-0.0038982924792497916,0.0015074587250794205,0.003518017277005712,-0.0013038297644334972,0.0,0.0
20470271,222,134,198,4.349148836407053,99.46557695420692,-183.31019502232016,464.4936340212393,521.5698533412549,24,transition,False,3,3,2,1.1193866025854986e-62,2.022469780059623e-05,2.022469780059623e-05,4.09038401125442e-10,1.2773996947596555,0.0017877502494609296,-0.007035278522317334,0.021872408301725925,1.2774009457578366,0.022976017688102278,3.287825055057259e-05,1.0809793592662269e-09,CALIBRATED,0.00047847239486633036,-0.0023964518179450185,0.0003149810546607655,-0.003762122750179733,0.0,0.0,0.0003442268828656009,-0.0029253085873614253,0.0005718856542655604,-0.004886233198573312,0.0,0.0
20470271,223,137,156,2.089395595801058,127.56977223737537,162.679615833502,414.59933758084713,460.6761258399821,21,transition,False,3,3,1,4.398429566286145e-50,5.151149115216678e-05,5.151149115216678e-05,2.6534337207197564e-09,1.8435247492279045,0.006694785809141134,0.18511310632824104,0.0038290035935228087,1.8435369052917925,0.18515270293195799,0.00017421945252769192,3.0352417639048696e-08,CALIBRATED,-0.004491518501132863,0.005204222397195903,-0.001694958235181069,0.0011751334084538617,0.0,0.0,-0.008464762953525691,0.00937236357703588,-0.0026421354637557438,0.002783013086445401,0.0,0.0
20470271,224,137,197,5.329824763271116,122.71800484802633,148.15146568120616,407.331040289626,453.30770285051057,22,transition,False,3,3,3,2.283826085270275e-48,8.549631887577726e-06,8.549631887577726e-06,7.309620541308587e-11,1.1924884143856123,0.0012093624049942307,-3.757248816350494,5.122547720019551,1.192489027623038,6.352748524209399,1.3157658038745257e-05,1.7312396506455767e-10,CALIBRATED,-0.0010192146112120337,-0.0007035684267147938,0.0023392232179289224,0.001242521496595514,0.0,0.0,-0.0015475153321199574,0.00012249045896484535,0.002619747158357289,0.001970983320411516,0.0,0.0
20470271,225,138,162,2.8972184888805756,142.08765578519424,-164.77863664259402,490.19420424007944,523.7107746307919,24,transition,False,3,3,1,1.0087513918196864e-69,1.725372441930343e-05,1.725372441930343e-05,2.9769100633726744e-10,1.5258494668849136,0.003714325466016896,0.20047205052067166,0.005630641111675728,1.5258539877087332,0.20055110859651518,3.975545362915623e-05,1.5804960932599914e-09,CALIBRATED,-0.003792215185352333,-0.0005206379903471479,0.0014691848311049714,0.0006657780578728451,0.0,0.0,-0.005742966753405766,-0.0010191085500757006,0.0023401196949650316,0.0005089637264399425,0.0,0.0
20470271,226,138,185,3.1045262129413267,138.664996761355,-151.3652396611079,480.51405900697637,511.67679687847584,24,transition,False,3,3,3,5.0337701108585736e-67,1.4736238797413495e-05,1.4736238797413495e-05,2.1715673389439472e-10,1.4752803494501117,0.003292068794352104,0.19351538507483215,0.006524995339708761,1.4752840225497563,0.19362535945697765,3.148376423002676e-05,9.912274100919123e-10,CALIBRATED,9.234828368943023e-05,-0.0023175183830740345,-0.0007282540574384501,-0.002970936748544382,0.0,0.0,-0.0003831858655592011,-0.003442761262536631,-0.0006477465086172122,-0.004366320209537294,0.0,0.0
20470271,227,139,190,3.6990445747812295,236.17306470981686,38.680715536577296,517.938741497347,539.9879990285511,25,remote,True,2,2,2,9.38672816986895e-78,2.363099149261081e-05,2.363099149261081e-05,5.584237589238446e-10,1.3668898264817426,0.0024524783185403388,0.15047469821669332,0.01004403671589715,1.366892026602391,0.15080954040429675,4.41454686755829e-05,1.948822404586871e-09,CALIBRATED,-0.00479145717867218,-0.0008109837227673882,-0.00011640808834464005,-4.1038468976450375e-05,0.0,0.0,-0.006548256208546463,-0.001120766897279028,-9.633656763607248e-05,-2.025167931902336e-05,0.0,0.0
20470271,228,140,153,2.8454444911742947,-27.68355365474153,114.66109537190178,253.744250665916,348.4627896337278,16,transition,False,2,2,2,3.25360908760832e-19,4.38701127787228e-05,4.387011010749834e-05,1.924586560844028e-09,1.5417230975317084,0.0038526708813788205,0.20016447229513906,0.00549178917824732,1.541727911317586,0.200239795539173,9.161068262485135e-05,8.392517170991242e-09,CALIBRATED,-0.0023415187904729713,-0.0015778656123432565,0.005548220196125056,-0.0022616349453559092,0.0,0.0,-0.0020146030116228917,0.00017600880502286197,0.008881000288221162,-0.002940903281575471,0.0,0.0
20470271,229,141,144,2.7275282373369585,241.298821865881,140.2924282972766,523.9130635599066,584.5879134392743,27,remote,True,2,2,2,1.5320454264033686e-79,1.6561921702675967e-05,1.6561921702675967e-05,2.742972504855692e-10,1.57787558997176,0.004167755167656937,0.1994639570997992,0.0051755512875432995,1.5778810942564294,0.1995310915948703,4.096064217770261e-05,1.67777420760979e-09,CALIBRATED,-0.003717924169697447,-0.0014343952779889205,0.000824611278981104,3.8574552696656454e-05,0.0,0.0,-0.005917095359880911,-0.0022467104923520284,0.0009040781155507948,0.00028906643581678553,0.0,0.0
20470271,230,142,151,2.8595201731690665,8.113870913329885,138.5972659883068,292.749592601515,379.77544122563825,17,transition,False,3,2,3,2.464364073986008e-25,0.00010632711794753447,0.00010632711795058826,1.1305456011678309e-08,1.5374075687530673,0.003815059219959196,0.20024809290554033,0.005529538545610938,1.5374123022585935,0.2003244231461389,0.0002484664436677729,6.173557362891057e-08,CALIBRATED,0.003075796385381059,0.0019114032933446018,0.006403229767278148,0.007225771968717219,0.0,0.0,0.00430736860046179,0.004250391479634392,0.009992009668665045,0.01058333286156513,0.0,0.0
20470271,231,143,187,3.360760925226046,144.36895388166602,121.15268206329517,425.59582140556756,452.0519350575255,22,transition,False,3,3,1,9.781040127654908e-53,3.745253634958704e-05,3.745253634958704e-05,1.4026924790171383e-09,1.4285645266095222,0.002930209114626096,0.17496504462865808,0.008041686181275185,1.4285675317647897,0.17514975180840658,7.622709568284414e-05,5.810570116241475e-09,CALIBRATED,-0.003963176271597661,0.0040152289820791125,-0.0018766883051049405,0.0014497404653201155,0.0,0.0,-0.005730383353385526,0.0055720957889350345,-0.002556601485119313,0.002409427249639291,0.0,0.0
20470271,232,143,197,1.091378334131047,131.0594923707867,126.63513175251879,412.8526658222292,449.78715811818813,22,transition,False,3,3,3,1.1436491407217396e-49,2.059381059450592e-05,2.059381059450592e-05,4.241050348023843e-10,3.029278676179276,0.022452149779711404,0.13926860800869983,0.002675463668667747,3.029361879502711,0.13929430455881264,0.0001699334615068873,2.8877381339712748e-08,CALIBRATED,0.0001862268071293995,-0.0018566964348868463,0.003034035985057729,0.002811838217406108,0.0,0.0,-0.0020373536356007244,-0.0025683640809999668,0.008447201158528555,0.009371816803863314,0.0,0.0
20470271,233,144,148,4.964133066276773,264.8405557770799,140.8566688068392,547.3862884664736,608.1364081448456,28,remote,True,2,2,2,9.219008736751216e-87,9.957758491961494e-06,9.957758491961494e-06,9.915695418423125e-11,1.2164189414295559,0.0013655243912968074,-0.24609354191474236,0.03956895736426087,1.216419707882713,0.24925435554677422,1.4732322886244592e-05,2.170413376245662e-10,CALIBRATED,-0.0028649376495684512,-0.0012094494007272288,-0.00047908939417626924,-0.00023999219886291272,0.0,0.0,-0.003476805827456265,-0.0014819137173261241,-0.0006193050525914749,-0.00025404155299102557,0.0,0.0
20470271,234,145,164,1.7621048993429653,-140.21892098123357,-103.20443932931559,234.25788910989226,486.60578815998196,23,transition,False,3,3,2,1.7492848283010327e-16,0.00025925858705036254,0.00025925822081103775,6.72148250581048e-08,2.0830178005871987,0.009373161440940268,0.1714438944193264,0.0033702919743989175,2.083038889151743,0.1714770182900841,0.0011190370947268412,1.2522440193746894e-06,CALIBRATED,-0.013845368104517893,0.006573375961588858,-0.0038682280889320705,0.0030645624126519307,0.0,0.0,-0.028322400266272744,0.014020392505320405,-0.00974258313298764,0.005038790110478405,0.0,0.0
20470271,235,145,194,2.8148223320533106,-132.59710802988826,-110.70729710393161,244.82948060388068,489.63074355903007,23,transition,False,3,3,2,6.146019789697269e-18,0.00015061528236117992,0.00015061526952346767,2.268495941362681e-08,1.5511116876547173,0.003934496421428967,0.19998255260993641,0.005409664053897782,1.5511166777006673,0.20005570677579287,0.0003621421028888919,1.3114690268478875e-07,CALIBRATED,-0.002589169340965461,-0.0007253237679718011,-0.01179296172961639,-0.0020763984980466995,0.0,0.0,-0.004302228920642973,-0.0008414441309366608,-0.018215036068777078,-0.003337268642308764,0.0,0.0
20470271,236,146,158,1.0308328308941164,8.182047482766304,-133.54310537602782,361.4353608623154,441.77869418051165,21,transition,False,3,3,1,3.088364751630726e-38,0.00011061301503234851,0.00011061301503234851,1.2235239094546559e-08,3.13735159849073,0.02402102978828416,0.13627065978071837,0.0026212239008104312,3.1374435552571187,0.1362958676255831,0.0010690540086989015,1.1428764735151908e-06,CALIBRATED,0.001661932992369877,0.0018894036992063263,-0.0011095433944627586,-0.010151357587951009,0.0,0.0,0.0010588087478487235,0.006649374162426719,-0.0041022917653345484,-0.03173152940301651,0.0,0.0
20470271,237,147,172,4.515290241930469,119.84786660041058,-218.08605752565683,501.495136806751,555.9231071507531,25,remote,True,2,2,2,6.107132891153474e-73,9.45734826272745e-06,9.45734826272745e-06,8.94414361625139e-11,1.260925405540425,0.0016736835886969972,-0.07161819618578039,0.02665322932340722,1.2609265163180767,0.07641701811946774,1.4952343961608987e-05,2.2357258994626474e-10,CALIBRATED,-0.002285197705735992,0.000275616339514134,0.002038876522145812,4.730612287892691e-05,0.0,0.0,-0.002829933478178949,0.00014110456461238053,0.0026267609112039167,-0.00015503898834712842,-0.0,0.0
20470271,238,148,163,5.433556203159341,285.7680379654426,152.36180430650143,569.4544788160688,632.0179418813925,29,remote,True,2,2,2,7.72185265038999e-94,6.826385180884132e-06,6.826385180884132e-06,4.659953463779448e-11,1.1860806876458725,0.0011679933835665036,-4.857138755303238,6.72084385838295,1.1860812627366855,8.292257778013928,9.877168741371252e-06,9.755846234552137e-11,CALIBRATED,-0.0016777148739797673,-0.00042671117510910785,-0.0018863965605670713,-0.0005206568657272381,0.0,0.0,-0.002407455243986189,-0.0004432347424078145,-0.0018500937432153453,-0.0006797235423411216,0.0,0.0
20470271,239,149,185,2.0795731671884212,136.97999796743613,-135.70655336176623,471.51806419882445,495.9277119032559,23,transition,False,4,4,3,1.4490054800730406e-64,3.376601574479512e-05,3.376601574479512e-05,1.1401438192777518e-09,1.848210811224726,0.006740693135942995,0.18480214214093624,0.003811388885489859,1.8482231033270613,0.18484144130880187,0.00011324528259895637,1.282449403091749e-08,CALIBRATED,-0.0043132776652615775,0.001722630359859784,0.003475710633428352,-0.0003370931074839506,0.0,0.0,-0.00818980327198441,0.002399559329479762,0.00614929695171444,-0.0016126583609345055,0.0,0.0
20470271,240,151,170,2.667573084359404,7.937754692062632,159.46863445722147,297.10851227379885,400.6475527309124,18,transition,False,3,3,2,4.502302368738687e-26,5.30352368364441e-05,5.303523683508658e-05,2.8127363461537243e-09,1.5962575190462134,0.004327961466363542,0.19910777638396981,0.00501475843246656,1.5962633862749676,0.19917091760270858,0.00013161539218213992,1.73226114592585e-08,CALIBRATED,-0.0031989026350044106,-0.0006000401573013931,0.00635172572760447,-0.0014483752475659098,0.0,0.0,-0.004688286953728722,0.00048110177160513726,0.010331161703302975,-0.0016343183799986394,0.0,0.0
20470271,241,151,189,4.057716353441975,20.58928033552808,158.08718472799978,309.0429774587006,402.916157997841,18,transition,False,3,3,2,3.7692917603068363e-28,8.168309987616365e-05,8.168309987626458e-05,6.672128805395814e-09,1.3062976265974144,0.001987837217939615,0.10625111142061351,0.013486259547471794,1.306299139076055,0.1071035847892002,0.00013932980553077782,1.9412794709244364e-08,CALIBRATED,0.002599402967432284,0.005514240797314686,0.00263471844633566,0.006130058011710632,0.0,0.0,0.003223502817901076,0.007191083371247856,0.0035737395556322674,0.008028420806736124,0.0,0.0
20470271,242,153,178,2.894715100208714,-24.50134095154059,135.9405966034335,260.22082074104475,369.9789149901012,17,transition,False,2,2,1,3.602169161541131e-20,0.0001880179797703442,0.00018801798163737508,3.535076141899231e-08,1.5266169924557211,0.003721014776500236,0.2004571784250325,0.005623927309910163,1.5266215272966375,0.20053605396664329,0.0004347294023205689,1.8898965324199907e-07,CALIBRATED,0.00491857689002906,0.0030984398569116386,0.00919489809793421,0.008347400938972224,0.0,0.0,0.00753194203633615,0.006183275172854541,0.013987351518634634,0.012005013832259893,0.0,0.0
20470271,243,154,168,4.325341240425914,169.27720871653963,-133.23727326240532,499.2023543062907,521.9097205283424,24,transition,False,3,3,3,2.783805557724148e-72,1.3902552523522423e-05,1.3902552523522423e-05,1.932809666692997e-10,1.2797604140551992,0.0018040956810276723,0.0022192718781139376,0.021187330099914962,1.2797616856836906,0.021303242110809095,2.2661856227631875e-05,5.135597276818576e-10,CALIBRATED,-7.242041777166573e-05,0.0002009253753184376,0.0029926964572392157,-0.002213753535286436,0.0,0.0,-0.00041369075625579825,0.00031362196514310366,0.0037988894873426157,-0.0028214882795712473,0.0,0.0
20470271,244,154,173,1.8589849904081426,178.74226035393542,-122.9101845716807,503.37907231861084,520.1113795705462,24,remote,True,3,3,1,1.746840998175164e-73,2.5033007088541264e-05,2.5033007088541264e-05,6.266514438949571e-10,2.0028551421997274,0.008452571799218352,0.17585798475251344,0.0034918108457904252,2.0028729781506143,0.17589264778323746,9.907421148683253e-05,9.815699381737619e-09,CALIBRATED,-0.004762540654187944,-0.0013545261911826034,0.00035127954823881857,0.0006269570018253356,0.0,0.0,-0.009402553789032554,-0.0028708117351628564,0.0014607836999274628,0.0005392074688462556,0.0,0.0
20470271,245,155,174,3.4751438311801337,74.04280643922917,206.02488068404205,373.85968730294786,467.0135227006539,21,transition,False,2,2,2,7.354900330235469e-41,5.887888887094855e-05,5.887888887094855e-05,3.4667235546775088e-09,1.4077106324478075,0.002768675334344662,0.16668419217212863,0.008718735377090427,1.4077133551507257,0.16691206147744636,0.00011641052740551273,1.355141089082963e-08,CALIBRATED,0.0008904155295529018,0.0012995545991578426,0.002674165207563033,0.0070175528029468096,0.0,0.0,0.0008762667757523147,0.0020804565369216626,0.0038252791608805116,0.009832681418745274,0.0,0.0
20470271,246,157,182,1.8252215987017308,172.92353985380163,-60.522744007907015,475.43488861985986,505.1676419210398,23,transition,False,3,3,1,1.2475717967633463e-65,2.9341321185738768e-05,2.9341321185738768e-05,8.609131289246826e-10,2.0307923912836756,0.008773403750681025,0.17431964329031752,0.003449460666208613,2.030811342569526,0.17435376914695955,0.00011993123769078791,1.4383501774044267e-08,CALIBRATED,-0.002270487781143813,0.001781030755820666,0.004060430272678032,-0.0021276846262912362,0.0,0.0,-0.005307844828276147,0.003211201912095422,0.007792253988208937,-0.004552689428538552,0.0,0.0
20470271,247,159,166,2.310367016586799,-246.91585873187984,74.2860643173103,34.483527718436534,22.81574341456165,1,source,False,2,2,2,0.45557684791443404,16.05667828533427,21.612709351882486,467.1092055289487,1.7381042042523482,0.005662026231246967,0.19210874874948755,0.004225274944964279,1.7381134265003342,0.19215520886630755,65.2783448229246,4261.262302820646,CALIBRATED,4.453278225034058,0.12643941321372013,-1.327989128906588,-0.03847532471716026,0.0,0.0,7.768745940566047,0.24614681779910164,-2.2044063991198755,-0.07025315273969761,0.0,0.0
20470271,248,163,191,2.7164101981445192,302.3780695704959,169.78492541205372,588.2085912354667,656.0898819565009,30,remote,True,2,2,1,4.5051543697339017e-100,9.546410732135392e-06,9.546410732135392e-06,9.11339578666298e-11,1.5812843212939687,0.0041974637051126334,0.19939790721148243,0.005145733979508464,1.581289892294162,0.1994642924899262,2.377994393871894e-05,5.654857337286158e-10,CALIBRATED,-0.0020635686483544452,-0.000651425768628436,-0.0020046062973159886,-0.0009193982958391496,0.0,0.0,-0.0031994605443549495,-0.001217526033140745,-0.003226033135427102,-0.0012859769560866236,0.0,0.0
20470271,249,164,194,1.3901760115629571,-142.86792482933515,-114.30001539022982,241.75332558395942,498.01319932600865,24,transition,False,2,2,2,1.653413871978051e-17,8.92273990502684e-05,8.922740186512059e-05,7.961529243599725e-09,2.4959287748071635,0.014709581336660504,0.1540637607399695,0.0029431419567941272,2.4959721193742306,0.15409187018762674,0.0005372026364947329,2.885866726568921e-07,CALIBRATED,0.00034612850007527044,0.006362738689240916,0.0020604955688830785,-0.00666164479011049,0.0,0.0,-0.002043344646952412,0.016338128931034833,0.002382567031414998,-0.016137419140686678,0.0,0.0
20470271,250,165,197,3.5482308121319086,117.29644256946273,133.01646963570556,399.8779773621793,437.2309667751232,21,transition,False,4,4,3,1.2193541896146441e-46,4.0405287224451746e-05,4.0405287224451746e-05,1.6325872356904436e-09,1.394385667911766,0.0026654604682418877,0.16139299502421073,0.009151347936329175,1.3943882155114657,0.16165223788100389,7.817755778523794e-05,6.111730541264217e-09,CALIBRATED,-0.003432412107848614,0.004944443701481277,-0.0015172125724759293,0.00136907882868339,0.0,0.0,-0.004927436777564237,0.006759877195069598,-0.0017468263434906805,0.002269489506829739,0.0,0.0
20470271,251,166,196,3.3424723580709355,-268.6709192843414,81.1617815830103,11.671236179035494,0.0,0,source,False,2,2,1,0.913875140229683,15.761077632251457,23.52562824541253,553.4551843413518,1.4318988346570478,0.0029560365873927143,0.1762890617533287,0.007933433470070675,1.431901885900189,0.17646748329506198,48.209418499019094,2324.1480320135643,CALIBRATED,4.539076736231102,0.10424684788216125,-1.705778065994838,-0.04317884083289227,0.0,0.0,6.546276983050465,0.1651478001900517,-2.3075577677436283,-0.05982902992037547,0.0,0.0
20470271,252,167,179,4.331283185208985,-27.646664564703194,-186.96838939637883,370.80707699642227,505.42574235202534,24,transition,False,2,2,1,3.3059006333374158e-40,1.3459078279827816e-05,1.3459078279827816e-05,1.8114678814253288e-10,1.2791712212734683,0.001800016157336914,-9.049629482868471e-05,0.021358313211795363,1.2791724877405797,0.021358504929711957,2.1447587842708084e-05,4.599990242706796e-10,CALIBRATED,-0.001512010931536264,0.0024356251933001292,0.0017631973827263389,-0.0014600568927447158,0.0,0.0,-0.002241716584686362,0.002724045570752238,0.0019034481509339492,-0.0023192144061775395,-0.0,0.0
20470271,253,168,185,4.95100517021141,158.2148571374663,-143.81618063093117,494.08669711300695,518.6584245717095,24,transition,False,3,3,3,8.010781886838971e-71,1.1689492963051321e-05,1.1689492963051321e-05,1.3664424573322636e-10,1.2177206804869536,0.001374537528403204,-0.24099043213898957,0.03919119408916393,1.2177214562612528,0.2441563803726445,1.7242775465253523e-05,2.973133057451488e-10,CALIBRATED,-0.003223474662036134,-0.0010981102672371497,0.00016874748055428082,0.0002537364677323613,0.0,0.0,-0.003884886581856405,-0.0013636442701766998,0.0005237466222344134,0.00012882348962001198,0.0,0.0
20470271,254,168,186,3.439720064506698,175.5676090369756,-155.94221969361593,515.089338322919,539.8281865409825,25,remote,True,3,3,1,6.572119105757967e-77,1.6442007361086522e-05,1.6442007361086522e-05,2.7033960606202336e-10,1.414168970560966,0.002818701471509461,0.16924872734310065,0.008509056906877201,1.4141717796560105,0.16946249070724678,3.2727436371963385e-05,1.071085091480912e-09,CALIBRATED,-0.0015312934701685614,0.0007509513403103927,0.00354001058382149,-0.0010007721120332594,0.0,0.0,-0.0022976082472288286,0.0007698521777654103,0.004948140515274824,-0.0015400213569022716,0.0,0.0
20470271,255,169,177,4.153057961481185,-179.2231046465036,21.2901899611185,118.96940033325069,128.3234849316645,6,source,False,2,2,1,8.62871193615999e-05,0.0011644878351847996,0.0016807806533778408,2.825023604769241e-06,1.2968437206278813,0.0019223791292311766,0.06918967449283556,0.01622977289695114,1.2968451454485546,0.0710676901602349,0.002735134435411406,7.48096037977327e-06,CALIBRATED,0.032434834562748205,0.015209105076312962,0.01882276256724593,0.006568781651094181,0.0,0.0,0.044939616574987726,0.020261669279001,0.015926063678475606,0.007168720335040366,0.0,0.0
20470271,256,170,189,5.453448054173759,15.959461844313173,168.43220759516146,307.1929553315331,412.6764109076334,19,transition,False,2,2,2,8.009587498760591e-28,4.436403446976458e-05,4.436403446967871e-05,1.9681675544268406e-09,1.1848519228105887,0.001160060336346304,-5.068056938078682,7.027337903924995,1.1848524907041944,8.664218322707963,6.935188351618101e-05,4.80968374724194e-09,CALIBRATED,-0.001517068515245022,0.00645667659318826,0.00038013365429529557,-0.0004789189551248969,0.0,0.0,-0.0021211293313023317,0.007658502320348516,-0.0024442787624497945,-0.00047490779812847065,-0.0,0.0
20470271,257,172,181,3.2490054566396296,140.2063609405616,-224.04646681078012,521.3717271974795,577.136187328892,26,remote,True,2,2,1,8.872127582009483e-79,1.0675085010215688e-05,1.0675085010215688e-05,1.1395743997533167e-10,1.448939395515453,0.003088032376391564,0.18305568141441947,0.007380189172580902,1.4489426861752137,0.18320439320693302,2.2075046640510133e-05,4.873076841806977e-10,CALIBRATED,-0.0004776365042702692,-0.0031590418332085473,-0.00047561119438005244,-0.0004911181811162397,0.0,0.0,-0.000777532289894954,-0.004535180981156035,-0.00023280072735274552,-0.0009211012258082515,0.0,0.0
20470271,258,174,180,1.8650966908316313,81.55973201730575,227.196098931643,388.2239131695994,489.47960051218774,22,transition,False,2,2,1,5.288884706337741e-44,6.45814970035888e-05,6.45814970035888e-05,4.170769755224548e-09,1.99779806444693,0.008394496212776284,0.17613644854690136,0.003499476888726385,1.9978157006777593,0.17617120889978008,0.0002557922173083267,6.542965843551022e-08,CALIBRATED,0.0010431879612173237,0.00388581132844543,0.0005689185508613209,0.006933257378993734,0.0,0.0,0.0009825966298398826,0.007377201133840247,0.0016352848436857871,0.014061631060521811,0.0,0.0
20470271,259,175,195,2.423560987389589,96.31257750534188,179.9511700011254,387.803188743581,456.4040346259129,21,transition,False,3,3,1,6.563151517589131e-44,4.534549704088801e-05,4.534549704088801e-05,2.056214101885183e-09,1.6841018810218351,0.00513298877884354,0.19569230965144305,0.004428267384554649,1.6841097034442523,0.19574240626074202,0.00012728237041948322,1.6200801819602536e-08,CALIBRATED,0.0006870948990598217,0.003574925380424299,-0.00020252418002155744,0.005661474200372087,0.0,0.0,0.00027504713050724905,0.006060666290530455,0.00018061138895616644,0.009510122140986944,0.0,0.0
20470271,260,176,183,3.921574669787404,-122.27317593797142,117.63002996071641,160.76049357323058,222.71810096356927,11,transition,False,3,3,3,3.795365491560532e-08,0.0040229473664489535,0.00404519067928955,1.6363567631811047e-05,1.326318912407241,0.0021382169595295574,0.13436443358831196,0.011361224984650302,1.3263206359628477,0.13484390400259014,0.007105954918980043,5.0494595310576674e-05,CALIBRATED,0.05718512504576222,0.027789231652457044,0.000734022871235994,0.0015073046741353356,0.0,0.0,0.07562930444606569,0.036979664388043954,0.0038295158116997486,0.002000614500579058,0.0,0.0
20470271,261,184,198,2.830064104722773,98.8955318335531,-163.72902145424527,452.9875911900766,501.9803839828814,23,transition,False,3,3,2,1.2027149549218354e-59,2.2149721467203587e-05,2.2149721467203587e-05,4.906101610746994e-10,1.5464386417151317,0.003893768846502819,0.20007310071515017,0.005450540742926846,1.5464435437563089,0.20014733079450478,5.212666892024489e-05,2.7171896127208244e-09,CALIBRATED,-0.001938231580150951,0.002037771767829955,0.00322874825497833,-0.0019533690734519944,0.0,0.0,-0.0034166958243945856,0.0026455905678905984,0.004693085502843474,-0.003380629759955711,0.0,0.0
20470271,262,190,199,3.9067970183802494,259.4750177308716,35.42098503545557,541.4401143594264,563.5168506268631,26,remote,True,2,2,1,6.663602262011424e-85,1.4581644852924952e-05,1.4581644852924952e-05,2.1262436661683276e-10,1.3290131224890098,0.0021590862483063006,0.13543427483719392,0.01127375389867118,1.3290148762904859,0.13590268697727936,2.5741556709665373e-05,6.626277418369184e-10,CALIBRATED,-0.003387476726900978,-0.0013140959742064633,0.0011036106453061936,0.00040229540361580137,0.0,0.0,-0.0045292769380236375,-0.0017567550048479036,0.001365013847917597,0.000527025783323384,0.0,0.0
