seed,hotspot_id,particle_i,particle_j,gap_nm,x_nm,y_nm,euclidean_distance_nm,geodesic_distance_nm,geodesic_steps,classification,plasmon_dominated_remote,coordination,coordination_i,coordination_j,M2_inc,M2_scat,M2_CDA,M4_CDA,Cparallel_real,Cparallel_imag,Cperp_real,Cperp_imag,Cparallel_abs,Cperp_abs,M2_FWcorr,M4_FWcorr,FW_correction_status,E_CDA_x_real,E_CDA_x_imag,E_CDA_y_real,E_CDA_y_imag,E_CDA_z_real,E_CDA_z_imag,E_FWcorr_x_real,E_FWcorr_x_imag,E_FWcorr_y_real,E_FWcorr_y_imag,E_FWcorr_z_real,E_FWcorr_z_imag
21203374,0,0,1,1.9836876853594383,1.893846477613448,-10.82746399583426,453.5832971111951,452.44220708319205,21,transition,False,4,3,4,8.415783572497708e-60,1.937085561392317e-06,1.937085561392317e-06,3.7523004721545875e-12,1.8996708922112286,0.0072676017191454735,0.18153973994343875,0.003648228233339804,1.899684794051201,0.18157639369690629,5.455249285441979e-06,2.9759744766315225e-11,CALIBRATED,0.0007231892744544085,-0.00034770540692922027,-0.00045048385211574965,0.0010441494546670816,0.0,0.0,0.0003014812991389064,-0.0003823373817161359,-0.0010513660272819878,0.002028005403082358,0.0,0.0
21203374,1,0,2,5.990266946931307,-10.599457422977048,-7.518310736574025,442.67746994667795,440.24297781914794,20,transition,False,4,3,4,5.39142577374504e-57,1.4823047066710518e-05,1.4823047066710518e-05,2.197227243419153e-10,1.1516914000488623,0.0009459721842756746,-10.760079528529598,15.298654336237414,1.1516917885484301,18.70369311018435,2.521751227197789e-05,6.359229251873556e-10,CALIBRATED,-0.0027916170593297483,0.001579837264362014,-0.0018279758995280921,0.0010920346100958794,0.0,0.0,-0.0025675181344337735,0.0005579605132365537,-0.0030213510534786853,0.003030755809801187,0.0,0.0
21203374,2,0,6,4.187700726877857,11.904684733917156,2.1306567061100496,467.06947755572844,464.72846304872184,21,transition,False,3,3,2,2.2907504259788447e-63,1.806792423566896e-05,1.806792423566896e-05,3.264498861858738e-10,1.2934086050123565,0.0018985946634866048,0.05572324896092551,0.017226639755852494,1.2934099984852856,0.05832527404169828,3.0216180231912108e-05,9.13017547807396e-10,CALIBRATED,-0.004101274923965242,0.0008080775829785828,-0.0007674421068909594,7.423924959959656e-05,0.0,0.0,-0.005313516961072994,0.0010223686175932715,-0.0009516429597875984,0.00017848199670794467,0.0,0.0
21203374,3,1,2,5.848260107464281,-8.705610945363599,-18.345774732408287,441.2549099765381,439.4470736097264,20,transition,False,4,4,4,1.2381205908552164e-56,1.0941677425949592e-05,1.0941677425949592e-05,1.197203048935349e-10,1.1604634851896771,0.0010026057757029738,-9.254346125420932,13.11061006165772,1.1604639183003123,16.047773004312283,1.7429010461885026e-05,3.037704056804977e-10,CALIBRATED,-0.002947247849218908,0.0012856672621328797,0.0006800402030189223,-0.0003741825150669698,0.0,0.0,-0.0030529534981817382,0.0012492844420932102,0.002180797809383979,-0.0013386167103225655,0.0,0.0
21203374,4,1,5,4.210479787914373,-2.223207057315845,-32.16234984145956,443.76345764375924,454.70876774608723,21,transition,False,4,4,3,2.852905202854301e-57,6.457646475558495e-06,6.457646475558495e-06,4.1701198003293053e-11,1.2911498734308111,0.0018829553866935179,0.04686851332932532,0.017882121232697164,1.2911512464391566,0.05016400902521671,1.0764670483327933e-05,1.1587813061463164e-10,CALIBRATED,-0.0010617850039670888,0.0006500481022442501,-0.001895832738112742,0.0011460867221888993,0.0,0.0,-0.0013934075221482256,0.000842820232255512,-0.0024378002213115125,0.0014730478938659738,0.0,0.0
21203374,5,1,38,5.191586233805008,9.817801125497823,-32.71349027157816,455.2845626145527,460.0942395881573,23,transition,False,4,4,3,3.0277236418521265e-60,9.861252178724105e-07,9.861252178724105e-07,9.724429453239092e-13,1.201027722455343,0.0012644931608555502,-2.2914717298738077,2.9925656426783585,1.2010283881112978,3.769123480936887,1.4281831928932995e-06,2.0397072324628994e-12,CALIBRATED,-0.00047438660159961846,6.0496469354650867e-05,0.0008677367501731034,-6.675087782058256e-05,0.0,0.0,-0.000622107832980932,4.373079495860937e-06,0.0010137526773559883,-0.00011598026714211602,-0.0,0.0
21203374,6,2,3,1.9349810538127485,-31.609989609381742,-18.485588090571454,419.3201034140758,416.5422682239596,19,transition,False,4,4,3,3.2577292461193687e-51,6.166283237850237e-05,6.166283237850237e-05,3.80230489693928e-09,1.9399728058753576,0.007730429736667491,0.17932054847583676,0.0035871344128266315,1.939988207974425,0.1793564234672698,0.00023188080408209868,5.3768707301760635e-08,CALIBRATED,-0.00561335157060503,0.00484387584165808,-0.0020855973241451246,0.001529793174062538,0.0,0.0,-0.011045891710478317,0.009313958698572947,-0.003699528239924702,0.003071277350836628,0.0,0.0
21203374,7,2,26,2.3548166866339173,-25.61762788695411,-4.769711892629289,429.3132857287755,431.5100221933998,20,transition,False,4,4,2,1.1962917784641877e-53,4.207444750883867e-06,4.207444750883867e-06,1.7702591331740204e-11,1.7168982563352444,0.005454280712337042,0.19351596238954258,0.004304987202585947,1.7169069199537554,0.19356384118518954,1.0569551420040227e-05,1.1171541722087439e-10,CALIBRATED,-1.822198605193841e-05,-0.0007214996522730094,0.001791381293085861,0.0006910166601900021,0.0,0.0,-0.000995287037733513,-0.0006944766641306136,0.0026552658743819796,0.0014304616149622442,0.0,0.0
21203374,8,3,4,3.564998744206484,-51.287242290507436,-29.212276758965093,397.3491244275803,394.1311967889408,18,transition,False,4,3,4,4.624000651177965e-46,4.451818584565467e-05,4.451818584565467e-05,1.981868870988248e-09,1.3913285967709579,0.0026417804661216784,0.16017906563194295,0.009250599785474647,1.3913311048045587,0.160445961816162,8.616650871559243e-05,7.424667224234265e-09,CALIBRATED,-0.003097937611371607,0.004188469139204646,-0.0025308607523465525,0.003312467135514856,0.0,0.0,-0.004379680792900978,0.005833310074269228,-0.0034556959500492927,0.004584273546171598,0.0,0.0
21203374,9,3,8,3.7137378158370886,-53.31120969043673,-18.31268240124205,398.73494736907816,399.4213417077111,19,transition,False,4,3,4,2.2296641520737587e-46,3.0197358263263635e-05,3.0197358263263635e-05,9.118804460798966e-10,1.3642110058020647,0.0024317282357150956,0.14941096793045083,0.010131008164627277,1.364213173097846,0.14975404723861707,5.6136961781823e-05,3.151358478093856e-09,CALIBRATED,-0.003935319130213763,0.003358114974231958,0.001400270234446297,-0.0012136427386179316,0.0,0.0,-0.005425164880451775,0.004620098852396305,0.0017623634657571502,-0.0015011027314565993,0.0,0.0
21203374,10,4,7,3.0690438275584526,-71.92704886633453,-34.57016367992057,376.0442778951127,374.6753458384936,17,transition,False,5,4,5,2.4898873015133166e-41,4.152597130550294e-05,4.152597130550294e-05,1.7244062928654536e-09,1.4817493747227921,0.0033421777140065756,0.1960841639995365,0.006314969896757311,1.48175314396267,0.19618582572702356,9.036339936557532e-05,8.165543944902458e-09,CALIBRATED,-0.003536008807706333,0.005127911096280031,0.0007625085844110637,-0.0014648281348587449,0.0,0.0,-0.005291275781657352,0.007712986719178543,0.000929415590168147,-0.0014183872879257914,0.0,0.0
21203374,11,4,8,2.171838101419066,-62.57738760813478,-25.590404452212287,387.659188689178,387.6388423356079,18,transition,False,4,4,4,7.066039048038182e-44,5.551357284250652e-06,5.551357284250652e-06,3.0817567697402774e-11,1.8041932653622696,0.00630947223782121,0.18772311936777528,0.003976848970998778,1.8042042978051263,0.18776523872353512,1.624812330492164e-05,2.640015109319377e-10,CALIBRATED,0.00038261708505965526,-0.0009693012202110609,0.0005579516391554692,0.002038162545856483,0.0,0.0,-6.46702773964673e-05,-0.0008242629523347106,0.0008524624564373035,0.003851991615504433,0.0,0.0
21203374,12,4,10,1.7664298538190089,-64.47347404989101,-46.64271002534929,379.880529502016,372.27492281861254,17,transition,False,4,4,4,3.6602137435918135e-42,3.689893729185682e-05,3.689893729185682e-05,1.3615315732683818e-09,2.0794391515129407,0.009332064160293764,0.17164094976407554,0.0033757168618135554,2.0794600915300947,0.17167414220040544,0.0001526974741620636,2.331651861547408e-08,CALIBRATED,-8.69943516930011e-05,0.0010353780984078329,-0.002253921100707166,0.005544294467265849,0.0,0.0,-0.0014967327118055986,0.0039832847452024814,-0.004234307014537085,0.010800988477762298,0.0,0.0
21203374,13,5,13,2.6063958281661073,-5.875444923320254,-53.72413716211409,435.21547325129916,433.7038479266231,21,transition,False,3,3,3,4.099109531587913e-55,3.641988544157339e-07,3.641988544157339e-07,1.3264080555773294e-13,1.6150141384269672,0.00449143334981321,0.1987443354148247,0.004850688036503033,1.6150203838628583,0.1988035211808579,2.0060675623050951e-07,4.024307064532707e-14,CALIBRATED,0.0005228423477226718,-0.0002590432499447224,-0.00015226084763456904,2.340860481227567e-05,0.0,0.0,0.00018141442483215597,-7.170759290396931e-05,-0.0003877171004386899,0.00011058496209096852,0.0,0.0
21203374,14,5,38,4.107229938945451,3.8069011129550807,-43.22091212136921,446.9570444968765,447.98899969420006,22,transition,False,3,3,3,4.3501055281245644e-58,1.206872591290515e-05,1.206872591290515e-05,1.4565414516082825e-10,1.3013879466455953,0.001953842986681983,0.08700406216326775,0.014911043391619968,1.3013894133490005,0.08827256679136805,2.0425164625496214e-05,4.171873499786219e-10,CALIBRATED,-0.003193795224269181,0.0013652689777367089,6.393936165446061e-05,-1.871776700090418e-05,0.0,0.0,-0.004154497925246741,0.0017680277031816287,0.00018235095607696766,-7.834401200378738e-05,0.0,0.0
21203374,15,6,9,3.6316557970636403,35.603767216550324,3.549997256909684,490.0502284957153,488.470009715226,22,transition,False,3,2,3,1.1074093309079942e-69,1.8528903063655474e-05,1.8528903063655474e-05,3.4332024874234124e-10,1.379175914393987,0.002547646070421348,0.15535336886114443,0.00964515265730382,1.3791782674277426,0.15565249174455734,3.520346757272766e-05,1.239284129144088e-09,CALIBRATED,-0.00427660530418871,-0.0002897630383434827,0.00039181234787560854,-4.550386250223766e-05,0.0,0.0,-0.005907272466295411,-0.0004058408196880633,0.00037767358842552914,1.598347135328766e-05,0.0,0.0
21203374,16,7,8,5.926992994228499,-73.95101626626382,-23.670569322197526,377.46427845679426,380.6160071009676,17,transition,False,5,5,4,1.2272930285665063e-41,2.2543826456945337e-05,2.2543826456945337e-05,5.082241113208686e-10,1.1555999758779427,0.0009712063997459313,-10.089170264659542,14.323727984372844,1.155600383995684,17.520289381160232,4.85574245250162e-05,2.3578234765026446e-09,CALIBRATED,-0.0015266330788187687,0.003194047243000797,-0.0011469378135514042,0.002948866521381834,0.0,0.0,-0.0008237113627453609,0.0007373393316425624,-0.002310701399041123,0.006480425438995705,-0.0,0.0
21203374,17,7,11,2.73375602518,-87.56527014662814,-43.18689181883186,358.58603261358076,356.82031941366483,16,transition,False,5,5,5,1.19898023637218e-37,3.174342219833487e-05,3.174342219833487e-05,1.007644852861739e-09,1.5759661835448528,0.004151113881797203,0.19950095505279913,0.005192253501420891,1.5759716505773156,0.19956851095150757,7.846957162921072e-05,6.1574736716718315e-09,CALIBRATED,-9.591481830292828e-05,0.0018027560409825676,-0.0008892377261635415,0.005262466101461666,0.0,0.0,-0.0004705833098857561,0.0032278895533083625,-0.0012969978273152179,0.008133058996788971,0.0,0.0
21203374,18,7,40,4.546585126322789,-85.42411412029053,-20.56212242308717,367.6547757137106,379.36310835451104,18,transition,False,5,5,4,1.5406448100550092e-39,4.657458079280796e-06,4.657458079280796e-06,2.1691915760257958e-11,1.2578222599101276,0.0016521976565756263,-0.08378322473859326,0.02755375884946088,1.257823345022073,0.08819772318111092,7.080520508535077e-06,5.013377067178583e-11,CALIBRATED,-2.4270922823143146e-06,-0.0006524605647565112,0.001294256657269172,0.001598951877029416,0.0,0.0,-0.00028536543579994495,-0.0003314329323870906,0.0015755221369440496,0.0020992782769119326,0.0,0.0
21203374,19,7,130,1.6808190208194027,-93.99724756888867,-34.410404581811534,355.0517339136159,363.07588833772746,17,transition,False,5,5,3,6.353765383753841e-37,7.872751260221433e-05,7.872751260221433e-05,6.1980212405318166e-09,2.150277152226599,0.010145569238706627,0.16774031397601236,0.003268333273600369,2.150301086816195,0.16777215184636132,0.00036358778674825635,1.3219607867249553e-07,CALIBRATED,-0.0033989920985567136,0.00807069546520892,-0.0008242738534264349,0.0011656811907966474,0.0,0.0,-0.007474641800392764,0.017267900149595138,-0.0012738391311834813,0.0028132676722195395,0.0,0.0
21203374,20,8,40,3.7734655860403272,-76.07445286209078,-11.582363195378889,379.5254582262718,392.3266048516253,19,transition,False,4,4,4,4.374525585894514e-42,2.8701323689293368e-05,2.8701323689293368e-05,8.237659815175926e-10,1.3533216461731574,0.002347379508707036,0.14508692275529989,0.010484545596174715,1.3533236819738959,0.14546525650807693,5.2455567614190674e-05,2.7515865737269295e-09,CALIBRATED,-0.003765085224894262,0.0034782999142731466,0.00099672356479052,-0.0011972588610384086,0.0,0.0,-0.005095887463046717,0.00477609924758818,0.0013799291327942903,-0.0013312288097119896,0.0,0.0
21203374,21,9,12,2.603248524414429,57.44951123981536,-2.32824729283588,509.2385280363687,511.0927922787533,23,remote,True,3,3,3,3.455883184181782e-75,1.2461091771540001e-05,1.2461091771540001e-05,1.5527880813874193e-10,1.6159790849155662,0.004499843267225155,0.19872563795768328,0.004842247328225371,1.6159853500183656,0.19878462350211074,3.235889398220681e-05,1.0470980197517001e-09,CALIBRATED,-0.0028718585923264706,-0.0009109040563424431,0.0017751554029190584,0.00048228320813271524,0.0,0.0,-0.004808993028625393,-0.0014929681584769188,0.002531403621835209,0.0007717005986603921,0.0,0.0
21203374,22,9,41,4.607125443941893,57.87662696751969,9.286897112311507,513.0163446644718,511.46984235455756,23,remote,True,4,3,4,2.689476263846606e-76,1.1019016828538316e-05,1.1019016828538316e-05,1.2141873186761062e-10,1.2518191886183019,0.0016106328711409336,-0.1073166138765794,0.029295843685091354,1.2518202247652133,0.11124343608121846,1.7263922885725066e-05,2.980430334042617e-10,CALIBRATED,-0.002767859467004222,-0.0004368411933230197,-0.0017586088132545642,-0.0002728289083160271,0.0,0.0,-0.003497770677756345,-0.0005530509667856927,-0.0021463964028672305,-0.00034152639934419187,0.0,0.0
21203374,23,10,11,3.6368096096370017,-80.1116953301846,-55.25943816426058,362.5724630161697,354.4198963937838,16,transition,False,5,4,5,1.7919966309958334e-38,4.001495071338273e-05,4.001495071338273e-05,1.6011962805944488e-09,1.378236289184803,0.002540367755354137,0.15498025400492854,0.009675658829787123,1.378238630388159,0.15528199349964117,7.599686699958415e-05,5.775523793752483e-09,CALIBRATED,-0.0028042852775255356,0.005609646829040384,0.0002918536042012226,-0.0007730580332602292,0.0,0.0,-0.0038672470316585463,0.007730177798220793,0.0004955370801082785,-0.00101983410702154,0.0,0.0
21203374,24,10,14,3.435459028968822,-76.36250713508244,-65.38614616891635,363.86380887357865,356.57104035500174,17,transition,False,4,4,4,9.637840169468792e-39,5.623332781900857e-05,5.623332781900857e-05,3.1621871576000827e-09,1.4149458277616551,0.0028247189893597507,0.16955720880986236,0.008483835212602209,1.414948647314624,0.16976932149038543,0.00011254643254881555,1.2666699479465088e-08,CALIBRATED,-0.0017038174017245209,0.004699369552046209,-0.0018893831476808382,0.005260845104652855,0.0,0.0,-0.002456215776497599,0.006765665304075877,-0.0026584286840571343,0.007326115378091309,0.0,0.0
21203374,25,10,180,2.9740404159232305,-59.63326981866147,-64.22573158112218,380.4514937976833,373.3404751458555,18,transition,False,4,4,3,2.7469698899565584e-42,2.6402782182944895e-05,2.6402782182944895e-05,6.971069070000324e-10,1.5022962751385829,0.0035090494225111764,0.20092843312677877,0.005836668723452647,1.5023003733352096,0.20101318847421368,5.801614718726984e-05,3.365873334454958e-09,CALIBRATED,-0.0019266716505271571,0.0027065088672931174,0.002202364834169626,-0.003242702179121076,0.0,0.0,-0.0032675995460341523,0.004667862015936888,0.0028912194266529504,-0.004146185574856177,0.0,0.0
21203374,26,11,14,1.5969096987372353,-88.08067457369052,-63.85016309241368,352.78643402101557,344.75263555018324,16,transition,False,5,5,4,1.8341939975471363e-36,3.5688101022013783e-06,3.5688101022013796e-06,1.2736405545574621e-11,2.219707251307243,0.010942905945386466,0.16391720312428953,0.003163083928698415,2.2197342247882936,0.16394771904491254,9.47860519412298e-06,8.984395642605514e-11,CALIBRATED,0.0001673061349306019,-0.0015460106155664502,0.0008166564721995088,0.0006955157384175145,0.0,0.0,-0.00046965140110700755,-0.0011034788597855697,0.0014874941850054235,0.0024140688082866643,0.0,0.0
21203374,27,11,20,5.530324912661783,-99.87739950978587,-63.63236647796038,341.3667277013368,332.9539002542644,15,transition,False,5,5,5,3.4640671959905253e-34,3.5376561713670696e-05,3.537656171367068e-05,1.2515011186811504e-09,1.180103064582729,0.0011294011609842892,-5.883201153568067,8.211858105161168,1.1801036050214115,10.101815151379766,4.941368020917842e-05,2.441711791814951e-09,CALIBRATED,-0.0005558260607779015,0.0037364891788933636,-0.0006955161645304927,0.0045412030327568915,0.0,0.0,-0.0009378019434291915,0.004247774524058995,-0.0006004158201404586,0.005489091013980301,0.0,0.0
21203374,28,11,130,1.762082784701466,-98.26184019105321,-44.946967850737586,347.831663543607,351.70901032513746,16,transition,False,5,5,3,1.820592109460998e-35,9.835509331329577e-06,9.835509331329567e-06,9.673724380667099e-11,2.0830360991708643,0.00937337158225693,0.17144288682298547,0.0033702642355080193,2.083057188495743,0.1714760103431852,3.7325595936091814e-05,1.3932001119843939e-09,CALIBRATED,-0.0012136174092086333,0.00010868641604223496,0.002105736232467723,-0.001979066521781374,0.0,0.0,-0.0029441754763170494,0.0018823335416907367,0.0041006279256453,-0.002880815466840774,0.0,0.0
21203374,29,12,15,3.4713059245722206,78.80255561515223,-10.657005930953185,527.5942752063186,534.0126684683647,24,remote,True,3,3,3,1.1852672527136727e-80,8.981457308116494e-06,8.981457308116494e-06,8.066657537751918e-11,1.4084103462515125,0.002774095301231953,0.16696204084275798,0.008696018245008255,1.408413078266829,0.1671883483251638,1.7799901115192576e-05,3.168364797106339e-10,CALIBRATED,-0.00257359001429091,-0.0012549897604217312,0.0008137578820461203,0.0003476931939268065,0.0,0.0,-0.003651382993716471,-0.0017734374527822565,0.0010372158001374103,0.0004963933253028414,0.0,0.0
21203374,30,12,41,3.2459895377485743,67.92797324206872,4.119968717876358,521.1126357606679,522.7714666167648,24,remote,True,4,3,4,1.0606768450167709e-78,1.8617740610346148e-06,1.8617740610346148e-06,3.4662026543413216e-12,1.449489247373384,0.0030922915161242953,0.18327402155143008,0.007362337506348078,1.4494925458648902,0.1834218389101784,3.813557187654777e-06,1.4543218423513411e-11,CALIBRATED,0.0001299360793117491,0.00013199591519705964,-0.0013355271849529806,0.0002093678412520985,0.0,0.0,-3.900251974982926e-05,3.5317773081555675e-05,-0.001928134784650791,0.00030509817802167955,0.0,0.0
21203374,31,13,18,2.686836985869949,-3.0915134327345903,-76.1139465630084,433.8361252219869,434.6204674098633,21,transition,False,3,3,2,9.054980693682209e-55,8.567315684402614e-07,8.567315684402614e-07,7.339889803621103e-13,1.5903513099269295,0.0042764863519424625,0.19922221909471163,0.005066422010490575,1.5903570596950294,0.19928663079346207,1.3720315349300002e-06,1.8824705328423726e-12,CALIBRATED,0.0004957436656663433,-0.0002827400489529549,-0.000488968504457183,-0.0005403125509915024,0.0,0.0,0.00012666435601989138,-2.622466284127806e-05,-0.0008001928621697277,-0.0008455715973443924,0.0,0.0
21203374,32,13,50,3.291570870437969,-15.13300861150992,-65.60772863338786,423.78719810383643,418.63990980616404,20,transition,False,3,3,3,2.700776605967151e-52,2.6168098262042455e-05,2.6168098262042455e-05,6.847693666519093e-10,1.4411790171014227,0.0030279206652688447,0.17997412033258567,0.007632140099525146,1.441182197932301,0.18013587524973143,5.43378110183173e-05,2.9525977062623652e-09,CALIBRATED,-0.004054858781818398,0.0031049777470012778,-0.00021023126603797004,0.00020281648591673765,0.0,0.0,-0.005846088573407833,0.004460838133678028,-0.00040292163663526825,0.0003156528315139236,0.0,0.0
21203374,33,14,16,1.6807973723858538,-89.56274118209694,-83.47151257826197,347.34968381830777,348.20370756950473,16,transition,False,4,4,3,2.272069857217491e-35,6.155065200369282e-05,6.155065200369281e-05,3.788482762079694e-09,2.1502950650502153,0.010145774949946836,0.16773932762122876,0.003268306119484561,2.150319000411019,0.1677711651497735,0.0002825598977614373,7.984009582295388e-08,CALIBRATED,-0.0009220402097177135,0.00305279056741152,-0.0021380171094960002,0.006841772171475907,0.0,0.0,-0.002406666693088071,0.0076438776736229815,-0.004450232409636553,0.014090224228191912,0.0,0.0
21203374,34,14,20,3.597470591837723,-96.12821131468371,-73.75907448261614,342.76915404203527,336.58422771690994,15,transition,False,5,4,5,1.836930848239946e-34,7.724739576181553e-05,7.724739576181546e-05,5.9671601519825455e-09,1.385408442285558,0.0025959230868494456,0.1578282372718633,0.009442805413946702,1.3854108743519986,0.15811046472143847,0.00014826571471445696,2.198272215978874e-08,CALIBRATED,-0.0018469866006204049,0.008591117284649872,3.521255440117039e-05,-0.00016583165061867424,0.0,0.0,-0.002581157005039874,0.011897575464668146,4.789828626015974e-05,-0.0002207873331746947,0.0,0.0
21203374,35,15,17,4.158025699092253,102.06552878555922,-15.501230340224385,548.963879947954,557.7746639833558,25,remote,True,3,3,3,2.938017883962484e-87,7.499132016392305e-06,7.499132016392305e-06,5.623698099928012e-11,1.2963511285138796,0.00191896846083662,0.06725860265617609,0.016372722598901525,1.2963525488227199,0.06922272514544597,1.2597374259634265e-05,1.5869383823729594e-10,CALIBRATED,-0.0021739820278398386,-0.001607620112056607,0.00035844094073082626,0.00024497311350592916,0.0,0.0,-0.0028241242184757886,-0.002091303453178787,0.0004004560254024101,0.0002962794233391276,0.0,0.0
21203374,36,15,56,3.355409435507166,90.286855030025,-2.142559189434161,540.8918951180945,548.3089944427055,25,remote,True,4,3,4,9.864684913005527e-85,6.849503593100724e-07,6.849503593100724e-07,4.691569947189973e-13,1.4295401916293444,0.00293776659323024,0.1753524704980661,0.008010009928776098,1.429543210244524,0.17553532171285138,1.1813433382714784e-06,1.3955720828784006e-12,CALIBRATED,0.00024942081787887463,0.00020405758158655593,-0.0007383228168143468,0.0001896827258531473,0.0,0.0,2.7716050378137494e-05,4.162017476867322e-05,-0.001050886126786247,0.0002729125654918434,0.0,0.0
21203374,37,16,20,3.4466928860887442,-101.3594661181923,-83.25371596380867,335.7844513049812,336.4049722735859,15,transition,False,5,3,5,4.216737101726112e-33,9.85976847149104e-06,9.859768471491043e-06,9.721503431140882e-11,1.4128977099467368,0.0028088543162900614,0.1687439237079333,0.008550330060459979,1.4129005019587555,0.16896040936412182,1.9361511381212275e-05,3.7486812296481246e-10,CALIBRATED,2.8635023588571247e-05,0.0014219573854216984,0.00016574018187393052,-0.0027945511076149974,0.0,0.0,-8.182125814083958e-05,0.002408607138085086,0.00016206406200363043,-0.003677929248517565,0.0,0.0
21203374,38,16,25,1.7938528926502748,-96.90470974670245,-103.65670565398581,337.07236933002133,357.2886224005824,16,transition,False,3,3,2,2.377651530113916e-33,2.4287761102762127e-05,2.4287761102762117e-05,5.898953393848444e-10,2.056748176828594,0.009071480533513136,0.17289040947536202,0.00341011419456027,2.0567681820387085,0.17292403698554545,9.16053937494205e-05,8.391548163986368e-09,CALIBRATED,-0.0001336054205120652,-0.0007594608205467124,-0.001936695031959716,0.004465684976530362,0.0,0.0,-0.0007279107876790545,0.0014111155314054395,-0.0039329817032070745,0.008579973631303636,0.0,0.0
21203374,39,17,19,2.806582719025336,124.63827238411059,-13.008485048332172,571.4961360251531,580.4846294755399,26,remote,True,3,3,2,1.6552222268658134e-94,8.62296137267625e-06,8.62296137267625e-06,7.435546283466668e-11,1.553637908917765,0.003956513509876406,0.19993360283463418,0.005387566355239728,1.5536429467627109,0.20000617843874063,2.07466209543726e-05,4.304222810244123e-10,CALIBRATED,-0.0018723492794015103,-0.001899455093515244,-0.0008409494636843962,-0.0008956248633489447,0.0,0.0,-0.0029495985200143947,-0.0030268097938194144,-0.0011805823791016714,-0.0012211213057247829,0.0,0.0
21203374,40,17,34,3.022617781722662,119.99688505961143,-27.02579717211522,563.8879451465891,579.0901320403727,26,remote,True,3,3,2,5.002731873056733e-92,1.778605104673393e-06,1.778605104673393e-06,3.163436118370251e-12,1.4902136101619152,0.0034077414853133175,0.1994452189797323,0.006040167322580533,1.4902175064781111,0.19953666077981294,3.624358334407275e-06,1.3135973336187476e-11,CALIBRATED,-0.0002078897093127421,-0.0002593906634637771,0.0008600836621964878,0.0009635141675999145,0.0,0.0,-0.0006056585821973688,-0.0006933730229977779,0.0010984264545509854,0.0012530878624978472,0.0,0.0
21203374,41,18,29,2.7061318224264994,0.8497451143808128,-98.24429324888936,434.8063402948354,457.09902971648097,22,transition,False,3,2,3,5.186772552406386e-55,4.6775708263944325e-06,4.6775708263944325e-06,2.1879668835936295e-11,1.5844356162880782,0.004224928575915586,0.1993368455839326,0.005118168552765737,1.5844412492054267,0.19940254175081898,1.1094134088017383e-05,1.230798111629093e-10,CALIBRATED,0.00021732811449420503,0.0004386085986768717,0.0008883531507518258,-0.0019101807489766097,0.0,0.0,-0.0002918438264482689,0.0009261292579102569,0.0012090011930394064,-0.0029478062999208922,0.0,0.0
21203374,42,19,21,3.460715542049254,146.94840926567355,-7.971688924077758,594.3665265579942,603.3562608749696,27,remote,True,3,2,3,3.653555172529377e-102,7.979792245047349e-06,7.979792245047349e-06,6.367708427411781e-11,1.410341148012701,0.002789051246871662,0.16772874102753993,0.008633332217662278,1.410343905784912,0.16795078145654482,1.5868454559337824e-05,2.5180785010176934e-10,CALIBRATED,-0.0015025238405982685,-0.0023852712372243734,-6.653169917472342e-05,-0.00016813390900174982,0.0,0.0,-0.002108397666938667,-0.0033675682786500024,-0.0001479548436556993,-0.0002463880887025201,0.0,0.0
21203374,43,20,22,3.7947866528118297,-115.72157730261634,-82.52795446588317,321.8158434596249,325.46214896009803,15,transition,False,5,5,2,1.8304036646066487e-30,6.482216615381512e-05,6.482216615381392e-05,4.201913224872658e-09,1.3494344633274422,0.002317269480582588,0.1435433651172251,0.010610748117357058,1.3494364529512561,0.14393500493204212,0.00011709759126738354,1.371184588062322e-08,CALIBRATED,-0.00044611433317887534,0.004692575239404645,-0.00045525834890981683,0.0065111923342672535,0.0,0.0,-0.0005731634609090334,0.006989065315945966,-0.0006638832249368128,0.008214700237230263,0.0,0.0
21203374,44,20,24,1.133636990721179,-117.31040457123154,-68.68631777361236,323.23295086505465,314.803085143884,14,transition,False,5,5,2,1.0001706391350231e-30,0.00011822098024182328,0.00011822098024182143,1.3976200169337134e-08,2.953847533212641,0.021357126070783678,0.14136107165782494,0.002713321141161471,2.95392474113685,0.1413871093553574,0.0010073805870115026,1.0148156470876394e-06,CALIBRATED,-0.000917888339688531,0.008733328686507048,0.00047550631017492096,-0.006393850564417517,0.0,0.0,-0.002912895494102003,0.027930739802965537,0.0015119858570835148,-0.014713371458607257,0.0,0.0
21203374,45,21,46,2.012720862956897,168.53751648532455,-11.939026869576239,614.5262358233588,625.3068718212595,28,remote,True,4,3,4,3.6721856402735103e-109,6.5785353759375154e-06,6.5785353759375154e-06,4.3277127692461345e-11,1.8801045571213615,0.007053142398629985,0.18268569281107652,0.0036915016491648983,1.8801177868756536,0.18272298580717428,2.2882812706836584e-05,5.236231173761618e-10,CALIBRATED,-0.000753435585295217,-0.0020069234084437665,0.0005207917762650733,0.0013083977045086463,0.0,0.0,-0.0015042906423503627,-0.003998597151215245,0.0007611930416526243,0.002012890544914619,0.0,0.0
21203374,46,21,47,3.428122732134021,165.10588889105435,2.662530898335787,614.51514673377,624.3986157236441,28,remote,True,3,3,2,3.7054247818326086e-109,3.5456072316420362e-06,3.5456072316420362e-06,1.2571330641072303e-11,1.4162833559216168,0.0028350794514507187,0.1700883265600153,0.008440410595690853,1.4162861935131943,0.1702976199569749,6.968619449168828e-06,4.8561657027334065e-11,CALIBRATED,-0.0004348461506190622,-0.000682171040116628,-0.0008038278872798065,-0.001498338899111713,0.0,0.0,-0.0006987567171048958,-0.0012342309523072261,-0.0010781379883008243,-0.0019479863793207249,0.0,0.0
21203374,47,22,23,3.555107546587365,-135.1568182141171,-93.3184509519142,300.7379212967021,303.23236255304676,14,transition,False,4,2,4,1.072498591570291e-26,0.00011832769187569747,0.00011832769187593719,1.4001442664686733e-08,1.3931319255687462,0.0026557490091447798,0.16089514770224092,0.009192052336117466,1.3931344569142212,0.16115750798605644,0.00022918072122873765,5.252380298292436e-08,CALIBRATED,0.0011574571392956815,0.010751938094798298,0.00017133263390391903,0.001163811488521805,0.0,0.0,0.001581936219737761,0.014888217604659314,0.0002485014313778673,0.00222652703112607,0.0,0.0
21203374,48,23,28,5.842317246677929,-145.18133962129872,-107.94221978391111,288.63815918795206,311.22654705551366,14,transition,False,4,4,4,1.1969023177682896e-24,1.8527062213753017e-06,1.8527062225715748e-06,3.432520347155434e-12,1.1608305892037762,0.001004975841475487,-9.191332512628627,13.019042341630966,1.1608310242268804,15.9366262694111,0.00017905598082153997,3.206104426796369e-08,CALIBRATED,0.0005467276682920923,0.0006578920869325271,-0.0009192629422559826,0.0005252891815389926,0.0,0.0,-0.013036395524815938,-0.001090963769463541,-0.002788788859599832,0.00037526962625385586,0.0,0.0
21203374,49,23,31,3.287985751578198,-155.25966042193278,-103.11846815914936,279.3238290619547,307.44274919189365,14,transition,False,4,4,3,3.9542660236543075e-23,0.00014903823823492074,0.00014903823825829362,2.2212396463135895e-08,1.4418326435208184,0.00303298364034669,0.1802336682088112,0.007610919255198246,1.4418358335510995,0.180394293834126,0.0003085920952391452,9.522908124408565e-08,CALIBRATED,0.0018584462201365823,0.008112136610567824,0.0020630603677895248,0.008690307096731105,0.0,0.0,0.002850892807512779,0.012347901453187626,0.002740833502745056,0.011852496228719683,0.0,0.0
21203374,50,23,35,2.1984576239373332,-148.2822253401426,-84.12307612546837,289.6002964139213,287.20640765411,13,transition,False,4,4,3,8.285364747156355e-25,8.150549287814289e-06,8.150549286993567e-06,6.643145367971133e-11,1.7914936838467677,0.006185059919060919,0.1885658557736867,0.004024586158575033,1.7915043606503067,0.18860879952274393,7.666828514390235e-06,5.878025946906717e-11,CALIBRATED,-0.0004508271484836537,-0.0025509993391512565,-0.0001420944448333984,0.0011914343077068937,0.0,0.0,-5.703476745149845e-05,-0.0008097185321008437,-0.00016259883541730664,0.002642251514747485,0.0,0.0
21203374,51,24,35,4.87411699998405,-138.2324527490943,-68.47761954488684,302.99141686371286,293.8799961055158,13,transition,False,3,2,3,4.362612617919238e-27,9.827718577354819e-05,9.827718577371078e-05,9.658405243600461e-09,1.2253447760570637,0.0014273261562738622,-0.211102263374292,0.03697868975056447,1.2253456073574884,0.21431656281635686,0.00014737657453226696,2.1719854720864837e-08,CALIBRATED,0.0012306794898583472,0.00897311839070158,0.000534035580673161,0.003995067723078165,0.0,0.0,0.0015190051136151521,0.011186209365364382,0.0005895656082443695,0.004426096522319368,0.0,0.0
21203374,52,25,27,2.407205013155835,-109.89854163674877,-117.00779270528736,322.7577172134941,351.6153225564617,16,transition,False,3,2,3,1.2252483030543293e-30,0.00012802382712225188,0.00012802382712224917,1.6390100311027542e-08,1.6919049521664986,0.005209432098914683,0.1951745026572915,0.004398935971511711,1.6919129721555761,0.1952240690212212,0.00036620113921021836,1.3410327435886172e-07,CALIBRATED,-0.001222033749513282,0.01091320214129019,1.7712093848058355e-05,0.002726199908732003,0.0,0.0,-0.0020151667849284383,0.018477926115824307,-0.00043112901321562476,0.004529968683251718,0.0,0.0
21203374,53,26,64,3.2760865369597525,-40.33773472536918,10.912485025564958,420.969985278055,453.0184588059334,21,transition,False,2,2,2,1.3026699132044466e-51,1.3487273653458348e-05,1.3487273653458348e-05,1.819065506032717e-10,1.4440020670040807,0.003049787944308587,0.18109512246005635,0.007540486058724945,1.4440052876352507,0.1812520408404403,2.7959605588384165e-05,7.817395446580031e-10,CALIBRATED,-0.0031452226574986675,0.00029094121530954555,0.0018255902250618667,-0.0004212144674724912,0.0,0.0,-0.004631665973404755,0.0005503872301568152,0.0024680033487871804,-0.0003366144180576761,0.0,0.0
21203374,54,27,28,2.811841628518831,-132.17446046725752,-120.21524844482744,300.29115666989816,329.1096714424743,15,transition,False,4,3,4,1.2808500667190647e-26,0.0001721564719402049,0.00017215647194049533,2.9637850830998556e-08,1.5520255554082245,0.003942461166026975,0.199964844888984,0.005401670148325967,1.5520305627275042,0.20003778950954929,0.0004144304915188946,1.717526323005926e-07,CALIBRATED,0.001283176404617352,0.013046982261369891,0.0003249931231554406,0.00042492775448265893,0.0,0.0,0.0019571279607298623,0.020241248014941562,0.00014771075381283537,0.0009328461797404399,0.0,0.0
21203374,55,27,73,2.660217282995106,-123.61105836198146,-130.63946599782867,308.1727874441885,342.60026695227094,16,transition,False,3,3,2,5.376250784449851e-28,2.4585364478012535e-05,2.4585364477985115e-05,6.044401465153723e-10,1.5985127683825786,0.004347616919682732,0.19906407714436625,0.00499503101548898,1.5985186806712692,0.19912673638711578,5.919127263341721e-05,3.503606755963525e-09,CALIBRATED,-0.0005913228656089685,-0.00018892020415654847,-0.0027885460313320115,0.00405265615790398,0.0,0.0,-0.001111400121956082,0.0013148443666186665,-0.004432081456221043,0.006048462669085917,0.0,0.0
21203374,56,28,31,2.3464654831930503,-153.64558196945092,-115.93841710283556,279.3066765553048,320.3639078152326,15,transition,False,4,4,3,3.979396407989035e-23,0.00019642568426091043,0.00019642568431131407,3.8583049457168015e-08,1.7208824295591274,0.0054933119377771,0.193251575108818,0.004290010864641847,1.720891197269999,0.1932991864319606,0.0005744231173620858,3.299619177599766e-07,CALIBRATED,0.003995058323723485,0.011193782987855174,-0.0022822937536098585,-0.007067924090169565,0.0,0.0,0.007032932136986217,0.020302727466813865,-0.003430343339821699,-0.010049526600683981,0.0,0.0
21203374,57,28,36,3.2853420866266276,-151.67916805222126,-129.1137407794797,280.218342131671,333.3727674008346,15,transition,False,4,4,2,2.840199091628391e-23,8.776634059958754e-05,8.776634059649002e-05,7.702930541699092e-09,1.4423146273333403,0.0030367170757744986,0.1804250586899836,0.007595271014628244,1.4423178241533003,0.180584855248356,0.0001804711263412289,3.2569827442871806e-08,CALIBRATED,-0.00029060970899066814,0.005820913473087306,0.00027844979811957277,0.007329482835936532,0.0,0.0,-6.947393494208403e-05,0.009236348036106866,2.2543423052424907e-05,0.009754776597317565,0.0,0.0
21203374,58,29,30,2.9750386885751077,14.354448003999018,-114.71270458175839,446.82644026944143,478.39657821309044,23,transition,False,3,3,3,4.6991339268553765e-58,1.8060456633864462e-05,1.8060456633864462e-05,3.261800938236989e-10,1.501990210085415,0.003506381935919705,0.20093436365068004,0.005839345976397035,1.5019943028875673,0.20101919425053866,4.066606522160846e-05,1.6537288606081133e-09,CALIBRATED,-0.003046080511701381,0.0020464302886878294,0.0018878487782889044,-0.0010148892619156293,0.0,0.0,-0.0046706185153950475,0.00298080101144574,0.002683699714728661,-0.001662518895106691,0.0,0.0
21203374,59,29,37,1.9700596746663201,1.697584146564144,-119.69526728794268,433.88255744905416,478.5667524240397,23,transition,False,3,3,3,8.81695761905228e-55,6.377293179878901e-06,6.377293179878901e-06,4.0669868302129943e-11,1.910947280927237,0.007397100002470989,0.18091881494636589,0.003631134313830325,1.9109615976182375,0.18095525065054746,2.1698618461578775e-05,4.708300431411673e-10,CALIBRATED,6.8770592211487e-05,-0.0007600118786845203,-0.0019342074045263795,-0.0014331041295242762,0.0,0.0,-0.0007647654069441597,-0.0008006868381050069,-0.0034597667857151114,-0.0029159332484932233,0.0,0.0
21203374,60,30,33,3.71415847741223,30.616846889908775,-130.44758493862378,462.2983510683162,501.0251459399552,24,transition,False,3,3,3,4.297147944445072e-62,9.490600766515859e-06,9.490600766515859e-06,9.007150290939141e-11,1.3641343122446425,0.0024311341691989063,0.14938051376067063,0.010133498122185045,1.3641364786034105,0.14972383135491235,1.738795278950972e-05,3.0234090221021883e-10,CALIBRATED,-0.0009462080203653032,0.0009369048617867554,0.0022286021866903707,-0.0016585634513492308,0.0,0.0,-0.0016803405380016905,0.0013633102438229939,0.002802642218862648,-0.0022024963650353322,0.0,0.0
21203374,61,30,165,3.7536038570630836,33.8918957774068,-113.3236285477405,466.41308178620494,497.98334409536204,24,transition,False,3,3,3,3.4349173050058653e-63,9.08590432642946e-06,9.08590432642946e-06,8.255365742902959e-11,1.3569427676205033,0.002375428631413424,0.14652483033266245,0.01036698110942404,1.3569448468006258,0.14689111682242284,1.6398814070648885e-05,2.6892110292371183e-10,CALIBRATED,-0.0021751323505156753,-6.71553241203074e-05,-0.002075923645275224,0.00020182855496470026,0.0,0.0,-0.0032207261489974656,5.103181924435708e-05,-0.002453215723872063,6.975320339828214e-05,0.0,0.0
21203374,62,31,32,1.8212744094614344,-172.90021455812203,-117.01697910765891,260.0452059118835,329.90065997668535,15,transition,False,3,3,3,3.826474049646335e-20,0.00041204301309609654,0.00041204301528465284,1.6977944644486864e-07,2.034058461527641,0.00881091136951768,0.1741397998397459,0.003444509618203024,2.0340775445079164,0.17417386294945825,0.0016975398423593922,2.88164151639755e-06,CALIBRATED,0.005594075953878009,0.015365027459983468,0.004586891583767829,0.011118708839591518,0.0,0.0,0.01207695251355549,0.032350776392558935,0.007935958586126722,0.021027003791854192,0.0,0.0
21203374,63,32,45,1.5250730266200705,-187.7232028840853,-132.08156517787606,244.066606299253,351.03505697254553,16,transition,False,3,3,3,7.86477515446821e-18,0.00020635028051469687,0.00020635028411225792,4.258043975320956e-08,2.2791479324968065,0.011625523968550218,0.16064415128800075,0.003072977579455548,2.279177582158093,0.16067354024308392,0.0010409280395591222,1.0835311835403975e-06,CALIBRATED,0.000641410355472816,0.005492992106517641,0.0037420564248888963,0.012718605595694552,0.0,0.0,0.003939526249347889,0.01613818034926047,0.00681451222010523,0.02680540487861732,0.0,0.0
21203374,64,32,54,5.707656443415164,-194.8459826837448,-121.44895781088934,237.76066983199084,352.2894780305597,16,transition,False,3,3,3,5.862932900353291e-17,0.0002692168661004502,0.0002692170143525607,7.247780081690687e-08,1.1691488929966423,0.001058679768285478,-7.763490935960967,10.944185942493855,1.1691493723208022,13.41815924248286,0.0005235136145286983,2.740665045969025e-07,CALIBRATED,0.009680852401057989,0.012949484585544034,-0.0017780290587226018,-0.0021558229928697417,0.0,0.0,0.012804651386787288,0.015000024711161627,0.010950615980697027,-0.0038259359246317834,0.0,0.0
21203374,65,33,44,5.973439640559679,24.66378232530669,-144.88633971518323,456.12312774069363,509.0510415966462,25,transition,False,4,3,4,1.8266897953299156e-60,9.05730505959949e-06,9.05730505959949e-06,8.203477494264652e-11,1.1527308609983242,0.0009526830638181634,-10.581655465412648,15.039378856963136,1.1527312546742878,18.388973565481223,2.835251988085708e-05,8.038653835943959e-10,CALIBRATED,-0.002723589311295264,0.000430234679301508,-0.0011735407443973207,0.0002776086543380693,0.0,0.0,-0.0032892136293488495,0.0019005927379209917,-0.0009361940184527259,-0.003611769868878438,0.0,0.0
21203374,66,33,57,2.6013151431496766,45.816570712558104,-147.43937489095686,477.2833216886797,523.823227659017,25,transition,False,3,3,3,3.894101500689558e-66,2.101168977769808e-05,2.101168977769808e-05,4.4149110731422197e-10,1.616571849265544,0.004505009459637851,0.19871415215390076,0.004837062221056555,1.6165781264597308,0.19877301486161045,5.474419704903525e-05,2.9969271105435996e-09,CALIBRATED,-0.0031478354985012644,0.0016351959017379093,0.002698037349894933,-0.0010721708229498006,0.0,0.0,-0.005270534240137582,0.0024936658897518273,0.004141698473082837,-0.0018956872265550896,0.0,0.0
21203374,67,34,43,2.084773874438362,136.91856551441356,-35.45489406883325,578.7962030957226,597.9949712068056,27,remote,True,2,2,2,6.42255082706426e-97,1.036027855953185e-05,1.036027855953185e-05,1.0733537183109535e-10,1.8457296695884113,0.00671638646223333,0.1849667891714382,0.003820715391528772,1.8457418896059263,0.18500624573914887,3.528910558248469e-05,1.2453209728117521e-09,CALIBRATED,-0.0019106900090376043,-0.0025502960862264566,-0.0002707149932444365,-0.0003636557629220422,0.0,0.0,-0.003514572408760105,-0.0047272904417678206,-0.0004578227351796003,-0.0006164493396785882,0.0,0.0
21203374,68,35,39,3.292425217459499,-161.41366995681415,-73.31542542004442,279.3413754353571,270.1993458416992,12,transition,False,3,3,3,3.9287211997177325e-23,0.0002098039339420534,0.00020980393400332647,4.401769072327217e-08,1.4410232555196048,0.003026714139670384,0.1799122691182547,0.007637197104844684,1.4410264341596248,0.18007429399805389,0.00043511526479904654,1.8932529366114438e-07,CALIBRATED,0.00488780732333194,0.013632068960292744,-8.774288123849865e-05,-0.00026883195852472853,0.0,0.0,0.006998659219961997,0.019648709631343523,8.863643360544494e-05,0.00023321090813567384,0.0,0.0
21203374,69,36,53,1.340284216889458,-164.73227847352103,-146.9223969597547,266.735671624566,355.45289255034163,16,transition,False,2,2,2,3.722296535018371e-21,7.042662429595245e-05,7.042662400678828e-05,4.959909368993527e-09,2.584984968272564,0.01600239806243387,0.15159333751387272,0.002898446327616091,2.5850344993711123,0.15162104395402703,0.0004334188963477869,1.8785193971133363e-07,CALIBRATED,-0.0023697852966393287,0.0017503906207882365,-0.0017886775903200283,0.007651634257278887,0.0,0.0,-0.0034334988368112307,0.00879777680541083,-0.006167507660360323,0.017498312908019866,0.0,0.0
21203374,70,37,44,3.1827947780599892,5.733233268512197,-139.80753064152103,437.22082330807376,489.4510418721968,24,transition,False,4,3,4,1.2892349554178936e-55,1.0566226953057884e-05,1.0566226953057884e-05,1.116451520235269e-10,1.4610106964844052,0.0031815363935937604,0.18784906252142486,0.006988278455565894,1.4610141605801328,0.18797900501372675,2.2505977292513353e-05,5.065190138911267e-10,CALIBRATED,-0.0008492695256986333,0.0016453331066147935,0.00144890142513906,-0.0022446674262092403,0.0,0.0,-0.0013969034748757083,0.002355829442908324,0.0020170404560683566,-0.0033070006666015865,0.0,0.0
21203374,71,37,65,1.1691139568788849,-4.998550714482161,-140.1395041687262,426.4860103689727,478.7141245361818,23,transition,False,4,3,4,5.923627860636635e-53,1.3724661190144003e-05,1.3724661190144003e-05,1.8836632478424502e-10,2.890521617951783,0.020437832316599683,0.14311773568967623,0.0027451032274568915,2.890593871306794,0.14314405981621947,0.000110374282083552,1.2182482145459508e-08,CALIBRATED,-0.0007292394715383832,-0.0011263587660095263,-0.003140312673190673,-0.001436183563520336,0.0,0.0,-0.0034158583754362124,-0.002021378428856043,-0.008500063218021766,-0.004729603385010546,0.0,0.0
21203374,72,38,60,1.7466207229897073,21.651508947854794,-52.96700275775309,462.31888473824864,468.3216412214088,23,transition,False,3,3,2,4.243544761801501e-62,5.576989250452422e-06,5.576989250452422e-06,3.110280909966187e-11,2.095830058769146,0.009520297681262491,0.17073839804327223,0.0033508698246652933,2.0958516816101804,0.17077127655131208,2.3288481910655137e-05,5.423533897029116e-10,CALIBRATED,-0.0007155019587030626,0.00033279242570657453,0.002091690536505391,-0.0007610033498156405,0.0,0.0,-0.002335877258457169,0.0008910979696994534,0.003865218796887663,-0.001448512134799552,0.0,0.0
21203374,73,39,42,3.6361749225265747,-183.8243767467751,-78.38128374655771,256.38181816078196,247.22321258542857,11,transition,False,3,3,3,1.3366726413409286e-19,0.0002779974952292319,0.0002779975008590526,7.728261048387896e-08,1.3783520031345078,0.002541264072923515,0.15502620274415377,0.009671902023696872,1.378354345793562,0.15532761900585312,0.0005279817956665238,2.7876477655524693e-07,CALIBRATED,0.007699314300305013,0.012950555048179244,0.003735747516207204,0.006086491156931236,0.0,0.0,0.010694916524109106,0.017971891420045277,0.004878682676316662,0.008173746407784654,0.0,0.0
21203374,74,39,83,4.2922742580825535,-183.64653719837094,-67.55566411645839,259.56602024344915,251.21181559254373,12,transition,False,3,3,3,4.5112100450356546e-20,0.00012375990765713002,0.00012375990933731013,1.5316515159179224e-08,1.2830392777978976,0.0018267982713034926,0.015073154938345087,0.02023580736653818,1.2830405782998737,0.02523267523610998,0.00020371824070849353,4.150112159736371e-08,CALIBRATED,0.003955299070887122,0.00888809831022848,-0.002121102134042524,-0.004961668344601789,0.0,0.0,0.005003033540130968,0.011393367584484197,-0.0028111959470722148,-0.0064012692910709185,0.0,0.0
21203374,75,40,49,2.6372524851229073,-94.93252006281523,0.10358495800916323,366.3892186332092,401.66364580241003,19,transition,False,4,4,3,2.8473795135182275e-39,1.4372368108744801e-05,1.4372368108744801e-05,2.0656496505326461e-10,1.605553652522328,0.004408981207570173,0.19892764820141853,0.004933442057196881,1.6055597062218139,0.19898881393052992,3.6808663682612235e-05,1.354877722099657e-09,CALIBRATED,-0.0023677076546264634,-0.0002845308482185537,0.0029454251380834867,-9.920445214783738e-05,0.0,0.0,-0.003936002121870568,-0.00016837204624693992,0.004612577359322884,0.00011104925730128211,0.0,0.0
21203374,76,40,86,2.396942895496686,-98.6162924530785,-10.173539527014768,359.0305475335667,390.74625294953785,18,transition,False,4,4,4,9.709969702256607e-38,6.157906790450449e-05,6.157906790450449e-05,3.791981603987575e-09,1.6968007800178284,0.00525739441125479,0.19484961853710575,0.004380532762540241,1.6968089247953366,0.19489885302725443,0.00017704567907855738,3.134517248038753e-08,CALIBRATED,-0.003126057870844411,0.007126269763364643,-0.0005960092480198811,0.0008172406797668612,0.0,0.0,-0.00536786264187493,0.012012995625201956,-0.0008456327230600065,0.0017901315993774413,0.0,0.0
21203374,77,41,56,2.967423633748222,79.41227265694148,12.634415459395383,534.5732538490133,533.264105690224,24,remote,True,4,4,4,8.816891258115391e-83,7.548207351969238e-06,7.548207351969238e-06,5.697543422832245e-11,1.5043249451461076,0.003526730140997589,0.20088912424181163,0.0058189232713188035,1.5043290791626436,0.20097338158741201,1.699145661799005e-05,2.887095980010378e-10,CALIBRATED,-0.002214260441593074,-0.0013405268589484058,0.0008284516368269018,0.0004023849831219243,0.0,0.0,-0.0033965770454543283,-0.002033243001440774,0.0009940156449054984,0.0005766947087133847,0.0,0.0
21203374,78,41,69,2.802879406241381,75.45968111436142,24.65237715202671,534.4844663685835,534.8206832383813,24,remote,True,4,4,3,9.387937943027272e-83,1.049452758549045e-05,1.049452758549045e-05,1.1013510924262002e-10,1.5547733248003774,0.003966409140270217,0.19991160224698123,0.0053776344944037255,1.5547783841796514,0.19998391851774142,2.5280662463290193e-05,6.391118945828097e-10,CALIBRATED,-0.0018635304222826888,-0.000298899271687756,-0.0025675819171428814,-0.0005830645546273334,0.0,0.0,-0.0030472637069144325,-0.0006092354397613856,-0.003869324750809382,-0.0008074679656339138,0.0,0.0
21203374,79,42,52,3.085612199210246,-205.94151968378242,-81.16048395927875,234.31925219728777,224.9321389119062,10,transition,False,3,3,3,1.7163441972311732e-16,0.00046508203816173534,0.00046508240305730006,2.163016416335529e-07,1.478728686745192,0.0033187795350243404,0.19488468196199746,0.006413040518492671,1.4787324109860995,0.19499016988587073,0.0010128023702565812,1.025768641197349e-06,CALIBRATED,0.013926327374875985,0.015600535986925254,-0.003633129688787518,-0.0038162094400308695,0.0,0.0,0.020785525906286812,0.023329255925668903,-0.004037564250021826,-0.004495350479912458,0.0,0.0
21203374,80,42,83,1.6541605499329783,-194.41260663802234,-72.42997843363908,247.8415453800031,239.39372813128045,11,transition,False,3,3,3,2.304067547230745e-18,3.9344793651142156e-05,3.9344789180894795e-05,1.5480124356890562e-09,2.1723354912651436,0.010398887664529295,0.16652568982213797,0.003234894955577296,2.1723603806631235,0.16655710707175642,0.0001451506269814647,2.1068704513112307e-08,CALIBRATED,-0.0014724946738402258,-0.0024405113677908163,0.00396984760818673,0.003932017656097803,0.0,0.0,-0.00010779398001986324,-0.0002824996922730628,0.008532591954888615,0.008500239755122903,0.0,0.0
21203374,81,43,58,1.8891707329411958,158.7757608246285,-34.96481527835455,600.3636144185944,619.8576600636173,28,remote,True,3,2,3,3.2019047208231044e-104,1.1235524750610228e-05,1.1235524750610228e-05,1.2623701642157503e-10,1.9778781903797567,0.00816573596330942,0.17723331989980992,0.0035296734997619567,1.9778950465643323,0.17726846385559752,4.387062162105546e-05,1.9246314414178186e-09,CALIBRATED,-0.0016161277773902086,-0.0029052713665866457,0.00019173619620859524,0.00038248042474515635,0.0,0.0,-0.003181042443934525,-0.005780159481638241,0.0002784857902445634,0.0005136074594492661,0.0,0.0
21203374,82,44,65,1.4738346720299838,1.7052485783506324,-149.59569623910136,433.19136833686645,486.6299819910363,23,transition,False,4,4,4,1.310398321060736e-54,3.013392156531557e-05,3.013392156531557e-05,9.080532289045908e-10,2.346599172607764,0.012541783681447755,0.1582061713153835,0.0030180876766311327,2.3466326881771153,0.1582349566167233,0.00016452997029431696,2.7070111125048823e-08,CALIBRATED,-0.004914480717594503,0.0023800738907700327,-1.8427333361441484e-05,0.000562769535038437,0.0,0.0,-0.011553275608214389,0.005556563430850756,-0.00033772591408976036,0.00024967390900885897,0.0,0.0
21203374,83,44,66,3.374253001211212,14.11394146093452,-160.82991925110628,445.8623068670932,503.36866251662576,24,transition,False,4,4,2,8.301339807245346e-58,8.484404464009748e-06,8.484404464009748e-06,7.198511910890855e-11,1.426104698173887,0.0029111553406416944,0.17398827375862713,0.008121547757788212,1.4261076694902985,0.17417772229389447,1.6868254113065244e-05,2.8453799682294254e-10,CALIBRATED,0.00036344760825244085,0.00029245276747758334,0.0004442865560717122,-0.002840667374923359,0.0,0.0,-6.631219550078365e-06,0.0005667314215592396,0.0005658837032115367,-0.004028250398156695,0.0,0.0
21203374,84,45,54,5.595806804626211,-200.49265922167103,-130.61123025152136,231.40075716541588,363.0520145438697,17,transition,False,3,3,3,4.2158119405711038e-16,7.989272449134238e-05,7.989288860944812e-05,6.382873650361686e-09,1.1760580993285945,0.0011032863996860414,-6.577521739813395,9.220804430135052,1.1760586168373013,11.326386298220454,0.0001254453116395655,1.5736526212347704e-08,CALIBRATED,0.00399656610565304,0.003387894229551192,-0.005653180490906238,-0.004525933163360266,0.0,0.0,0.0013098751144555907,0.003416892522953984,-0.008912144684316047,-0.005712097813981637,0.0,0.0
21203374,85,45,169,3.75282559874827,-196.99934963476903,-152.552070325516,234.58882101874434,373.50923058448893,17,transition,False,3,3,2,1.5787356937549386e-16,4.588569628364114e-05,4.588566157787473e-05,2.1054939384392493e-09,1.3570846569735688,0.0023765277030498603,0.1465811730372325,0.010362374484318777,1.3570867378605511,0.14694699416430523,7.7234933071707e-05,5.96523488659106e-09,CALIBRATED,-0.0013810676552248199,0.00048787292975804457,-0.0001962237511773002,0.006610732936176576,0.0,0.0,-0.00041701932954788315,0.0024423798951869052,-0.0007500773322132131,0.008398404157563337,0.0,0.0
21203374,86,46,48,3.70811197364209,190.12376397566516,-14.837554184700728,635.0198000238097,647.0868521084581,29,remote,True,4,4,3,1.6293867731751392e-116,4.912464359530114e-06,4.912464359530114e-06,2.413230608365361e-11,1.3652366898125068,0.002439673160259937,0.14981825579197097,0.010097707979585327,1.3652388696544424,0.15015816153306294,9.155463312342494e-06,8.382250846364939e-11,CALIBRATED,-0.0004904944369559733,-0.0021298981148159635,-6.339928620473537e-05,-0.00036248326562406943,0.0,0.0,-0.0006610288812098921,-0.0029111678650660857,-0.00010636583737387827,-0.000481966908195173,0.0,0.0
21203374,87,46,58,1.0254461084972633,174.05465611840958,-26.32791686965374,616.990831844412,637.4087470818206,29,remote,True,4,4,3,4.9363863965148956e-110,3.66475066082205e-06,3.66475066082205e-06,1.3430397405995651e-11,3.1469668267072723,0.024160612756933087,0.13600393287284088,0.002616398198541945,3.147059571028936,0.13602909724177964,3.336914060708943e-05,1.113499544855705e-09,CALIBRATED,-7.988847164748763e-05,-0.0002572641391940819,-0.0006674538440201074,-0.0017738909272295713,0.0,0.0,-0.0007966563911646403,-0.0021955122835985315,-0.0018053216224846182,-0.004965382045065962,0.0,0.0
21203374,88,46,63,1.2783369373562898,185.35880636304626,-24.839899204681334,628.3707817498793,646.5056524502727,29,remote,True,4,4,4,4.2078657521901176e-114,4.146736977075368e-06,4.146736977075368e-06,1.7195427557044165e-11,2.695560042728472,0.017607601475554978,0.14852597946123614,0.0028429507766397836,2.695617549205384,0.14855318557351077,2.9807305307011166e-05,8.884754496653761e-10,CALIBRATED,-0.0003541312302464603,-0.001103748544173796,0.0004909125634228223,0.0016006473862619952,0.0,0.0,-0.0010316444491625945,-0.003378809727313553,0.0012122445335981393,0.003982100332098115,0.0,0.0
21203374,89,47,94,1.8968818009245645,182.20464173336012,15.015791933883175,634.1274548198228,645.4929373997405,29,remote,True,2,2,2,3.445178128835946e-116,7.4333842479561e-06,7.4333842479561e-06,5.5255201377761877e-11,1.9714977287001996,0.008092462608236633,0.1775846547331044,0.0035393456653045317,1.971514337310564,0.17761992164285628,2.886335387730172e-05,8.330931970463483e-10,CALIBRATED,-0.0006041505160408518,-0.002592703884264598,-6.87218464215964e-05,-0.000584423030233533,0.0,0.0,-0.0011381699606354439,-0.005098058877535077,-0.0002623997277347449,-0.0012283586943883098,0.0,0.0
21203374,90,48,51,2.9682328145114028,212.70126983874724,-16.577726455470852,656.7939340482643,669.7313209812195,30,remote,True,3,3,2,1.3658497818573382e-124,4.218260563370387e-06,4.218260563370387e-06,1.7793722180485857e-11,1.5040768546541565,0.003524567927265897,0.20089393141132336,0.005821093401469813,1.5040809842842289,0.20097824958508853,9.495652393547198e-06,9.016741437907863e-11,CALIBRATED,-6.209852989132078e-05,-0.001893640658505724,3.0243785955908054e-05,0.0007922213742514062,0.0,0.0,-9.050262538006788e-05,-0.0029089592290997947,3.1502910191599896e-05,0.0010121390410566635,0.0,0.0
21203374,91,48,63,2.158675677827471,197.05461498636652,-22.909431907534184,640.2201232263405,657.7260205771362,30,remote,True,4,3,4,2.0315630655050595e-118,1.803517218251653e-06,1.803517218251653e-06,3.2526743565301808e-12,1.8104727645992797,0.006370989781511625,0.1873064156668335,0.003953244600051895,1.8104839742087073,0.18734812914151147,5.626554655812411e-06,3.1658117294844325e-11,CALIBRATED,-6.306529380494184e-05,-0.00028896927768373,-0.00024848025421688033,-0.0012861937283271936,0.0,0.0,-0.00018486631971119703,-0.0009519863865129096,-0.0004071205835689997,-0.0021261123794327945,0.0,0.0
21203374,92,49,61,2.805400930624014,-107.19350667748434,18.988657871221463,363.2739271893103,417.5354640240378,19,transition,False,3,3,2,1.2797936733673384e-38,2.0563457658491273e-05,2.0563457658491273e-05,4.228557908725634e-10,1.5540002389176941,0.00395967136931346,0.19992658208299172,0.005384396934068936,1.5540052836311733,0.1999990748821875,4.8014045345532604e-05,2.305348550442861e-09,CALIBRATED,-0.0012279098837366974,-0.0017812983178362913,0.003440222998147315,0.0020118491498631063,0.0,0.0,-0.002342181644504874,-0.0018546197411551083,0.005129495489773833,0.0035744778815632234,0.0,0.0
21203374,93,49,86,1.8347857057443377,-106.00126179977624,-1.5960382727370686,355.56169544473175,396.91626997607557,18,transition,False,4,3,4,5.000079857135235e-37,5.193416606020992e-05,5.193416606020992e-05,2.6971576043694603e-09,2.0228786472191507,0.00868252214870338,0.17475540704712422,0.003461457140209688,2.0228972805276206,0.17478968498667072,0.0002104119233423709,4.427317748463577e-08,CALIBRATED,0.0007781565875010636,0.0018889639824806645,0.0007562072242345879,0.00686939619562337,0.0,0.0,0.0007245834919967873,0.004764500288286361,0.0017687027874781736,0.013566802480982127,0.0,0.0
21203374,94,50,55,4.4112715122539115,-30.17606044972042,-78.15166366787582,406.77681195531454,407.2620313703173,20,transition,False,4,3,4,3.0776529499251616e-48,4.351294591899988e-06,4.351294591899988e-06,1.8933764625498086e-11,1.2712397196122838,0.0017450990742812866,-0.03118376605082926,0.02366002646756535,1.2712409174073562,0.03914363444493554,6.952495446701597e-06,4.833719293640644e-11,CALIBRATED,-0.00032211064648389443,0.00018305186469631888,-0.0017344392163576184,0.001098067367201888,0.0,0.0,-0.0006292697807424792,0.0004016375274700222,-0.002142604015351835,0.0013432982988420216,0.0,0.0
21203374,95,50,180,4.68188613766651,-38.81112309599216,-69.04649827763963,399.88488843437455,394.7133922533217,19,transition,False,3,3,3,1.2149063628473785e-46,2.6913666191541576e-05,2.6913666191541576e-05,7.243454278697281e-10,1.2444060498720062,0.0015593048914437817,-0.13637778446237792,0.031447128580196874,1.2444070268163043,0.139956500352096,4.1671014184068594e-05,1.7364734231288459e-09,CALIBRATED,-0.0034374562390741756,0.0037087891891393727,-0.0007899113099798064,0.0008476341598121775,0.0,0.0,-0.004296287839973216,0.00462307873880997,-0.0009246036919731448,0.00099256030936146,0.0,0.0
21203374,96,51,107,3.6466634283858887,234.71637355724067,-16.26861314121342,678.4576730423435,691.748594717472,31,remote,True,2,2,2,6.75346680073501e-133,3.130805906908694e-06,3.130805906908694e-06,9.80194562673437e-12,1.3764397751728186,0.002526451999503742,0.1542668780112668,0.009733985028129392,1.3764420938192443,0.15457367213038226,5.926986136317107e-06,3.512916466009519e-11,CALIBRATED,0.0001853593851940759,-0.0016387828372633401,5.986371944981235e-05,-0.0006381653019507714,0.0,0.0,0.00025667943867172904,-0.0022754881922505553,9.12759518469209e-05,-0.0008215375765130972,0.0,0.0
21203374,97,52,59,3.5298386505432795,-228.90617608341785,-80.94633208251815,212.37302756465644,201.9664840207511,9,transition,False,3,3,2,1.1206421328268496e-13,0.0010280489451008016,0.0010280659747983326,1.056919648538046e-06,1.3977388629366274,0.0026914342390966933,0.16272451196025728,0.009042482034479438,1.3977414541973203,0.16297556035813404,0.0020071772806994855,4.028760636156181e-06,CALIBRATED,0.025435853988770185,0.019034977620182313,0.003344180639836591,0.0027512523525837105,0.0,0.0,0.035349969126100785,0.02661051242173998,0.005602172884556844,0.004248911755634012,0.0,0.0
21203374,98,52,168,3.4852887548333733,-216.66874562541574,-67.33930865756727,228.32388277182696,220.26691545559981,10,transition,False,3,3,3,1.0740898180037716e-15,8.228278482099818e-05,8.228269290396657e-05,6.77044155152847e-09,1.4058610452006688,0.002754348474446277,0.16594974137937682,0.008778784668055196,1.4058637433436556,0.16618177915803567,0.00014952073149981012,2.2356449148238312e-08,CALIBRATED,-0.001402298987044427,-0.0016210141617378267,0.007395086225674897,0.0047959632251696385,0.0,0.0,0.0002645609878403369,2.614534120731109e-05,0.010264532289911622,0.006639987370019454,0.0,0.0
21203374,99,53,85,3.04362161453901,-165.91614349445982,-167.2714291025066,266.4941380706859,375.8363330237885,17,transition,False,4,2,4,4.053145111709899e-21,6.202800777559082e-05,6.202800803966013e-05,3.847473781368142e-09,1.4863842643091505,0.0033780794611942087,0.19792462777667613,0.006164492089456574,1.4863881029551806,0.1980206030777019,0.00013178121202392446,1.7366287842494535e-08,CALIBRATED,0.002073919364987483,-0.00031566027400990173,-0.006555332856492126,-0.0038281635596192636,0.0,0.0,0.003303606889940815,0.001421377324303795,-0.00965495419608509,-0.00506250328534352,0.0,0.0
21203374,100,54,62,2.656449136415482,-217.69725688410972,-125.14443554562592,214.66185994296285,375.437637531224,17,transition,False,3,3,3,5.87240708198641e-14,0.0007133737089109536,0.0007133811735818611,5.089126988210335e-07,1.5996680619600083,0.004357685792607324,0.1990416913930267,0.0049849252778368346,1.5996739973758267,0.19910410440928258,0.0018203068631057315,3.313517075869828e-06,CALIBRATED,0.015401960664722937,0.0172167232042632,0.009233828120749148,0.009720166747974844,0.0,0.0,0.025326078336357617,0.028118554812973623,0.013239445654983152,0.014593168716387609,0.0,0.0
21203374,101,55,76,2.166748379360353,-28.618284513183735,-99.7656114064209,405.3480642896916,420.7216916494962,20,transition,False,4,4,2,6.62812528627717e-48,9.631451281402072e-06,9.631451281402072e-06,9.276485378602162e-11,1.806621458434911,0.006333260197306034,0.18756198597134022,0.003967721496362031,1.8066325592832129,0.18760394824039797,2.956121181373234e-05,8.738652438963485e-10,CALIBRATED,2.4628659300469452e-05,0.0008443241956437608,0.001316273402338558,-0.002680556974490512,0.0,0.0,-0.0008496625861840918,0.0021770340555098805,0.0019474385401524448,-0.004506361188015272,0.0,0.0
21203374,102,55,78,3.722569745282204,-43.88339495817527,-95.7825559064474,390.6605835446742,412.4520752356263,20,transition,False,4,4,2,1.5080350912341738e-44,2.3371266286276995e-05,2.3371266286276995e-05,5.462160878240676e-10,1.3626007990989224,0.002419255611955904,0.14877157252401804,0.010183285650309556,1.36260294675402,0.14911968380433535,4.33521123193641e-05,1.87940564255076e-09,CALIBRATED,-0.0028362289475891856,0.0030230995623293376,-0.0015956946101150873,0.0019083237122217924,0.0,0.0,-0.0038522494632357543,0.004200767983592187,-0.002213164903533983,0.0024428949732144007,0.0,0.0
21203374,103,55,180,5.097278233991233,-42.23794909947466,-80.7612073117173,394.45085249881043,397.34087390421934,19,transition,False,4,4,3,2.1084065361137275e-45,1.1583593818380883e-05,1.1583593818380883e-05,1.341796457492318e-10,1.2068533418898104,0.0013021040305138342,-1.2915008409157407,1.5394660608972375,1.2068540443257876,2.0094601699811125,1.6905173376530528e-05,2.8578488689055656e-10,CALIBRATED,-0.0013560035396976938,0.002000287186586923,0.001289788727388407,-0.0020199367387584636,0.0,0.0,-0.0015329592142490963,0.002193408106575471,0.001659878588114852,-0.00264366665347698,0.0,0.0
21203374,104,56,69,5.302520281428851,86.51686480152983,21.551679488398346,544.0266602323035,544.6655453933447,25,remote,True,4,4,3,1.041216149669864e-85,4.5996750316949405e-07,4.5996750316949405e-07,2.115701039719785e-13,1.1941750742700596,0.0012202516753603105,-3.4677326879810675,4.70183970771846,1.194175697718746,5.842299772552793,9.058013326448841e-07,8.204760542212481e-13,CALIBRATED,6.085442877162972e-05,-0.00012534423150241289,-0.0004394700716925557,0.0004974124258439692,0.0,0.0,0.00026261824928541913,-0.0006654864499753498,-0.0004629896101988696,0.00042379404612883677,-0.0,0.0
21203374,105,56,80,3.0791966756070543,101.99914084399327,10.01194904839228,555.4619408333065,556.0027060116179,25,remote,True,4,4,2,2.5549394038523117e-89,8.417576254333672e-06,8.417576254333672e-06,7.085558999752209e-11,1.4798983427274124,0.00332783966312184,0.19534913951311733,0.006375066093380425,1.479902084370505,0.19545313447527607,1.8405571439907096e-05,3.3876506002952376e-10,CALIBRATED,-0.002372463795980079,-0.001667625291109131,1.8000907784584933e-05,-8.771343608353023e-05,0.0,0.0,-0.0034992663989941593,-0.0024768120745356716,-0.00012228534260735706,-0.00010561416190668846,0.0,0.0
21203374,106,57,81,1.6661681615307664,63.83197417755268,-160.26378640203075,495.5333273563272,545.9370308735683,26,transition,False,3,3,3,3.1088924814608276e-71,2.3059221553879962e-05,2.3059221553879962e-05,5.317276986709223e-10,2.1623998888521014,0.010284786999086002,0.16707278553288418,0.003249956372153475,2.1624243469197246,0.16710439216890144,0.0001076057340912126,1.1578994009308755e-08,CALIBRATED,-0.0038364145772809984,0.0013264863439800395,0.002494223958862938,-0.000600354534732919,0.0,0.0,-0.008314594239415394,0.002592269792042001,0.0053918359396657395,-0.0016375283967273268,0.0,0.0
21203374,107,57,96,2.4203959025786546,53.72197506150596,-165.53343242456262,485.6250367983192,543.5688685944184,26,transition,False,3,3,2,1.9232506971276668e-68,5.132159118562946e-06,5.132159118562946e-06,2.6339057218248792e-11,1.685611872515197,0.005147781513766981,0.19559210754615955,0.004422591390659167,1.685619733041442,0.19564210142236044,1.4071080037812256e-05,1.9799529343051854e-10,CALIBRATED,0.0004938748814839837,-0.00026259768459324916,0.000784989945330282,-0.002050141449212408,0.0,0.0,0.00021004440664112498,-0.0003293318385867286,0.0013907718573571968,-0.0034618283559309133,0.0,0.0
21203374,108,58,63,2.8033339075310373,180.98550712911097,-34.3997945924872,622.3118982970129,642.0745923290075,29,remote,True,4,3,4,6.30827215340442e-112,6.931967524038079e-06,6.931967524038079e-06,4.805217375431861e-11,1.5546339771370692,0.003965194666355015,0.19991430234174634,0.005378853414819578,1.5546390338717742,0.19998665041658478,1.675194378356525e-05,2.8062762052773036e-10,CALIBRATED,-0.0009097085746907629,-0.002444187485377611,-0.00014754393970334704,-0.000329508960959281,0.0,0.0,-0.0014094457674145749,-0.0038047808736749794,-0.0001910466614288732,-0.0005025436187599327,0.0,0.0
21203374,109,59,68,3.35038928927165,-251.4813027938862,-86.84658869248014,189.07187983296714,178.63304505309995,8,transition,False,2,2,2,5.437277665760566e-11,0.0025203665727178645,0.00252097754567307,6.3553277857878154e-06,1.4304554472560358,0.002944856142076936,0.17571590846058122,0.007980294946950095,1.4304584785173469,0.1758970312244288,0.00514959311906686,2.651830929194075e-05,CALIBRATED,0.04143238015605502,0.020849926093260328,0.017295856369313477,0.008394602708578232,0.0,0.0,0.060060174602538895,0.030247445354887725,0.022386082944760806,0.01123938991550573,0.0,0.0
21203374,110,60,120,4.128347032613007,29.8913360943536,-73.97758152228893,466.7517358397994,490.8901850695383,24,transition,False,2,2,2,2.787245901819827e-63,1.1334284156098608e-06,1.1334284156098608e-06,1.2846599733118794e-12,1.299294012821857,0.0019393447563816634,0.0787953707938476,0.015518700736305397,1.2992954601678588,0.08030903144156912,1.8378403471594475e-06,3.3776571416471588e-12,CALIBRATED,5.523576629247901e-05,0.0001099184763806653,0.0007627994440736718,-0.0007324154302054221,0.0,0.0,-0.00017670751628214755,0.00019380385592106925,0.000941332823017154,-0.0009396527989579569,0.0,0.0
21203374,111,61,74,3.4479195409119505,-123.56547399790648,31.597178267270174,354.833681624733,438.1998319194888,20,transition,False,3,2,3,7.038460881856839e-37,2.9951513944643206e-05,2.99515139446432e-05,8.970931875761561e-10,1.412674070499542,0.0028071220103214364,0.16865511893836277,0.008557590810260548,1.4126768595102441,0.16887208622087058,5.925978011402205e-05,3.5117215391622432e-09,CALIBRATED,-0.0044225350909699755,0.00295980513408843,0.0006899189326452612,-0.0010752965862420411,0.0,0.0,-0.006208627794292411,0.004284213016558232,0.0012138753219930426,-0.0009406096732285402,0.0,0.0
21203374,112,62,72,1.818541426474642,-236.92133736160022,-136.26266131220228,194.72428687903258,397.645298695822,18,transition,False,3,3,3,1.2956116050423998e-11,0.0008223043662731284,0.0008224092176456151,6.763569212684728e-07,2.036319846494771,0.008836881161669823,0.1740152785511083,0.0034410815763377066,2.0363390208158254,0.17404929822218423,0.0033513794512840776,1.1231744226489165e-05,CALIBRATED,0.014566672971931668,0.01639298892449827,0.013612033542535245,0.01249814838816466,0.0,0.0,0.033028081107886194,0.03507423702964535,0.022216201668470947,0.023168158965033284,0.0,0.0
21203374,113,62,75,3.443720834811298,-235.04589780687547,-121.11267818741374,197.83402028567542,393.248600707385,18,transition,False,3,3,2,5.7803221045435506e-12,0.00030284807307304565,0.00030288510815183533,9.173938874014899e-08,1.4134395640137065,0.0028130515053195904,0.1689590880099458,0.00853273805306576,1.4134423633024547,0.16917441012113754,0.0005893992500371869,3.4739147594439837e-07,CALIBRATED,0.007703268496279458,0.003652763941494187,-0.013010492505127761,-0.007805713483583542,0.0,0.0,0.012860464877614358,0.00710207298234803,-0.01680114457088761,-0.00955456925404649,0.0,0.0
21203374,114,63,100,1.7914542751401115,198.77706876298777,-41.665653972752374,638.6158014023247,661.2926145452977,30,remote,True,4,4,3,7.887488731858247e-118,3.405949944847012e-06,3.405949944847012e-06,1.1600495026803363e-11,2.0587328937498452,0.009094273064053015,0.17278112268332646,0.003407105554812617,2.058752980231037,0.17281471211668392,1.385718557708979e-05,1.920215921179053e-10,CALIBRATED,-0.00028097824975733177,-0.0007307415235923573,0.00048111874753015176,0.0016004820350392116,0.0,0.0,-0.0006621428367549664,-0.0020615711781604355,0.0009089976715742008,0.0028883213033308384,0.0,0.0
21203374,115,64,67,3.3663870977695396,-61.42290216406654,20.82301846932714,405.4019738447656,476.31659089968355,22,transition,False,2,2,2,6.439331284725716e-48,1.499423927239517e-05,1.499423927239517e-05,2.2482721135783765e-10,1.4275387823710899,0.002922263723556639,0.1745577328512641,0.008074988321698328,1.4275417733988747,0.1747444063040899,3.0284658572294402e-05,9.171605448404448e-10,CALIBRATED,-0.0034817461152045212,0.0005037719860820734,0.001500386516437019,-0.0006055884320116337,0.0,0.0,-0.004992885002263764,0.0008851007172718813,0.0020930476535592924,-0.0004376141755916026,0.0,0.0
21203374,116,65,82,5.87718216511977,-19.253560716159356,-142.0020724715081,412.2151208979895,464.3379473381071,22,transition,False,4,4,3,1.61931707363325e-49,1.1477030724488653e-05,1.1477030724488653e-05,1.3172223425085653e-10,1.1586769039718026,0.000991071401706304,-9.561013807498432,13.556241715032069,1.1586773278269518,16.588691161859373,2.0653741624075712e-05,4.2657704307407766e-10,CALIBRATED,-0.0015587026781166003,0.0022412297104250256,0.0012520231502409548,-0.0015674195679809735,0.0,0.0,-0.0031492293396602885,0.002005102918943321,-0.0002781228394179891,-0.0025764910558621363,0.0,0.0
21203374,117,65,88,2.003039897459299,-9.744782894575348,-160.90571885189107,422.0228130280509,485.49839870698895,23,transition,False,4,4,3,7.244241240426125e-52,1.3254219703163056e-05,1.3254219703163056e-05,1.7567433993971575e-10,1.8847231302156437,0.007098388565782983,0.1823792071457683,0.0036741406290503966,1.88473649741551,0.18241621229616928,4.4825330309202975e-05,2.009310237329151e-09,CALIBRATED,0.0005769119493052566,-0.0005701428257525607,-0.0019999836471373466,-0.0029319609266390215,0.0,0.0,-0.00010964320713553941,-0.00043159886534222187,-0.003670026245018296,-0.005581929635586983,0.0,0.0
21203374,118,66,106,2.1855370863678054,16.397220545120398,-183.47229875882508,449.5249902455952,526.1258748491555,25,transition,False,3,2,3,9.494609520608313e-59,1.3816549563935268e-05,1.3816549563935268e-05,1.9089704185267982e-10,1.7976577846481898,0.006245446954085733,0.18815680984184044,0.004001415565446649,1.7976686336235315,0.18819935285857362,4.396098354061025e-05,1.9325680738578053e-09,CALIBRATED,0.00044026994172673795,9.59129318682201e-05,0.00022762506366185093,-0.0036826212786873133,0.0,0.0,6.412496431947597e-05,0.00034376116933148014,0.00039240641269256814,-0.0066094415040379075,0.0,0.0
21203374,119,67,71,3.4392019274688153,-74.95146149758757,36.71191185154302,400.0457016311227,497.18472092017225,23,transition,False,2,2,2,1.1158496875321328e-46,1.1356430544841013e-05,1.1356430544841013e-05,1.2896851471979794e-10,1.4142634355062227,0.0028194331947834494,0.1692862383359119,0.00850598997775965,1.4142662458721849,0.1694998004583631,2.2029838364834754e-05,4.853137783807452e-10,CALIBRATED,5.6332656472815075e-05,-0.0008555995236992194,0.002062740015035328,0.002523154823246773,0.0,0.0,-0.0005675975350382885,-0.0009153755908616453,0.002753633032120208,0.003645169962446796,0.0,0.0
21203374,120,68,70,3.7936941796356436,-274.29924193850826,-89.88564825353409,166.47071393018635,155.61361348272206,7,transition,False,2,2,2,1.1033683334175619e-08,0.007034558614920161,0.007051161538184575,4.9718879037573465e-05,1.3496336392427652,0.0023188122926009872,0.14362245568682772,0.01060428160840437,1.3496356312227826,0.14401340411900948,0.012814399597310271,0.00016420883703954564,CALIBRATED,0.07908294381153178,0.026027792209538193,-0.010433506767509582,-0.003278033788129346,0.0,0.0,0.10705916621106767,0.03542023778420177,-0.009398689617464805,-0.003131439970113128,0.0,0.0
21203374,121,69,84,1.7601402809547722,92.28044676101123,38.46575175367263,554.8709248773627,556.5864240901169,25,remote,True,3,3,2,3.9428188239558126e-89,1.275319175371995e-05,1.275319175371995e-05,1.6264389990715052e-10,2.0846434083976675,0.009391829954958183,0.1713543816727922,0.003367827709485215,2.0846645645392803,0.17138747440214447,5.528591993576107e-05,3.0565329431433834e-09,CALIBRATED,-0.0028717292630632612,-0.0014178719921574606,-0.001319842467646467,-0.0008683419072222676,0.0,0.0,-0.0058749933582063416,-0.0031007192776975525,-0.0029381633922300004,-0.0015884296705446868,0.0,0.0
21203374,122,70,102,1.1958596715102594,-296.48732250892124,-91.2660059489518,145.19301075966416,133.38263719362408,6,transition,False,3,2,3,8.848407973216308e-07,0.03977802970004515,0.04013934003949028,0.0016111666188058278,2.842780871158258,0.019744786346927064,0.14444206637483797,0.0027690634107112424,2.8428494399125657,0.14446860645415543,0.32365974756979515,0.10475563219694352,CALIBRATED,0.1925218835410821,0.0426729929140338,0.03418655341053655,0.009217355312217292,0.0,0.0,0.5407142015567427,0.1247630715866187,0.12212865155694265,0.028401905601641065,0.0,0.0
21203374,123,71,97,1.0912207857658274,-87.62771251824377,51.65180996326205,395.9860801250398,516.7777782499315,24,transition,False,2,2,2,9.451780177394043e-46,3.8743859980451764e-05,3.8743859980451764e-05,1.5010866861848517e-09,3.0295598979269593,0.022456232237819135,0.13926080690346362,0.002675322528759761,3.0296431237843064,0.13928650218178598,0.00034968732390691616,1.222812245011805e-07,CALIBRATED,-0.005790306883244158,-0.0001317374500802213,0.002133271286550109,-0.0008049876027208715,0.0,0.0,-0.017604610671779035,0.0002503475511158789,0.006297548968327785,-0.00020787038549001277,0.0,0.0
21203374,124,72,92,1.9683900836721797,-246.12988614302017,-153.19906944960542,185.52065355298595,416.9232470113582,19,transition,False,3,3,3,1.3102343847492126e-10,0.00012506818170029353,0.00012495846043711535,1.561461683481412e-08,1.912328770674393,0.007412965059555667,0.18084274435862613,0.003629040108394898,1.9123431384560696,0.18087915335733895,0.00031607113548693245,9.990096268799882e-08,CALIBRATED,-0.004787043622606303,-0.004033681365895169,-0.008485042404427642,0.0037116228022085656,0.0,0.0,-0.000940108139921006,-0.0007085011956991325,-0.016303095972099536,0.0069924545012743184,0.0,0.0
21203374,125,72,114,1.341546295081418,-253.13601067515066,-134.22467977954716,178.63534447485105,413.9875445449276,19,transition,False,3,3,3,6.875350577178629e-10,0.0009359579553626845,0.0009368065124509419,8.776064417704968e-07,2.582732175396156,0.01596969457268215,0.15165583010005793,0.0028995769620065895,2.582781547280239,0.1516835467342989,0.006108617875871559,3.7315212353417556e-05,CALIBRATED,0.016194046662374992,0.005080318619777989,-0.0230865448117587,-0.010759236800254837,0.0,0.0,0.04749118926306263,0.01946703414708161,-0.05436740477720868,-0.02276894151160808,0.0,0.0
21203374,126,73,77,2.366578378395232,-132.7840000644182,-150.82067538324566,298.7364464516106,364.76835373788117,17,transition,False,2,2,2,2.370898476723918e-26,4.807461591742428e-05,4.80746159166729e-05,2.3111686955356198e-09,1.711287015067467,0.005399309803540132,0.19388832090332006,0.0043260796202068364,1.7112955327718458,0.19393657712661938,0.00013788541782320046,1.901238844827857e-08,CALIBRATED,-0.0024399087111646534,0.002520769082916818,-0.0028221269575459174,0.005272834537889376,0.0,0.0,-0.0036791953128223246,0.005444308546032678,-0.005209068966030172,0.008220343340520735,0.0,0.0
21203374,127,74,108,4.150613075049311,-141.99699817411863,43.7830063435061,345.4617398501933,460.29543078808416,21,transition,False,3,3,3,5.395026233142376e-35,1.589379736913239e-05,1.589379736913236e-05,2.526127948110387e-10,1.2970861512613527,0.001924057699545135,0.0701400570818645,0.016159419787728883,1.2970875783045723,0.07197745796652766,2.671080973318158e-05,7.134673566022279e-10,CALIBRATED,-0.002135881421918275,-0.0004702616076715506,0.003236273127603793,0.0007982469445832271,0.0,0.0,-0.0028812053440503286,-0.0006866393585884251,0.004117825049621101,0.0009907112346933678,0.0,0.0
21203374,128,74,136,3.3120079271335285,-146.70730216991802,34.383875110937794,336.4265269041249,461.50884070239107,21,transition,False,3,3,3,3.169898189851203e-33,4.707073961140825e-05,4.707073961140779e-05,2.2156545275649544e-09,1.4374530039025868,0.002999059053489329,0.17849456139211264,0.007753110035418479,1.4374561324728408,0.17866286452921315,9.709614015334742e-05,9.427660432678484e-09,CALIBRATED,-0.00404652731358661,0.005515429617746132,0.00012196647492079734,-0.0005113869596396499,0.0,0.0,-0.005830724288077275,0.007930773570154166,0.00023702404181272544,-0.00038137201302677236,0.0,0.0
21203374,129,75,114,2.9193133804965328,-251.26057112042594,-119.07469665475858,182.02271690575412,409.5908465564906,19,transition,False,3,2,3,3.06552309693e-10,0.0006124386515862746,0.0006129158278481091,3.7566581202673287e-07,1.519075291348337,0.003655285656587317,0.20060331153696648,0.005689897080997847,1.5190796891204446,0.20068398921784858,0.001397402656672408,1.9527341848751035e-06,CALIBRATED,0.01363563767978196,0.0110541947803201,0.014098962058217935,0.010296079814837027,0.0,0.0,0.0227253559721144,0.017772159270735742,0.018814966123116367,0.01452956493686846,0.0,0.0
21203374,130,76,82,5.102066017772323,-26.55713430041977,-121.87066264379897,405.5496894195585,442.92262925146895,21,transition,False,3,2,3,5.949008521456605e-48,2.5337062595909553e-06,2.5337062595909553e-06,6.419667409890389e-12,1.2065575896068839,0.0013001946197310989,-1.3422668884744802,1.6132363309029458,1.2065582901559389,2.0986214187509287,3.82632325998252e-06,1.464074968988326e-11,CALIBRATED,-0.00018566629404307344,-0.00020426528961061706,-0.0015347478805783352,-0.0003194666201152571,0.0,0.0,-0.00046754035008593996,0.0003385872515213747,-0.001792955714821469,-0.0005276341145341849,0.0,0.0
21203374,131,77,124,2.808284482442428,-139.8232022778791,-171.41365160017338,292.8499169503701,386.53118988744916,18,transition,False,3,2,3,2.370476263250916e-25,2.9226603424943366e-05,2.9226603424478443e-05,8.541943477317351e-10,1.5531161573604604,0.003951966224033792,0.199943712646418,0.005392130289862692,1.5531211853204367,0.20001640756671993,6.774331210456525e-05,4.5891563348965365e-09,CALIBRATED,-0.0004774558710846345,-0.0010552657374721802,-0.0052759644617698265,0.00022192912630922962,0.0,0.0,-0.0005268541525010328,-0.00020013171920908715,-0.008207928499858628,0.0002357834657743977,0.0,0.0
21203374,132,78,79,3.7785994993046437,-55.940953516644385,-113.45448415940378,376.8225513605253,433.8455734668308,21,transition,False,2,2,2,1.690191039931134e-41,5.755015547414798e-06,5.755015547414798e-06,3.3120203950986045e-11,1.352385648936888,0.002340129295833839,0.14471524852730389,0.010514933981729334,1.3523876735816431,0.1450967504562368,9.923183489142959e-06,9.846957055919942e-11,CALIBRATED,2.894062573263588e-05,-0.00030792308448526203,-0.002137687994934828,0.0010438636874370124,0.0,0.0,-0.0003721195168568064,0.00013631996420417362,-0.002831144789651833,0.0013231578143607316,0.0,0.0
21203374,133,79,166,1.4244335932709653,-64.61753316809174,-133.40462241451206,367.0180739874748,455.6008268748204,22,transition,False,2,2,2,2.0990162581086756e-39,4.2117940553832074e-05,4.2117940553832074e-05,1.7739209164961324e-09,2.434779444657578,0.013821884774400228,0.15576004619282224,0.002973831655943609,2.4348186767448987,0.1557884323841408,0.00024499448473870014,6.002229755238118e-08,CALIBRATED,-0.002697223522177199,0.002306356576737243,-0.0036070494627241535,0.004063599308451605,0.0,0.0,-0.007059317469756866,0.007063146342879036,-0.008450976592251932,0.008593804743893714,0.0,0.0
21203374,134,80,191,1.509711028947894,119.26052636410809,19.590428679599754,574.7255396042692,575.7435951030313,26,remote,True,2,2,2,1.432145027521062e-95,6.625543654395914e-06,6.625543654395914e-06,4.389782871630596e-11,2.2918590949039035,0.01177149922288444,0.15994422166698524,0.003053708681182259,2.2918893252266117,0.15997337022569488,3.421710084876584e-05,1.1708099904946122e-09,CALIBRATED,-0.001059214781546479,-0.0003782213581822641,-0.0020217391731921584,-0.0011283293050986533,0.0,0.0,-0.0027479329719382155,-0.0013880789825806968,-0.004415678204073998,-0.002289320415906043,0.0,0.0
21203374,135,81,90,3.7664074988719314,77.10579574744202,-177.2798682693325,509.60263046626454,567.5180730445103,27,remote,True,3,3,3,2.704220117468476e-75,1.0105443360017643e-05,1.0105443360017643e-05,1.0211998550252467e-10,1.3546084521129624,0.0023573470776576313,0.145597899268611,0.010442767743081224,1.3546105032890896,0.1459719139751498,1.8425028349712972e-05,3.3948166968772675e-10,CALIBRATED,-0.0007571894896963934,0.0006354385204965898,0.002677342724529182,-0.0014000575912407026,0.0,0.0,-0.0012928491380100454,0.0007456376255373012,0.0035301039424778546,-0.0019328631981454512,0.0,0.0
21203374,136,81,96,2.8018640754874653,62.81133990321082,-171.42742576314996,494.98855845697517,554.4019526751838,27,transition,False,3,3,2,4.441670418197753e-71,6.804608179249174e-06,6.804608179249174e-06,4.630269247310476e-11,1.5550846197763502,0.0039691222078543946,0.19990557038455117,0.0053749114935829215,1.5550896850651592,0.19997781563047587,1.6400295506392595e-05,2.6896969269700116e-10,CALIBRATED,-0.002074339689300679,-0.0009250977767815375,-0.0012235786186398777,-0.00038571038363300643,0.0,0.0,-0.0033011254202632207,-0.001393166704021559,-0.00174962802815209,-0.0007076402786691184,0.0,0.0
21203374,137,82,103,1.6584327989806624,-35.93814998800312,-142.769679161735,395.52628296631985,465.830539386347,22,transition,False,3,3,2,1.2022998699475979e-45,2.2332045923243716e-05,2.2332045923243716e-05,4.987202751178663e-10,2.168800452877068,0.010358291209912957,0.16672034378060363,0.0032402537333908795,2.168825188574811,0.16675182839950936,0.00010236657024516348,1.0478914703757989e-08,CALIBRATED,-0.0023606058443414006,0.00027701335027994323,-0.0038091774740440384,0.0014741155130813528,0.0,0.0,-0.005731345039950225,0.0016295463260857673,-0.007824386331855431,0.0023752497930145627,0.0,0.0
21203374,138,83,168,2.6180288375211163,-205.13983257965566,-58.60880313192761,242.16874343014047,234.72850467497406,11,transition,False,3,3,3,1.447633070123734e-17,0.00025350314129551796,0.0002535031976889356,6.426387123851558e-08,1.6114475200085923,0.004460348759431412,0.19881344463052245,0.004881886435546841,1.6114536929284993,0.1988733732328775,0.0006548121245870044,4.2877891850614655e-07,CALIBRATED,0.00741087150659959,0.013055552631545276,-0.002875798297352428,-0.004456962063951415,0.0,0.0,0.012187205058722957,0.021385458040992542,-0.003510519636340783,-0.006051660408801462,0.0,0.0
21203374,139,84,89,3.8438620312783627,112.64116746370956,48.73085236496098,577.4869269033815,579.3884248377084,26,remote,True,3,2,3,1.7474400814720687e-96,6.367540556470496e-06,6.367540556470496e-06,4.054557273829659e-11,1.3404872107642143,0.0022479642698404944,0.13999050933917007,0.010901232479928084,1.3404890956534414,0.14041431399476942,1.1437841667978964e-05,1.308242220217558e-10,CALIBRATED,-0.001818813726252367,-0.0013550472118924574,-0.00086426532132852,-0.0006901809136435631,0.0,0.0,-0.0024094302812054276,-0.001823936074548493,-0.0012077795774865687,-0.0009203331332492055,0.0,0.0
21203374,140,85,87,5.690053777471327,-164.11324386363694,-190.85884419817927,271.28830910407316,399.4925499228277,18,transition,False,4,4,4,7.370380239439373e-22,2.6824878966156626e-05,2.6824878936247144e-05,7.195741299443157e-10,1.1702362496686463,0.0010656998681259932,-7.576845544831386,10.672963707140218,1.1702367349193696,13.088954989003648,7.63273033047479e-05,5.8258572297749794e-09,CALIBRATED,-0.0005508507472958771,0.0004765392747365535,-0.005117685708017225,0.0003219405287324138,0.0,0.0,-0.007121410872061656,-0.000620520188849522,-0.004992235920771383,0.0005525809466675437,0.0,0.0
21203374,141,85,124,2.1303752277294024,-151.33883318134485,-180.4799666921606,282.3864415680446,395.5077193811897,18,transition,False,4,4,3,1.2679557748971845e-23,0.0001237037310629658,0.0001237037310833666,1.5302613083945882e-08,1.8239742792376128,0.00650325829294884,0.18641046347291435,0.003902492979924342,1.8239858726669989,0.18645130823795553,0.0004079517075182309,1.664245956670402e-07,CALIBRATED,0.002864619549720529,0.010491597924776792,0.00045560755963740344,-0.0022839616142015513,0.0,0.0,0.004798394096223806,0.01916709614007693,-0.0008279440279287634,-0.0041065868868465985,0.0,0.0
21203374,142,85,145,2.3685189955914154,-172.32814627253725,-182.81871363951896,261.9084647816848,392.65393796922876,18,transition,False,4,4,2,2.0116304175915282e-20,0.00010431818232533589,0.00010431818211624746,1.0882283120038571e-08,1.710361189810594,0.005390239893099868,0.19394975809702025,0.004329559758028405,1.7103696835176938,0.19399807667497895,0.00029911123502135445,8.946753091599994e-08,CALIBRATED,-0.0007370990209271696,0.008764866717971418,0.0007976784117466559,0.005129881842423463,0.0,0.0,-0.0006569446063704247,0.015628911811780503,-8.54212691189447e-05,0.0073762780310862195,0.0,0.0
21203374,143,86,91,4.040190887013452,-120.3250040150619,-17.465455363984706,336.1742610741289,389.13995087809684,18,transition,False,4,4,3,3.5462147153471004e-33,8.130625233598294e-05,8.130625233598281e-05,6.61070666892251e-09,1.3080354209884983,0.001999869567296081,0.11306365614299214,0.012981953483295361,1.3080369497987603,0.1138065088501673,0.00013905997586201988,1.933767688674555e-08,CALIBRATED,-0.0009557638221913191,0.007915369124809047,-0.0006995822209354443,0.004153346143333561,0.0,0.0,-0.0013630996811754626,0.010349160489263846,-0.0007386463603431614,0.005436102817553321,0.0,0.0
21203374,144,86,130,4.8046749204490204,-107.18942590167663,-24.02182168573913,346.02471337827905,374.45903293275427,17,transition,False,4,4,3,4.1707529775022557e-35,4.638597764464192e-06,4.638597764464189e-06,2.1516589220492174e-11,1.232230530385678,0.0014750025684488383,-0.1841085582779522,0.03498045124653577,1.2322314131879395,0.18740222304070298,6.878837736920417e-06,4.731840861088041e-11,CALIBRATED,-0.00018033518895303356,-0.0006112840357735741,0.0014759207882454732,0.001433201534510306,0.0,0.0,-0.00037808094227900025,-0.0003189326490408506,0.0017843569873324137,0.0018574834171910175,0.0,0.0
21203374,145,87,109,3.2996321784897766,-162.57040659249589,-214.66679409806136,277.8230633395618,423.3504380372547,19,transition,False,4,4,2,6.873128837767985e-23,6.697836426023072e-05,6.697836430091976e-05,4.486101284426722e-09,1.4397093074143403,0.0030165363281359488,0.1793905147489817,0.007679856164160591,1.4397124675944493,0.17955482998963526,0.00013805297322902057,1.905862341737267e-08,CALIBRATED,0.0024539752670856424,0.0007795983920664138,-0.006577659312095708,-0.004133157873894945,0.0,0.0,0.003092659927880441,0.0017290751138217507,-0.009595294936979502,-0.0057817853750066605,0.0,0.0
21203374,146,87,145,2.9894167814722756,-174.28258515867105,-195.5141807208323,262.1335687175344,405.49896485796444,19,transition,False,4,4,2,1.8607002010783052e-20,0.000111764386376503,0.00011176438783037847,1.2491278387099252e-08,1.4975819637423426,0.003467962201649702,0.2010197808194477,0.005877906375173095,1.4975859791304817,0.20110569873589884,0.00024974631398805953,6.237322135062241e-08,CALIBRATED,0.005329163138271368,0.00509154061690709,-0.004862925057965166,-0.0058131387479629275,0.0,0.0,0.007735501373209051,0.008181803231413145,-0.007495118680425652,-0.008172491929755105,0.0,0.0
21203374,147,87,174,3.1436876408136634,-175.56093291564562,-210.17139301482007,264.12165012668964,420.2118179197872,20,transition,False,4,4,3,9.316716085427078e-21,5.6675389908931905e-05,5.667538922606696e-05,3.212099743926187e-09,1.4681405739280668,0.003236764258830193,0.19068025858899162,0.006756797574726156,1.4681441419209154,0.19079993534860154,0.00011996398362914836,1.4391357368174576e-08,CALIBRATED,-0.003537312171330749,0.004806529076987922,-0.0016471746890286195,0.004283328799487078,0.0,0.0,-0.00471682138575992,0.007602999660633234,-0.0031380110232652183,0.005482961118069611,0.0,0.0
21203374,148,88,110,3.4061723785343396,-9.354925033395395,-183.53427560385023,423.8798835163984,508.1303135581137,24,transition,False,4,3,4,2.5640669594679172e-52,9.81725579076316e-06,9.81725579076316e-06,9.63785112612728e-11,1.4202852681563323,0.002866078170760175,0.17167744197906726,0.008310483233480895,1.420288159968246,0.17187846932076736,1.967604338041026e-05,3.8714668310778637e-10,CALIBRATED,0.00032982829077740395,0.0003404964362618005,-0.0008622147218830773,-0.0029747465504857923,0.0,0.0,0.00016050648072177276,0.00041465680914669047,-0.0012452614012006308,-0.004234107323080593,0.0,0.0
21203374,149,88,115,3.605887660722413,-20.130903373379013,-178.6544189352527,412.7210527158571,506.0626359466569,24,transition,False,3,3,2,1.2288306683680459e-49,1.0993189260280651e-05,1.0993189260280651e-05,1.2085021011234985e-10,1.3838738715189816,0.0025840363372998327,0.15721887606557833,0.009492627279128096,1.3838762840357977,0.15750519027633383,2.0908062934957668e-05,4.3714709569215064e-10,CALIBRATED,-0.0026922273056537976,-5.2937731268503e-05,-0.0019110602481088805,0.00030024609852404786,0.0,0.0,-0.0037392417921545047,0.00011428897214552405,-0.002625914735917244,0.00013282915832536757,0.0,0.0
21203374,150,89,188,3.652501193539024,131.6074678561241,62.50273636894531,600.0080454968935,602.8273953695918,27,remote,True,3,3,1,4.24583073886075e-104,4.744998603789831e-06,4.744998603789831e-06,2.2515011749967444e-11,1.3753754541046574,0.0025182077932063454,0.1538442477982489,0.009768539616241315,1.3753777594261447,0.15415406886243088,8.965052198638601e-06,8.037216092431483e-11,CALIBRATED,-0.0011987169220959838,-0.000928252400542537,-0.0011700160078360205,-0.0010380204076823542,0.0,0.0,-0.0016220463871808657,-0.001341372261320668,-0.0016306645921845828,-0.001369551445118827,0.0,0.0
21203374,151,89,191,5.466406680460729,124.138971024343,41.39525973089417,585.9608124173018,593.0269880322641,27,remote,True,3,3,2,2.5795398331197296e-99,1.2024764216378095e-06,1.2024764216378095e-06,1.445949544594871e-12,1.1840514390203434,0.0011548923208524748,-5.20546043590967,7.227004681666405,1.1840520022458552,8.90653776832777,1.7448105973857329e-06,3.044364020749558e-12,CALIBRATED,9.302019810878186e-05,3.029099023159008e-05,-0.0010773982745639799,-0.00017921796299188699,0.0,0.0,-0.00015262524999690782,6.848096952116766e-05,-0.0012931333546965557,-0.00021126432314469627,0.0,0.0
21203374,152,90,93,2.261780618088597,88.96855512852173,-196.4605166844359,522.9877978198977,590.0707299557747,28,remote,True,3,3,3,2.9067658695299185e-79,1.5363995203776642e-05,1.5363995203776642e-05,2.360523486216717e-10,1.7612836932100917,0.0058891056799194475,0.19057057214175702,0.00413814423038547,1.7612935387190545,0.1906154957082663,4.752760144277551e-05,2.2588728989033167e-09,CALIBRATED,-0.0026560036688856223,0.0006954057178975783,0.0027646098250792184,-0.00042776525949820107,0.0,0.0,-0.004663820905823911,0.0009722221063355452,0.004889170545593636,-0.0009628974780460522,0.0,0.0
21203374,153,90,128,3.104571264992604,76.37045684923575,-198.8542730164421,510.70079760560145,589.1050057466641,28,remote,True,3,3,3,1.2891861335577812e-75,4.872545869923933e-06,4.872545869923933e-06,2.3741703254512777e-11,1.4752721357165886,0.0032920051709628266,0.19351212349141303,0.006525262009407634,1.47527580869471,0.19362210871294452,1.0405828862463666e-05,1.0828127431488187e-10,CALIBRATED,0.00048571559568812676,-0.000976805074788698,0.00034053430149685426,-0.0018885217672561672,0.0,0.0,0.00037854054718392156,-0.001346362714428516,0.0006692148360859,-0.00282877974769344,0.0,0.0
21203374,154,91,98,3.6505731383523425,-142.37178506971742,-26.175769781333713,312.4710755944658,379.1609384205472,18,transition,False,4,3,4,9.214733540885553e-29,0.00011979046443462989,0.0001197904644346355,1.4349755369465672e-08,1.3757269704301576,0.0025209306305070595,0.15398383107247837,0.009757127174821491,1.3757292801493264,0.1542926497356993,0.00022650980318169523,5.1306690937410315e-08,CALIBRATED,0.00029405268704159603,0.010634157224990127,-1.3020386922733213e-05,0.002572650002544806,0.0,0.0,0.0003480902434528008,0.014526769782047958,8.40281568824978e-05,0.003918486357298882,0.0,0.0
21203374,155,91,116,4.1623653388897495,-140.27720205952255,-15.361165593491274,318.6468748435254,384.70493185648644,19,transition,False,3,3,3,7.00360458150129e-30,2.6776173591785622e-05,2.6776173591775085e-05,7.169634722168734e-10,1.2959208174730767,0.0019159890216109844,0.06557168662914564,0.016497598400361337,1.2959222338450784,0.06761521160486361,4.491554720114328e-05,2.0174063803781303e-09,CALIBRATED,-0.0019907819191902014,0.003393819430313989,0.0018750662774244921,-0.0027890996883742163,0.0,0.0,-0.002725278175126823,0.004386344310727817,0.002267248085991438,-0.003620493857698776,0.0,0.0
21203374,156,92,138,3.6215303204019733,-257.32528314908916,-168.1374374526343,175.69381305351212,435.5911808208995,20,transition,False,3,3,2,1.369522181231807e-09,0.0008140335476104439,0.0008154166534496642,6.649043187230497e-07,1.3810219561331616,0.002561945466897313,0.156086411771603,0.009585218475934278,1.381024332474428,0.15638044747654933,0.0015502961098020252,2.403418028067293e-06,CALIBRATED,0.0187055593904505,0.01860266570512376,0.008270649525954148,0.00714534018939897,0.0,0.0,0.026414001545984223,0.025941950281722005,0.009633756456231442,0.009316790448080883,0.0,0.0
21203374,157,92,150,3.415566641661762,-234.48859795922777,-164.11311367727916,197.9174193548478,414.90009434247446,19,transition,False,3,3,2,5.655552022381026e-12,0.0007372861823707468,0.000737378044407833,5.437263803747201e-07,1.4185725387292167,0.00285281140836003,0.1709973359243459,0.00836608925470098,1.418575407290563,0.17120187014936847,0.0014832422514192286,2.200007576395182e-06,CALIBRATED,0.019315026674665985,0.019080178817641222,0.00027146046625631747,-0.00042529338916724453,0.0,0.0,0.027346479720781466,0.027117694907711605,0.00019458766892015784,7.11114019888985e-05,0.0,0.0
21203374,158,93,95,1.9542359238384144,103.50860103082347,-213.08725014102725,539.3114138584913,612.1583101826257,29,remote,True,3,3,2,3.0499663060787845e-84,1.553493059005644e-05,1.553493059005644e-05,2.4133406843787134e-10,1.9240405172989132,0.007547463002187395,0.18019784673921146,0.0036112862282159765,1.9240553205159252,0.18023402941084807,5.730366901587605e-05,3.2837104826810724e-09,CALIBRATED,-0.002386447679113281,0.0004220984175650794,0.0031037530780856316,-0.0001683681118094888,0.0,0.0,-0.00469947591803596,0.0004886840785103936,0.005889194926679937,-0.0005451294329366733,0.0,0.0
21203374,159,93,128,5.646999795809869,84.04875950213102,-206.9128329028311,519.2391470026184,600.2358960557084,29,remote,True,3,3,3,3.8480250536789393e-78,3.3038768011327824e-06,3.3038768011327824e-06,1.0915601917063387e-11,1.1728957919428273,0.0010828701791890714,-7.120333600985619,10.009587080875065,1.1728962918199617,12.283769133248386,8.013574378584823e-06,6.421737432111112e-11,CALIBRATED,-0.0015648985392522825,-0.0008439435563675022,-0.0002297709401167444,-0.0002998898993338971,0.0,0.0,-0.0019878807882219023,-0.0013277942087157554,0.0005377969593550645,0.0014176181856241973,0.0,0.0
21203374,160,94,129,2.6809079185366755,203.82587839503978,20.427930101343243,656.4148091297573,667.781255288806,30,remote,True,2,2,2,1.898277959259587e-124,6.034541661019294e-06,6.034541661019294e-06,3.64156930585775e-11,1.592169130244037,0.0042923294260582365,0.19918699577624632,0.0050505209308149696,1.5921749160798744,0.1992510151744251,1.529187446747844e-05,2.33841424729119e-10,CALIBRATED,-0.0001257613231009794,-0.0023691142828568736,9.947142855297976e-06,-0.000637121903362114,0.0,0.0,-0.0001757984962343863,-0.0037814235417821425,-3.6755314218962125e-05,-0.0009800277550827987,0.0,0.0
21203374,161,95,132,3.0358110490621293,115.44429911801086,-231.99549769433935,553.8144273637002,634.5186034357523,30,remote,True,2,2,2,8.553363052710553e-89,9.528361061992888e-06,9.528361061992888e-06,9.078966452770224e-11,1.4878082594808013,0.0033891096947513332,0.19849008062801451,0.006118260206896195,1.4878121195378853,0.19858435289738968,2.1000816512898176e-05,4.410342942084167e-10,CALIBRATED,-0.0012468866474902138,0.00029771165813580636,0.0027993371059895546,-0.00022071313042852512,0.0,0.0,-0.001988281326596745,0.00024217770723303008,0.004100780751077742,-0.00041533247996573656,0.0,0.0
21203374,162,97,101,1.4913314839442577,-107.79911014882454,58.455838981188144,382.1780469708905,538.0658052427691,25,transition,False,3,2,3,1.1502041730568382e-42,4.059461115185325e-05,4.059461115185325e-05,1.6479224545701683e-09,2.315367594809001,0.012088399087076785,0.15907253683337177,0.0030337622183515896,2.315399151007037,0.15910146349987456,0.00021402472295936013,4.5806582037830854e-08,CALIBRATED,-0.005995139078169673,0.0002600413472551548,0.0019213840822741785,-0.0009452937592924612,0.0,0.0,-0.013895111638483573,0.0010669251133786125,0.004425507332223488,-0.0004766037854619496,0.0,0.0
21203374,163,98,99,5.201091827556699,-166.36023557495452,-28.603784010024246,289.43747532628475,355.04992411718507,17,transition,False,4,4,3,8.818257323741484e-25,7.327866725939014e-05,7.327866726099076e-05,5.369763075546999e-09,1.2004405403307583,0.0012607022454684635,-2.3922618754894676,3.1390280247926796,1.2004412023251096,3.9466965707226866,0.00010699830558867772,1.144863739884806e-08,CALIBRATED,0.0008522392266426975,0.008512585882737263,0.00017328511456621477,-0.0002412662837079119,0.0,0.0,0.0009304059971501093,0.010213362208025868,-0.0012854969244888027,-0.00040912141711675463,0.0,0.0
21203374,164,98,116,2.031154461470816,-151.6840132891557,-18.479187404616578,306.9620466577007,372.87964528731027,18,transition,False,4,4,3,8.796908884951088e-28,7.592944066187984e-05,7.59294406619325e-05,5.7652799592339294e-09,1.8713102976904905,0.006966988834731942,0.18326927444928862,0.0037245588968807604,1.8713232668825277,0.18330711741813246,0.0002594931401061308,6.733668976214004e-08,CALIBRATED,0.0008876273664591702,0.00011435172087449487,0.003964469196439684,0.007707883366700562,0.0,0.0,0.0014610300103211633,0.002462658311738647,0.007403632453413845,0.01401713494083058,0.0,0.0
21203374,165,98,179,1.9820735237014944,-160.5409779593134,-37.9582640741138,291.2168907418634,363.51962542282666,18,transition,False,4,4,2,4.453543551308029e-25,0.00018329081887394181,0.0001832908188780418,3.359552428498313e-08,1.9010065173963955,0.007282940066643187,0.1814661948497854,0.0036462035541641328,1.9010204681695528,0.18150282277038748,0.0006612047973552714,4.3719178404562556e-07,CALIBRATED,0.0030718447712361997,0.007408874801945209,0.0035114202303401947,0.010326329973157432,0.0,0.0,0.005430161049195251,0.014801117110855059,0.006877467071949397,0.019114013897663658,0.0,0.0
21203374,166,99,113,2.337341195431325,-190.0985005501847,-27.395215034197594,268.3912119000077,331.28091355713923,16,transition,False,3,3,2,2.0721897085622274e-21,0.0001462510376578415,0.00014625103784899143,2.1389366071907123e-08,1.7252354240999352,0.005535956346469759,0.19296271307271118,0.004273648143030958,1.7252443059989948,0.19301003265331024,0.0004324481304384181,1.8701138551968306e-07,CALIBRATED,0.0020995660306309828,0.011825055768635493,-0.000945593813225427,-0.001056772795383256,0.0,0.0,0.003617017974976722,0.02044871881394083,-0.0003295855934078351,-0.0010519427798667057,0.0,0.0
21203374,167,99,179,2.0336158146270336,-173.12261723491733,-37.268256491679026,279.8147073925756,350.9190795090483,17,transition,False,3,3,2,3.2980385085010714e-23,1.664462732581461e-05,1.664462730386908e-05,2.7704361808470403e-10,1.8701360409011596,0.006955485147795302,0.18334719740643882,0.0037289728782821598,1.8701489754164253,0.18338511399653626,4.649247313815786e-05,2.16155005850233e-09,CALIBRATED,-0.0019106814876186035,-0.00012523261689176252,0.0018820148691518395,-0.0030718496676592857,0.0,0.0,-0.0026772518708351374,0.0022305328793944413,0.004097823101484796,-0.004190150887634654,0.0,0.0
21203374,168,100,104,2.929743692327733,214.3475128155111,-57.415372932062354,651.6891626172753,683.439676998138,31,remote,True,3,3,2,1.1306691897662722e-122,3.7903397562116275e-06,3.7903397562116275e-06,1.436667546751842e-11,1.515877413554958,0.003627414796955654,0.20066527578440574,0.0057178699829985675,1.5158817536550067,0.2007467233674664,8.666204420280102e-06,7.510309905408239e-11,CALIBRATED,-0.00024943652405470785,-0.0014419831290349715,0.0001359935432480403,0.0012768365551050333,0.0,0.0,-0.0003373676134115228,-0.002292507374315774,0.0002476312081743996,0.0017987429602772593,0.0,0.0
21203374,169,100,190,4.026761327812963,197.9866252318953,-59.97746713069295,635.1325822907346,679.6214798158804,31,remote,True,3,3,1,1.482148238387556e-116,1.0508312540985445e-06,1.0508312540985445e-06,1.1042463245903198e-12,1.3093670724311874,0.002009089815365521,0.11828402919430561,0.012595509666142495,1.3093686138016694,0.11895275711890511,1.769130531403361e-06,3.129822837143538e-12,CALIBRATED,7.839254900858262e-05,-0.0005096011054591427,3.036026931479078e-05,-0.0008854777409514224,0.0,0.0,6.0890968760773405e-05,-0.0007908585352546098,7.410450048927734e-05,-0.0010651169520521692,0.0,0.0
21203374,170,101,160,2.8105814219074396,-126.52774790580133,69.33086968019907,372.59362968155534,559.7228633286793,26,transition,False,3,3,2,1.373840469685242e-40,2.5793825653173505e-05,2.5793825653173505e-05,6.653214418263115e-10,1.552411928011734,0.003945828566938989,0.19995735827156003,0.005398290418495104,1.5524169426401495,0.2000302143836861,6.145504027311773e-05,3.776721974970522e-09,CALIBRATED,-0.0034351015024673428,-0.0014097102190746855,0.0034112408218634556,0.0006083226729366942,0.0,0.0,-0.005547693236267318,-0.001760304699238249,0.005047453876873193,0.0014500609490876906,0.0,0.0
21203374,171,101,173,2.8680991639229134,-113.60242371988738,72.25182878018882,384.8832243469576,553.032694797323,26,transition,False,3,3,2,2.917127520383102e-43,2.7419892854721787e-05,2.7419892854721787e-05,7.518505241644229e-10,1.5347772960953252,0.0037921352795294793,0.20029905885118546,0.005552546416469084,1.53478198090141,0.20037600591981491,6.40132198055921e-05,4.097692309879049e-09,CALIBRATED,0.0003381865579897204,0.002156504063529114,-0.0004240597943448418,0.004740800166798795,0.0,0.0,-7.510751292021314e-05,0.00312974389872993,-0.00042211963024677663,0.00735078885652541,0.0,0.0
21203374,172,102,119,1.9677940884557223,-315.4912942553201,-100.36732846497102,124.18100236534859,112.31168530059077,5,source,False,3,3,3,3.7332343901665345e-05,0.10014076053804213,0.10298703680904095,0.010606329750706755,1.9128219221610623,0.007418628421519451,0.1808155893808111,0.003628292538225812,1.9128363081946134,0.18085198884688283,0.37477776482131897,0.14045837300446387,CALIBRATED,0.23597374756236525,0.03179740400562012,0.2132675219829625,0.028448487414343315,0.0,0.0,0.47618515263351185,0.06576121550209033,0.3755097255959428,0.051897723950722605,0.0,0.0
21203374,173,102,127,4.816622667838011,-318.6942554548476,-90.02872660302292,125.3534191368435,116.63040799026226,6,source,False,3,3,2,3.076670434344296e-05,0.005558369095809498,0.006379852507745615,4.070251802058801e-05,1.2310458127929476,0.0014667996786031697,-0.18875291760220447,0.035324255018383446,1.231046686643665,0.1920298593863683,0.009499841671780385,9.024699178889514e-05,CALIBRATED,0.07682394137117932,0.017513160744452104,-0.012121916073253266,-0.004927767384445299,0.0,0.0,0.0901500901293417,0.021627958803563184,-0.029431624134338096,-0.006230073856574238,0.0,0.0
21203374,174,103,137,2.9407872756259046,-49.31333513151743,-160.61255239610017,382.47390313481804,488.12994975704765,23,transition,False,2,2,2,9.904141430492675e-43,1.7242008966594657e-05,1.7242008966594657e-05,2.9728687320413056e-10,1.5124915100115077,0.0035979052132619803,0.20073088334621011,0.0057474876088506035,1.5124957893425075,0.20081314982531323,3.905045282441147e-05,1.524937865791586e-09,CALIBRATED,-0.002317198146392701,0.0002258637930404561,-0.0033045436238896167,0.0009495149823740247,0.0,0.0,-0.0036561281543569294,0.0007441951476583493,-0.004887669501847513,0.0011135709075948044,0.0,0.0
21203374,175,104,105,1.908198341444571,234.36366444143894,-65.08885663253682,670.574882214715,704.8762970212102,32,remote,True,3,2,3,7.638017028898087e-130,6.825538317649792e-06,6.825538317649792e-06,4.6587973325705556e-11,1.96213394753671,0.007984928749955725,0.1781002635807558,0.003553540255926069,1.9621501948533746,0.1781357110067636,2.6261291531695104e-05,6.89655432912681e-10,CALIBRATED,0.0002287616600318152,-0.0025972414224612467,-7.97474565641035e-05,0.00014554640899835437,0.0,0.0,0.00047681812971489367,-0.005092591074916097,-4.1176452658661314e-05,0.00031266059281856017,0.0,0.0
21203374,176,105,125,2.447729045857379,254.74378651705086,-59.70603086167534,691.456443799797,725.9552957900393,33,remote,True,4,3,4,5.205034632014915e-138,3.300598529172523e-06,3.300598529172523e-06,1.0893950650775823e-11,1.672571838423494,0.0050200339280625506,0.1964574361752951,0.004471608325010627,1.672579371936646,0.19650831918670122,9.13784265161398e-06,8.350016832565562e-11,CALIBRATED,0.00048442164748502465,-0.001338504196573048,0.00033228325301780696,-0.0010788552044369354,0.0,0.0,0.0008314383839470575,-0.0023840145566274974,0.000538598110917547,-0.0015725582768272004,0.0,0.0
21203374,177,105,184,3.61264826636236,255.34550464243398,-71.96427955509265,690.6538697189843,726.9559043226117,33,remote,True,3,3,3,1.0837497205095416e-137,2.496735548069862e-06,2.496735548069862e-06,6.233688396995714e-12,1.38264130137829,0.0025744888775906787,0.15672943599274392,0.009532644295425857,1.3826436982353887,0.15701906703921895,4.750880779449901e-06,2.25708681805465e-11,CALIBRATED,0.00013836691697104045,-0.0012792206834333836,-0.00013105774910440976,0.0009077491139261464,0.0,0.0,0.0002192769703272832,-0.0018335393224593265,-0.00014354140051677078,0.0011490551810366056,0.0,0.0
21203374,178,106,110,5.258426428183366,4.37838552371646,-194.86663249877932,438.70645817738483,525.9355412076588,25,transition,False,4,3,4,5.453540755970978e-56,7.647568636592618e-06,7.647568636592618e-06,5.848530605139507e-11,1.1968988517747747,0.0012378366964658604,-3.0001947302835092,4.022440718908887,1.196899491861978,5.01808706149636,1.1917495187403424e-05,1.4202669154178377e-10,CALIBRATED,-0.0026547262291757223,0.0007425123945092204,-3.607762281561027e-05,0.00021764887744077263,0.0,0.0,-0.0031549540527669993,0.0009033323254125304,-0.0009721870066194817,-0.00045011470355627405,0.0,0.0
21203374,179,106,123,4.3596275473567445,17.20082422713498,-206.72669844855295,452.9167020258332,543.4019689659586,26,transition,False,3,3,2,1.2548802795950822e-59,1.057673004322953e-05,1.057673004322953e-05,1.1186721840735412e-10,1.2763606442334723,0.0017805559467320216,-0.011108590195293089,0.022173939647452654,1.2763618861935528,0.024800894653536885,1.7187453223602772e-05,2.9540854831353333e-10,CALIBRATED,0.0001509941764834818,0.00010762464232046931,0.00012924917512081743,-0.0032443246429717213,0.0,0.0,-5.635288429910106e-06,6.986153931865843e-05,0.00016753583413649072,-0.004141795815432155,-0.0,0.0
21203374,180,107,156,1.5684208531097745,248.7204999398055,-22.683963036690827,691.0511085174479,707.1522394167063,32,remote,True,3,2,3,7.539266732315729e-138,2.644991826905353e-07,2.644991826905353e-07,6.995981764396118e-14,2.243280119321489,0.011213617253570632,0.16261918268783856,0.0031273497305795584,2.243308146232912,0.162649251133837,9.75227916625381e-07,9.510694893654811e-13,CALIBRATED,-7.191707107487965e-05,0.0001310466172309567,-1.8913556718276402e-06,0.0004920877202944529,0.0,0.0,-2.075246816904417e-05,-0.00022234652320941414,2.9466937406766223e-05,0.0009615045371223294,0.0,0.0
21203374,181,108,117,3.153178847920895,-160.04258608108967,56.92134790429944,338.15647703316006,482.617152537902,22,transition,False,3,3,2,1.465406324183312e-33,3.086845980926528e-05,3.086845980926492e-05,9.528618109962035e-10,1.4664101700112389,0.003223360590242856,0.18999313418841995,0.0068129774215806,1.4664137126902097,0.19011524846809613,6.522285498514385e-05,4.254020812413104e-09,CALIBRATED,-0.004797986200375037,0.002025897336600214,0.0013732184634266498,-0.0013630111017654772,0.0,0.0,-0.007030644063466699,0.0032202959875920643,0.002058054951482977,-0.0010894964924033248,0.0,0.0
21203374,182,108,136,1.026709838668026,-153.64287629367936,44.2687544500596,336.0368679188152,471.95143475165094,22,transition,False,3,3,3,3.769503797639937e-33,9.32300638046661e-05,9.323006380466624e-05,8.691844797022138e-09,3.144711085070556,0.02412786646042645,0.13606650725778338,0.002617530312859803,3.1448036445071677,0.13609168182615408,0.0009079938580774023,8.244528463062857e-07,CALIBRATED,0.0011477367572139596,0.00363113708600345,0.0001830849111904723,0.008870968803842732,0.0,0.0,0.0009683423320849704,0.013387012388203933,0.001641302052953315,0.026928612999824932,0.0,0.0
21203374,183,109,111,3.3140294280202625,-168.0770275439514,-233.18304817849702,277.8230301339658,442.6681640803028,20,transition,False,3,2,3,6.873212681634207e-23,5.149309203131245e-05,5.1493091944277295e-05,2.6515385179817953e-09,1.4370844508815899,0.0029962042503406186,0.1783482130331148,0.00776507559564172,1.437087574299336,0.17851717421892865,0.00010548994592247985,1.1128128690727722e-08,CALIBRATED,-0.005249100973306864,0.0021655956875947127,-0.003702800721143307,0.0023536127662973786,0.0,0.0,-0.007169734082771305,0.0034487373210655274,-0.00579060557801154,0.002942780493855896,0.0,0.0
21203374,184,110,112,3.029618934631035,-16.45364951478655,-203.2618360228644,419.10623908180276,529.0962032208148,25,transition,False,4,4,2,3.6677637035656713e-51,1.2897513095484278e-05,1.2897513095484278e-05,1.6634584404818844e-10,1.488937184278665,0.003397854320039935,0.19893836427293626,0.00608160817343893,1.4889410613391179,0.19903130089904633,2.8179441251441438e-05,7.940809092434393e-10,CALIBRATED,-0.0020826329361279794,-0.0015911976084538278,-0.002247908189143439,-0.0009874978951227758,0.0,0.0,-0.0032225548975379145,-0.002002894805201766,-0.003214545388480927,-0.0018573345225046623,0.0,0.0
21203374,185,110,115,3.6588005012808544,-19.022798022267438,-190.3049266016273,414.94164378139266,517.7657221359241,25,transition,False,4,4,2,3.645550492985002e-50,1.4631474594379485e-05,1.4631474594379485e-05,2.140800488059723e-10,1.3742269861946628,0.002509311787424656,0.15338820379802642,0.00980582614262587,1.374229277170048,0.15370131844172413,2.7620788500919495e-05,7.629079574125266e-10,CALIBRATED,-0.002338537966362908,0.00253984975044311,0.0011212729113737072,-0.0012060783878555831,0.0,0.0,-0.0032484723033549836,0.0035102863281427144,0.0014811577738187455,-0.001597584970749819,0.0,0.0
21203374,186,111,141,4.754743320332402,-185.68524741072503,-249.48428869230875,267.14835315676356,460.83267507962427,22,transition,False,3,3,1,3.217716718664048e-21,4.6749975067638565e-05,4.674997454711513e-05,2.1855601201559125e-09,1.2371816599304692,0.0015092837933726275,-0.1646990172970192,0.03354363877506507,1.237182580545766,0.16808016539995393,7.142599666547803e-05,5.101672999656878e-09,CALIBRATED,-0.004588137171082964,0.0013754712152268759,-0.004538016354342291,0.001792612158344953,0.0,0.0,-0.005527888668746906,0.0019508762333752601,-0.005762642554357405,0.001963282008316256,0.0,0.0
21203374,187,111,174,5.098487204757966,-181.06755386710114,-228.68764709525573,264.07729824168376,439.5295439628353,21,transition,False,3,3,3,9.46214298874528e-21,3.879024620854958e-05,3.879024659979625e-05,1.5046832312730042e-09,1.2067786610185345,0.0013016218822123323,-1.304319854941289,1.5580939070926196,1.2067793629778443,2.0319711876188626,5.683966306600079e-05,3.2307472974564943e-09,CALIBRATED,0.0020110640906079416,0.0006493965298182236,-0.005184628294119984,-0.0027283294196511643,0.0,0.0,0.002177854960371264,0.0017674375160379068,-0.006336306031729009,-0.002970522064682131,0.0,0.0
21203374,188,112,118,2.606682144291927,-23.39909669036193,-222.57162812020812,415.4093839090769,549.6171025020682,26,transition,False,3,2,3,2.8199568929591604e-50,2.1843662681170267e-05,2.1843662681170267e-05,4.771455993287507e-10,1.6149263554349087,0.00449066828385141,0.19874603635757246,0.004851455903567642,1.6149325990826717,0.19880524035404545,5.630902761265049e-05,3.170706590682235e-09,CALIBRATED,0.0006229461946924762,0.0004278132784792701,-0.001058096064665197,-0.00448921031322718,0.0,0.0,0.0002990741376695424,0.0008005777899252101,-0.0017677576799571995,-0.0072424919924055494,0.0,0.0
21203374,189,113,135,3.3293583847065555,-207.22015525810758,-16.852524272591268,258.16315720133116,311.1737161285517,15,transition,False,3,2,3,7.29191234454387e-20,2.312891912018047e-05,2.3128917648775173e-05,5.349468316038237e-10,1.434289728736012,0.0029745563974498974,0.17723845954702416,0.007855809938422862,1.4342928131812502,0.17741247220077494,4.0210082372286844e-05,1.616850724386093e-09,CALIBRATED,-0.002724467159492507,-0.0004145201501423981,0.002921673984660064,-0.0026454093290280267,0.0,0.0,-0.002984059288659307,0.0012399777466507286,0.00474727560598002,-0.002689108038501051,0.0,0.0
21203374,190,114,121,4.286420998487419,-267.1173995409956,-136.22045467315337,164.56460094664786,428.1106586506736,20,transition,False,3,3,2,1.6745618751134654e-08,0.00038932929650001036,0.0003911011121939081,1.529600799593119e-07,1.2836196767125554,0.0018308169069620635,0.0173484491752305,0.020067376225429083,1.2836209823519527,0.026526746452561277,0.0006380336574011865,4.0708694797673467e-07,CALIBRATED,0.006910719046437146,0.006823366938076578,0.013252007378723587,0.011007680887350341,0.0,0.0,0.010801461985336318,0.009421952784858502,0.015645958953744106,0.013703753154452717,0.0,0.0
21203374,191,116,126,2.986116604174999,-160.06455054779843,-2.9357097263359044,306.2261442990819,362.2294397748459,17,transition,False,3,3,2,1.18549473697616e-27,4.618114508043673e-05,4.61811450802252e-05,2.1326981609208083e-09,1.4985937804419742,0.003476780612805624,0.2010001751733317,0.005869055677551038,1.4985978135519875,0.20108584294836926,0.0001017735521710485,1.0357855921513131e-08,CALIBRATED,-0.003071736459039527,0.005018273957715093,0.001044624556306046,-0.003235933594515407,0.0,0.0,-0.004453403209803679,0.00798162160761229,0.001947376619938054,-0.003800288519964506,0.0,0.0
21203374,192,117,152,3.941738806200558,-183.07966710305567,61.19793345591141,322.6742502638441,506.04782231050734,23,transition,False,2,2,2,1.2696757185140073e-30,3.548032306586309e-05,3.5480323065852166e-05,1.2588533248572413e-09,1.322642657086441,0.0021097407711187237,0.1329046329550103,0.011480579465365405,1.3226443397039136,0.13339956958613686,6.18461132860747e-05,3.824941728593985e-09,CALIBRATED,-0.004845213318570648,0.003395476528388076,0.0002859356872813085,-0.0006270653006684433,0.0,0.0,-0.006402241792208287,0.004514696658430116,0.0005358128817340687,-0.0004333958448163814,0.0,0.0
21203374,193,118,122,3.4841577743488656,-16.293449975147546,-243.9887179208639,426.85526215678675,572.1821629001879,27,transition,False,4,3,4,4.80962903679255e-53,1.5522324103552655e-05,1.5522324103552655e-05,2.4094254557573173e-10,1.406067241634709,0.002755945667239756,0.16603161971989722,0.008772090228697045,1.406069942511666,0.16626318989419445,3.0312861435673703e-05,9.188695684183539e-10,CALIBRATED,-0.00020259725769885195,0.0021807848813363054,0.0009354583711572726,-0.003138530451006066,0.0,0.0,-0.0006043642272120344,0.0027130381960558682,0.0011440722636730108,-0.0046128220991900545,0.0,0.0
21203374,194,118,134,2.488291511285901,-31.585425761300478,-239.90121557531234,411.0322472064779,568.7829728194265,27,transition,False,3,3,1,3.082798104654362e-49,1.5269497360939284e-05,1.5269497360939284e-05,2.3315754965573177e-10,1.6532203892821447,0.004830456133226693,0.1977415864190375,0.004544349600493233,1.6532274461926466,0.19779379695230379,4.077989484627467e-05,1.6629998236732196e-09,CALIBRATED,-0.0030220007589345293,-0.001383516299268577,-0.0020460648443948962,-0.0001910761003576302,0.0,0.0,-0.005053027966263606,-0.0018365359703461964,-0.00328299777956107,-0.0010468354347528506,0.0,0.0
21203374,195,119,127,1.6467687108774065,-327.36654196726676,-96.76945660241543,114.63053357415289,105.64651094603443,5,source,False,3,3,2,0.0001686460226549916,0.007440154049597206,0.005695700197230117,3.24410007367272e-05,2.178451809515385,0.010469127590947789,0.16618889982781682,0.003225623206039649,2.1784769654539313,0.16622020055049708,0.01739591105005479,0.00030261772126141835,CALIBRATED,-0.0606715662833639,-0.0062062770671907274,0.04445383064443604,1.7548634152460743e-05,0.0,0.0,-0.046036722062600254,-0.0024602954863242273,0.12350484937704716,0.00412679030949687,0.0,0.0
21203374,196,119,133,3.231233689106336,-335.4242658649764,-109.95753663068253,102.15292662823602,90.19166156974808,4,source,False,3,3,2,0.00100847167714921,0.38062237324162784,0.41911041511932295,0.1756535400614912,1.452179482450774,0.003113130014609359,0.18434228436970734,0.007274995474132102,1.4521828193548791,0.1844857809311891,0.883360393684395,0.7803255851302493,CALIBRATED,0.6218661431044136,0.048152722256111176,0.17294348359593198,0.01283674416639174,0.0,0.0,0.9076103120116703,0.07204346848823952,0.23253545730603253,0.018463882531363628,0.0,0.0
21203374,197,120,165,3.290179578662304,37.884096726515416,-96.02712700863161,471.8685544463404,514.3436854197489,25,transition,False,3,2,3,1.1644714852295793e-64,4.186022560877064e-06,4.186022560877064e-06,1.7522784880171776e-11,1.4414326725860056,0.003029885474766584,0.18007484414111427,0.0076239048394572085,1.4414358569858132,0.18023616012733876,8.442935744319437e-06,7.128316398270681e-11,CALIBRATED,-0.0004926354488043713,0.0005039477116877831,0.0016437199571957017,-0.0009937576574092842,0.0,0.0,-0.0011010021100863526,0.0007610285763964077,0.0021609107429483676,-0.001407846001813845,0.0,0.0
21203374,198,121,146,4.0459114186868135,-285.7527953293675,-148.86041277186325,145.76370796515263,450.6283520699919,21,transition,False,2,2,2,7.928418854877247e-07,0.001618691442475742,0.001681527489381925,2.8275346975470795e-06,1.307468183140848,0.001995942057812705,0.11083995624778528,0.013146565296907026,1.3074697066128638,0.1116168808026671,0.0028681230033129907,8.22612956213313e-06,CALIBRATED,0.03572983826534021,0.01697086545123938,0.010077070738628697,0.003917718478803458,0.0,0.0,0.04719487360379234,0.02227525495890765,0.010900283999250216,0.005075798861894173,0.0,0.0
21203374,199,122,157,2.8161326551788086,-16.200706281930028,-264.02517428493843,432.041133462417,592.2188339066723,28,transition,False,4,4,1,2.5302756326367862e-54,1.7242124274498876e-05,1.7242124274498876e-05,2.972908494972634e-10,1.5507099495961632,0.003930995104067234,0.19999033695883103,0.005413178190480851,1.5507149320552258,0.20006358333047192,4.119441863324897e-05,1.69698012653137e-09,CALIBRATED,-0.0007455229112855237,-0.002031725040471967,-0.0017932009720411414,-0.003056606532911477,0.0,0.0,-0.0014513801193748988,-0.0029040638518663445,-0.0025916702376260507,-0.004892603898336632,0.0,0.0
21203374,200,122,158,3.9213758324349968,-0.4433974781347718,-247.62003448795048,443.11528557358054,588.4428708850346,28,transition,False,4,4,3,4.1720352266445667e-57,9.632674048116678e-06,9.632674048116678e-06,9.278840931726055e-11,1.3263551637427697,0.0021384977615333846,0.1343788285957162,0.011360048037199786,1.326356887703979,0.13485814868284512,1.672787177955347e-05,2.7982169427318144e-10,CALIBRATED,-0.0018753673282279105,-0.00192944846622966,-0.0012951654498521736,-0.000845840709593252,0.0,0.0,-0.0025180829869107177,-0.0023346068846070334,-0.0016628955278356623,-0.0014736074811271373,0.0,0.0
21203374,201,122,176,5.52382674048399,-2.758097579398254,-264.35705546709175,445.0660904914354,596.63773361269,28,transition,False,4,4,3,1.3268901438201085e-57,7.934093930943717e-06,7.934093930943717e-06,6.294984650503793e-11,1.1805044714432522,0.0011319926898819292,-5.814299437679054,8.111734135905774,1.1805050141803561,9.98029601978889,1.2022658761786048e-05,1.4454432370235083e-10,CALIBRATED,-0.0008884227970906465,0.0015229815749521118,0.0010309158443273505,-0.0019397264005071848,0.0,0.0,-0.0008610971656653956,0.0009707907974080004,0.0013622445423678805,-0.0029125633842932816,-0.0,0.0
21203374,202,123,158,3.5065034450478123,13.480224342572093,-229.98595788442876,453.02489151556773,566.9569262575011,27,transition,False,3,2,3,1.1761400736589121e-59,1.3281280087188733e-05,1.3281280087188733e-05,1.7639240075435595e-10,1.401993256559392,0.0027243886733793817,0.1644138849669924,0.008904357530795024,1.4019959036073009,0.16465483033599604,2.59365410314666e-05,6.727041606769505e-10,CALIBRATED,-4.8362292873456805e-06,-0.0012855750119274564,-0.0008358060847238764,-0.0033060522947348063,0.0,0.0,-0.00032239597041996753,-0.0016724270314683592,-0.0010499595839016627,-0.0046832867268949635,0.0,0.0
21203374,203,124,195,3.5627644298653074,-139.00475898072173,-194.48023979633962,296.64787089675116,409.61229342350606,19,transition,False,3,3,1,5.394722387991469e-26,3.499034453973279e-05,3.49903445400851e-05,1.224324211033863e-09,1.3917359492018675,0.00264493580859927,0.1603408208107126,0.009237374551203196,1.3917384624943923,0.16060668699295266,6.65610374191817e-05,4.430371702317706e-09,CALIBRATED,0.0007584075671786017,-0.00042269383601753154,-0.005087665935336641,-0.0028900082618461952,0.0,0.0,0.0009417851368709885,0.000379840937026242,-0.007087925418607049,-0.003910385185371603,0.0,0.0
21203374,204,125,140,2.5390552829472135,275.06360727866513,-56.60935979560472,712.0031100174059,746.5097232322127,34,remote,True,4,4,2,2.731658000508722e-146,2.5386707792142146e-06,2.5386707792142146e-06,6.444849325236107e-12,1.6356603892423416,0.004671374171687896,0.19834427966633236,0.0046700884051048145,1.635667059848385,0.198399251515896,6.774584352782816e-06,4.589499315296977e-11,CALIBRATED,0.0004989278225539426,-0.0014338326227643669,-0.00020609629832610344,0.00043748157996506597,0.0,0.0,0.0008483377393392871,-0.0023599406559267366,-0.0002453671236842497,0.000652213544718696,0.0,0.0
21203374,205,125,156,4.119079124436951,257.89100473682845,-43.36231455937735,696.7704730250392,729.772857885882,33,remote,True,4,4,3,3.9645380058058142e-140,4.839080138134744e-07,4.839080138134744e-07,2.341669658329018e-13,1.3002130022770662,0.0019457077658589156,0.08239801607520365,0.015252010984310622,1.3002144581064512,0.08379771412273161,7.887656959106567e-07,6.221513230454226e-13,CALIBRATED,-3.739876928117253e-05,-0.00025221174658007127,-3.220176158697366e-05,0.0006464221742077338,0.0,0.0,1.0575457439096923e-06,-0.0004558898842981984,-1.2989878880920798e-05,0.0007620762783008603,0.0,0.0
21203374,206,125,184,4.546016029660034,264.7925077554012,-65.90381199782908,700.7052247001823,737.7616199232205,34,remote,True,4,4,3,1.045460200685231e-141,1.1584150074987423e-07,1.1584150074987423e-07,1.3419253295983112e-14,1.2578786905331043,0.001652588377695192,-0.08356200400919442,0.02753738274333553,1.257879776109634,0.08798247531403955,1.7962771711694553e-07,3.2266116756645406e-14,CALIBRATED,-1.8573694368302365e-05,-5.868516141892423e-05,0.00025253982101856745,0.00021971847727610857,0.0,0.0,-1.376297788977945e-05,-9.908617736117412e-06,0.0003177678512204998,0.0002799351881807945,0.0,0.0
21203374,207,126,163,1.3168877104946723,-181.01079379182107,3.7826383314222016,291.19551242414235,340.23213751609273,16,transition,False,2,2,2,4.490356724929824e-25,0.00010911380367510221,0.00010911380367192896,1.1905822151756258e-08,2.626747422671007,0.016608657969294047,0.15043484495642015,0.002877486536918517,2.6267999295774924,0.15046236242274116,0.0007336367557150545,5.382228893361106e-07,CALIBRATED,-0.002367738473673514,0.009653883040539525,-0.0006346028307970893,-0.0031476085650764827,0.0,0.0,-0.005890643088794667,0.025918133276976507,0.0009598384413174199,-0.0051250519332922215,0.0,0.0
21203374,208,128,131,3.8505328001083257,76.12515732928931,-220.27750828763766,513.1687277453589,610.5296453314852,29,remote,True,3,3,1,2.425309655370585e-76,5.384986464279636e-06,5.384986464279636e-06,2.8998079220474897e-11,1.3392710193587158,0.0022385436794340923,0.13950757308228995,0.010940717738972023,1.3392728901803168,0.13993592194984933,9.605754946615907e-06,9.227052809443596e-11,CALIBRATED,-0.0006292302059188285,0.000698997853207029,0.001704618654690884,-0.00126282740528181,0.0,0.0,-0.0009440314133952703,0.0007720409432150154,0.002243268776080754,-0.0017567747770843199,0.0,0.0
21203374,209,129,148,2.685037216785677,226.09334318003425,22.13016622424338,678.4054550451103,690.1136890068108,31,remote,True,2,2,2,7.077358302711859e-133,4.49186184114535e-06,4.49186184114535e-06,2.0176822799937693e-11,1.5909031094973496,0.004281295518948103,0.1992115270522611,0.0050615952358904455,1.590908870205851,0.19927581954874946,1.13306439644945e-05,1.2838349265013563e-10,CALIBRATED,0.00039032638595780166,-0.00205663632411737,-3.0082214837371188e-05,0.0003299230883735518,0.0,0.0,0.0006285302137810173,-0.0032873531724584622,-6.17270587910341e-05,0.00035368435730065634,0.0,0.0
21203374,210,132,143,2.7246413889964565,130.62771385551474,-247.52220373500973,571.4001707940879,656.2352947943465,31,remote,True,2,2,1,1.7797089857371442e-94,6.347034139861782e-06,6.347034139861782e-06,4.0284842372570994e-11,1.578760682225026,0.004175469121580669,0.19944680695244163,0.005167809090854774,1.5787662038066355,0.19951374652971668,1.565679834130719e-05,2.4513533430035957e-10,CALIBRATED,-0.0021630034733913705,-0.0007631212560607651,0.0008765122117622049,0.0005637573991874654,0.0,0.0,-0.0032811032271457307,-0.0013104000904151755,0.001635958150963289,0.0007054448847767892,0.0,0.0
21203374,211,133,139,1.7069086245152647,-357.449573599492,-114.19278894355526,80.08070072543234,67.76285101381787,3,source,False,2,2,2,0.014408366981199596,2.232215417860691,2.603188641544828,6.776591103468008,2.128689517806139,0.00989765639454051,0.16892901917028297,0.003301058048745759,2.1287125279895913,0.16896126923669524,11.77617701460075,138.67834507921103,CALIBRATED,1.6052903262619953,0.08177143270456072,0.13964358120467277,0.006686776223476803,0.0,0.0,3.399727828235369,0.18894563256644525,0.4263533432907734,0.02345385089101689,0.0,0.0
21203374,212,135,153,1.200797472981332,-222.35123713168525,-12.153047779773136,247.61998346502241,295.3296409592191,14,transition,False,3,3,2,2.4775120228602577e-18,0.0004963461983896206,0.0004963462330795437,2.463595830922527e-07,2.833966960855385,0.019616836002143378,0.14468656468402533,0.002773486946584227,2.834034854315423,0.1447131446341607,0.0039718397229920495,1.5775510785137562e-05,CALIBRATED,0.011019591262618963,0.016304182800155994,0.004851028880628196,0.009249647750199142,0.0,0.0,0.029100024332826775,0.046151480734372446,0.01668079656995117,0.026773497318013827,0.0,0.0
21203374,213,135,163,5.095908372619071,-202.33355051670515,-0.5281410028173705,270.75216666104666,318.4779937081398,15,transition,False,3,3,2,8.93171779804563e-22,0.00012342899088088767,0.00012342899110777148,1.523471584588233e-08,1.206937961339358,0.0013026503434206927,-1.2769758642777609,1.518359208976757,1.2069386643155993,1.9839561601589024,0.00018007168630541361,3.242581220887528e-08,CALIBRATED,0.00379582320704132,0.008692720109172155,0.00206351227778003,0.005403633173310633,0.0,0.0,0.0046537471961640734,0.010973753567104566,0.0023392442924509006,0.005702542602059572,0.0,0.0
21203374,214,136,147,1.8856718020975194,-169.2957665636567,34.79570982591816,317.76809869878275,484.10105908615463,22,transition,False,3,3,2,1.0136956423795549e-29,9.374425259064488e-05,9.374425259062042e-05,8.787984893774044e-09,1.9807733527898983,0.008198984068842504,0.17707390018164337,0.003525284712318369,1.9807903216802873,0.17710898835982747,0.0003625712909420517,1.314579410153859e-07,CALIBRATED,-0.003840547433495434,0.008817216587170405,-0.000526304814723357,-0.0009869867773268915,0.0,0.0,-0.007685609028518137,0.01742065343082818,-0.0001368255402621491,-6.940905790015639e-05,0.0,0.0
21203374,215,137,167,2.9468643373233157,-60.09327889998728,-180.56602236445025,373.08645927882054,510.8091947054409,24,transition,False,2,2,1,1.0774954906464221e-40,1.2195317875113151e-05,1.2195317875113151e-05,1.4872577807505435e-10,1.510628315414294,0.003581666683073952,0.20076698586747851,0.005763785592464623,1.5106325614349958,0.20084970460189436,2.7222875565958936e-05,7.410849540796841e-10,CALIBRATED,-0.0008941991955468806,-0.0006506424115124228,-0.0032770565202002227,-0.00048300174901440263,0.0,0.0,-0.0016696546211116877,-0.000430416877888026,-0.004833862793504627,-0.0009400217108982585,0.0,0.0
21203374,216,138,144,1.742644604509163,-279.1747714041003,-173.89712387727604,155.0435190913835,458.18706816165405,21,transition,False,4,2,4,1.252169018915759e-07,0.001965797698204839,0.0019904658232897743,3.9619541936846395e-06,2.09912006628214,0.009558080196196191,0.17055723650682436,0.0033458824900647346,2.099141826929608,0.17059005203845312,0.008739510158335457,7.637903780764864e-05,CALIBRATED,0.035032699033454726,0.025967585459397317,0.008572125964062824,0.00392160472081155,0.0,0.0,0.07413414978524716,0.05470410386064285,0.012941547605006671,0.009144143499822338,0.0,0.0
21203374,217,139,142,1.7379849211932097,-377.69486775748896,-120.89381140272266,58.831004014457704,46.437381791732925,2,source,False,2,2,2,0.1014365290638896,6.526117922259278,7.947474130559129,63.16234505590659,2.1029756840643246,0.009602358191264189,0.17034493010976673,0.0033400377447577183,2.102997606524707,0.17037767185355515,35.07290110301483,1230.1083917818587,CALIBRATED,2.3906368585274675,0.08722506595769491,1.4905185723545598,0.05545912498274017,0.0,0.0,5.150444905968675,0.21219496345498873,2.913117094331639,0.12058385378346251,0.0,0.0
21203374,218,140,189,2.524739826119916,286.7710842728869,-70.80455512378333,722.029811299828,763.4727021744128,35,remote,True,2,2,2,2.0313968927225713e-150,2.9973409346343414e-07,2.9973409346343414e-07,8.984052678434667e-14,1.6400494317015661,0.004709626535975151,0.19825923460503328,0.004631695989095956,1.640056193856399,0.1983133296425357,6.96934493185183e-07,4.857176877912879e-13,CALIBRATED,-0.00011637808577693043,0.00014704537577743825,0.0002721020751288497,0.0004364955358160922,0.0,0.0,-5.36678492470284e-05,-1.6735156275083465e-05,0.0004544524294299269,0.0006980309298820985,0.0,0.0
21203374,219,142,151,3.1468806779518523,-397.6549399754555,-131.12095164272577,36.459024178810154,24.009745259206152,1,source,False,2,2,2,0.41526023608482404,10.044000230787708,13.924088362316784,193.88023672160568,1.4675584304864504,0.003232254989239528,0.19044909581856703,0.0067756976298400445,1.4675619899561891,0.19056958880283273,29.966551138035864,897.9941871085185,CALIBRATED,3.3327921022378795,0.08773721395629976,1.6753309930131997,0.046404856579819416,0.0,0.0,4.946341712202676,0.14196949986262294,2.3399641731539953,0.06831642280052269,0.0,0.0
21203374,220,144,146,5.3493350829283735,-293.6871808852424,-163.60831933481683,139.05299343968812,467.37514943960514,22,source,False,4,4,2,2.8054207939551726e-06,0.0005228519050673598,0.0005352443740506964,2.8648653995292177e-07,1.1912832176091732,0.0012015815158748606,-3.9641215284220954,5.423163122640312,1.191283823593439,6.717511276273777,0.0010846076103229,1.1763736683703519e-06,CALIBRATED,0.0045368486247691344,-0.0007519491502369726,-0.022609656984778678,-0.00170275133614199,0.0,0.0,0.023733466216681036,-0.007454297176058974,-0.021185867847354375,-0.004113714723944213,0.0,0.0
21203374,221,144,149,3.2672090315418387,-293.0363296025646,-186.90394335986616,144.6910384708048,477.1954912614827,22,transition,False,4,4,3,9.741985989537287e-07,0.00017827664091714694,0.0001724650207809999,2.9744183392990727e-08,1.4456205829602984,0.003062324931349292,0.1817378173796739,0.00748793880217547,1.4456238264889172,0.18189201052666615,0.00035767289521901373,1.2792989997435157e-07,CALIBRATED,-0.0024505309266714733,0.0012519096834212754,-0.009458069556160416,0.00868547991614822,0.0,0.0,-0.0037779097807917428,0.0031901151441103667,-0.013634448753065027,0.012137761963169858,0.0,0.0
21203374,222,144,159,2.7739215487820026,-300.6061476431648,-179.56732799968125,135.39878758417612,480.3558548287245,22,source,False,4,4,4,5.444631671704566e-06,0.0022565785234289672,0.0024288579298501712,5.899350843396059e-06,1.5636516489398506,0.004043787496118583,0.19973956982130087,0.005299972836538524,1.5636568777866928,0.199809873290752,0.0057882958452359825,3.3504368791976134e-05,CALIBRATED,0.03808306764088827,0.02042362918517094,0.022041028649901876,0.00869518923718962,0.0,0.0,0.06308055170284885,0.032663367864410424,0.02441228332799436,0.012094819741034804,0.0,0.0
21203374,223,147,172,3.534597557908654,-191.67070569990943,31.93421171093459,297.86893343722767,506.6582325086619,23,transition,False,2,2,2,3.3382921882790774e-26,7.386603557187687e-05,7.386603557130443e-05,5.456191211021212e-09,1.3968712354734576,0.0026847136168994686,0.16237998661865793,0.009070650705119608,1.3968738154108082,0.16263313548748243,0.00014382912411546389,2.0686816943821516e-08,CALIBRATED,-0.0015664618885255321,0.008201394594616837,-0.0007733466583907877,0.001884487827619745,0.0,0.0,-0.0023215346225262837,0.011419908090426962,-0.0006285751871777853,0.0027622804984542807,0.0,0.0
21203374,224,148,154,4.910263005340571,248.99898963981607,25.48627814789655,701.436781804719,713.2638969321104,32,remote,True,2,2,2,5.3061284592555366e-142,2.518064173217042e-06,2.518064173217042e-06,6.340647180439226e-12,1.221760601814122,0.0014025096205163596,-0.22515303223861516,0.03801881326290531,1.2217614068133111,0.22834035580282896,3.7571614788239268e-06,1.4116262377958396e-11,CALIBRATED,0.0005002912777484908,-0.0013804066386993933,0.0002022015028638405,-0.0005668905314962234,0.0,0.0,0.0006171676374996359,-0.0017024784879430947,0.00023748649795642658,-0.0006491785173790258,0.0,0.0
21203374,225,149,159,1.0834598784067815,-303.74732842597814,-190.76883402874046,135.74050304334264,488.58245203587364,23,source,False,4,3,4,5.121115395915269e-06,0.006413743617140752,0.0066614564941493756,4.437500262344489e-05,3.0434130148925305,0.02265733606474324,0.13887652075138507,0.002668369909803577,3.0434973524047617,0.13890215338138368,0.06161922318100396,0.003796928665430376,CALIBRATED,0.055862862492618105,0.01037930908455101,-0.05711949418721107,-0.01305490003809809,0.0,0.0,0.17407082158208434,0.03723188909820991,-0.16911376313390403,-0.03650881821711731,0.0,0.0
21203374,226,149,171,4.263348787849235,-307.7501345953318,-201.74576427851883,136.19565462173782,498.09467080390823,23,source,False,3,3,2,4.718728725518449e-06,0.000202617325605461,0.00023815042568027823,5.6715625251697726e-08,1.2859074764924054,0.001846657449635026,0.026317138679604918,0.0194034591886845,1.285908802459491,0.03269688084158032,0.00039156746458080774,1.5332507931824214e-07,CALIBRATED,0.009264950764211305,0.011660778559673634,0.0016969203285895264,0.003668489852472524,0.0,0.0,0.011453380313671007,0.015018070343813857,0.003570755817275537,0.004700511675644761,0.0,0.0
21203374,227,150,169,2.1529584750886492,-211.7049217281266,-163.95173295277942,220.58925901514266,392.11584657473185,18,transition,False,2,2,2,1.0666692323670907e-14,0.000677951670259723,0.0006779550675884423,4.596230736688493e-07,1.813200314733678,0.006397710412923079,0.18712541712019634,0.003942991854933445,1.8132116015647033,0.1871669546612744,0.0022252478078829967,4.951727806488082e-06,CALIBRATED,0.016447278797313048,0.020148490168014052,0.0012003606941740018,0.00019891180262120552,0.0,0.0,0.02970759503686171,0.03663893265641464,0.00044431130088452565,0.00031273994859209845,0.0,0.0
21203374,228,151,199,4.910609407517665,-419.7968366477091,-140.40557760003912,12.455304703758832,0.0,0,source,False,2,2,1,0.9025164690650572,8.977670703067828,14.929099935440755,222.87802488237716,1.2217262531842086,0.0014022717933504104,-0.2252876865904982,0.038028781198381656,1.2217270579330342,0.2284747905759691,22.282288526392865,496.5003819734191,CALIBRATED,3.6073069294540767,0.07100795427500517,1.3821738158500627,0.03146530409057859,0.0,0.0,4.42120440612038,0.09375672301787051,1.6508214528517016,0.03518996146841025,0.0,0.0
21203374,229,152,164,2.3396982456484565,-206.0350540339834,60.44857429117922,304.851078532026,529.0154370823197,24,transition,False,2,2,1,2.0662006915277523e-27,5.107955646413687e-05,5.1079556463729286e-05,2.6091210885313084e-09,1.7241109279205595,0.005524940142751357,0.1930373339464393,0.004277875076412826,1.724119780275916,0.1930847288428542,0.00014986609027295062,2.2459845013700183e-08,CALIBRATED,-0.0044833625777467275,0.005362550812642273,-0.0014280734347841646,0.000427400873750818,0.0,0.0,-0.007929072602560653,0.009116502690789608,-0.00140908428316147,0.001378317128982241,0.0,0.0
21203374,230,153,162,2.8200228890733854,-238.3327060714805,-26.628573012257142,226.40065065827903,273.76698388199594,13,transition,False,3,2,3,1.9149326116437815e-15,0.00041628766411472555,0.00041628844802811527,1.7329607196165682e-07,1.5495172247012752,0.003920600001354604,0.20001344800474619,0.005423611352332001,1.549522184658972,0.2000869684483436,0.0009964791473390713,9.929706910816025e-07,CALIBRATED,0.00895699640839408,0.007544283992827324,0.011637421559262078,0.011988113356809833,0.0,0.0,0.013599368428777906,0.012926953778385116,0.018171635228592227,0.017726304318946763,0.0,0.0
21203374,231,154,155,4.404055429050789,271.83634356284864,34.77250169794561,725.8534994804546,737.9170647210038,33,remote,True,2,2,2,5.225552029454941e-152,2.472080936766507e-06,2.472080936766507e-06,6.1111841579243715e-12,1.271955253716162,0.0017500533751804617,-0.028378711489675523,0.02345237923981377,1.271956457644271,0.036815287012629545,3.999381286635237e-06,1.5995050675888124e-11,CALIBRATED,0.0007698478542790682,-0.0012249289438897668,0.00033527754207815996,-0.0005162879721895033,0.0,0.0,0.0009841490762230868,-0.0015530165910152389,0.00042083454740067885,-0.0006647327539319489,0.0,0.0
21203374,232,155,178,2.5481229096226876,292.9351197239015,45.00224849615853,748.841761383764,761.3650086617795,34,remote,True,2,2,2,9.638235590472522e-162,3.265449935082186e-06,3.265449935082186e-06,1.0663163278528253e-11,1.6328803034257884,0.004647144546116349,0.19839814849327628,0.004694406741553148,1.6328869162524169,0.19845367918034484,8.702468431670307e-06,7.573295680421825e-11,CALIBRATED,0.0010579635551949975,-0.001160751069959434,0.0006272372784880693,-0.0006367051130816029,0.0,0.0,0.0017607476487922315,-0.0018898201505972581,0.0009765175216309214,-0.0010378966602158884,0.0,0.0
21203374,233,156,161,3.7242333617154166,262.14616073828887,-27.665838047037564,703.422996417712,721.4724156200443,33,remote,True,3,3,1,8.386187920277532e-143,1.5267329531984045e-06,1.5267329531984045e-06,2.3309135103819215e-12,1.362297494328559,0.0024169062202425732,0.1486511335291107,0.010193132839964834,1.3622996382916455,0.1490001995186002,2.8319812528042505e-06,8.020117816234732e-12,CALIBRATED,0.00043788540308960515,-0.0009949578133774959,0.0002279084246873031,-0.0005413926731265235,0.0,0.0,0.0006004795131394317,-0.0013697153439044723,0.00030877583301347527,-0.0007070664528342223,0.0,0.0
21203374,234,158,170,4.336101497912853,16.69423105899373,-250.92592122154676,460.55285436377704,588.1421074871496,28,transition,False,3,3,2,1.246550931150452e-61,7.399159999189023e-06,7.399159999189023e-06,5.4747568693598896e-11,1.2786934458701475,0.0017967080786619133,-0.0019634832943692115,0.021496963120233997,1.2786947081579685,0.02158644690633379,1.1974319880101578e-05,1.4338433659099586e-10,CALIBRATED,-0.0008093428262433333,0.001464577121293038,0.0013846348477126787,-0.0016376582009327105,0.0,0.0,-0.0012028120943043533,0.0016384509446648533,0.0016539045740851406,-0.0022600090945931726,-0.0,0.0
21203374,235,159,171,3.3679656742229227,-315.31995263593205,-194.40914891833395,126.29954708414061,500.71412642979834,24,source,False,4,4,2,2.6285416973365707e-05,0.0005307890150702238,0.0003781601752424027,1.4300511813936475e-07,1.4272509817945052,0.002920034426968558,0.17444345040151532,0.008084332147240974,1.4272539688627366,0.17463067833073562,0.0006589088567519586,4.341608815061731e-07,CALIBRATED,-0.012321546133765605,0.0010256591667540857,-0.012675201535962929,0.00803908983730527,0.0,0.0,-0.00906642953603257,0.003500222392246348,-0.021221952652345534,0.010681099243361449,0.0,0.0
21203374,236,159,181,2.0425198547735306,-320.63723834312293,-177.5496972873969,115.56599975089125,500.4883019805514,23,source,False,4,4,1,0.00014626612201431178,0.01650889559189649,0.01908300127125028,0.00036416093751853983,1.8658881215938112,0.006913870115812658,0.18362908671478387,0.0037449406265529315,1.865900930892329,0.18366726999659475,0.06632366582137637,0.004398828647985608,CALIBRATED,0.1124673326522048,0.016722491931851175,-0.077357506687022,-0.013048937891840449,0.0,0.0,0.21457053891931724,0.03388290453995821,-0.13659028567755244,-0.021867608184500002,0.0,0.0
21203374,237,160,197,3.700236627533762,-145.93253862776044,81.55945459550652,364.3546822931913,582.6593886102888,27,transition,False,2,2,1,7.609198119595882e-39,2.07009778527942e-05,2.07009778527942e-05,4.285304840618759e-10,1.3666724955639,0.002450794878293692,0.15038839849487926,0.01005109265096664,1.3666746930145424,0.15072390276705588,3.83452707971649e-05,1.4703597925079072e-09,CALIBRATED,-0.004167437783515727,-0.00044589679144285807,0.0017507474074543318,-0.0002636280333967227,0.0,0.0,-0.005688959344036564,-0.0004225687252962109,0.0024062942412969076,0.00011043584457425759,0.0,0.0
21203374,238,162,186,1.4222848953705167,-242.48009854501558,-46.152980089931795,213.1668523339754,253.80694039345894,12,transition,False,3,3,2,8.963362137443288e-14,0.00018730735943323302,0.00018730374373251076,3.508269241621406e-08,2.438614841984399,0.01387756271909059,0.15565365208064663,0.0029719067421335814,2.4386543285782873,0.1556820209135497,0.0009942766803332126,9.885861170544334e-07,CALIBRATED,-0.006038321637122793,-0.0037560594805980704,0.011652467957639079,0.0009769458601014474,0.0,0.0,-0.008196352586989761,-0.0017074037621164413,0.030068090538497794,0.004482319529525869,0.0,0.0
21203374,239,162,192,4.682858760910328,-256.8750976388061,-31.933808238288,207.8786594401416,274.0405966882765,13,transition,False,3,3,2,3.906620280151724e-13,0.0001319176078265078,0.00013192198250029988,1.7403409466809428e-08,1.2443096062638068,0.0015586371236152008,-0.13675586508999266,0.031475116411620194,1.2443105824471932,0.14033121388214853,0.00020115666843471423,4.0464005255753554e-08,CALIBRATED,0.0034998856871229526,0.009865275077455106,-0.0023835730337345815,-0.004082610674111392,0.0,0.0,0.004852435976154957,0.012616516479663088,-0.001395578798926125,-0.004060345461461246,0.0,0.0
21203374,240,165,183,2.4757644982898483,52.87073238062034,-112.37358546839619,485.41289449677873,516.985944461209,25,transition,False,3,3,1,2.203867997277815e-68,1.2055088561323492e-05,1.2055088561323492e-05,1.453251602213525e-10,1.6591967482713021,0.004889003942749185,0.19734499891819654,0.004521884720863917,1.6592039512469872,0.19739679845289226,3.299847562487794e-05,1.0888993935656636e-09,CALIBRATED,-0.0026769405603001093,0.0008195800803453815,0.0020161392742956766,-0.0003905748538848698,0.0,0.0,-0.004633018671284258,0.0012528496591619363,0.003057907801170019,-0.00078305889145756,0.0,0.0
21203374,241,166,177,3.5765259514755137,-82.17849730998009,-146.6286237023587,349.2857362841015,477.5840402808186,23,transition,False,2,2,2,9.314374366289961e-36,4.5107726091390484e-05,4.510772609139047e-05,2.0347069531359085e-09,1.3892269963756596,0.002625501518225379,0.1593445431844281,0.00931883101588791,1.3892294773424436,0.159616803796332,8.693176897539681e-05,7.557132457191764e-09,CALIBRATED,-0.003241059591208041,0.005084581726940705,-0.00136152289307647,0.0026261269754751355,0.0,0.0,-0.004435850837669212,0.007162635393957623,-0.0020680784014530875,0.0034168263432628417,0.0,0.0
21203374,242,168,186,3.784716812046902,-227.9284865068648,-56.06988113541711,222.0225010250976,236.1974446807816,11,transition,False,3,3,2,7.0125962107882546e-15,0.0002664342548735356,0.0002664359633889505,7.098812258699818e-08,1.3512703617231467,0.0023314903069554006,0.14427238021733613,0.010551143253019913,1.3512723731056058,0.14465768668660975,0.0004831232458751147,2.3340807070490655e-07,CALIBRATED,0.010201200231741642,0.012713798157094117,-0.0008508753622973709,-8.26121018398457e-05,0.0,0.0,0.0136971988479132,0.01717750409704937,0.00035303824208172155,0.0005645410448495801,0.0,0.0
21203374,243,170,176,3.3705272735102376,14.379530957730244,-267.66294220068806,462.46397125528193,605.0384298034113,29,transition,False,3,2,3,3.8833150416652847e-62,8.367826296804203e-06,8.367826296804203e-06,7.002051693348795e-11,1.426783959908876,0.002916416886279285,0.1742580011372737,0.008099494629108445,1.4267869405558449,0.17444613143777374,1.6733836004900927e-05,2.800212674389186e-10,CALIBRATED,-0.0010610939788377966,-0.0021496295974485764,-0.0010847422999665374,-0.0012018038946994454,0.0,0.0,-0.001692830758154285,-0.0028528178140698425,-0.0012899013145298266,-0.002016369298429161,0.0,0.0
21203374,244,172,196,2.9659874398426425,-214.3736467419478,26.948221463191402,276.7963099149215,529.9022345459373,24,transition,False,2,2,1,1.0015362445087627e-22,7.663637157224054e-05,7.66363715476606e-05,5.873133443991083e-09,1.5047652745122826,0.0035305677979530145,0.20088059212158585,0.005815071563716483,1.5047694163183278,0.20096474155535365,0.0001721414122650545,2.9632665816607458e-08,CALIBRATED,-0.0012280561611688915,0.008518309650839322,-0.0009527350970780419,0.0012880008307020118,0.0,0.0,-0.0020529106355163095,0.012722502646825678,-0.0005415289541661137,0.0024024243965111427,0.0,0.0
21203374,245,173,175,1.19702393516285,-115.19393580818269,91.50727016044318,394.78434288138146,572.3537955287927,27,transition,False,2,2,1,1.7716554380198494e-45,3.3872665413385434e-05,3.3872665413385434e-05,1.1473574622071579e-09,2.84070267594062,0.019714617467793145,0.1444997156133046,0.002770106417819369,2.8407710853284365,0.14452626509355299,0.00026801841942229103,7.183387314962311e-08,CALIBRATED,-0.0012995680921613244,-0.0033988556476581516,0.0026350670479691543,0.0036997283854779154,0.0,0.0,-0.004587581136817643,-0.008153836316177773,0.006746638361404186,0.01161767372948715,0.0,0.0
21203374,246,174,198,4.310814955190509,-197.20529714430756,-217.11151960696697,245.1673838710267,442.94161906229624,21,transition,False,3,3,1,5.508739857075877e-18,7.490360207718326e-05,7.490360624501775e-05,5.610550228508663e-09,1.2812008149203247,0.00181406890139912,0.007865967115574954,0.020769327317275835,1.2812020992015598,0.022208971067463862,0.00012241353691028466,1.4985074018885624e-08,CALIBRATED,0.0008878813051787096,0.008583551224388763,0.0005933180297061342,0.00029307870419345355,0.0,0.0,0.0011412883018996085,0.011000771386476333,3.3475690100597564e-05,0.000304805188419837,0.0,0.0
21203374,247,176,193,3.6721697066526815,6.638471202171884,-286.2536102139456,460.37478843396264,620.4653355618738,29,transition,False,3,3,1,1.3893011772989448e-61,1.3598133301666515e-05,1.3598133301666515e-05,1.8490922928989188e-10,1.3717895591025218,0.0024904315337271597,0.15242032825559548,0.009884960429958256,1.3717918197423087,0.15274052804755298,2.5481037865289465e-05,6.492832906923155e-10,CALIBRATED,6.407681745048277e-05,0.0006342678102793098,0.0009943349249914627,-0.0034932835362904116,0.0,0.0,-0.00016398261978724758,0.000721772865598237,0.0013362711546168315,-0.004811192253228121,0.0,0.0
21203374,248,177,185,5.042246763361426,-97.86456875384262,-163.12695249526865,334.0989959612757,500.3490944274909,24,transition,False,2,2,1,8.895510211496425e-33,1.0664060186353988e-05,1.0664060186353798e-05,1.1372217965817621e-10,1.210252760872732,0.0013240510707760434,-0.7079886392465092,0.6915400406775652,1.2102534851473505,0.9896845664970493,1.5568852271745254e-05,2.4238916105942735e-10,CALIBRATED,-0.0010051537221698603,0.0004105417369729117,-0.002571054118303133,0.0016955419145870843,0.0,0.0,-0.0012197684806361895,0.001100538049913639,-0.003112672152488385,0.001783565305002131,0.0,0.0
21203374,249,178,182,3.2107969101527942,313.4247642981777,55.13638173907066,771.2445801887286,784.2238404640668,35,remote,True,2,2,2,1.6061144285537702e-171,2.302045471998442e-06,2.302045471998442e-06,5.299413355148529e-12,1.4559054450126503,0.0031419912341561565,0.18582182320279939,0.0071540271822345064,1.4559088353761709,0.1859594850588068,4.8779355658117156e-06,2.379425538421086e-11,CALIBRATED,0.001113872176592131,-0.0008363792866885279,0.0004959715308315556,-0.00034031775683226247,0.0,0.0,0.001625277396940004,-0.0011997687708649328,0.0007209993865872768,-0.0005264254266329268,0.0,0.0
21203374,250,182,187,4.589432946984818,332.56037256492664,68.69902658714204,793.2834826512341,807.6784101470388,36,remote,True,2,2,1,2.019108975911995e-181,1.045245973363666e-06,1.045245973363666e-06,1.0925391448329574e-12,1.253573545462479,0.0016227798975977739,-0.1004391406143299,0.028786731214831825,1.2535745958250613,0.10448299795363887,1.6407593914714257e-06,2.6920913807016833e-12,CALIBRATED,0.0005787643870675992,-0.00036878311321659915,0.0006494966320363412,-0.0003904239977327919,0.0,0.0,0.0007586983837976676,-0.0004669837357412901,0.0007834646562559975,-0.0004829549428725352,0.0,0.0
21203374,251,184,189,2.5468084055108164,276.499984749623,-80.0990073260077,710.9077348429612,749.620542517658,34,remote,True,3,3,2,7.655329839326486e-146,2.481035497585054e-06,2.481035497585054e-06,6.1555371402771165e-12,1.6332833233523913,0.004650657035501145,0.19839033930603758,0.0046908813920433735,1.6332899445450257,0.19844578881447433,6.604672881303952e-06,4.362170386903184e-11,CALIBRATED,0.0005184310612750191,-0.001467551875028341,-0.00013735170371553996,0.00019922533944644494,0.0,0.0,0.0008649688183497504,-0.002380739407731269,-0.00015990338338670105,0.00040374819509620004,0.0,0.0
21203374,252,192,194,4.424276642533016,-280.45975666807215,-31.00907225705431,189.06166128004924,297.6433778413891,14,transition,False,2,2,1,5.451186015141736e-11,0.000322226682427396,0.00032240388743346837,1.0394426663221255e-07,1.2699501537940776,0.0017361702237093063,-0.03623915399203484,0.024034257081735063,1.2699513405672862,0.04348473060200956,0.000518885825698991,2.692425001113237e-07,CALIBRATED,0.012004223347208817,0.01278668607690569,0.002116281723513869,0.0032131791268434503,0.0,0.0,0.014967865256793363,0.01628289233731392,0.003715973875918635,0.003988457175199822,0.0,0.0
