seed,hotspot_id,particle_i,particle_j,gap_nm,x_nm,y_nm,euclidean_distance_nm,geodesic_distance_nm,geodesic_steps,classification,plasmon_dominated_remote,coordination,coordination_i,coordination_j,M2_inc,M2_scat,M2_CDA,M4_CDA,Cparallel_real,Cparallel_imag,Cperp_real,Cperp_imag,Cparallel_abs,Cperp_abs,M2_FWcorr,M4_FWcorr,FW_correction_status,E_CDA_x_real,E_CDA_x_imag,E_CDA_y_real,E_CDA_y_imag,E_CDA_z_real,E_CDA_z_imag,E_FWcorr_x_real,E_FWcorr_x_imag,E_FWcorr_y_real,E_FWcorr_y_imag,E_FWcorr_z_real,E_FWcorr_z_imag
20889187,0,0,1,1.964928284381724,10.964833645597055,0.622046428243785,456.49818341404045,467.09953582962004,21,transition,False,4,4,3,1.4567415621827588e-60,4.057176293219294e-05,4.057176293219294e-05,1.6460679474260652e-09,1.9151932088770791,0.007445860327649189,0.18068501644347423,0.0036246978958914323,1.9152076827761793,0.18072137007563616,0.00014865515106391767,2.2098353937836183e-08,CALIBRATED,-0.006237400332265071,0.0011867896689907109,-0.0005008190003995576,-8.550226703551675e-05,0.0,0.0,-0.011969045411969805,0.0022114666415457363,-0.000705016779100765,9.731199637793252e-05,0.0,0.0
20889187,1,0,2,3.2365877470801507,-9.662587248181703,-6.451291359349321,436.6254782804103,445.2930551372549,20,transition,False,5,4,5,1.8184952050092466e-55,2.1558958823318776e-05,2.1558958823318776e-05,4.647887055455545e-10,1.4512033491956318,0.003105568909065289,0.18395467256919354,0.007306686928508811,1.451206672143864,0.18409972632763594,4.52628170345245e-05,2.048722605900841e-09,CALIBRATED,-0.003330664633912276,0.001659219822088602,-0.0025357051315430578,0.001132616875902549,0.0,0.0,-0.005021143367116458,0.002412656536097493,-0.003409968870381255,0.0016131140887251979,0.0,0.0
20889187,2,0,160,1.3038851994487004,-5.117121943323333,9.342320063291623,439.80233557252876,457.5736151254395,21,transition,False,4,4,2,2.885632557385098e-56,1.3702494339244444e-05,1.3702494339244444e-05,1.8775835111702604e-10,2.6499567328756997,0.016945584389105005,0.1497910175395922,0.002865838220478965,2.650010912985745,0.14981842998861114,8.872433730660898e-05,7.872008030496927e-09,CALIBRATED,-0.0008734434130899239,-0.0005292269075649166,0.00355720705524163,7.607752508275517e-05,0.0,0.0,-0.004378255719706474,-0.0004912112761805412,0.008289898651208839,0.0007690942688029016,0.0,0.0
20889187,3,0,191,1.8842966028173365,-0.07172958695418846,-10.941913192690572,446.64464855380413,455.8831559454629,21,transition,False,4,4,3,5.23186114972405e-58,1.4089898589074245e-06,1.4089898589074245e-06,1.985252422503964e-12,1.9819112504621645,0.008212051709455973,0.1770112427895815,0.0035235597690134145,1.981928263712332,0.17704630904754265,3.585036836734672e-06,1.2852489120744544e-11,CALIBRATED,0.0007064694069212812,-8.459199463457502e-05,0.0007187514538407229,0.0006213947039018831,0.0,0.0,0.00013389070911134517,-5.116748461324908e-06,0.0014277042328201919,0.0012364241008734924,0.0,0.0
20889187,4,1,3,4.009931569292323,32.50367988147072,6.928234060855814,477.5003282759636,489.54257260342405,22,transition,False,4,3,4,3.3955813320113327e-66,1.801796868390568e-05,1.801796868390568e-05,3.2464719549420575e-10,1.311035881651173,0.0020206445169154734,0.12482613653600164,0.012111223024460304,1.3110374388174932,0.12541230436305978,3.0901785619547235e-05,9.549203544764564e-10,CALIBRATED,-0.003608992131877748,0.0005268308544822325,-0.0021596200339139677,0.00022723343907343586,0.0,0.0,-0.004841444460318363,0.0006566379254246287,-0.0026292867567072656,0.00034333503039696864,0.0,0.0
20889187,5,1,23,2.5731703505301766,29.501105588411896,-7.126111862032614,475.65930460006075,487.19001453046644,22,transition,False,3,3,3,1.0833750967332615e-65,1.2628276909718825e-05,1.2628276909718825e-05,1.5947337770853763e-10,1.6252008920759349,0.004580215223104473,0.19854694997219943,0.004761581109991317,1.6252073461487626,0.19860403822160838,3.254329041259313e-05,1.059065750878376e-09,CALIBRATED,-0.0019403158792168033,-0.00020396492423642147,0.002968415180919022,0.00010178812282712452,0.0,0.0,-0.003736870196092838,-0.0002525040156860354,0.00429517274859661,0.0002585040268964455,0.0,0.0
20889187,6,2,5,3.9756819551430382,-31.272305748044875,-11.915472715386553,415.7717772470285,423.00320965696966,19,transition,False,5,5,4,2.310748517970765e-50,2.9556837135606508e-05,2.9556837135606508e-05,8.73606621460768e-10,1.316454260055805,0.0020618055913154106,0.13044728842474013,0.011681493942080727,1.3164558746351407,0.13096928020755938,5.121667080347783e-05,2.623147368191818e-09,CALIBRATED,-0.004563599923555972,0.0029109067335830983,0.0004401046283869536,-0.00025164017520936223,0.0,0.0,-0.006019899540296249,0.0038237995109049144,0.0005057374050527255,-0.00031665013145852703,0.0,0.0
20889187,7,2,10,3.4095098586935464,-24.933367044936304,-23.17630961278138,423.5681043065349,432.93756715976787,20,transition,False,5,5,4,3.0534843776425065e-52,9.260370725752178e-06,9.260370725752178e-06,8.575446597836792e-11,1.4196767903647745,0.0028613649159059283,0.1714358221273555,0.008330238268020297,1.419679673908734,0.17163809011429912,1.8146953777213376e-05,3.293119313923188e-10,CALIBRATED,-0.000786497583808026,0.000622621050308307,-0.00243288637390694,0.0015281358564562361,0.0,0.0,-0.0016382685270786967,0.0010873982661887321,-0.003174475374866936,0.00205019538470116,0.0,0.0
20889187,8,2,15,4.266611854861818,-25.095215658244186,-2.2290763726644816,420.8455607151694,431.3977764980655,20,transition,False,5,5,5,1.3960784487266063e-51,6.054569829277589e-06,6.054569829277589e-06,3.6657815817598454e-11,1.2855839165132559,0.0018444171462211863,0.025048710815159747,0.01949735594680908,1.2855852395979706,0.03174247631200301,9.92940497311301e-06,9.859308312008137e-11,CALIBRATED,-0.0009691355046174075,0.0001303356711521804,0.002226068874120046,-0.00037812191614183214,0.0,0.0,-0.001473650949074273,0.00024122766258459545,0.0027395074637839444,-0.0004412096146748598,0.0,0.0
20889187,9,2,191,1.1802016164159923,-9.734316835135893,-17.393204552039894,437.82699371128433,445.2268572533224,20,transition,False,5,5,3,9.078761830612774e-56,3.9738066445892935e-05,3.9738066445892935e-05,1.579113924858202e-09,2.8707302923585267,0.02015052431749764,0.14366674804376725,0.0027550361216806003,2.8708010128002845,0.14369316169359997,0.00032686972275453605,1.0684381565362726e-07,CALIBRATED,-0.005275975192469669,0.0018747855400253715,0.0026779891925152568,-0.001102590258446368,0.0,0.0,-0.015402675743709092,0.005509708186214282,0.007242281119114589,-0.0026114713445050904,0.0,0.0
20889187,10,3,4,3.890040821087709,54.93907035551405,14.023483803501286,499.483411154377,513.0731763915402,23,transition,False,5,4,5,2.3122946868686184e-72,1.2694596703807192e-05,1.2694596703807192e-05,1.6115278547231243e-10,1.3320680541851122,0.002182749678337463,0.13664735467945394,0.011174571509421603,1.3320698425295383,0.1371035031985385,2.2522782505053947e-05,5.072757317699641e-10,CALIBRATED,-0.003497766314364635,-0.000541713213800094,-0.0003964121804697416,-9.814117929203113e-05,0.0,0.0,-0.0046553525868455094,-0.0007339795188550158,-0.0005507625369624821,-9.170327684867662e-05,0.0,0.0
20889187,11,3,22,3.3604218998148276,47.08852050850296,23.582360966851567,491.2511999795442,511.6802671337256,23,transition,False,4,4,3,5.080577578441386e-70,6.609102096925596e-06,6.609102096925596e-06,4.368023052758631e-11,1.4286263365450602,0.0029306878929525318,0.174989588675567,0.008039679440144491,1.428629342552394,0.17517417786404593,1.3269713221932642e-05,1.76085288992334e-10,CALIBRATED,-0.0004928053628071296,0.00036697519605209845,-0.002308330759291219,0.0009503595543301912,0.0,0.0,-0.0010935191011182894,0.0005028383437195381,-0.003158517906712618,0.0013582516079442806,0.0,0.0
20889187,12,3,50,3.1518939215780115,50.53540960985967,3.758844719339808,495.7077992493275,507.85072122079606,23,transition,False,4,4,4,2.772982885835986e-71,4.125056390619786e-06,4.125056390619786e-06,1.7016090225793138e-11,1.466644433319524,0.0032251751883929716,0.19008615757661046,0.006805371754108922,1.4666479794218323,0.19020793986306567,8.522749656793655e-06,7.263726171237637e-11,CALIBRATED,-0.0008385406683960296,-0.0005895689312258858,0.001625871037032631,0.0006563975809959466,0.0,0.0,-0.0016243749985206538,-0.0008389081011254824,0.0020485227325248378,0.000991939178160481,0.0,0.0
20889187,13,4,9,2.6534824670261443,78.03545273953529,16.873251735181256,522.4242145182088,536.3447052732737,24,remote,True,5,5,4,4.291255843626785e-79,1.4619217932369096e-05,1.4619217932369096e-05,2.1372153295410216e-10,1.6005776269197136,0.0043656130365346294,0.19902406704592313,0.004976969010235301,1.6005835805646411,0.19908628652930604,3.738034528712872e-05,1.3972902137849665e-09,CALIBRATED,-0.0035583163268925445,-0.0012942063311157503,-0.000415631711630163,-0.00033148620322169525,0.0,0.0,-0.005682658394126299,-0.0021162844003994887,-0.0007188838851132466,-0.0003037847250026005,0.0,0.0
20889187,14,4,22,4.738897754299828,58.94989839226969,24.993469505128793,503.06583520286034,523.6252875442694,24,remote,True,5,5,3,2.1516665161744955e-73,2.6621638867048146e-06,2.6621638867048146e-06,7.087116559675285e-12,1.2387528783563675,0.0015201627840706771,-0.15853948780954003,0.03308767287691758,1.2387538111065794,0.16195543612772373,4.069964105001257e-06,1.656460781599868e-11,CALIBRATED,-0.000621996084604529,-0.0007271303505553743,0.0008762431340800932,0.0009893251137619847,0.0,0.0,-0.0008524862356987868,-0.0009710900436352987,0.001015702540541734,0.0011698563156365954,0.0,0.0
20889187,15,4,50,2.338759454447114,62.3967874936264,5.169953257617035,507.44412376719765,519.7957416313399,24,remote,True,5,5,4,1.1545007029347855e-74,5.870965070043689e-06,5.870965070043689e-06,3.44682308536731e-11,1.7245588043007352,0.005529327794337166,0.19300761314576084,0.004276191528120679,1.7245676684192588,0.19305497804047644,1.7219969435114997e-05,2.9652734734629473e-10,CALIBRATED,-0.0007019996199448807,0.00023380042862319333,-0.002294963919313882,0.00023799069785184761,0.0,0.0,-0.0015772913632004404,0.00022867100284262837,-0.0038023725114748894,0.00047095036588517696,0.0,0.0
20889187,16,4,56,1.4534678638398617,73.24574062928446,6.860152018727518,518.1621631309911,530.7755665840322,25,remote,True,5,5,4,8.054631782990145e-78,8.014030111568542e-06,8.014030111568542e-06,6.422467862912731e-11,2.382953655791261,0.013069536800996163,0.15719769614780127,0.0029998420450124846,2.382989496082836,0.15722631690169264,4.459545100309082e-05,1.988754250169074e-09,CALIBRATED,-0.0009650258393900332,-0.001037380258600948,0.0019429806848154634,0.0014937949987790051,0.0,0.0,-0.0029901744162615295,-0.002609405221255213,0.004081231623774396,0.0034912549015813327,0.0,0.0
20889187,17,5,6,2.621615870503554,-54.51525934059518,-10.346319937286175,392.5135079520238,399.7073488197637,18,transition,False,4,4,3,5.777357652040071e-45,4.7548127833067895e-05,4.7548127833067895e-05,2.260824460429766e-09,1.6103477548908953,0.004450763840555965,0.1988347544247926,0.004891506447269879,1.6103539055067715,0.19889491296282885,0.0001232558377338572,1.5192001535474938e-08,CALIBRATED,-0.004727947729034109,0.004996685676911821,0.00027322322402082116,-0.00039130476688769986,0.0,0.0,-0.007638023560727763,0.00803506779203823,0.0004001076107892064,-0.00044049210749252845,0.0,0.0
20889187,18,5,10,5.844813136217226,-36.88049829661777,-22.18919960946929,411.6061026836406,420.94972618219634,19,transition,False,4,4,4,2.2562894144857015e-49,3.0140378828490432e-06,3.0140378828490432e-06,9.084424359249143e-12,1.1606764124357913,0.0010039804585140273,-9.217797042533622,13.057499058483046,1.1606768466552524,15.983305790093212,8.198458250255586e-06,6.721471768118388e-11,CALIBRATED,-0.000835208450966355,0.0004385762453444187,0.0012238603921919302,-0.0007913793930390355,0.0,0.0,0.00025143122269728334,-0.0008876348558662571,0.002108781137168974,-0.001703052280078375,-0.0,0.0
20889187,19,5,15,2.9767461652700824,-37.042346909925655,-1.241966369352391,408.8592085968563,419.409935520494,19,transition,False,5,4,5,1.0012075363666999e-48,1.0914325820575202e-05,1.0914325820575202e-05,1.1912250811767456e-10,1.501466706867684,0.003501819383614449,0.20094450740382344,0.005843925233377078,1.5014707904488462,0.20102946679006678,2.40796123085052e-05,5.798277289279152e-10,CALIBRATED,-0.0007015490088165264,0.0011861969693315992,-0.0018560551505032961,0.002360116699877882,0.0,0.0,-0.0015026694966902914,0.00207418684842936,-0.0025111857106691663,0.0033486253801456225,0.0,0.0
20889187,20,6,7,3.7706292489156255,-77.59174274328899,-8.190514579148312,369.3497430449856,376.5303864869432,17,transition,False,4,3,4,6.7454601724515165e-40,4.493713415069854e-05,4.493713415069854e-05,2.019346025677877e-09,1.353838757307134,0.002351385039551737,0.14529226191022626,0.010467756900754518,1.353840799281263,0.14566885496056828,8.22816375190572e-05,6.770267872817522e-09,CALIBRATED,-0.0034405815530566194,0.0056472655301491505,0.0005623448479952485,-0.0009442949917200025,0.0,0.0,-0.004687362808165817,0.007667625216928863,0.0006430908663062591,-0.0010508211522762304,0.0,0.0
20889187,21,6,163,1.561893009147262,-71.0743921087536,-19.173122515699472,377.34927245933505,388.38272448618835,18,transition,False,3,3,2,1.2997926213727145e-41,1.1937333709457448e-05,1.1937333709457448e-05,1.4249993609094912e-10,2.248681531725422,0.01127564718633177,0.1623217583913224,0.003119161709467866,2.2487098014956173,0.1623517244042103,5.48473798064648e-05,3.008235071634603e-09,CALIBRATED,-0.00025463987824109397,0.0006711340504227114,-0.0018544099911153432,0.002825461893758542,0.0,0.0,-0.0018296286503850909,0.0029465977236343465,-0.0035028897493492375,0.005526948893117409,0.0,0.0
20889187,22,7,8,4.200552952822335,-100.41988136358188,-1.6801610262390732,345.89567737246495,352.79205006142286,16,transition,False,4,4,2,4.424363545716489e-35,4.950821007337437e-05,4.950821007337433e-05,2.4510628646693638e-09,1.292134200918728,0.001889770791482804,0.050727298388884304,0.01759647045384847,1.2921355828308128,0.053692593290584005,8.2602048283336e-05,6.823098380602571e-09,CALIBRATED,-0.002178969569848659,0.005966735801054658,0.0009615662451553391,-0.002869452199225206,0.0,0.0,-0.0028200078119653676,0.007799594746315056,0.0012630883008627888,-0.003495788031512844,0.0,0.0
20889187,23,7,75,4.023816577620966,-98.02133475382098,-14.952334409961061,350.07378342756533,366.27921478076894,17,transition,False,4,4,2,6.470002592749849e-36,1.7967549985430275e-05,1.796754998543027e-05,3.2283285247893533e-10,1.3096590686749203,0.002011111574000142,0.11942872011942476,0.012510772670105018,1.3096606128047918,0.12008221609450309,3.0758360595014744e-05,9.460767464929557e-10,CALIBRATED,-0.0010458456399735255,0.0027310437761310807,-0.0011681532724943664,0.0028373534689204705,0.0,0.0,-0.001469388433446135,0.003697540442772168,-0.0014378530488301366,0.0035860886088750705,0.0,0.0
20889187,24,7,163,5.541615953692162,-82.8550531705786,-17.59935993234989,365.46687491009925,376.49740986173055,17,transition,False,4,4,2,4.449070586845114e-39,1.0513145882048663e-05,1.0513145882048663e-05,1.1052623633723677e-10,1.179405591322859,0.0011248981933321442,-6.002922835278052,8.385830695307448,1.1794061277776913,10.312964608523743,2.6747316439599303e-05,7.154189367200591e-10,CALIBRATED,-0.001027602531782131,0.0016410516810471845,0.0013253032556918892,-0.002237788993472867,0.0,0.0,-0.0018744403181152156,-0.001224044711738356,0.0011735507552673875,-0.004512015414634589,-0.0,0.0
20889187,25,8,13,3.494593143218175,-122.9820020343587,5.582794217782949,322.66908129964213,329.0897335493314,15,transition,False,3,2,3,1.2724790262750545e-30,9.205507624541727e-05,9.205507624541502e-05,8.474137062549174e-09,1.404164701424493,0.0027412086349180966,0.1652761418867768,0.00883385870749262,1.4041673771140375,0.16551205435448477,0.00018145405624108669,3.292557452634345e-08,CALIBRATED,-0.0009890746663522897,0.009328561517689704,9.710582664968334e-05,-0.002011297595808379,0.0,0.0,-0.00138954259909593,0.013126448962985725,0.00026487747837445735,-0.0026738371584607407,0.0,0.0
20889187,26,9,11,1.3659827921596772,99.31498451633439,14.674085272462293,543.7791850779769,557.7375733785688,25,remote,True,4,4,4,1.2440549038245047e-85,1.590673091619488e-05,1.590673091619488e-05,2.530240884402301e-10,2.5391133513859208,0.01533648599903134,0.15286581844266295,0.002921468429711201,2.539159667880112,0.15289373246124574,0.00010106967564386718,1.021507933475652e-08,CALIBRATED,-0.002682512573441197,-0.0023944101993812563,0.0014828789865510236,0.0008824550514724178,0.0,0.0,-0.007165102073882131,-0.006134519582953977,0.0026731084644737654,0.0022255670149941603,0.0,0.0
20889187,27,9,19,2.2856943905450606,89.04353157594245,29.452447397555993,533.0505950777273,553.0603854323597,25,remote,True,4,4,3,2.5828122902125947e-82,3.477911461416839e-06,3.477911461416839e-06,1.2095868133454614e-11,1.7498749648061311,0.0057773392919396125,0.19132764833040444,0.004181029155936883,1.7498845019327856,0.19137332630344728,9.553049269620715e-06,9.126075034780087e-11,CALIBRATED,0.0005595229551361132,0.00025690545048272505,-0.0013151087636950878,0.0011701854781432026,0.0,0.0,0.00014811056018214087,1.456764548585556e-05,-0.0023249328580417735,0.0020311542336528647,0.0,0.0
20889187,28,9,56,2.1994151301992098,84.48074512953897,8.298811412130263,529.2908567693397,542.1023078175452,26,remote,True,4,4,4,3.622042571325514e-81,5.3571717266901915e-06,5.3571717266901915e-06,2.869928890924877e-11,1.791036878927898,0.006180584798435228,0.18859616906669255,0.0040263032688649435,1.7910475430061137,0.18863914255701372,1.655236667019013e-05,2.7398084238442115e-10,CALIBRATED,-0.0006731327721661369,0.00031703737889614904,-0.0021916664078105714,-1.2233355365088945e-05,0.0,0.0,-0.001696331403719496,0.00014194217457249743,-0.0036914810326735673,0.000166272798238612,0.0,0.0
20889187,29,10,16,1.5488200863366792,-40.939246918900736,-36.27421958551165,409.94166114939026,435.6078716346196,20,transition,False,4,4,3,5.5722547485434634e-49,3.862146701162869e-05,3.862146701162869e-05,1.4916177141303231e-09,2.259498617401833,0.01139987082396601,0.16172612453538526,0.0031027640491409205,2.2595273751595926,0.16175588552500827,0.00019704643533613038,3.882729767867581e-08,CALIBRATED,-0.004804839386990388,0.0035153077815523407,-0.0014193497989225504,0.0010784446328442662,0.0,0.0,-0.010957501198452993,0.007953421410004016,-0.002995102800649606,0.0021799197027556343,0.0,0.0
20889187,30,10,30,5.237477248143296,-34.492253495533916,-45.43438388814202,418.0329743144095,444.3172743073069,20,transition,False,4,4,3,6.643329183818885e-51,1.23488678701575e-06,1.23488678701575e-06,1.5249453767460824e-12,1.1981929302264287,0.0012461914159116216,-2.7780654281142643,3.6996553262063223,1.1981935782825914,4.6265642820143,3.3221709452264328e-06,1.103681978930669e-11,CALIBRATED,-0.0004950179981600568,0.00030753686789431687,-0.0009063148313202984,0.0002717691482268959,0.0,0.0,-0.000616715762787906,-0.0010684556920142728,-0.001078628919990082,0.0007979941731107407,0.0,0.0
20889187,31,11,12,1.6169226284624436,116.3284889069951,19.297990104529262,560.5952469082564,575.3682236089784,26,remote,True,4,4,3,5.785694185661515e-91,9.835112895602653e-06,9.835112895602653e-06,9.67294456692496e-11,2.2031477122806433,0.010752735853647591,0.16482904041374216,0.0031881865953733335,2.2031739521553377,0.16485987109506658,4.695025305812688e-05,2.2043262622221523e-09,CALIBRATED,-0.001621089868676674,-0.0006425224007999472,-0.0022681128876071857,-0.0012845269272447975,0.0,0.0,-0.003910537330795702,-0.0019595042147278856,-0.0046913616052979825,-0.0024102739187444465,0.0,0.0
20889187,32,11,62,4.309268518684561,121.41222600749589,9.46552263407931,566.1025190606833,580.4403751060355,26,remote,True,5,4,5,9.564502124189559e-93,6.932395863588891e-06,6.932395863588891e-06,4.8058112409504366e-11,1.2813541568411897,0.0018151306285932598,0.008467101921319012,0.020724827656682283,1.2813554424723044,0.022387726466642093,1.1359002330601716e-05,1.290269339466152e-10,CALIBRATED,-0.0018122191261551216,-0.0018940790538771576,0.00012092593485671754,0.0002147071455012549,0.0,0.0,-0.0022997801861698182,-0.0024253132890703845,0.00029940267521343295,0.0003134117321289449,0.0,0.0
20889187,33,11,96,2.9254186004392686,113.47646316817097,0.33838972771457865,558.7338968208355,577.888495053721,26,remote,True,4,4,4,2.2940061978636005e-90,1.1040846671357918e-06,1.1040846671357918e-06,1.2190029522043522e-12,1.5172034635837857,0.0036389718846888174,0.20063958134033624,0.005706270581801546,1.517207827565826,0.20072070925636482,2.0787192464464662e-06,4.3210737055469645e-12,CALIBRATED,0.0002699744827565136,-8.173743136662335e-05,0.0003092880094687437,0.0009637729843218234,0.0,0.0,-3.669626386732921e-05,-0.0004539178775323524,0.0002938768826747283,0.0013360267845183918,0.0,0.0
20889187,34,12,14,2.527595798487379,133.8472776637492,31.506189773955096,577.8177453956895,596.7211648272823,27,remote,True,4,3,4,1.3572495158318853e-96,9.279828606349406e-06,9.279828606349406e-06,8.611521896322077e-11,1.6391738058564123,0.004701995085808209,0.19827620132485158,0.0046393553799602685,1.6391805497148817,0.19833047075564217,2.4809078250606874e-05,6.15490363644735e-10,CALIBRATED,-0.002163233573993801,-0.0018345734558085332,-0.0006798497390847881,-0.0008788593051248275,0.0,0.0,-0.003476113194281655,-0.003108415034693472,-0.001273798124045748,-0.0012003789495059368,0.0,0.0
20889187,35,12,62,2.1379131324038383,128.38120312161203,17.727253322267988,572.6967362253408,587.5228578683207,27,remote,True,5,3,5,6.674384140797604e-95,1.786297218042538e-06,1.786297218042538e-06,3.1908577511865105e-12,1.8203781127472713,0.006468028202007236,0.186649102865829,0.003916010817035377,1.8203896035624187,0.18669017848118832,5.446366846880502e-06,2.966291183079906e-11,CALIBRATED,0.0003532714347843495,-0.0003489469959016596,-7.790246260943021e-05,0.0012384117698804942,0.0,0.0,0.00024244719359900013,-0.0010091523883896249,-0.0003581343721702726,0.0020593536446356633,0.0,0.0
20889187,36,13,18,2.909964658032276,-143.71899652790054,1.114686094836986,302.57673168842604,307.8768381594154,14,transition,False,3,3,2,5.150536802507036e-27,7.797601542427086e-05,7.797601542440728e-05,6.080258981467402e-09,1.5219415596295478,0.003680266398846361,0.20054777278017846,0.005664824877831079,1.5219460093210886,0.20062776330305482,0.00017804914388561756,3.1701497638401344e-08,CALIBRATED,0.0009503394191792958,0.006359081928777695,0.0007835056777635901,0.00600175526731692,0.0,0.0,0.0014768029135571205,0.010512471569743215,0.00109727631951726,0.008009502057811962,0.0,0.0
20889187,37,13,35,3.4233534812304605,-144.31895829266534,14.287679993238179,300.61589899962263,316.9949619305153,15,transition,False,3,3,2,1.1258134247461752e-26,8.569475849309446e-05,8.569475849309985e-05,7.34359163319071e-09,1.4171528691827455,0.0028418146809951754,0.17043360073128358,0.008412180700131172,1.417155718523398,0.1706410766561271,0.00017029208051064828,2.8999392684645117e-08,CALIBRATED,2.546164692828375e-05,0.007214619580914136,-0.0002872520787315401,-0.005793173633129798,0.0,0.0,0.0001725629396996634,0.010854602560839892,-0.00014887893506508381,-0.007240009727299573,0.0,0.0
20889187,38,14,29,1.7786018106204118,155.27866239553566,35.86283105058622,599.2092452250052,618.5908830407184,28,remote,True,4,4,4,7.998731911698933e-104,9.911294057134725e-06,9.911294057134725e-06,9.823374988699411e-11,2.0693675629724066,0.009216401827324654,0.17219553343820626,0.0033909844202651422,2.069388086547567,0.17222891891725645,4.221748250152952e-05,1.7823158287669512e-09,CALIBRATED,-0.0014372729375439301,-0.0027929682578872127,0.00017636064136900876,-0.00011732772370138634,0.0,0.0,-0.0029320393371851457,-0.0057937342814430035,-7.078251774323739e-05,-0.00021968326732470757,0.0,0.0
20889187,39,14,66,3.489584908522396,150.0794223400344,25.173979798809192,594.1615148947819,614.1446950080807,28,remote,True,4,4,4,4.292200890539265e-102,1.6522844978716033e-06,1.6522844978716033e-06,2.730044061906816e-12,1.4050777853806282,0.002748281362055057,0.16563871750275272,0.008804214231817275,1.4050804731475617,0.16587253818579026,3.1719941055426622e-06,1.0061546605597394e-11,CALIBRATED,0.00031773150708328077,-0.0004351275846577764,-0.0002918718160701005,0.0011299584130984737,0.0,0.0,0.00029830371230928456,-0.000789726122386714,-0.0004957615219940944,0.0014878044783153822,0.0,0.0
20889187,40,14,177,2.9050884594598045,143.5706464814749,46.87534502380135,587.547001777723,614.9078312139349,28,remote,True,4,4,4,7.534667639547167e-100,2.999997004962194e-06,2.999997004962194e-06,8.999982029782134e-12,1.5234365760186426,0.003693296099985587,0.20051880432939792,0.005651747471612428,1.5234410528758529,0.2005984375292446,6.47301117733877e-06,4.189987370195265e-11,CALIBRATED,0.00037939439259780064,0.0003306112014876902,-0.0015198566966363595,0.000660899958365878,0.0,0.0,0.0002214457129154543,7.569216676109314e-06,-0.002343553689506466,0.0009652314670221206,0.0,0.0
20889187,41,15,20,4.492686415075937,-42.79071834925753,11.229441512661873,402.0876706082132,433.1423711662232,20,transition,False,5,5,3,3.7782893992463357e-47,2.1250443613487278e-05,2.1250443613487278e-05,4.515813537700022e-10,1.2631667612090485,0.001689202556058924,-0.06283157803947098,0.026002790317813523,1.263167890673537,0.06799964928764199,3.3895223260010685e-05,1.1488861598459695e-09,CALIBRATED,-0.0035638862763859446,0.002696008441811506,0.000908474471780219,-0.0006748117057964791,0.0,0.0,-0.004528464562984054,0.0034131712659223093,0.001053943188738112,-0.0007922737066211244,0.0,0.0
20889187,42,15,24,3.959846176297958,-33.540131733069686,20.121912638656063,410.8135908235972,441.0589733146738,20,transition,False,5,5,4,3.471715293868512e-49,3.734001121616838e-06,3.734001121616838e-06,1.3942764376235804e-11,1.3193413842571795,0.0020841691883862292,0.13159373375288186,0.011587759644610849,1.319343030441612,0.13210294068114317,6.412768266502436e-06,4.1123596839860656e-11,CALIBRATED,-0.00019238223605064746,-0.0003622129300163032,0.001628037957123322,0.0009567049703872752,0.0,0.0,-0.00045551703651735827,-0.0003151966271162069,0.002099569247073675,0.0013029706669537605,0.0,0.0
20889187,43,15,160,3.0325986081320693,-20.549750353385818,13.564535049976463,424.13245944728544,441.5738301569828,20,transition,False,5,5,2,2.225503270713991e-52,1.9165573983796396e-05,1.9165573983796396e-05,3.6731922612837325e-10,1.4883939405543625,0.003393646366756953,0.19872264815325139,0.006099245297892448,1.488397809429524,0.19881622590282916,4.230822493309678e-05,1.7899858969895122e-09,CALIBRATED,-0.0030373194235722815,0.002347859899699965,-0.0017933197295433856,0.0011008282981456482,0.0,0.0,-0.004675523084794222,0.0034513969107437944,-0.002377087888969536,0.0016985350597722864,0.0,0.0
20889187,44,16,17,2.6787733347273956,-59.31154850851681,-47.159867625865104,394.12961020303766,456.96293658320405,21,transition,False,3,3,2,2.4928342910421985e-45,1.9609748260617944e-05,1.9609748260617944e-05,3.845422268448085e-10,1.5928235822175039,0.0042980332522413135,0.1991743146712632,0.005044796221460575,1.5928293810568785,0.19923819310986396,4.933507486762913e-05,2.4339496121945718e-09,CALIBRATED,-0.0022682940423988437,0.0016634983082736959,-0.00271110923991497,0.002085006106814577,0.0,0.0,-0.003911324664317908,0.002921142401278725,-0.004039234580267548,0.0030311920617060793,0.0,0.0
20889187,45,16,30,2.402886800778038,-44.88994082092545,-48.258566966789544,408.44821918672073,448.2266102586912,21,transition,False,3,3,3,1.2501862727218417e-48,1.0397267979695936e-05,1.0397267979695936e-05,1.0810318144161042e-10,1.6939650751478723,0.005229614234580429,0.19503779416536685,0.004391192056716412,1.6939731475692816,0.19508722080282698,2.9256211664311386e-05,8.559259209469895e-10,CALIBRATED,-0.0009901270031371114,0.001105868373863221,0.0020950335599813916,-0.0019505911974566764,0.0,0.0,-0.0021687074167370157,0.0021354649458262234,0.0032172867115913763,-0.003105120848770012,0.0,0.0
20889187,46,17,26,2.6374085925938466,-74.99909221190086,-63.50528010150161,382.8821493909,479.61843340945524,22,transition,False,4,2,4,8.055636307574148e-43,2.2506540956919265e-05,2.2506540956919265e-05,5.065443858454843e-10,1.605505790807091,0.004408564072447042,0.19892857560245053,0.004933860719558739,1.6055118435415803,0.19898975142659955,5.712367923296062e-05,3.2631147291101767e-09,CALIBRATED,-0.002305819783606414,0.0015831528152840195,-0.002979717286428974,0.002409283739799688,0.0,0.0,-0.004061786937791381,0.003029036708893811,-0.004466093123279875,0.0033918306171319772,0.0,0.0
20889187,47,18,36,3.292233097908838,-164.5575449502643,-4.845521971886721,282.77494278432306,286.202678878146,13,transition,False,3,2,3,1.0966262816093621e-23,0.00014747826543796218,0.00014747826546046588,2.1749838783227644e-08,1.44105828208885,0.0030269854546629994,0.1799261777844122,0.00763605992104794,1.441061461221488,0.1800881419284061,0.0003060960034463478,9.369476332582657e-08,CALIBRATED,0.003397770934313191,0.011602039455360907,-0.00036362482665214734,-0.0010926461458740165,0.0,0.0,0.00487212915850469,0.0167528346923095,-0.00036945013621946134,-0.0012507586810391997,0.0,0.0
20889187,48,19,21,3.615503068907774,94.38207901483429,51.00684488329504,538.4401157128677,569.9896595367173,26,remote,True,3,3,3,5.674516487762684e-84,4.8530660234393884e-06,4.8530660234393884e-06,2.35522498278618e-11,1.3821208236929394,0.002570457269517153,0.15652276001722193,0.009549542290379402,1.3821232139488229,0.1568138009276116,9.121443919836611e-06,8.320073918272429e-11,CALIBRATED,-0.0008729235569349102,0.00024490113863825073,-0.0020077479278732034,-6.494428538261943e-06,0.0,0.0,-0.00139919932120774,0.00010054813915493803,-0.002672278205063116,0.00011182327944368372,0.0,0.0
20889187,49,19,46,3.115016791750733,77.92160540296405,44.449791183991564,521.8734441817596,552.2712469457817,25,remote,True,3,3,3,6.276772438489492e-79,5.235338297952651e-06,5.235338297952651e-06,2.7408767094009763e-11,1.473367743555361,0.003277253793471606,0.19275591026887506,0.006587090614236897,1.4733713883952826,0.19286842848517946,1.1069677315979177e-05,1.2253775587990394e-10,CALIBRATED,-0.0016514006130219578,-0.0012045560464275338,0.0009699532194594569,0.00034124741220770914,0.0,0.0,-0.0025843270324104883,-0.0017454568894371245,0.0009896879487063656,0.0006040108582082305,0.0,0.0
20889187,50,20,24,5.663156116910795,-45.46559326220224,22.906924177948255,398.7793677884179,445.12229425437215,21,transition,False,4,3,4,2.178047587851274e-46,9.907821629472985e-06,9.907821629472985e-06,9.81649294414527e-11,1.1718977792781444,0.001076426894544246,-7.291643042448558,10.258524005433268,1.171898273644904,12.585919633802652,1.3922390624796113e-05,1.9383296070941072e-10,CALIBRATED,-0.0011110652925656096,0.001961826062496842,-0.0010339941200594714,0.0019378983991220127,0.0,0.0,-0.0008935616327372365,0.00234328668209108,-0.0016409622880652923,0.0022226534880584003,-0.0,0.0
20889187,51,20,40,3.377822698680987,-66.039240346172,16.915995775350616,378.5244644374224,457.0762524733476,21,transition,False,3,3,2,7.224558934434063e-42,3.563846916448839e-05,3.563846916448839e-05,1.2701004843881897e-09,1.4254538833287569,0.0029061141439528705,0.17372984232767957,0.008142677320646014,1.4254568457152432,0.1739205603404858,7.237370380953483e-05,5.237953003110276e-09,CALIBRATED,-0.003938384872196943,0.004220509994075827,0.0009284318266512354,-0.0012053644660872337,0.0,0.0,-0.005601780621267862,0.006041874649989567,0.001422434708236627,-0.0015704101041893116,0.0,0.0
20889187,52,21,41,1.544862594488393,110.59674223075895,63.045521777940216,555.0433419448455,590.1848333309565,27,remote,True,3,3,3,3.4742252333986864e-89,1.5395666319929253e-05,1.5395666319929253e-05,2.3702654143460395e-10,2.262773212456579,0.011437476341907567,0.16154581167317464,0.0030978000783430265,2.2628021183647804,0.1615755106272921,7.838253523463989e-05,6.143821829809564e-09,CALIBRATED,-0.0030094939059763805,-0.002439542050011135,-0.00023823827126441167,-0.0005748824768182623,0.0,0.0,-0.006712426650066395,-0.005617772734251175,-0.0009878385721172906,-0.0008891952338264441,0.0,0.0
20889187,53,21,115,2.246812207255065,89.36293931792108,64.84066739043561,533.9144661465537,572.6988083108813,26,remote,True,3,3,3,1.404213028070767e-82,8.176392631785338e-06,8.176392631785338e-06,6.685339646911357e-11,1.768424788750311,0.005959063910713349,0.19009669344091254,0.0041113011555260915,1.7684348288555263,0.19014114666310317,2.5072932391665883e-05,6.286519387170482e-10,CALIBRATED,-0.0017452791679510925,-0.0019439702085731567,0.0009853976398990062,0.0006167370405308787,0.0,0.0,-0.0032694428863667023,-0.0034431415144506048,0.0011365493510852147,0.0011120735984936547,0.0,0.0
20889187,54,22,46,1.0441665023785092,59.0629767195458,41.42947268496711,502.99186455674,533.1722888680595,24,remote,True,3,3,3,2.260181539227351e-73,1.8782564185928496e-05,1.8782564185928496e-05,3.527847173985238e-10,3.113551171284432,0.02367552220284253,0.1369308848125047,0.0026331688877596526,3.1136411846194223,0.13695620027558775,0.00018072519812970894,3.266159723902255e-08,CALIBRATED,-0.0031339682916859367,0.0006113588215863701,-0.002929161184867582,8.403616465124818e-05,0.0,0.0,-0.010095639566212965,0.001173343939706829,-0.008747595735366273,0.0009518890316519483,0.0,0.0
20889187,55,23,33,3.009870718672307,38.99759585579339,-26.839054897849557,487.3790163877706,509.07113540056434,23,transition,False,3,3,2,6.222999353136737e-69,1.8506446496200165e-06,1.8506446496200165e-06,3.4248856191671935e-12,1.4925376104267059,0.0034257431374381214,0.20036805397411894,0.005964715586892743,1.4925415418856203,0.20045681551248878,3.3482977227293875e-06,1.1211097640034801e-11,CALIBRATED,0.0003944532209999177,-1.3367831200596364e-05,0.0012083831490533445,0.00048444067979033474,0.0,0.0,-0.00016440043658348,-0.00010359596922552323,0.001674070089861112,0.0007127604285965808,0.0,0.0
20889187,56,23,50,3.3637477653493093,47.532835316800856,-10.29550120354862,493.9152123164746,505.49816314783845,23,transition,False,4,3,4,8.96032433092972e-71,1.272056240561524e-05,1.272056240561524e-05,1.6181270791515176e-10,1.4280199762915446,0.002925991040498825,0.17474880967496742,0.008059365726016739,1.4280229739437922,0.1749345587890617,2.5795701323917007e-05,6.654182067927337e-10,CALIBRATED,-0.0030674256138339146,-5.679548572857647e-05,-0.0018160947207806447,-0.0001001835673371554,0.0,0.0,-0.004525705435552119,-0.0001254296981819287,-0.002300431858125986,-7.728060211995118e-05,0.0,0.0
20889187,57,24,25,4.221949483803176,-30.877705715711752,42.67086843219735,413.06188931918916,463.764565570261,21,transition,False,4,4,2,1.0201765833849532e-49,9.139253849079693e-06,9.139253849079693e-06,8.352596091791799e-11,1.2900125585830557,0.0018750807096622759,0.04240998342296133,0.018212168778910742,1.2900139213317312,0.04615506240454438,1.5162585790404785e-05,2.299040078513851e-10,CALIBRATED,-0.00015604915821335277,0.0013560369387901907,-0.0006666538032568897,0.0026137404302149533,0.0,0.0,-0.00037695562313968514,0.001678047644903105,-0.0007799063679911895,0.003405347619141119,0.0,0.0
20889187,58,24,27,3.788659884327025,-44.90486417327048,39.92106144636903,399.01905781305476,462.1456688933748,22,transition,False,4,4,2,1.9193749157006963e-46,1.2094034743652955e-05,1.2094034743652955e-05,1.462656763806848e-10,1.3505514744793248,0.0023259218230458657,0.14398691798410493,0.01057448287613956,1.3505534773309071,0.1443746938997937,2.1984802351955707e-05,4.833315344545571e-10,CALIBRATED,-0.002442667022743918,0.0004157712986808682,0.002349519102530995,-0.0006590195548597124,0.0,0.0,-0.003338869022263878,0.0007188885667645894,0.0031329996451943697,-0.0007101186210130485,0.0,0.0
20889187,59,25,53,4.459678979368345,-26.97981278474665,65.68717908735569,417.8002259741471,487.1086038986228,22,transition,False,3,2,3,7.555183686117202e-51,8.818460529621529e-06,8.818460529621529e-06,7.776524611249282e-11,1.2664397204121978,0.001711864263775214,-0.05000084210179381,0.025052981075466586,1.2664408773870903,0.055926166252088155,1.405923567029493e-05,1.9766210763289334e-10,CALIBRATED,0.00010243225029864911,-0.00047630143578623256,0.000695331477577117,0.0028456316069158847,0.0,0.0,-0.00010622414603765634,-0.00041827888373491674,0.0008476627876342731,0.0036269081426161132,0.0,0.0
20889187,60,26,28,2.3822126738918676,-89.38612517065187,-80.77238982339705,374.20069388827574,502.09374865761504,23,transition,False,4,4,3,6.213410452821657e-41,1.9491599425402564e-05,1.9491599425402564e-05,3.7992244816035355e-10,1.7038282407802605,0.005326239411177338,0.19438328057011162,0.004354116835984592,1.703836565785176,0.19443203979442314,5.599596152806282e-05,3.1355477074522915e-09,CALIBRATED,-0.0020348952260170524,0.0010440757980646424,-0.0031942107024054874,0.0020143794481352058,0.0,0.0,-0.0038019505377264546,0.0022079934885103677,-0.005208476370720384,0.0030883122068676248,0.0,0.0
20889187,61,26,37,3.949597070424659,-94.66081689255645,-71.00049937597095,366.15541086683953,500.66033753884136,23,transition,False,4,4,3,3.188780396744328e-39,3.3045919005624624e-05,3.3045919005624624e-05,1.0920327629263027e-09,1.3212099656448546,0.0020986431764564682,0.13233572691034023,0.011527093683806111,1.321211632412635,0.13283681156096525,5.768121581214824e-05,3.3271226575676202e-09,CALIBRATED,-0.003260966101866741,0.004715385708450681,0.00025590437705009486,-0.0003341701040582921,0.0,0.0,-0.004321478947073064,0.006224986436643806,0.00029090029859386905,-0.00041346874371731923,0.0,0.0
20889187,62,26,59,5.631964076300214,-74.43915833771877,-81.57744135446309,388.64052056538105,497.69926686083403,23,transition,False,4,4,3,4.2700502514118555e-44,1.075248861227142e-05,1.075248861227142e-05,1.1561601135702656e-10,1.173824582500994,0.0010888665579460465,-6.960906173472759,9.777916408457028,1.17382508752966,12.00257739182149,1.617438093158232e-05,2.6161059851993377e-10,CALIBRATED,-0.0010426688761284023,0.0018165216283710735,0.0013801837848105797,-0.0021120303314182305,0.0,0.0,-0.001992969895826066,0.0026881237368766775,0.0009740665909041192,-0.0020068973510466237,-0.0,0.0
20889187,63,27,32,3.3236733858383083,-60.28475482485817,57.59478976654872,384.0914561005759,485.57432035243914,23,transition,False,3,2,3,4.362933643242862e-43,1.546670663805979e-05,1.546670663805979e-05,2.392190142278028e-10,1.4353261979856695,0.0029825848642074408,0.17765003010864627,0.007822159596355995,1.4353292968641271,0.17782215660134648,3.144133352473269e-05,9.8855745381348e-10,CALIBRATED,-0.002002271078655447,0.00013107779585781916,0.0032687879937432105,-0.0008691724967076663,0.0,0.0,-0.003115008882779613,0.0005861476776659751,0.0045257849099880195,-0.0009548586457839309,0.0,0.0
20889187,64,28,37,2.20920671051773,-101.33492041214797,-79.98366158393577,362.64052609714224,511.8514438757873,24,transition,False,3,3,3,1.7344590385733925e-38,1.878113495999041e-05,1.878113495999041e-05,3.52731030385374e-10,1.7863655339653692,0.006134821648066217,0.188906156640668,0.004043862656191008,1.7863760681827419,0.18894943461659452,5.867630533982485e-05,3.442908808332358e-09,CALIBRATED,-3.099779033076055e-05,0.0016376390609061406,0.0010990443459691884,-0.0038588099109405014,0.0,0.0,-0.00076165809394086,0.003475143933308949,0.0016111511818155042,-0.006589669855150538,0.0,0.0
20889187,65,28,71,2.42677601879285,-104.34190594475524,-97.31557137666627,365.8954313994717,524.3951440056077,24,transition,False,4,3,4,3.616362657331723e-39,2.6210123611924487e-05,2.6210123611924487e-05,6.869705797523615e-10,1.682568061121324,0.005117962607299988,0.1957940929951457,0.004434032948420632,1.6825758449017452,0.19584429401945677,7.264326730674066e-05,5.277044284998576e-09,CALIBRATED,-0.003143366493706148,0.0012877863102418836,-0.00317711831505819,0.002139368208010347,0.0,0.0,-0.005523611740211539,0.002864103427354691,-0.005106801086620152,0.0028018698879941325,0.0,0.0
20889187,66,29,31,3.599859849397305,177.6446006302637,38.98366810407856,621.5673072734991,641.1735050548716,29,remote,True,4,4,3,1.1637272330605629e-111,6.791650911767911e-06,6.791650911767911e-06,4.612652210731789e-11,1.3849728411451865,0.002592548930523848,0.15765526484065503,0.009456947779851968,1.3849752676563314,0.15793864756065226,1.3018510749449076e-05,1.6948162213352115e-10,CALIBRATED,-0.0009314262678539764,-0.0023593315007319243,-0.00015255955989080082,-0.0005782529460880353,0.0,0.0,-0.0012654531245413136,-0.0032759941274698766,-0.0002878758791108358,-0.0007759697765034076,0.0,0.0
20889187,67,29,66,3.7725588220825763,160.9609954291829,25.584152094203162,605.0310311135307,625.0339959133909,29,remote,True,4,4,4,7.761645261029391e-106,2.737727818461106e-06,2.737727818461106e-06,7.495153607975807e-12,1.3534869642287433,0.0023486600585295525,0.14515256874046178,0.010479178327322182,1.3534890020023103,0.1455303452561365,5.0001274745083436e-06,2.5001274761333187e-11,CALIBRATED,-0.0005069293350060659,-0.0003932631213706056,-0.0011800647970436578,-0.000966199596315157,0.0,0.0,-0.0007512441103958936,-0.0006079854303267142,-0.001562807382132742,-0.001274263145494553,0.0,0.0
20889187,68,29,84,4.7078912857641235,172.03978070431066,25.407879280528753,616.1110122195927,636.1141834243145,30,remote,True,4,4,3,1.0114070595052456e-109,1.0747140951658876e-06,1.0747140951658876e-06,1.1550103863482325e-12,1.241827425178184,0.0015414507003297655,-0.146486573015859,0.03219544269434156,1.2418283818607705,0.14998287436976004,1.649946274560985e-06,2.7223227089376736e-12,CALIBRATED,8.63720482078664e-05,-0.0004231504747634752,-0.00021639155136713486,0.0009172635044841999,0.0,0.0,0.00013917060287007793,-0.0006046995219478284,-0.00025321932127794376,0.0010958085057825428,0.0,0.0
20889187,69,30,51,3.7523713778466004,-43.08089697659034,-68.35185571854909,414.95147466520103,468.40117078655186,22,transition,False,3,3,3,3.625938954128687e-50,1.4993116009249904e-06,1.4993116009249904e-06,2.2479352766682576e-12,1.3571674689508522,0.0023771691627043215,0.1466140567643771,0.010359685884185454,1.3571695508342685,0.14697960651915962,2.4955952090286227e-06,6.227995447326615e-12,CALIBRATED,-0.00015749133338199237,-0.00026010417819429075,-0.0011841661384904944,-6.785612553731878e-05,0.0,0.0,-0.0005653461675334197,-0.00011372896246658791,-0.0014575339207866572,-0.00019656935858990257,0.0,0.0
20889187,70,31,42,1.719016855845581,199.12648114148638,45.93445194185567,643.0872733762701,663.7519147920066,30,remote,True,3,3,3,1.7837292890483657e-119,9.531996096005652e-06,9.531996096005652e-06,9.085894957426699e-11,2.1186706583982176,0.009782599604030655,0.1694806993584362,0.0033162456749095026,2.118693243018571,0.16951314090772138,4.2680816685679266e-05,1.8216521129565576e-09,CALIBRATED,-0.0007635300456306851,-0.0027210231269030093,-0.00017410099237264869,-0.0012307477209967468,0.0,0.0,-0.0014859659935508667,-0.00582582370919502,-0.000604593910408781,-0.002483337686374418,0.0,0.0
20889187,71,31,99,4.259459462953032,193.80540186841907,30.502313882979305,637.7838632471131,659.4246657325634,30,remote,True,3,3,3,1.5916414123355195e-117,5.350393908604025e-07,5.350393908604025e-07,2.862671497722706e-13,1.2862931351005396,0.0018493277189886425,0.02782900713134108,0.019291541475184137,1.2862944645063925,0.03386173667142579,7.832498591729257e-07,6.134803418944079e-13,CALIBRATED,0.00024636773671803314,6.082272452262105e-05,-0.00048075023844115826,0.0004894099851711764,0.0,0.0,0.00026410753873034427,-0.0002048952307485432,-0.0006413029105472998,0.0005101427138544553,0.0,0.0
20889187,72,32,34,3.0520380346507885,-74.04379917889574,76.25059813046263,371.7564030103107,508.7551418919673,24,transition,False,3,3,3,2.0743260973653733e-40,1.6249460040411015e-05,1.6249460040411015e-05,2.6404495160491436e-10,1.4848498118245983,0.0033661936278544086,0.19731531353888448,0.006214310114455958,1.4848536274444986,0.1974131469967158,3.549257528227873e-05,1.259722900168223e-09,CALIBRATED,-0.0022612271910155105,0.00023545758832872323,0.0032135821733645944,-0.0008681940855332009,0.0,0.0,-0.0035456343244715935,0.0006947932734118275,0.0046292037935287385,-0.001004383922914151,0.0,0.0
20889187,73,32,63,4.391932435517379,-79.10663951932051,65.89794463588066,365.81106627404745,506.1462848730129,24,transition,False,4,3,4,3.767012664007888e-39,2.4097181404074897e-05,2.4097181404074897e-05,5.806741516208931e-10,1.2731573484079883,0.0017583765826702643,-0.023666230030063906,0.02310353265248871,1.2731585626674575,0.03307360979482751,3.9039554904956935e-05,1.524086847177147e-09,CALIBRATED,-0.0026169176887891636,0.004114334467694063,-0.00038198159236024195,0.00041864682635824366,0.0,0.0,-0.00335386568267994,0.00523319096992186,-0.00034248431935161367,0.0005362430893030903,0.0,0.0
20889187,74,33,44,1.7663035002797116,51.09267950471319,-42.056512259111926,501.5973811340943,528.5098096613314,24,remote,True,3,2,3,5.706744987306576e-73,1.9938578156990173e-05,1.9938578156990173e-05,3.9754689892240564e-10,2.0795437017409117,0.009333264817293494,0.17163519279243933,0.003375558373734912,2.07956464609361,0.1716683832254277,8.614529846507261e-05,7.421012447636442e-09,CALIBRATED,-0.004019753206985799,-0.0009198839666510547,0.0016781497832909457,0.0003432041734251333,0.0,0.0,-0.008443768334432136,-0.001946134881512973,0.0032422180160697153,0.0007407132635137522,0.0,0.0
20889187,75,34,48,1.8471228006084033,-92.02326489683549,85.88929901227098,355.01813661495896,529.1552826314706,25,transition,False,3,3,3,6.454776871556109e-37,4.0846153282557384e-05,4.0846153282557384e-05,1.6684082379821734e-09,2.0126704165062317,0.00856529061417521,0.17531751480920763,0.003476931835037572,2.012688642011643,0.17535198902168814,0.00016302479260369337,2.657708300347724e-08,CALIBRATED,-0.003994825363106377,0.004907809933088606,-0.00029884999344944647,-0.0008435721326190566,0.0,0.0,-0.008037992122143019,0.009897897104206303,0.00030947685352533064,-0.00059273285697412,0.0,0.0
20889187,76,34,63,3.0486257023287706,-86.17565074902647,75.00169082204148,359.56046299513577,517.6723038903383,25,transition,False,4,3,4,7.54880697525228e-38,2.084290410142079e-05,2.084290410142079e-05,4.344266513810235e-10,1.4854719364025184,0.003371012590399156,0.19756235237965863,0.006194112018987009,1.4854757613523462,0.19765942957898106,4.578433355556055e-05,2.096205199126828e-09,CALIBRATED,0.000326395054731242,0.0017343082015496758,0.0003843548668788875,0.004192948457590651,0.0,0.0,0.0003358475543209842,0.002906324676707653,0.0006268229757470351,0.006068929873252199,0.0,0.0
20889187,77,35,60,1.44936104674764,-164.79659449901965,19.448472949822744,279.8055194372956,295.8770224348986,14,transition,False,3,2,3,3.309269316926059e-23,0.00025475357247197654,0.0002547535725224658,6.489938271295923e-08,2.390284269971114,0.01317595433640978,0.15699434454667427,0.00299616294757658,2.3903205845752193,0.15702293212154808,0.0014525218762689016,2.1098198010397303e-06,CALIBRATED,0.004388358907201546,0.015143538913114913,0.0003721036744010184,0.0024557374995145993,0.0,0.0,0.010256457799069809,0.03643771006626608,0.0011496551121477224,0.00427767786709635,0.0,0.0
20889187,78,36,38,3.814542702388774,-188.07994082304714,-4.1710713206646695,259.4488278032372,262.67061583053277,12,transition,False,3,3,2,4.696323848182553e-20,0.00021411803432638354,0.00021411803720993453,4.584653385863491e-08,1.3458326089813344,0.002289369600395314,0.14211310829426743,0.01072768707223835,1.3458345561809122,0.14251743338615824,0.0003876621480375041,1.5028194102105175e-07,CALIBRATED,0.0066530167276890205,0.013023422229461255,0.00016706361724498194,0.0004668713013155035,0.0,0.0,0.008925320697262673,0.017547286770179124,0.00012772001290285137,0.00027787243821478594,0.0,0.0
20889187,79,36,60,2.253711725290998,-175.8128297753857,7.109743382106169,269.9921893304104,279.3361129372472,13,transition,False,3,3,3,1.1720195920701155e-21,9.030444196705822e-06,9.030444139963534e-06,8.154892136500173e-11,1.7651331823116578,0.005926817463145034,0.19031512241641851,0.00412367416433724,1.7651431325711018,0.19035979225926358,4.633052619980457e-06,2.1465176579507772e-11,CALIBRATED,-0.0008287230248675904,-0.0026462662558577586,0.0009878091258387772,-0.0006042932417593586,0.0,0.0,-9.770718538459657e-05,-0.000542221888761495,0.001703403336419399,-0.001194955406167047,0.0,0.0
20889187,80,37,39,3.9940182335077345,-116.24187890913116,-77.36353067673417,347.7070354281342,523.1599020923552,24,transition,False,4,3,4,1.9279809303140577e-35,2.1573588959172778e-05,2.1573588959172757e-05,4.654197405793407e-10,1.3131112534662486,0.0020359107398440646,0.12911981720451382,0.011790029062932132,1.3131128317521854,0.12965697813936528,3.688644098808518e-05,1.3606095287674902e-09,CALIBRATED,-0.002311895468215712,0.002611586013286084,-0.0018342773385812312,0.002458408721834566,0.0,0.0,-0.003105391564275745,0.0037194608856416997,-0.002327015400690597,0.0028272945134422173,0.0,0.0
20889187,81,38,47,4.822252994850292,-212.26160665105473,-2.500865613215373,235.3377036342056,238.43133883383533,11,transition,False,3,2,3,1.2510085697010889e-16,0.00027894116964518516,0.00027894139177480243,7.780830004526382e-08,1.2304875194806517,0.001462934100367109,-0.19094155290781606,0.03548627113745051,1.2304883891259717,0.19421110180957463,0.0004218601043037451,1.779659476031667e-07,CALIBRATED,0.009929938872847589,0.013286982573766095,-0.0009841893682228002,-0.0016808245382032635,0.0,0.0,0.012094886027055395,0.016304267240112982,-0.0019084816180829419,-0.002470304429155108,0.0,0.0
20889187,82,39,43,2.5842855291075963,-136.61418413341306,-88.00299179890342,332.4934606097918,546.1431340913899,25,transition,False,4,4,3,1.8049931470540527e-32,5.7894999667102886e-05,5.789499966710203e-05,3.3518309864537444e-09,1.6217930378029835,0.0045505143295045845,0.1986129828662154,0.004791390746184226,1.6217994218296206,0.19867076883200055,0.00015115216288465712,2.2846976344709916e-08,CALIBRATED,-0.003112825384441264,0.006294823370306312,-0.0010458493179560141,0.002736186348525361,0.0,0.0,-0.0050915850435990055,0.010484051654587613,-0.001663698888433223,0.0035418486050395833,0.0,0.0
20889187,83,39,71,4.292370053614782,-119.24886444173843,-94.69544046946466,351.0987386893164,539.5306155080635,25,transition,False,4,4,4,4.022978232459307e-36,1.5569022231061053e-05,1.5569022231061053e-05,2.423944532312733e-10,1.283029778881605,0.001826732501566906,0.015035917050830239,0.020238563941835097,1.2830310792995674,0.025212660946183275,2.5505934179743887e-05,6.505526783814275e-10,CALIBRATED,-3.882435591248047e-05,0.001961358416941297,0.00037672148698767767,-0.003402744330975273,0.0,0.0,-0.00023392107463735844,0.002744576916018891,0.0003720741645378597,-0.004216642441412845,0.0,0.0
20889187,84,39,91,5.760573908811374,-130.07654281468788,-96.69074299644834,341.8974766368607,546.9283488533664,25,transition,False,5,4,5,2.7255772729645374e-34,4.813446683386566e-06,4.813446683386539e-06,2.316926897380487e-11,1.1658800609204278,0.0010375758121248804,-8.324587820829116,11.759539327021017,1.1658805226160125,14.407828690349229,0.0001726627510618795,2.981242560425658e-08,CALIBRATED,-0.000817391778803987,0.0007898997969507237,-0.0018313278666576651,-0.000409406789038096,0.0,0.0,-0.009166421724639974,-0.008923706095835413,0.0006999291241644957,0.0029183955462246895,0.0,0.0
20889187,85,40,45,2.228232510231546,-84.79575312037227,28.079945347870023,359.29098226977914,478.9037704611192,22,transition,False,2,2,2,8.580280721098421e-38,3.541389886197636e-05,3.541389886197636e-05,1.2541442326062906e-09,1.7772887485272602,0.006045900298818108,0.18950848653067295,0.004077981907169436,1.7772990318322963,0.18955235794782785,0.00010963009332607657,1.2018757362684258e-08,CALIBRATED,-0.002654202288931241,0.0021314490714119485,0.0033191294082459176,-0.003579024154529105,0.0,0.0,-0.005022621936720628,0.0047269630382381495,0.005657579444244206,-0.005481877185239113,0.0,0.0
20889187,86,41,74,2.60847988589423,129.0849924076516,72.81496623835423,574.0083979531593,611.0955348894524,28,remote,True,4,3,4,2.469060641270905e-95,7.75450370243624e-06,7.75450370243624e-06,6.013232767109737e-11,1.6143751774796111,0.004485864534484885,0.19875671635518707,0.004856277240693289,1.6143814099037899,0.19881603487881647,2.008205293391761e-05,4.032888500406689e-10,CALIBRATED,-0.0016720564973554458,-0.0007115088895364674,-0.0018320572292620017,-0.0010469251075922767,0.0,0.0,-0.002763259628447629,-0.0013737459685474842,-0.0028883248724582747,-0.001488909199631565,0.0,0.0
20889187,87,41,177,2.4227998981204593,131.99506800025358,61.48418437411439,576.3590246266773,611.6400452904317,28,remote,True,4,3,4,4.131326334968738e-96,7.151659108464672e-06,7.151659108464672e-06,5.114622800368571e-11,1.6844649797666473,0.005136545900527109,0.19566821464242087,0.0044269025117933975,1.6844728113460423,0.19571828654267698,2.0056668743504142e-05,4.0226996108665603e-10,CALIBRATED,-0.0011295219484108356,-0.002218668960962965,0.0006223157910240598,0.0007523764844972746,0.0,0.0,-0.0020078567964241954,-0.003781559455992534,0.0006509871107857341,0.001140703156365231,0.0,0.0
20889187,88,42,57,3.832462083618662,217.10920510071907,59.01951341584338,661.3369447198857,685.9914560366456,31,remote,True,3,3,3,2.6058315361503946e-126,4.329462281845306e-06,4.329462281845306e-06,1.8744243649921166e-11,1.3425656096295127,0.0022640634992237823,0.14081581871380716,0.010833754517806413,1.3425675186534916,0.1412319547304784,7.79824936090752e-06,6.081269309489454e-11,CALIBRATED,-0.00044019246889408177,-0.0012816105069167587,-0.0004844465321607724,-0.0015028236550614347,0.0,0.0,-0.0005865636924498868,-0.0017714052204589638,-0.0006483727633785685,-0.001973810705272074,0.0,0.0
20889187,89,42,67,3.9548836199658695,221.00401174958955,48.64998906229294,664.9976767787699,685.7973335306235,31,remote,True,4,3,4,1.0514649855561513e-127,3.4165111873123674e-06,3.4165111873123674e-06,1.1672548693030562e-11,1.3202461402926877,0.002091177407643254,0.13195300244299307,0.011558385545869406,1.3202477964309163,0.13245826184178736,5.954297523184417e-06,3.5453658994600084e-11,CALIBRATED,0.0002870542643129173,-0.0018090120179092106,-2.011427460237303e-05,0.00024734989724963067,0.0,0.0,0.000380238089319706,-0.0023900007014002033,-4.676546205258862e-05,0.00030891124531240227,0.0,0.0
20889187,90,43,54,3.3334984822599267,-158.92922430338137,-90.03042867207336,312.815422189437,568.5500865406185,26,transition,False,3,3,3,7.992043364891547e-29,9.134396042820017e-05,9.134396042816709e-05,8.343719106702555e-09,1.43353492052864,0.002968709670590218,0.176938733493475,0.007880315783030724,1.4335379944780546,0.17711412927012699,0.00018760360221673335,3.519511156469432e-08,CALIBRATED,-0.001850545042189466,0.009305485739267545,0.000442353162738211,-0.001063814979542452,0.0,0.0,-0.0027131102361485217,0.0133171864780505,0.000378370807516178,-0.001658919800378515,0.0,0.0
20889187,91,43,91,1.7455995440682663,-140.81658126389118,-100.17844457839308,333.5056294570609,558.2204916179202,26,transition,False,5,3,5,1.1558875726078528e-32,6.722888410655069e-05,6.722888410655073e-05,4.519722858212029e-09,2.0966750251201463,0.00953000129246978,0.1706918706715901,0.0033495889370375267,2.0966966833300424,0.1707247330043716,0.0002892245660651635,8.365084961558211e-08,CALIBRATED,0.00023958288260862286,0.004103579577424435,0.0009054600653379318,-0.007036494927926474,0.0,0.0,-0.0006739385241228734,0.010067623968583747,0.0011097870675961777,-0.013644841267770796,0.0,0.0
20889187,92,44,49,1.8196513381202415,72.16365713993525,-46.371314685507784,523.0892671547332,550.018031774813,25,remote,True,3,3,3,2.7097672212250045e-79,1.6910798624930265e-05,1.6910798624930265e-05,2.8597511013294334e-10,2.0354014589591256,0.00882633438004595,0.17406584879946033,0.003442473763411796,2.0354205961696286,0.17409988611107233,6.999689204612621e-05,4.8995648961170474e-09,CALIBRATED,-0.0038619948847057888,-0.0014115959493003613,5.448016578450826e-05,-1.4930602515938833e-05,0.0,0.0,-0.007840656720346133,-0.002901834251802635,0.0002991276577970645,0.00010428259309743007,0.0,0.0
20889187,93,44,173,5.10070814118842,67.5044922816981,-56.81936962048856,520.3141053827044,550.5844456968169,25,remote,True,3,3,3,1.8381003479015697e-78,2.660014542399181e-06,2.660014542399181e-06,7.075677365775126e-12,1.2066414687288292,0.0013007361529977365,-1.3278689894904923,1.5923141408440342,1.2066421698128262,2.073330744570768,3.872957778895961e-06,1.4999801957110736e-11,CALIBRATED,-0.0007709256825299265,-0.0002498082909422667,0.0013450905878405405,0.0004404716366512616,0.0,0.0,-0.0009334553074833728,-0.00030737958997489585,0.001620434432686713,0.0005304045671534502,0.0,0.0
20889187,94,45,52,2.9145279920673097,-103.55650849325124,38.06313792315429,340.36731415367524,500.1553604288421,23,transition,False,3,2,3,5.4352868971112775e-34,5.749700775327888e-05,5.749700775327874e-05,3.3059059005805957e-09,1.5205424658334494,0.003668072703739148,0.20057488256978695,0.005677063217185105,1.5205468901550607,0.2006552081672832,0.00013256838061149418,1.7574375537953986e-08,CALIBRATED,-0.002933873317734687,0.006880312918814489,8.916459667696042e-05,-0.001242070417752992,0.0,0.0,-0.0044163772115201495,0.010489522160558509,0.0006005190333656419,-0.0016350213059092712,0.0,0.0
20889187,95,46,115,3.157423724481692,72.90246570605085,58.28361369113214,517.1872072014,554.9803957199457,25,remote,True,3,3,3,1.569955600252265e-77,9.420798434967117e-06,9.420798434967117e-06,8.875144315227887e-11,1.4656362588591307,0.003217365892416514,0.18968582256521072,0.0068381034685003755,1.4656397902369718,0.1898090380916739,2.0089838000203636e-05,4.0360159087442605e-10,CALIBRATED,-0.0013314737534205288,0.0004798172389424496,-0.0026767232134599283,0.000502895948142121,0.0,0.0,-0.0021855539281480313,0.0005256374961301565,-0.0037877603177195454,0.0008305233443627538,0.0,0.0
20889187,96,47,65,1.0350383893099817,-231.14560366705905,7.511179255772291,215.0850556235817,217.05737369493136,10,transition,False,3,3,2,5.207094094701148e-14,0.0007194536339359446,0.000719458077713714,5.176199255875125e-07,3.129844732354438,0.023912053627037036,0.1364789006198634,0.002624991455789606,3.1299360752187066,0.1365041424080219,0.006867254330840749,4.715918204445102e-05,CALIBRATED,0.009737101842992793,0.009044311109471969,-0.017005816997571893,-0.015926379067857113,0.0,0.0,0.037453351440746574,0.03551046027090082,-0.047034219291240076,-0.04462387504138328,0.0,0.0
20889187,97,47,90,3.7051843939464284,-230.33412237936597,-11.009035999522112,219.35026045641726,235.5953583476037,11,transition,False,3,3,2,1.529479263538545e-14,2.7078242271641595e-05,2.7078160658557998e-05,7.332267846506781e-10,1.3657704359751355,0.002443807545650576,0.1500302005341708,0.010080379206005921,1.3657726223566762,0.15036846450389915,4.2504106652303523e-05,1.8065990823103926e-09,CALIBRATED,-0.0003298956567000588,0.0008082896995807991,0.0022750413260613158,0.004597845608599009,0.0,0.0,0.001042798332055845,0.0027308264295301025,0.0022574518133879657,0.005372446054915426,0.0,0.0
20889187,98,48,63,4.717168391675358,-97.08610523726026,75.53664551768901,348.7624871210868,526.5464256125163,25,transition,False,4,3,4,1.1858542841447467e-35,9.865845027329423e-06,9.865845027329412e-06,9.733489810328049e-11,1.2409075236917508,0.0015350813760212703,-0.1500927936646667,0.03246239711681719,1.24090847318794,0.15356319199806365,1.51783405772819e-05,2.3038202267996221e-10,CALIBRATED,-0.0014753538164923028,1.7241903600216674e-05,0.002767843326037579,0.00016709932004793177,0.0,0.0,-0.0018454897026777342,-9.61030376506153e-05,0.0034264936316259604,0.0001497128357002339,0.0,0.0
20889187,99,48,122,3.0201509400727,-105.44944311667103,97.65603769053625,343.5291156180508,547.0079687238593,26,transition,False,3,3,2,1.3011687457904147e-34,2.62881680133693e-05,2.6288168013369286e-05,6.91067777499132e-10,1.4906633561641953,0.003411225207411041,0.19962380818033504,0.006025565725065771,1.4906672592728794,0.1997147271352974,5.738937455171224e-05,3.2935403114367165e-09,CALIBRATED,-0.0006473991024335688,-0.0010609109955523187,0.0045270323580631645,0.00206142870458882,0.0,0.0,-0.0014106004778930029,-0.0008461378357577789,0.0066406440422932325,0.0032535332040621342,0.0,0.0
20889187,100,49,76,2.7662896131372143,90.81770498714528,-55.14598844533816,542.9536146831019,570.6327934925108,26,remote,True,3,3,3,2.2513933762511157e-85,7.178092299832474e-06,7.178092299832474e-06,5.152500906491426e-11,1.5659915595689806,0.004064180808467837,0.19969423012711074,0.0052795048590396285,1.565996833396202,0.1997640075629644,1.7462266935904736e-05,3.0493076654079175e-10,CALIBRATED,-0.0013573193776621004,-0.0009257903578555021,0.0017832145156924288,0.0011396642537085384,0.0,0.0,-0.0023427030700932704,-0.0015535156192558405,0.002582364934219635,0.0017005851429791052,0.0,0.0
20889187,101,49,173,2.879656387333114,78.40543823816407,-57.259453002918804,531.1121851927119,561.494271365877,26,remote,True,3,3,3,1.010169006230166e-81,6.758713191240211e-07,6.758713191240211e-07,4.568020400144444e-13,1.5312339132420874,0.003761253196940737,0.20036771783882554,0.005583541566286841,1.5312385327205844,0.2004454995462898,1.5542676940919473e-06,2.415748064897899e-12,CALIBRATED,-0.00021174633610670122,-8.30046397047706e-05,-0.0007184885566720039,-0.0003285106269031046,0.0,0.0,-0.0004446350515221446,-0.00019821184245269252,-0.0010451076657427634,-0.00047437263576967495,0.0,0.0
20889187,102,50,56,1.959649905384591,68.84207988363009,-3.404487065433961,514.5098607598034,527.5089891702188,24,remote,True,4,4,4,9.750340402903544e-77,1.8830190446355708e-05,1.8830190446355708e-05,3.545760722460258e-10,1.91956076146435,0.007496017392701637,0.1804445207807434,0.0036180771067132233,1.919575397641454,0.18048079000753034,6.932064200188203e-05,4.805351407553091e-09,CALIBRATED,-0.00415521079930333,-0.0010252056362679716,-0.0006534711227861307,-0.0002938410365447703,0.0,0.0,-0.007970033194530862,-0.0020345735877481006,-0.0012422993437304789,-0.00034119721066099625,0.0,0.0
20889187,103,51,59,2.0511011441743676,-56.942570789999614,-85.32531763058611,406.4411012895349,490.3156502507949,23,transition,False,3,3,3,3.6864615326780267e-48,1.25731659319306e-05,1.25731659319306e-05,1.5808450155186026e-10,1.8617941794812412,0.00687376353194818,0.18390075819133964,0.0037603295810878135,1.8618068684413327,0.18393919903573566,4.271047659296799e-05,1.8241848107984664e-09,CALIBRATED,-0.0026049949902303684,0.0008455812057937825,-0.001967028351186107,0.0010967948408174071,0.0,0.0,-0.0050573369208305125,0.001973629199505831,-0.0033619544911954215,0.0013913553263496176,0.0,0.0
20889187,104,51,118,2.411694671216896,-44.29075688819843,-89.95358906204994,419.9024705152045,490.0367582398528,23,transition,False,3,3,1,2.3582018851783575e-51,5.932104839867115e-06,5.932104839867115e-06,3.518986783117485e-11,1.6897630362668405,0.005188448673331667,0.19531663887688572,0.004406987342413162,1.6897710018618997,0.19536635063285585,1.6521312566263884e-05,2.729537689121889e-10,CALIBRATED,-4.2889747528382783e-05,0.0005332551380306046,0.0013565878751794912,-0.0019507879444224632,0.0,0.0,-0.0006076800796701765,0.0010273382152481074,0.002131347444607345,-0.003248687696423358,0.0,0.0
20889187,105,52,61,3.9123365615280115,-126.3798506906816,43.06889613887472,317.5697550867605,523.5212022577866,24,transition,False,3,3,2,1.101770622525193e-29,6.004675656649184e-05,6.0046756566481204e-05,3.6056129741542538e-09,1.3280031722211432,0.0021512631969663625,0.1350332346721398,0.011306543266995862,1.3280049146606205,0.1355057651418183,0.00010585492245675103,1.1205264608324774e-08,CALIBRATED,-0.0016017493497234125,0.007299033016039337,0.00030425740467278443,-0.0020279793020667914,0.0,0.0,-0.002094612537443679,0.00967113564002492,0.000577159860234459,-0.002757452212225754,0.0,0.0
20889187,106,52,100,1.6058300593820505,-115.09957001710092,50.584683873799406,329.02941814809685,517.1856681869978,24,transition,False,3,3,3,8.212248611881119e-32,1.8668216397723445e-05,1.8668216397723686e-05,3.485023034722395e-10,2.2123261700633963,0.01085814145435687,0.164323636244427,0.003174272937152525,2.2123528158915384,0.16435429242119082,8.094896145910612e-05,6.552734361307848e-09,CALIBRATED,0.00042241016771286146,-0.001414050274264344,0.003623571118613978,0.0018330248820286263,0.0,0.0,-7.365489812282121e-05,-0.00030769253922640174,0.00797617194310189,0.004150848449469971,0.0,0.0
20889187,107,53,55,3.6410457920713633,-22.084852505885635,87.81202363088266,424.6599705183366,509.7684667006537,23,transition,False,3,3,3,1.6552494751656295e-52,1.4324460808017417e-05,1.4324460808017417e-05,2.05190177440427e-10,1.3774639631156318,0.0025343853355434447,0.154673571800754,0.009700733414897439,1.3774662946116871,0.15497747591953456,2.7145493803718976e-05,7.368778338477453e-10,CALIBRATED,-0.000614956968859976,0.002022590097267428,-0.001063084176326953,0.002953856812194347,0.0,0.0,-0.0009050765253887759,0.0026559973333540932,-0.0014382898146258628,0.004147689822210504,0.0,0.0
20889187,108,53,82,3.3870648755266473,-33.46598865683653,88.38042099177412,413.4241386730773,510.7105891027562,23,transition,False,3,3,3,8.369669189774668e-50,1.1068475459198816e-05,1.1068475459198816e-05,1.2251114899088644e-10,1.4237688817443366,0.0028930621607788434,0.17306074669492144,0.008197383120859275,1.423771821055672,0.17325478099213862,2.237598860198148e-05,5.006848659160051e-10,CALIBRATED,-0.0007787942053363215,-0.0012656851864122425,0.0018672581127146455,0.002318047280434834,0.0,0.0,-0.0012210928941344533,-0.001644381482019945,0.002596371521649101,0.0033822751527685093,0.0,0.0
20889187,109,54,64,1.3796983792884738,-180.8604269282244,-91.22006557122874,293.49996065906885,590.513530817957,27,transition,False,3,3,3,1.8424364881728308e-25,0.00014172715071205898,0.00014172715071019502,2.0086585248430333e-08,2.5146312098067876,0.014981082058163911,0.15354495426498146,0.0029337555562874147,2.5146758348053493,0.15357297907476855,0.0008870247812386778,7.868129625315243e-07,CALIBRATED,-0.0021712686884481475,0.01102950007668753,3.7851526061452294e-05,0.003919367080675683,0.0,0.0,-0.005291862987198798,0.028326440376436012,-0.0012661610797876342,0.007418259842014154,0.0,0.0
20889187,110,54,80,3.569911996670097,-171.5203240957651,-100.31123429745233,305.9292454133543,584.8052628942786,27,transition,False,3,3,3,1.3368609902133854e-27,1.3651829009537582e-05,1.3651829009540133e-05,1.8637243530572155e-10,1.390432829645518,0.002634841874753463,0.1598233663393477,0.009279682047387643,1.3904353261291038,0.1600925386360712,2.5812226865659355e-05,6.662710557642666e-10,CALIBRATED,3.4895784235404024e-05,-0.0006673958242570769,-0.002879314647007068,-0.0022169215753105724,0.0,0.0,-0.0002935751736753632,-0.00034515157892257717,-0.003967894500853949,-0.0031404974288671336,0.0,0.0
20889187,111,55,70,2.4759905225844037,-16.545774320058918,109.00185005558774,433.08236805871263,531.6702961004511,24,transition,False,3,3,2,1.3948129154648703e-54,1.9436074619093532e-05,1.9436074619093532e-05,3.777609965989718e-10,1.6590889171127523,0.0048879475674305645,0.19735215452744953,0.004522290053609407,1.6590961174440095,0.19740396146976202,5.3057956975118605e-05,2.815146798373537e-09,CALIBRATED,0.0003962228546058892,-0.00040429834324972463,-3.9848305849659105e-05,0.004371960318981399,0.0,0.0,8.714967852570391e-05,-0.0005320750297778514,-0.00012807668472438862,0.007262978344602742,0.0,0.0
20889187,112,55,82,2.790641557126005,-27.13162037863796,98.36042800839769,421.0060961655812,521.461999138417,24,transition,False,3,3,3,1.2767448930907428e-51,1.1441311210975841e-05,1.1441311210975841e-05,1.3090360222640146e-10,1.5585253838526982,0.0039991099243319025,0.19983889980788047,0.0053448139843802365,1.558530514617339,0.19991036219503908,2.745396051077969e-05,7.537199477274507e-10,CALIBRATED,-0.003227176150975624,0.0009254628361605474,5.90955586879639e-05,-0.0004082542778453515,0.0,0.0,-0.005026403493530973,0.0014539496115742669,0.00023256513545745217,-0.00014550744232522892,0.0,0.0
20889187,113,56,58,2.5283668577925518,88.20273727841703,-9.09214157780004,534.2884409063561,547.6878015388979,25,remote,True,4,4,2,1.0782694590530173e-82,8.729839743183918e-06,8.729839743183918e-06,7.621010194167346e-11,1.6389374031994932,0.004699934736509938,0.19828078202295046,0.004641423272726026,1.638944142121026,0.19833509858224638,2.292795812893039e-05,5.256912639619852e-10,CALIBRATED,-0.0014983908203013117,-0.0012270491577228387,0.001862566874039255,0.0012287634829713935,0.0,0.0,-0.0028519872879106027,-0.002135886913350327,0.0025830914593911983,0.0018867305701466169,0.0,0.0
20889187,114,57,67,2.153695326149208,228.98922034317908,57.494931456601904,673.1678188759884,697.7135645724328,32,remote,True,4,3,4,7.630043519330983e-131,1.5355064422696123e-06,1.5355064422696123e-06,2.357780034251482e-12,1.8128487794985164,0.0063942665739525565,0.1871487447818417,0.003944313260953013,1.8128600563679147,0.18719030498537964,4.722477608662444e-06,2.2301794764318157e-11,CALIBRATED,0.00037043738000289806,0.0003541791490752813,-0.001126791612709372,-5.639487258894357e-05,0.0,0.0,0.0007452032291122416,0.00017013168382620404,-0.0020138261737207386,-0.0002875919125755844,0.0,0.0
20889187,115,57,72,1.4270624922664723,234.81544038428888,72.36794244325829,679.561034446284,708.1655698953111,32,remote,True,3,3,3,2.507754977916198e-133,6.8571831614009265e-06,6.8571831614009265e-06,4.70209609090004e-11,2.430086894728737,0.013753763661219155,0.1558902177607136,0.002976186758529488,2.4301258160735637,0.15591862518988664,4.021745378627568e-05,1.61744358905122e-09,CALIBRATED,-0.00024166782428290716,-0.002384889521995779,0.00012048329913855042,-0.0010471702662942309,0.0,0.0,-0.0003530880335958563,-0.005747821490240054,-0.00012751239533319536,-0.0026531248240853817,0.0,0.0
20889187,116,58,96,1.754767431696159,107.15392804050444,-13.414737406094014,553.5575851077531,567.1257146469404,26,remote,True,4,2,4,1.0322962440830743e-88,1.269363518112654e-05,1.269363518112654e-05,1.6112837411153338e-10,2.089089129649063,0.009442884710580624,0.1711095817173694,0.003361088424138919,2.0891104709156805,0.17114258929585002,5.522059261802646e-05,3.0493138490860383e-09,CALIBRATED,-0.002785210263001947,-0.0018829499754432343,-0.00092387701593431,-0.0007329322079168054,0.0,0.0,-0.005856700336581772,-0.004054158161364805,-0.0017320393343737514,-0.0012179881495033937,0.0,0.0
20889187,117,59,120,1.3809728394026592,-67.82172583463856,-101.92719137957735,401.61453819612444,510.1645350170163,24,transition,False,3,3,3,4.858264752879502e-47,6.811044603412972e-06,6.811044603412972e-06,4.6390328589680977e-11,2.51235631536301,0.014948057722945418,0.1536080599497423,0.00293489728303905,2.5124007840657288,0.1536360950544683,3.696015775130983e-05,1.3660532610017082e-09,CALIBRATED,0.0006635210304290734,-0.0009535644984801532,-0.0007651884873081687,-0.0022081634386341615,0.0,0.0,-0.00012953469286708835,-0.0009964887400236307,-0.0016055924911762124,-0.005776890293050262,0.0,0.0
20889187,118,60,79,2.8274179639088644,-185.57692544670803,23.499232614209884,258.8065286894165,298.4136631355295,14,transition,False,3,3,2,5.852463351759562e-20,0.0002094139537322549,0.00020941395571185027,4.3854204846884785e-08,1.547249934328804,0.0039008396053050102,0.20005738055962596,0.005443444096262251,1.5472548516098164,0.20013142331979789,0.0004993485164234726,2.493489408543231e-07,CALIBRATED,0.004091448583345405,0.011702855589072744,-0.002680262350358344,-0.006966589480962087,0.0,0.0,0.006589517589006761,0.018606687345101063,-0.0035343342072807864,-0.009860346957411996,0.0,0.0
20889187,119,61,73,2.5376924897013673,-146.97069041091643,53.0075516635346,297.28525385796416,546.3851379212339,25,transition,False,2,2,2,4.2001979283697184e-26,7.945522029944407e-05,7.945522029880359e-05,6.31313203273141e-09,1.6360782143590196,0.004675015694575864,0.19833618360369676,0.004666433549667101,1.6360848936629,0.19839107169566064,0.0002100178065947748,4.410747908688024e-08,CALIBRATED,-0.001562567004548331,0.006437275218282435,0.0008086659746898835,-0.0059094121332469406,0.0,0.0,-0.002357405904498642,0.011346714363819796,0.0016639161614633705,-0.008540720118919496,0.0,0.0
20889187,120,62,66,3.369963115866476,144.61334779789723,11.395043347122085,589.1800748355259,603.7215929117066,27,remote,True,5,5,4,2.1148452481400787e-100,8.390327973348339e-06,8.390327973348339e-06,7.039760350035164e-11,1.4268868151711673,0.002917213600754332,0.17429884383287797,0.008096155297275285,1.426889797231906,0.17448677512085434,1.7042794555412767e-05,2.9045684625800704e-10,CALIBRATED,-0.0017332346269826294,-0.0021100829587764646,-0.0005274954408032382,-0.0008096444702396748,0.0,0.0,-0.0024612181709626002,-0.0030686055627641633,-0.000768647079094318,-0.000988959674763783,0.0,0.0
20889187,121,62,96,4.189327145041148,125.52917738278788,-1.232347054546695,570.8667971293102,589.1724927124211,27,remote,True,5,5,4,2.662493691088791e-94,4.413394218091042e-06,4.413394218091042e-06,1.9478048524279436e-11,1.2932473322511864,0.0018974780237885844,0.05509102347808914,0.017273440937777055,1.2932487242590502,0.05773554043822783,7.378413831925037e-06,5.4440990675142714e-11,CALIBRATED,-0.0011877532293590228,-0.0007561900058086696,-0.001303611855502433,-0.0008552247012024631,0.0,0.0,-0.0014962242392608024,-0.0009717867597023998,-0.0017176570635932809,-0.0011158008618605247,0.0,0.0
20889187,122,62,138,1.0342249938444397,137.70529088504406,-1.7296144686328994,583.0478324122031,600.208912175139,27,remote,True,5,5,2,2.4509192525853147e-98,2.0986926810745397e-06,2.0986926810745397e-06,4.4045109695958396e-12,3.1312966324998874,0.023933130665243472,0.13643862483777885,0.0026242627744034004,3.131388094032513,0.13646386006094538,1.7987695978368404e-05,3.2355720661021085e-10,CALIBRATED,0.00033839947650184256,-0.0001948749901662496,8.385873347480652e-05,0.0013925408167825904,0.0,0.0,0.0001303890607515501,-0.0016588053345599292,-0.0001822038785244827,0.003896904063470243,0.0,0.0
20889187,123,63,100,4.297019142913918,-103.2769097819706,63.01724071287131,341.49595760481196,530.4876163826405,25,transition,False,4,4,3,3.267740415692397e-34,3.495938206770587e-05,3.495938206770583e-05,1.222158394555832e-09,1.282568783373118,0.001823540605541499,0.01322871101167189,0.02037234434283122,1.282570079716325,0.02429055802268067,5.742890391450503e-05,3.298079004821451e-09,CALIBRATED,-0.0016423065468975117,0.005615012134893173,-0.0004418289548076755,0.0007339190509990601,0.0,0.0,-0.002153714744828598,0.007194591728125649,-0.00029428006309130107,0.0009703946735560101,0.0,0.0
20889187,124,64,150,3.5575130674310245,-201.32573825562758,-99.91521257778128,279.5224530410794,612.749415086254,28,transition,False,3,3,2,3.674460768903955e-23,4.727236934681339e-05,4.727236931724698e-05,2.234676900866194e-09,1.392693359362904,0.002652351885490848,0.16072099787608207,0.009206290966786372,1.3926958850316375,0.16098445562118321,9.100682064437857e-05,8.28224140379809e-09,CALIBRATED,-0.0024387751154211178,0.005079563345365307,-0.0013068599766567406,0.003716839850663956,0.0,0.0,-0.003325749934383784,0.007435977651990657,-0.0019706975246957096,0.004557279412498047,0.0,0.0
20889187,125,64,155,3.6076459702471695,-200.21079906439266,-86.22568036402882,273.97227584438616,610.4980444574253,28,transition,False,3,3,1,2.8007622027020686e-22,0.00010873622207465666,0.0001087362221617535,1.1823566010010212e-08,1.383553302633037,0.0025815532181478083,0.15709158167988346,0.009503034971079974,1.383555711073393,0.1573787555813969,0.00020762796414246906,4.310937149394642e-08,CALIBRATED,0.002602161703941824,0.007209018739412983,-0.002002095481964818,-0.006781344934758928,0.0,0.0,0.0034570483851804066,0.01037747664227803,-0.00289906756988268,-0.008920771624092787,0.0,0.0
20889187,126,65,68,3.140111591772964,-248.86236986501694,18.92944949478938,196.0835927178672,195.97988096537912,9,transition,False,3,2,3,9.118845532419909e-12,0.0012231337675411348,0.0012232978367419127,1.4964575973774432e-06,1.4687925467695488,0.0032418144253318886,0.1909391498475791,0.006735630415988528,1.4687961243162868,0.19105791703464436,0.0026382429642532535,6.960325938431794e-06,CALIBRATED,0.027167600007390318,0.01949451110386271,-0.008573639741021767,-0.005628151116743757,0.0,0.0,0.040066362635808664,0.028703232762787637,-0.01179894795849152,-0.008356961494895841,0.0,0.0
20889187,127,66,84,2.1603750218472584,166.8405406488094,14.719028028751726,611.2431417124042,626.1959555544013,28,remote,True,4,4,3,5.253564907238045e-108,1.0736207675174704e-05,1.0736207675174704e-05,1.1526615524448021e-10,1.8096620454029695,0.006363047515465039,0.18736021449326476,0.003956292059080264,1.8096732320907394,0.18740198030388824,3.5080781767763795e-05,1.2306612494374687e-09,CALIBRATED,-0.0011953431067136492,-0.003044383865576404,0.00016059466889434956,0.00011532026598847845,0.0,0.0,-0.0021474463870819823,-0.0055186433006085955,6.04287427896867e-05,0.00010089732437017641,0.0,0.0
20889187,128,67,69,3.1739466122603517,244.2220252096496,44.73631798485772,688.1691791839411,709.3428844975022,32,remote,True,4,4,2,1.0438667715769226e-136,3.651090867033208e-06,3.651090867033208e-06,1.3330464519333302e-11,1.462623863343315,0.003194031946650841,0.18848963337321908,0.006935904864519963,1.4626273508523624,0.18861720140395524,7.77487179981456e-06,6.044863150355169e-11,CALIBRATED,0.000921389906588365,-0.0016110106872719266,-0.00010840242271292241,0.00044161633497402983,0.0,0.0,0.0013306723832870386,-0.0023795547052517674,-0.00026493877820359606,0.000521257764153126,0.0,0.0
20889187,129,67,199,5.768787293033714,226.29892949101298,36.05092785839866,670.2278415982514,691.328424876933,31,remote,True,4,4,2,1.0389368041187129e-129,1.636934652401325e-06,1.636934652401325e-06,2.6795550562322464e-12,1.1653727015146202,0.0010343002413986445,-8.411676351371447,11.886091318390339,1.1653731604994486,14.561437630582216,2.718131609431053e-06,7.388239446188246e-12,CALIBRATED,-0.0002235735571186109,-0.0005806373695174411,-0.0003410507142830718,-0.0010646568331464975,0.0,0.0,-0.0005732761941528855,-0.001230282439472628,-0.0002100378621606198,-0.0009120171216775001,0.0,0.0
20889187,130,68,87,2.712743800512669,-266.3169186248406,31.583310688740728,177.75789603262163,180.57446046142624,8,transition,False,3,3,2,8.454488418299593e-10,0.0005185448372893954,0.0005188490517408532,2.6920433849238254e-07,1.582408419188484,0.004207260694445732,0.19937612592883744,0.005135901120883411,1.5824140122487376,0.19944226500597895,0.0012137544465049871,1.4731998564106276e-06,CALIBRATED,0.00524579677230271,0.005544493656001812,-0.017371836014158527,-0.012601927295469221,0.0,0.0,0.014424426644564621,0.011595167224149024,-0.02329416089805058,-0.018128003960180314,0.0,0.0
20889187,131,68,147,3.7199133939328917,-271.2511897792248,18.50413673732554,173.87608143742682,173.58702165504337,8,transition,False,3,3,2,2.0846002542634705e-09,0.0014900115812178233,0.0014929483347887228,2.2288947303484203e-06,1.3630850958514207,0.0024230069633631003,0.14896388144826575,0.010167562317090723,1.3630872494066626,0.14931047283966686,0.0027557823870053453,7.594336564528879e-06,CALIBRATED,0.032183574900534126,0.015358161584471302,0.013359448541196453,0.0065435348880270375,0.0,0.0,0.04487384857687901,0.021561464103348575,0.01498366064337883,0.007260391198051954,0.0,0.0
20889187,132,69,102,2.319418971410375,266.233631082963,39.08943583805765,710.1563525470423,732.0672782430332,33,remote,True,3,2,3,1.5508072977801283e-145,4.091959998107605e-06,4.091959998107605e-06,1.6744136626112792e-11,1.733785718145854,0.005619719886790875,0.1923953208271519,0.004241507950836127,1.7337948257213542,0.19244206885678536,1.2258869855961133e-05,1.5027989014539253e-10,CALIBRATED,0.0013170361674637659,-0.001388749476685648,-0.0003664502013339899,0.0005426461762949934,0.0,0.0,0.002276015444688047,-0.0024515225019856924,-0.0006883512885813249,0.0007712544828192841,0.0,0.0
20889187,133,70,81,2.4748970095121265,-19.250887094277555,131.285640125584,434.59717628155323,554.1176775736855,25,transition,False,2,2,2,5.849415141061166e-55,2.4200793206168302e-05,2.4200793206168302e-05,5.856783918077218e-10,1.6596106078527015,0.004893058346439591,0.19731753545132916,0.004520329040273704,1.6596178209808412,0.19736930655808382,6.633691568579596e-05,4.400586382704402e-09,CALIBRATED,0.0002942039259114601,-0.0009911189202049127,8.326467658610383e-05,0.004808844719450966,0.0,0.0,5.487686939404465e-05,-0.0014138024290998715,3.907845760919178e-05,0.008020819146485204,0.0,0.0
20889187,134,71,91,2.0199773952858564,-123.45126157221657,-106.87089324895432,352.0815858387868,545.7603411397278,25,transition,False,5,4,5,2.5474285725074214e-36,4.977199173118046e-05,4.977199173118044e-05,2.4772511608886944e-09,1.876642627112352,0.007019227364557329,0.1829154243537851,0.0037045148970435175,1.8766557541136692,0.1829529335570974,0.0001741466395204997,3.032705205628287e-08,CALIBRATED,-0.004497405776556232,0.00520422802259908,-0.0005495183421594321,0.0014694806200164384,0.0,0.0,-0.00839255726632565,0.009889162006327433,-0.0014973744150626228,0.001916759433437104,0.0,0.0
20889187,135,71,112,2.49260843739577,-115.02020897007995,-115.86356339640778,363.5101019244599,545.797343973486,25,transition,False,4,4,3,1.1424928371894639e-38,1.2560463712624887e-05,1.2560463712624887e-05,1.5776524867616655e-10,1.6511608799505608,0.0048102800092230755,0.1978782541895401,0.004552091208605032,1.6511678867616328,0.1979306065657146,3.3245740347300194e-05,1.105279251240104e-09,CALIBRATED,-0.00011951704566303581,-0.0008727259018793738,-0.002701356287836575,-0.002118301936640643,0.0,0.0,-0.0008448323279480553,-0.0008719499393959117,-0.004308042102045466,-0.003634896867195164,0.0,0.0
20889187,136,72,77,5.0071771134559455,251.15402441544617,87.48027734713204,696.7698739504245,730.4216251250689,33,remote,True,3,3,3,3.966726863503668e-140,2.370904491711845e-06,2.370904491711845e-06,5.621188108819403e-12,1.2124190928324041,0.0013380371592750173,-0.33613652637507124,0.15118616071519433,1.212419831167401,0.3685715935273628,3.4807191265479885e-06,1.2115405637916991e-11,CALIBRATED,-0.00017132109888053218,-0.0007464514962103683,-0.0002859923890036891,-0.0013048264597361127,0.0,0.0,-0.00022187893242523132,-0.000979692559661921,-0.0003355373073473629,-0.00153593817252355,0.0,0.0
20889187,137,72,125,4.482075179284237,256.7489003132497,76.03508246491977,701.6531044691159,730.4034785288541,33,remote,True,3,3,2,4.341361424369923e-142,1.6236291583892206e-06,1.6236291583892206e-06,2.636171643971689e-12,1.264218952665207,0.0016964878455358288,-0.05870675096650896,0.025697445488334365,1.2642200909449757,0.06408464179247331,2.590213217301337e-06,6.709204511082542e-12,CALIBRATED,0.0004822117068158927,-0.0011716030143906478,-2.2449191925035636e-05,0.0001339531210968412,0.0,0.0,0.0006105673745409687,-0.0014851714047198154,-4.381480553943359e-05,9.88274246633843e-05,0.0,0.0
20889187,138,73,86,3.3476577478222644,-167.06494987350553,63.57150132271811,277.9517048259029,569.0870386291397,26,transition,False,2,2,2,6.555796094540991e-23,0.00011298858831278619,0.00011298858831890322,1.2766421090298593e-08,1.4309534524064442,0.002948713678416254,0.1759136608391607,0.007964126552501498,1.4309564905566765,0.17609384822184881,0.00023065386881258661,5.320120719821391e-08,CALIBRATED,0.0003777473115535382,0.009839261193062051,-0.0005525204723531803,-0.003966050376615389,0.0,0.0,0.0006779302115387963,0.014265443979860536,-0.0003108454696375882,-0.0051570110134007046,0.0,0.0
20889187,139,74,78,3.6918211311482665,140.97738314221806,92.09045786256833,587.3104502659858,633.7444539528151,29,remote,True,4,4,2,9.05448050078408e-100,4.3877047451220304e-06,4.3877047451220304e-06,1.9251952930366383e-11,1.3682067796378845,0.0024626794071291418,0.15099764585868305,0.010001280093638598,1.3682089959640422,0.15132849916118138,8.136909494453553e-06,6.620929612092838e-11,CALIBRATED,-0.0006618935890612252,6.060601218861819e-05,-0.0019423478345197674,-0.00041618916721203027,0.0,0.0,-0.0009559782879756233,-0.0001464163366537566,-0.002638220167239272,-0.0004912958506904254,0.0,0.0
20889187,140,74,98,3.083238302303368,147.81519001776485,77.13963486723719,592.9698929321055,630.3185175212798,29,remote,True,4,4,3,1.0936219787744517e-101,3.791152369944523e-06,3.791152369944523e-06,1.4372836292135975e-11,1.47916148738471,0.003322131998735311,0.19505654234505818,0.006398989074543562,1.4791652180615813,0.19516147614933027,8.178935345333557e-06,6.689498338314655e-11,CALIBRATED,-0.0003610716519972526,-0.0017294307532420255,0.000325975937853456,0.0007507253757198952,0.0,0.0,-0.0006084192440647719,-0.0026169245419575245,0.0002513560498292089,0.0009472525780909049,0.0,0.0
20889187,141,74,177,3.397021828398941,139.83412806396075,69.6288131566503,584.5631880818412,622.3069348385127,29,remote,True,4,4,4,7.608246527639589e-99,2.676301529887686e-06,2.676301529887686e-06,7.1625898788791685e-12,1.4219535646771573,0.002879000756899218,0.1723399042144447,0.008256319785203706,1.4219564792016077,0.17253755939226542,5.40282171981983e-06,2.9190482536156907e-11,CALIBRATED,0.00032403173158929925,-0.0002553747792005679,-0.0013871873020711342,0.0007627582041065144,0.0,0.0,0.0004995861034409668,-0.00029263757475918436,-0.0019649285664290325,0.0010984782308897665,0.0,0.0
20889187,142,75,103,4.174840814440653,-112.83576033645525,-33.68466670184482,338.95759297631093,390.16158230237284,18,transition,False,2,2,2,1.0237680581215985e-33,9.146984762544345e-06,9.146984762544315e-06,8.366733024621787e-11,1.2946837712850687,0.0019074238127574146,0.06072218744633649,0.016856587874305724,1.2946851763631688,0.06301847826655461,1.4900280524279529e-05,2.2201835970222383e-10,CALIBRATED,-0.00048143339628070977,0.0009737696283548579,-0.0011319539449498532,0.0025856642521595963,0.0,0.0,-0.0007922795223336107,0.001772757170028428,-0.0013713497435694825,0.003041267101011529,0.0,0.0
20889187,143,76,83,3.318997371128635,107.63511594280376,-70.81421439961186,562.3708954381689,593.3010963419497,27,remote,True,3,3,2,1.5481269065053087e-91,7.82152917973142e-06,7.82152917973142e-06,6.117631870939006e-11,1.4361787127477381,0.002989188423772612,0.1779885543625318,0.007794481579502014,1.436181823515805,0.17815914073422429,1.6112142637112297e-05,2.59601140358652e-10,CALIBRATED,-0.0015747756322367218,-0.0014034000629384391,0.0013670421465101195,0.0012260811232762058,0.0,0.0,-0.0023148587591258875,-0.0020757846475280175,0.0018887126887742523,0.0016963059979734113,0.0,0.0
20889187,144,76,173,5.1818266441506395,86.15854012890811,-65.59404338031894,540.2893174251606,571.1992074145147,26,remote,True,3,3,3,1.5175801383270516e-84,3.871181349548258e-06,3.871181349548258e-06,1.498604504109027e-11,1.201630594483964,0.0012683853720691655,-2.1879884033074912,2.8421896865227594,1.201631263908083,3.5868280509643067,5.605468795284738e-06,3.1421280414910934e-11,CALIBRATED,-0.0016324418049510506,-0.001035240417602894,-0.0003095465170379425,-0.00019690945774004064,0.0,0.0,-0.001987697296496787,-0.0012427731362410887,-0.0002106841926825212,-0.00025623301031542475,0.0,0.0
20889187,145,77,95,3.946687460578744,268.0542701706446,104.223233463692,714.9641279028535,754.211221298757,34,remote,True,3,3,2,1.6718373925024557e-147,2.3559326899837204e-06,2.3559326899837204e-06,5.550418839733929e-12,1.3217404356068867,0.002102752184473307,0.13254637070924635,0.011509871276402829,1.321742108236335,0.13304517099463747,4.103848024189454e-06,1.684156860564369e-11,CALIBRATED,0.00021445356311598177,-0.001312820512844168,0.00021242047773071423,-0.0007357460166027475,0.0,0.0,0.0003306145152940133,-0.001710299401161531,0.00020788009419365062,-0.001013017221616151,0.0,0.0
20889187,146,77,125,5.479020562309007,263.3664576544267,86.64393073568758,708.8963647724394,742.662662714711,34,remote,True,3,3,2,5.0577269855660784e-145,6.797058495357705e-07,6.797058495357705e-07,4.620000418931436e-13,1.183272250877402,0.0011498617925089897,-5.339208523770102,7.421359630075478,1.1832728095746203,9.142413599220577,1.2312423497751698e-06,1.5159577238798816e-12,CALIBRATED,0.0002904246287661976,0.0001313786615480883,-0.0006544275027896305,-0.000387070633636999,0.0,0.0,0.0008451177870815416,0.00028367870899484817,-0.0005287098527632222,-0.0003962455771206491,0.0,0.0
20889187,147,78,109,2.881379016482427,156.38544519663677,104.62112484454282,603.8911155559218,653.6046148606719,30,remote,True,2,2,2,1.930404071784616e-105,4.538859017465154e-06,4.538859017465154e-06,2.0601241180424743e-11,1.5307057643629391,0.0037566501557282682,0.20037795160945307,0.005588161460414376,1.5307103741316717,0.20045585808279082,1.0531851005034414e-05,1.109198855922444e-10,CALIBRATED,-0.0010039755627739956,-0.001861472869509552,8.906224472807947e-05,-0.00024058004792929698,0.0,0.0,-0.0014954184599471729,-0.0028549791547984055,-0.00014164544049012872,-0.00035299465936269273,0.0,0.0
20889187,148,79,85,3.0771043799211917,-206.50469073630012,32.822177525000605,237.49670693008073,321.3241118833365,15,transition,False,2,2,1,6.369954528810517e-17,0.00023210559133853004,0.000232105696475211,5.387305433624278e-08,1.480279802810316,0.0033307944440725845,0.1955006131247164,0.006362681488358329,1.4802835501348304,0.19560412431199484,0.0005072178667217254,2.5726996432173806e-07,CALIBRATED,0.006586525296303614,0.012362307824003707,-0.003222162043278801,-0.005051177885186155,0.0,0.0,0.010026185048172783,0.018494746045806084,-0.003907028973376659,-0.007026590453687872,0.0,0.0
20889187,149,80,111,3.806544570901739,-182.47984652891122,-118.59571376356209,305.2350630744356,606.1227046101418,28,transition,False,3,3,3,1.7697290391589837e-27,2.0633792997325585e-05,2.0633792997068483e-05,4.2575341344587235e-10,1.3472908005365398,0.0023006647183459574,0.14269214015413856,0.01068034495895531,1.3472927648690676,0.14309128775089908,3.705688453560788e-05,1.3732126914853743e-09,CALIBRATED,-0.003055760080520242,0.002167657600763637,-0.0017191067398131883,0.0019084171112070624,0.0,0.0,-0.0039587299497976635,0.0031789123129068657,-0.0025686104288980215,0.002163815771175613,0.0,0.0
20889187,150,80,129,3.2631040699124867,-170.54855092067567,-123.51273091723814,317.99818832106286,602.0114395664908,28,transition,False,3,3,3,9.202467144193166e-30,2.8004022921913338e-05,2.8004022921917296e-05,7.842252998112693e-10,1.44636898530803,0.003068122038568841,0.1820349997366777,0.007463640932254935,1.446372239443852,0.18218794434621044,5.828875490610913e-05,3.397578948504461e-09,CALIBRATED,0.0006524423346049012,0.0005410612919013989,-0.0022312723115508037,-0.00472303064483445,0.0,0.0,0.0006174257892423854,0.0011271399259433418,-0.003269053475806358,-0.006778671349206299,0.0,0.0
20889187,151,81,140,2.438014534194668,-19.774212664393605,153.49261351894296,439.3464250707673,576.3308164096467,26,transition,False,2,2,2,3.7612244828393814e-56,2.621358997577496e-05,2.621358997577496e-05,6.871522994180495e-10,1.6772064156462534,0.005065436880754597,0.1961498884858803,0.00445418714605686,1.677214064851516,0.1962004549845779,7.34984552418906e-05,5.402022922944197e-09,CALIBRATED,0.00014212426343638985,0.0007782936948190672,-0.0008818152956268212,0.004980968919650181,0.0,0.0,-0.00013292124680002067,0.0010755427048590447,-0.0014584674467882522,0.008378357105108565,0.0,0.0
20889187,152,82,126,3.7822353679290472,-43.15838247864546,109.87491322364815,406.9944051765744,534.2893018391023,24,transition,False,3,3,2,2.7376379190514956e-48,1.4572131678687497e-05,1.4572131678687497e-05,2.123470216610077e-10,1.3517227699966585,0.0023349946509443106,0.14445202657662104,0.010536455221356086,1.3517247867548554,0.14483578587740142,2.64711219577193e-05,7.007202977004488e-10,CALIBRATED,-0.0007745477892665878,-0.0011756516125278563,0.0025217047343121753,0.002496208308562799,0.0,0.0,-0.0013459110241584283,-0.00146999824799956,0.0032747801866907238,0.0034314086542561787,0.0,0.0
20889187,153,83,88,1.576665452078803,125.82951273958116,-83.89499022327065,582.8420992699628,615.7096387074719,28,remote,True,2,2,2,2.8721180016657194e-98,1.0701296034194877e-05,1.0701296034194877e-05,1.14517736811475e-10,2.2364581916846613,0.011135274094232222,0.16299482647811647,0.003137691116005362,2.236485912650151,0.16302502434954813,5.3477588084352635e-05,2.859852427319695e-09,CALIBRATED,-0.0017059277185580662,-0.0021145736738030804,0.0011156530540514906,0.0014404871031337531,0.0,0.0,-0.003830386465333478,-0.004850587996142104,0.00241759623619031,0.0030712785840726516,0.0,0.0
20889187,154,84,99,1.1079685417028102,188.20058194246602,16.926525059429505,632.5063189498771,647.669763023203,29,remote,True,3,3,3,1.3391039925316439e-115,1.3073462973386126e-05,1.3073462973386126e-05,1.7091543411649803e-10,2.999665375138276,0.02202225749034423,0.1400900824491216,0.0026903260277082812,2.999746213036767,0.14011591292475334,0.00011744923352334554,1.3794322455221353e-08,CALIBRATED,-0.0009491159089242805,-0.0033683949770979445,-0.00012858201180537582,-0.0009000132828544144,0.0,0.0,-0.0027147886614580074,-0.010199463039443005,-0.0006163046343421643,-0.0023812346276016155,0.0,0.0
20889187,155,86,119,3.306769369258756,-189.71086586135297,67.08000771043939,255.76507528422016,592.0031274752173,27,transition,False,2,2,2,1.647103728702397e-19,0.00018665466672744581,0.00018665467003292345,3.4839965845099533e-08,1.4384080795808036,0.003006457047531155,0.17887381145998024,0.007722102243067321,1.4384112215174472,0.1790404180325575,0.0003857846209455331,1.4882977375808863e-07,CALIBRATED,0.004072337568671317,0.013017080968819645,-0.00016930756189925406,0.0007730942765205056,0.0,0.0,0.005805156520653238,0.018750231210897646,0.0001423413119041112,0.0007023867916295147,0.0,0.0
20889187,156,87,89,3.8770406932531642,-283.9232663079308,37.033575669413736,160.0107419296167,162.1438102532158,7,transition,False,4,2,4,4.449484114976378e-08,0.003340619623298876,0.003362663639241178,1.1307506750674723e-05,1.3344381923424622,0.002201108713507445,0.1375885105245161,0.011097621846161546,1.3344400076668064,0.1380353412680799,0.00598600082225502,3.583220584403778e-05,CALIBRATED,0.052357826611000635,0.01612152535559736,0.017821516784557446,0.0066190325214595825,0.0,0.0,0.06960051239957069,0.021982335669050713,0.024426411223487328,0.007867455067968456,0.0,0.0
20889187,157,88,94,3.693098534455576,145.6129589355031,-94.82350895238258,604.5194494124603,638.3109055967302,29,remote,True,2,2,2,1.1685019621082442e-105,5.491878320087542e-06,5.491878320087542e-06,3.016072748264756e-11,1.3679738879033176,0.0024608754331572223,0.15090516710736024,0.01000884123115938,1.3679761013604061,0.15123672292962073,1.0277005408353012e-05,1.0561684016331706e-10,CALIBRATED,-0.0010054753173509175,-0.0018530735545579937,0.00047634595253632665,0.0009055996031280466,0.0,0.0,-0.0013648476832379894,-0.0025395442602559187,0.0006618521437698228,0.0012356629394383453,0.0,0.0
20889187,158,89,93,3.6821001934736586,-305.2602413142182,26.84804525535427,139.18830677824292,138.50038553862203,6,source,False,4,4,2,2.7364491261406717e-06,0.014407998152143876,0.014725629664304008,0.00021684416901023018,1.3699790672339023,0.002476407505723611,0.15170140180850006,0.009943740437863415,1.3699813054393142,0.152026949204934,0.027495865675611464,0.0007560226292512687,CALIBRATED,0.09683344718376273,0.017529652633425197,0.06983830229453299,0.012815458711350125,0.0,0.0,0.1381139766380296,0.025309446296144764,0.08673609206419029,0.016021154591856136,0.0,0.0
20889187,159,89,147,2.1847333720646667,-288.857537462315,23.95440171799855,155.78715828476737,155.15637144683294,7,transition,False,4,4,2,1.0747128871854907e-07,0.001360143125938119,0.001367260320521283,1.8694007840719617e-06,1.7980412188476906,0.006249203293441771,0.1881313653845726,0.003999974252574853,1.7980520785608773,0.18817388351066366,0.004144005294167918,1.7172779878091736e-05,CALIBRATED,0.011018983748582515,0.006703178365029335,-0.031352828571317895,-0.014761770153132464,0.0,0.0,0.03144049065697845,0.015988805728748178,-0.048179827035407075,-0.024053340716477932,0.0,0.0
20889187,160,89,197,2.7223991168066135,-303.1016605554052,41.21339819197431,140.83946686461945,153.02701060730112,7,source,False,4,4,1,2.0156898931022505e-06,0.0006085252434286199,0.0006269241059232438,3.9303383458765855e-07,1.5794481508797176,0.004181460702126915,0.19943348609386652,0.005161795573594648,1.5794536859088215,0.19950027445869847,0.0014013441492165043,1.963765424543328e-06,CALIBRATED,0.007189488728840098,0.008953016485794923,-0.018737841355548415,-0.011998839730595151,0.0,0.0,0.019141276569280413,0.016087677759851485,-0.021941706080130616,-0.017166940295322286,0.0,0.0
20889187,161,90,92,3.0777609080480417,-241.0996514295889,-31.761637203985803,214.7912305429021,258.9741323206482,12,transition,False,2,2,2,5.66060996209658e-14,3.874631180553743e-05,3.874609197417075e-05,1.501259643270899e-09,1.480160106882351,0.0033298672821919996,0.1954530831856345,0.006366567574628005,1.480163852423808,0.19555674600855086,7.557011452135682e-05,5.710842208770985e-09,CALIBRATED,-0.00046186622460161515,0.0009875232977144435,0.0021965837668890204,0.005721240167678143,0.0,0.0,0.0008974228521580457,0.0032794009570133024,0.002476388482820204,0.007607744487762257,0.0,0.0
20889187,162,91,105,2.094709323566093,-141.2622894332053,-117.42638706767448,340.66458444016405,566.4642336052028,26,transition,False,5,5,2,4.75435340399738e-34,2.451469546177636e-05,2.4514695461776248e-05,6.009702935836329e-10,1.8409896880202161,0.006669950908663289,0.1852813314282827,0.0038385327809405977,1.8410017706786421,0.1853210892201627,7.75361627727482e-05,6.011856537522104e-09,CALIBRATED,-0.0025817350392721007,2.628855854807165e-05,-0.0037280106389868395,0.00198760791809183,0.0,0.0,-0.005212680027358182,0.0016161883831848946,-0.006501582638192767,0.002341257784597391,0.0,0.0
20889187,163,91,112,4.653662150755242,-125.84788734302941,-117.85886592339148,354.6210019134457,556.807332671129,26,transition,False,5,5,3,7.776833642199026e-37,2.3094310606887225e-05,2.3094310606887225e-05,5.333471824073838e-10,1.2472046907155163,0.0015786824567789897,-0.12540648313576086,0.030634966015928508,1.2472056898447368,0.12909410193838047,3.5836574108188974e-05,1.2842600438117205e-09,CALIBRATED,-0.0005697375144086879,0.003408581227653156,0.000523527153833108,-0.003298060506608778,0.0,0.0,-0.0006632134055323932,0.0040178791704537095,0.0007076048783795741,-0.004330434665785726,-0.0,0.0
20889187,164,92,97,2.291631054704755,-257.09139369408985,-43.824350741789345,204.34071460615976,279.0052301075728,13,transition,False,2,2,2,1.024623421875094e-12,0.000497545927424512,0.0004975739860151883,2.475798715590428e-07,1.7470427145140959,0.005749592958274091,0.19151559471500285,0.0041916754645013625,1.747052175567738,0.19156146053483966,0.0015163458941460774,2.299304870693667e-06,CALIBRATED,0.013860202557677066,0.01701917570828962,0.002956749186999155,0.0026597111743373145,0.0,0.0,0.024317660215691657,0.02983924699541732,0.0038050704860590036,0.004487546447987576,0.0,0.0
20889187,165,93,131,2.5084740268717844,-326.40767286855237,18.604510676949886,119.2607683023653,115.80303495115042,5,source,False,2,2,2,8.241666634383884e-05,0.0871654337802718,0.09247227401159354,0.008551121460875237,1.6450364387104615,0.0047530904146182995,0.1981626029773581,0.004588072978039821,1.645043305373353,0.1982157098527104,0.2502387294169987,0.0626194217002339,CALIBRATED,0.29681877519251,0.034685041836273765,0.055889205934583144,0.006650807291558712,0.0,0.0,0.4885190499521802,0.058547169744199004,0.08968784390533696,0.010778999089608703,0.0,0.0
20889187,166,94,106,3.9950641119400707,165.37239209039015,-107.81642884208136,626.7189453836538,661.9593974273434,30,remote,True,2,2,2,1.6571232378892557e-113,3.497338653385707e-06,3.497338653385707e-06,1.2231377656465749e-11,1.3129205725428008,0.0020344337298356116,0.12904409990293453,0.011796219770762357,1.312922148768432,0.12958213812342606,6.0246135834748676e-06,3.629596883018989e-11,CALIBRATED,-0.00044761301572171985,-0.0013135513794777219,0.0003974345754613319,0.001188953225842909,0.0,0.0,-0.0005931795070201197,-0.0017617881580025163,0.0005098554940493622,0.001519506998153025,0.0,0.0
20889187,167,95,117,4.2423569386955755,289.5645158631154,114.92515534301496,737.4130011577678,778.2366620160798,35,remote,True,2,2,2,7.26638141482379e-157,2.0260211882446425e-06,2.0260211882446425e-06,4.104761855216233e-12,1.2879889912906843,0.0018610696915964718,0.034477144677047725,0.018799405831837007,1.2879903358590825,0.039269468607458745,3.3561446937642174e-06,1.1263707205481712e-11,CALIBRATED,0.0006652403416346222,-0.0011449207524307805,0.000308510840271898,-0.00042125290289154934,0.0,0.0,0.0008757843099574147,-0.0014541397804983508,0.0003567716988673711,-0.0005893538748970188,0.0,0.0
20889187,168,96,138,4.372526738189201,129.76952804571914,-10.85674737499763,575.8489762613182,589.8855186134743,27,remote,True,4,4,2,6.093048049233149e-96,4.9150867688853705e-06,4.9150867688853705e-06,2.415807794567203e-11,1.2750815831842506,0.001771699830340207,-0.016122797080285578,0.022545121788955576,1.2750828140540298,0.027716910040098346,7.98799956188082e-06,6.380813700060816e-11,CALIBRATED,-0.0015352549796050728,-0.001598629414725379,4.186676741936563e-05,2.664741345501652e-05,0.0,0.0,-0.001953613621263477,-0.0020390864017461705,8.099178721930882e-05,8.342875590286854e-05,0.0,0.0
20889187,169,97,121,2.839744593104559,-277.8399910115337,-51.45858094573177,189.08874439870567,301.1137298632827,14,transition,False,2,2,2,5.414399441690155e-11,0.0003717808877598314,0.00037189843189449126,1.3830844364558156e-07,1.5434706557789324,0.0038679015917916382,0.20013061042215888,0.005476502704295326,1.5434755022070714,0.2002055276704819,0.000874251754776681,7.64316130730106e-07,CALIBRATED,0.007990902340008581,0.012944273249247457,0.007009750901534755,0.009557881252358492,0.0,0.0,0.013538889393771437,0.020962380504952898,0.008742998765364643,0.013232112639873766,0.0,0.0
20889187,170,98,177,1.9189226631860414,150.72526561036676,65.80885300299735,595.2548925459215,630.863027922259,29,remote,True,4,3,4,1.8166193442144558e-102,7.311247677684653e-06,7.311247677684653e-06,5.345434260444923e-11,1.9532601930764624,0.007883022368560512,0.17858888951420135,0.0035669920132493167,1.9532761002732721,0.17862450808872282,2.7596999097365066e-05,7.615943591799682e-10,CALIBRATED,-0.001596565379021276,-0.0009675630731943817,-0.0014668606477685683,-0.0012939738048407012,0.0,0.0,-0.0030784916025184033,-0.002242006488298007,-0.0028893765662323214,-0.002178255842532253,0.0,0.0
20889187,171,98,192,2.7931840402059116,169.69632979322148,76.33665344704202,614.7578122264904,652.2143860136289,30,remote,True,3,3,1,3.042176932997017e-109,5.7460084356086625e-06,5.7460084356086625e-06,3.301661294208591e-11,1.5577458721455837,0.003992316149593165,0.19985400415502017,0.005351632632871644,1.5577509880513134,0.1999256435493757,1.3877481874556929e-05,1.925845031786561e-10,CALIBRATED,-0.0011898587311206003,-0.0019905160175017144,-0.0001590554219613319,-0.0005854844083308758,0.0,0.0,-0.001787471783535401,-0.003119062132430989,-0.00045699580258159333,-0.0008631527953262736,0.0,0.0
20889187,172,99,199,1.9750510422990502,209.09783497548565,22.14337175876377,653.2364044396401,669.2083487198174,30,remote,True,3,3,2,2.975747617829273e-123,7.855067177374053e-06,7.855067177374053e-06,6.170208036105917e-11,1.9068172136035013,0.007349670223140725,0.1811462336799238,0.00363739509821606,1.906831377900786,0.18118274923270727,2.852123689082935e-05,8.134609537828051e-10,CALIBRATED,-0.00043165748137791556,-0.002675856835017213,-6.377353176814627e-06,-0.0007130838127475985,0.0,0.0,-0.0007566440534090579,-0.005105003911222118,-0.00018221622508269144,-0.001361785218378269,0.0,0.0
20889187,173,100,101,3.6797334164751163,-122.59768242331198,70.7208479263405,322.8932948936301,538.672566343945,25,transition,False,3,3,2,1.1563500858533672e-30,2.2910896788230474e-05,2.2910896788225198e-05,5.249091916407077e-10,1.37041056979646,0.0024797499145605673,0.15187274673944895,0.009929731137695956,1.3704128133411104,0.15219701298859883,4.253801704271205e-05,1.8094828939260607e-09,CALIBRATED,-0.0024531650945135326,0.0011755777111256793,0.0031665178204603214,-0.002341806940184723,0.0,0.0,-0.0033745975810704413,0.0020983493186416055,0.004337561334791642,-0.002816487175973367,0.0,0.0
20889187,174,101,116,2.0995258763083484,-138.4850795468613,86.9880980416784,309.1944330589295,561.4109219062175,26,transition,False,2,2,2,3.54301954105511e-28,5.348068794032681e-05,5.3480687940169684e-05,2.8601839825538113e-09,1.8386918179464005,0.006647439667348422,0.18543381667079997,0.0038471703769594667,1.83870383418243,0.18547372073964874,0.00017871486248877168,3.193900207438057e-08,CALIBRATED,-0.004173657425879496,0.003507399611725364,0.0030589988264439704,-0.003794989561916317,0.0,0.0,-0.00745389136514338,0.007204804649229489,0.0059520507624987755,-0.005984834809123097,0.0,0.0
20889187,175,102,104,3.1968799141115944,283.3184826559049,26.166252963654756,727.3532826219695,753.4892484809623,34,remote,True,3,3,3,1.2368551544261373e-152,1.18771805109791e-06,1.18771805109791e-06,1.4106741689038177e-12,1.4584427433971543,0.0031616450885668767,0.18682935653913146,0.0070716504415907575,1.4584461703359106,0.1869631426372427,2.4755698633322835e-06,6.128446148239021e-12,CALIBRATED,0.00048267882058224224,-8.03982910657074e-05,-0.0009157725536100633,0.0003311132013488182,0.0,0.0,0.00081401713463721,-0.00023902371976654776,-0.0012638138547404387,0.0003982313018892241,0.0,0.0
20889187,176,102,189,2.4647197273978705,287.95859482429387,37.83998460718379,731.8821194724335,753.8281416896081,34,remote,True,3,3,3,1.5657955567528937e-154,2.7374557529467648e-06,2.7374557529467648e-06,7.493663999341338e-12,1.6644659625544083,0.004940624160801713,0.19699533710441933,0.004502077968152808,1.6644732951505326,0.19704677502287404,7.552502676588865e-06,5.704029667988197e-11,CALIBRATED,0.0010342839039438271,-0.0012383431142212967,0.00029670080021648124,-0.00021491283256492818,0.0,0.0,0.001755720149191044,-0.002053446741697707,0.00034043980144935946,-0.0003706840364968968,0.0,0.0
20889187,177,103,146,3.13693097634458,-129.70216834077638,-48.47685134649873,326.15251096385686,412.5955842977762,19,transition,False,2,2,2,2.8555228706290433e-31,4.5245181092600244e-05,4.524518109259852e-05,2.0471264121020348e-09,1.4693724255281744,0.0032463061527406556,0.19116941333724757,0.006716803886796749,1.4693760115798093,0.19128737556399558,9.745055051582413e-05,9.49660979583719e-09,CALIBRATED,-0.0016010747026907219,0.005880080204183332,-0.000634415603660608,0.0027755926435998482,0.0,0.0,-0.0023607879347260557,0.008796673995547757,-0.0009676804900123771,0.0036823025308058673,0.0,0.0
20889187,178,104,108,2.5595280098718014,300.8937214947132,18.11278538583211,745.1074373982709,772.82179513856,35,remote,True,3,3,3,3.8539184329666844e-160,2.2493351351167223e-06,2.2493351351167223e-06,5.059508550070564e-12,1.6293835607197071,0.0046166689521674464,0.19846590374981538,0.004724993914471846,1.6293901011040435,0.19852214112970568,5.947291357594143e-06,3.5370274492113986e-11,CALIBRATED,0.0011751697018428865,-0.0008855820058407119,0.00026649452292467577,-0.00011417743721731587,0.0,0.0,0.0019384850932153586,-0.0014347586250709064,0.0002990398493884043,-0.00020398469853983767,0.0,0.0
20889187,179,104,189,5.124223484148679,294.36983874152247,28.174594761387205,738.370961216027,764.7216083446613,35,remote,True,3,3,3,2.8535188334253992e-157,4.381163000458804e-07,4.381163000458804e-07,1.9194589236589193e-13,1.205188872562778,0.001291358024940789,-1.5772079474851173,1.9546390240826332,1.205189564406649,2.511612753606122,7.320488056046743e-07,5.358954537872302e-13,CALIBRATED,0.00011256377938651778,-0.0003068994917291444,-4.1193455826257684e-05,-0.0005740744697246053,0.0,0.0,-4.09721298011351e-05,3.690364906145283e-05,2.1461518239742715e-05,-0.0008535500067980947,0.0,0.0
20889187,180,105,129,2.21394787277816,-158.40315929760607,-130.47986778114057,331.9984478893241,588.0095991960939,27,transition,False,3,2,3,2.2434894923017223e-32,3.8848643114201275e-05,3.8848643114200015e-05,1.5092170718144803e-09,1.7841036310118794,0.006112662761105187,0.18905625512723762,0.004052365053332065,1.7841141025270226,0.18909968076456563,0.00012218008635870241,1.4927973502619978e-08,CALIBRATED,-0.004230933943279784,0.0035872483714249554,-0.0016617429007775447,0.002306100764326533,0.0,0.0,-0.007447061624396758,0.006798753899823497,-0.0032575284824009425,0.003144330312979364,0.0,0.0
20889187,181,106,107,2.727176339535159,181.5586360431663,-124.51629626250269,646.4854131500311,685.2162257828702,31,remote,True,2,2,2,9.841305490737504e-121,3.360429578225843e-06,3.360429578225843e-06,1.1292486950215117e-11,1.577983479954737,0.0041686954745621735,0.19946186655036818,0.005174607537933191,1.57798898634687,0.1995289772712939,8.33070077683866e-06,6.940057543322024e-11,CALIBRATED,-0.00022274811645488755,-0.0010262753749059762,0.00024516926590431804,0.0014823844780485185,0.0,0.0,-0.0003241558156093208,-0.0017507325637656727,0.00039906138059147834,0.002236360724198181,0.0,0.0
20889187,182,107,164,3.5665553734141575,198.4785924394896,-139.88723148729935,666.8260546874345,708.075590912689,32,remote,True,2,2,2,2.101814850166783e-128,2.883250523210382e-06,2.883250523210382e-06,8.313133579592942e-12,1.3910447975399882,0.002639582163863884,0.16006637207261476,0.00925981370205114,1.3910473019121479,0.16033398772027546,5.574379760379081e-06,3.107370971292394e-11,CALIBRATED,6.881066024037668e-05,-0.0014026771488744815,-9.947741397615854e-05,0.0009492716557348779,0.0,0.0,0.00012996449211418612,-0.0019654015800027163,-9.452232450986198e-05,0.0012983647987606028,0.0,0.0
20889187,183,108,110,3.421213845109662,323.22684828687943,16.2049338326582,767.4862306837229,795.2362647924225,36,remote,True,3,3,2,7.350454490588001e-170,1.9995698976067647e-06,1.9995698976067647e-06,3.998279775415127e-12,1.4175429602093332,0.002844836317035424,0.17058850159587696,0.00839951588013171,1.417545814826706,0.1707951660432669,4.011743257173492e-06,1.6094083961476982e-11,CALIBRATED,0.001282357187341724,-0.0003847472521130865,-0.00041865678213498275,0.00017839840930792506,0.0,0.0,0.0018239982367284674,-0.0005622001049916904,-0.0005777647654070411,0.0001867956299981713,0.0,0.0
20889187,184,108,189,3.983415443792687,305.53383366310214,29.786517029361146,749.512379116793,773.1606883472058,35,remote,True,3,3,3,4.95993368790381e-162,7.321957013460311e-07,7.321957013460311e-07,5.361105450696064e-13,1.315044317263607,0.0020508842071634576,0.12988741561902828,0.011727269595596581,1.3150459164962025,0.13041575667210614,1.2476973728977314e-06,1.5567487343359006e-12,CALIBRATED,0.00039227563725753296,6.508328271665513e-05,-0.0007575344846107978,1.4872682895311497e-05,0.0,0.0,0.0005977337710689453,2.3367649369566875e-05,-0.0009430499067668841,-2.2859092968470713e-05,0.0,0.0
20889187,185,109,156,3.4445329246591356,179.2060227734317,108.45935103340331,626.9951996309256,676.7457198735136,31,remote,True,2,2,2,1.3179736394349223e-113,3.861086167711467e-06,3.861086167711467e-06,1.490798639449282e-11,1.413291506613037,0.0028119046561295375,0.16890029604137938,0.008537544931976747,1.4132943039127919,0.1691159356072961,7.666843046083463e-06,5.878048229327836e-11,CALIBRATED,-0.000803517237798879,-0.0017606700323827221,-1.9859050159314898e-05,-0.00033925340303041983,0.0,0.0,-0.0010923744035403727,-0.0024818667427476677,-0.00020710587615802947,-0.0005205822085676514,0.0,0.0
20889187,186,110,124,3.8049936943607143,345.86710391237466,9.509825226529728,790.3377827249027,818.8457047272373,37,remote,True,2,2,2,4.411808973312881e-180,1.5243003122741575e-06,1.5243003122741575e-06,2.323491441999094e-12,1.3475735509613052,0.0023028548965752294,0.14280441724403584,0.010671165093256402,1.347575518622662,0.1432025675358379,2.7646265801598055e-06,7.643160127726101e-12,CALIBRATED,0.0011655139435448277,-0.00018174596496848503,-0.0003551246612959601,8.205144016923378e-05,0.0,0.0,0.00158103235428367,-0.00025213436079337645,-0.0004426268614979276,7.397973003364914e-05,0.0,0.0
20889187,187,111,113,3.285638005919864,-195.15578450960342,-136.45674648250682,304.38037414222833,626.1023247141139,29,transition,False,3,3,2,2.497549697815666e-27,2.6429990935029688e-05,2.6429990934943443e-05,6.985444208211925e-10,1.442260676355525,0.0030362991727522245,0.18040363534891796,0.007597022604324631,1.442263872415226,0.18056352455453448,5.394986767944683e-05,2.9105882226298213e-09,CALIBRATED,-0.000862889972172414,-0.001087437813599036,-0.004654382588029404,-0.0016851152947710694,0.0,0.0,-0.0015493127269764612,-0.0007583672870472119,-0.006633328626086594,-0.0026407059945689503,0.0,0.0
20889187,188,111,129,5.80952324864958,-180.49197528220313,-130.05614004919414,312.97590223408736,610.1024789719902,28,transition,False,3,3,3,7.478621157974539e-29,2.619391800060699e-05,2.6193918000589212e-05,6.861213402215915e-10,1.162856348976278,0.0010180543797527679,-8.843609695628453,12.513751752136722,1.1628567946179613,15.323296491379343,3.959529083126055e-05,1.567787056012106e-09,CALIBRATED,-0.0010277582840487825,0.004634417617135547,0.00027996408216951116,-0.0018924651576282673,0.0,0.0,-0.0007705254769180407,0.004693748633611066,0.0013692620919280546,-0.003885283311261077,-0.0,0.0
20889187,189,112,114,3.411159500023963,-123.54664641696607,-136.82379790554256,365.4204988362948,568.42545848207,26,transition,False,3,3,2,4.549901520605098e-39,1.495226783852531e-05,1.495226783852531e-05,2.2357031351499834e-10,1.4193760334866172,0.002859035260106506,0.1713163948724748,0.008340002736992527,1.4193789129470753,0.1715192782102197,2.9833918751774326e-05,8.900627080874718e-10,CALIBRATED,-0.0015899195687040944,-0.0013416485330248781,-0.0028848404437238698,-0.0015172667635140354,0.0,0.0,-0.0024173128985412497,-0.0015376389233642796,-0.003989247256357184,-0.0023899979019493395,0.0,0.0
20889187,190,113,142,4.11468807306294,-208.99345263544802,-152.4706546219954,303.031450798361,647.2665944407308,30,transition,False,2,2,1,4.293191751533789e-27,2.5096310519696895e-05,2.509631051915369e-05,6.298248016737841e-10,1.3006484111992673,0.0019487225024075704,0.08410491694347524,0.015125655783149195,1.3006498710546854,0.08545421298531268,4.221167922440012e-05,1.7818258629436527e-09,CALIBRATED,-0.004145213809115893,0.002035003417516084,-0.0015239777787451434,0.0012040622145294139,0.0,0.0,-0.005293867339143601,0.002787562455903663,-0.0022246709877407154,0.0012111904766343995,0.0,0.0
20889187,191,114,168,1.6767436054497615,-136.88516794695732,-154.8895636523988,363.09805127246443,590.881817239142,27,transition,False,2,2,2,1.3925861618951134e-38,2.9122890146654862e-05,2.9122890146654862e-05,8.481427304941269e-10,2.153649322158229,0.010184295308570474,0.1675546282340909,0.0032632213886844346,2.1536734020513726,0.16758640176486866,0.00013280070037725064,1.7636026020688298e-08,CALIBRATED,-0.003019076098036078,-0.0021726171292854647,-0.00364558656162087,-0.0014133304964468944,0.0,0.0,-0.006735908208671822,-0.0036986524757882085,-0.007608904359930702,-0.003981555636478219,0.0,0.0
20889187,192,115,154,2.1932835148809744,84.31586128620887,77.87682163783873,529.6719844493982,577.6554788799268,26,remote,True,3,3,3,2.7737358782680994e-81,1.0308209435688403e-05,1.0308209435688403e-05,1.0625918177001543e-10,1.7939621360771274,0.0062092422801374,0.18840205080434672,0.0040153073514741944,1.7939728817259482,0.18844483394460684,3.2929074289891875e-05,1.0843239335892181e-09,CALIBRATED,-0.001427022172847994,0.0006570028268723235,-0.0027255550206380067,0.0006414937792725066,0.0,0.0,-0.0027354492697885223,0.0008227806448896218,-0.004794855191196692,0.0013337118459976528,0.0,0.0
20889187,193,116,148,2.068349222843633,-156.07953232497738,100.31865703839097,294.31545473759985,583.4850826315133,27,transition,False,2,2,1,1.34199410908196e-25,5.187812361246415e-05,5.1878123609352924e-05,2.6913397092273013e-09,1.8535655051729092,0.006793150761379864,0.18444680794924342,0.003791260818347974,1.8535779532741992,0.184485768072385,0.00017581305273268265,3.0910229511185046e-08,CALIBRATED,-0.004246455904686302,0.0038151905554778816,0.0024999482272538734,-0.003611137735582839,0.0,0.0,-0.007486091768186734,0.007749721169397171,0.0052356265602862,-0.005683442538531773,0.0,0.0
20889187,194,117,123,1.8921784476895454,311.4035306813836,122.17882830377758,759.899452393956,801.2487966335862,36,remote,True,2,2,2,1.561844385642277e-166,2.8035359802471464e-06,2.8035359802471464e-06,7.859813992540329e-12,1.975389480808492,0.008137155570659686,0.17737035862933323,0.0035334461438384485,1.975406240293278,0.17740555053872947,1.0849266765344338e-05,1.1770658934560517e-10,CALIBRATED,0.0012262904694154211,-0.0010675373114405657,0.00037912293263488357,-0.00012797482369836135,0.0,0.0,0.0024603309154753255,-0.0020379175689176445,0.000634422128288858,-0.0004903458953992745,0.0,0.0
20889187,195,119,128,2.7627824523571824,-211.5342367128419,71.77398030005094,234.6971825211845,614.3256025618568,28,transition,False,2,2,2,1.52653860263988e-16,0.00021490426247582328,0.0002149043323941335,4.6183872081768224e-08,1.5670668362968272,0.00407355230065214,0.19967339483647895,0.005270099055417618,1.5670721308381732,0.19974293116297842,0.000523933912849728,2.7450674503402636e-07,CALIBRATED,0.002829488811433012,0.012250526514779602,-0.002385821839768467,-0.0071505789779342105,0.0,0.0,0.00491506764297772,0.01976494569900594,-0.002649184880224292,-0.010104690193193414,0.0,0.0
20889187,196,120,166,4.035144915710614,-75.05355044610971,-123.13419054679613,402.9032510163297,532.570697135717,25,transition,False,3,3,1,2.447822260860475e-47,3.4656498381157835e-06,3.4656498381157835e-06,1.2010728800431956e-11,1.308535770617617,0.0020033339481047787,0.11502513918303699,0.01283675255879729,1.3085373041425867,0.11573921055689303,5.84019897182019e-06,3.41079240304496e-11,CALIBRATED,-0.0005733659668695097,-0.0006630961082621207,-0.0013987753536117606,-0.0008606000043501629,0.0,0.0,-0.0008963748607242603,-0.0006686633772113057,-0.0017513937486883441,-0.0012337829249562152,0.0,0.0
20889187,197,120,190,2.6014059294959964,-60.79487973879018,-119.72225759392519,414.67964333799705,529.2967316401896,25,transition,False,3,3,1,4.208966913748083e-50,1.6247244468144298e-05,1.6247244468144298e-05,2.6397295280764547e-10,1.616544014657573,0.004504766869238283,0.1987146914961293,0.004837305699641827,1.6165502912838097,0.19877355996921126,4.231717460733961e-05,1.790743266748068e-09,CALIBRATED,-0.001975910207744976,0.002369604259543995,0.001883365810095361,-0.001783516806085187,0.0,0.0,-0.0033702152658994264,0.0036887467187085472,0.0028540574702083676,-0.0030341930180532045,0.0,0.0
20889187,198,121,130,2.4639056981895386,-298.41898542143974,-60.33498483025235,176.14186511749992,323.5254579725579,15,transition,False,2,2,2,1.2339700429365044e-09,0.0005964175021066676,0.0005973593403676724,3.568381815245007e-07,1.6648543177655175,0.00494442870918449,0.19696956609185268,0.004500618157407366,1.6648616599458788,0.19702097738619487,0.0016470859189231326,2.71289202431486e-06,CALIBRATED,0.013423403754139253,0.018973332632617003,0.005400508988309537,0.00529327153094296,0.0,0.0,0.022920596706558098,0.03174216645390568,0.006462584527061824,0.008508938569620586,0.0,0.0
20889187,199,122,169,3.494637361815606,-114.7492262487928,118.47823533686119,338.6476481561944,569.8125709156783,27,transition,False,2,2,2,1.1762675694710726e-33,2.7655855240342364e-05,2.765585524034216e-05,7.648463290747609e-10,1.4041566396433804,0.002741146188548666,0.16527294064199197,0.008834120443855942,1.4041593152263805,0.16550887164278522,5.428855471981441e-05,2.947247173566283e-09,CALIBRATED,-0.002960398979269113,-0.0007656211508408918,0.004251701715793742,0.0004782780542594145,0.0,0.0,-0.004191975835116485,-0.000730151664226902,0.0059424221359463975,0.0009329474921209583,0.0,0.0
20889187,200,123,133,4.061323726843941,333.89904752127893,122.99226649189586,782.350447338631,823.7590156369612,37,remote,True,2,2,2,1.784479565188157e-176,1.2000298326394357e-06,1.2000298326394357e-06,1.4400715992246321e-12,1.3059399258029705,0.0019853605262516246,0.10484884388431476,0.013590063933493688,1.305941434928338,0.10572591877866967,2.0313217139033698e-06,4.126267905375324e-12,CALIBRATED,0.0010476125457706323,-0.0002072210338622164,-0.00021558448346893419,0.00011454501384136018,0.0,0.0,0.0013777142099322232,-0.00028375109098033335,-0.00022347948584022879,5.2607104370582035e-05,0.0,0.0
20889187,201,124,153,2.991756325506639,368.45496264281627,9.262530437285347,812.9194044860672,841.434917124733,38,remote,True,2,2,1,1.7744834410432204e-190,1.4500842447486565e-06,1.4500842447486565e-06,2.1027443168682815e-12,1.4968646720606364,0.003461710700789604,0.20103367954920637,0.005884180764382041,1.4968686749024354,0.20111977500077144,3.243663757417989e-06,1.0521354571186985e-11,CALIBRATED,0.0011359629946360171,-0.00022107873808581893,0.0003323167486343637,-1.9028654962863666e-05,0.0,0.0,0.0017117408413092384,-0.00031450055336509924,0.0004572824973676738,-7.476074602463489e-05,0.0,0.0
20889187,202,126,127,2.5142253496127545,-56.280785031774805,128.22821676124005,397.79322716414185,556.8512432340568,25,transition,False,3,2,3,3.661193794903765e-46,2.314672243510087e-05,2.314672243510087e-05,5.357707594876019e-10,1.6432731139342178,0.00473772229222617,0.19819677035329009,0.0046034973670716454,1.6432799435858698,0.19825022564043515,6.175170009552021e-05,3.813272464687071e-09,CALIBRATED,-0.0030859314278879908,-0.0020043348679645956,0.00290632500755791,0.0010768780548320754,0.0,0.0,-0.005211770109999504,-0.002825309057272805,0.004598852323817047,0.0023360947007026013,0.0,0.0
20889187,203,127,132,4.714597855373629,-76.42339971288268,139.71109910756093,381.0662219710709,580.0370473644084,26,transition,False,3,3,2,2.0157541468977397e-42,1.2873745461829039e-05,1.2873745461829039e-05,1.6573332221596378e-10,1.2411624135450645,0.0015368462129767958,-0.14909356813264185,0.03238842835539024,1.2411633650302816,0.15257097479486378,1.964192449652168e-05,3.858051979270584e-10,CALIBRATED,-0.0034276502661379944,-0.0002486620023849948,0.001004142107542943,-0.00023414728548987228,0.0,0.0,-0.004167100608867109,-0.00017679299181311612,0.0014950775554586435,0.00010336514553093172,0.0,0.0
20889187,204,127,139,3.769936284579302,-61.6705573609363,147.1124909678891,397.26435892279534,576.489610225029,26,transition,False,3,3,2,4.83457411440323e-46,1.791241313336994e-05,1.791241313336994e-05,3.2085454426052386e-10,1.3539650961582674,0.0023523636573610407,0.14534242968117828,0.010463655143217208,1.353967139641743,0.14571859848552082,3.256105637996476e-05,1.0602223925792436e-09,CALIBRATED,0.0004926416080522992,0.0012444225688300647,0.0004703033082678614,0.003987473466721035,0.0,0.0,0.00025011801837038905,0.0014950820025335179,0.0007387416298261741,0.005451374869417196,0.0,0.0
20889187,205,128,152,3.582898015690155,-233.21605378085474,79.4534060349947,214.56699528365465,637.3272279607127,29,transition,False,2,2,2,6.032647902105244e-14,0.00027630610380925094,0.0002763092376555706,7.63467948138026e-08,1.3880652637582251,0.0026165027643276573,0.15888323191448925,0.009356548198505545,1.388067729809647,0.15915849451972186,0.0005316912826504834,2.826956200465162e-07,CALIBRATED,0.006379726643457539,0.014826269670377767,-0.002041624157905752,-0.0034090796513752152,0.0,0.0,0.008976812452895382,0.020616535916679782,-0.002111953004066226,-0.004648249363028391,0.0,0.0
20889187,206,130,137,2.0707698613818764,-318.73789073106866,-68.89898100592285,165.22562659870522,345.57540000147407,16,transition,False,2,2,2,1.4497910819770862e-08,0.0004366743456566337,0.00043771927001261653,1.915981593403779e-07,1.8524106724213116,0.0067818373633571636,0.18452344193921563,0.003795601785616457,1.8524230868293559,0.1845624751080513,0.0014590156042982127,2.128726533585679e-06,CALIBRATED,0.004399328467826602,0.015749854306141092,0.006267738593630933,0.011446515683911206,0.0,0.0,0.010710290793050328,0.030685181657629478,0.007082152820939781,0.018776794547676345,0.0,0.0
20889187,207,131,134,2.6653948365415197,-348.69875279976145,14.98905147813111,98.18875829208908,93.22065709323041,4,source,False,2,2,2,0.0017049215149139065,0.33028932538844463,0.37885764362991015,0.143533114136808,1.596925358171066,0.004333781967241918,0.1990948358804685,0.00500891662124087,1.5969312387313135,0.19915783419185204,0.9660606435679221,0.9332731670508678,CALIBRATED,0.6087720180283489,0.042735074866925175,0.07996084127393423,0.005852429793230316,0.0,0.0,0.9707528876242865,0.07084404755521746,0.13631304889418852,0.009967364957512726,0.0,0.0
20889187,208,132,141,1.9231788236566452,-91.6562017330316,154.15176507899588,370.6298457240025,601.0268327631115,27,transition,False,2,2,2,3.6059628280187708e-40,3.8345128317164985e-05,3.8345128317164985e-05,1.470348865659848e-09,1.9497384670531277,0.007842578793418658,0.17878281043833782,0.003572330610799777,1.9497542398848147,0.17881849695773502,0.0001445878292298895,2.090564036141169e-08,CALIBRATED,-0.0010176539909477382,-0.0017402934485724673,0.0042973148024823965,0.003976678623310482,0.0,0.0,-0.002702215739875114,-0.0028141753240026085,0.008095646914832458,0.007989166264460845,0.0,0.0
20889187,209,133,151,2.290976298248559,355.3276613722928,126.87513762257042,804.0737105230946,845.5365770200291,38,remote,True,2,2,1,2.270453800777761e-186,1.7861486449690038e-06,1.7861486449690038e-06,3.1903269819246085e-12,1.747355084241335,0.005752653109667969,0.19149486605233568,0.004190501279962749,1.7473645536755755,0.1915407111435565,5.415701866501224e-06,2.9329826706824845e-11,CALIBRATED,0.0009713632836672616,-0.0006048592485525428,0.0006444930724218076,-0.00024774177111038534,0.0,0.0,0.0017411487495367184,-0.0009707893396168692,0.0010606627654960764,-0.0005627303568001335,0.0,0.0
20889187,210,134,135,3.611399679940856,-371.36188616094313,10.493313578041473,77.9360569620313,70.11591141159592,3,source,False,3,2,3,0.018026958889147366,0.9529851077685325,1.2173595338740106,1.4819642347139486,1.382868939318318,0.002576252155792008,0.15681982851992668,0.009525253729278463,1.3828713390646796,0.15710884467663286,2.320878322260545,5.386476186738922,CALIBRATED,1.0516605731719793,0.045166926661140736,0.3303036190293346,0.015134090712883573,0.0,0.0,1.4726982843588166,0.06613627212955765,0.3838503738250581,0.01797135304620444,0.0,0.0
20889187,211,135,136,3.858031959617648,-394.6079307762764,9.313605371646343,57.52740326649301,46.839951673911585,2,source,False,3,3,2,0.11213694135910164,3.1972392397941496,4.493023063987496,20.18725625352359,1.3379037986415572,0.0022279532194840667,0.1389646647436121,0.010985106363939418,1.3379056536972465,0.13939817290456705,8.039190806951021,64.62858883056582,CALIBRATED,2.102199196221653,0.06384504802635171,-0.263912503659176,-0.007456785325526355,0.0,0.0,2.8049337140682686,0.08983416844167223,-0.4041210240971498,-0.012397043892649971,0.0,0.0
20889187,212,135,181,2.1964421414593467,-379.536831292103,-3.0186066872458035,76.84845944689113,66.3135618663576,3,source,False,3,3,1,0.02014930264096489,0.38621390873183625,0.3614723600298404,0.13066226706554257,1.7924552256627297,0.006194479729214726,0.18850204845112822,0.0040209717637247015,1.7924659292674836,0.18854492961677904,1.0436131638042907,1.0891284356656012,CALIBRATED,-0.016175776760632116,-0.0028822953343030683,-0.6004233895417925,-0.02634672542805126,0.0,0.0,0.26567620922086016,0.011245636515610613,-0.9852918037591502,-0.04585752678376246,0.0,0.0
20889187,213,136,167,4.533613147593201,-416.2684638035328,18.341136397497834,34.48019501489033,23.373486080482802,1,source,False,2,2,2,0.455646081470723,6.14210689795732,8.849687866778263,78.3169753394024,1.2591085384790592,0.0016611037464965782,-0.0787407235536185,0.0271804821914969,1.259109634200505,0.08329994092380648,14.020480866755836,196.5738837350665,CALIBRATED,2.3430769426724467,0.05484298393193528,-1.8314593166370183,-0.04926790143603031,0.0,0.0,3.011519444978795,0.07730630977872593,-2.223005158289634,-0.05918868098307333,0.0,0.0
20889187,214,137,144,2.216559956717333,-338.9703736094638,-77.30389296589621,156.6096504268949,367.4842089257277,17,transition,False,2,2,2,9.068060090419218e-08,0.0006115050943763178,0.0006180076003691438,3.819333941140273e-07,1.782857463921989,0.0061004545999916275,0.18913895000763328,0.004057049342499297,1.782867900941815,0.18918245706026096,0.0019358382852549534,3.747469866658838e-06,CALIBRATED,0.010947329161560477,0.020672731898129855,0.005756918645969068,0.006136744101665747,0.0,0.0,0.02052285723798795,0.0372638051893355,0.005766143242548486,0.009633848190717128,0.0,0.0
20889187,215,139,149,2.361996548654151,-60.06119147482474,169.67247812964138,405.5142725480659,599.1069283528223,27,transition,False,2,2,2,6.063071599773236e-48,3.0238261674684306e-05,3.0238261674684306e-05,9.143524691066817e-10,1.7134729040234797,0.005420724014176764,0.19374326665879532,0.004317862956454046,1.713481478473431,0.1937913757527197,8.845700306037525e-05,7.824641390423236e-09,CALIBRATED,0.00012146552607564731,-0.0007626489415208156,0.0015642767659052293,0.005214874168405766,0.0,0.0,-0.0002805981637135115,-0.0012058776030710312,0.002586366570097567,0.008957389960384067,0.0,0.0
20889187,216,140,182,2.595334307910907,-20.020878624889818,175.80461716733313,445.4502442969439,598.6441834998427,27,transition,False,2,2,1,1.0582951838027177e-57,2.0982863245376443e-05,2.0982863245376443e-05,4.4028054997416965e-10,1.6184055413454594,0.00452099086288998,0.1986786212934024,0.004821022305786129,1.618411855992186,0.19873710477693918,5.4780172712819734e-05,3.0008673224463596e-09,CALIBRATED,0.00031931476365910553,-0.0007032179597688764,-0.000389236396443746,0.0044983197814103615,0.0,0.0,0.00015515196584826562,-0.0010725599671677693,-0.0007035747578388919,0.007287708711060986,0.0,0.0
20889187,217,141,143,2.5736069215615096,-100.5613552371318,174.46139432380943,369.1399341979468,623.2030091466402,28,transition,False,2,2,1,7.473104313882908e-40,3.413352249159716e-05,3.413352249159716e-05,1.1650973576843694e-09,1.6250670417338813,0.00457904866067274,0.19854954354714216,0.004762751943507464,1.625073493050805,0.1986066591251509,8.982556758707508e-05,8.068632592340193e-09,CALIBRATED,-0.0018858920828037744,-0.0021132625772926636,0.003895914873483152,0.003306493931886512,0.0,0.0,-0.003282440881777319,-0.003068086524612159,0.006193907067419011,0.0055922723254847075,0.0,0.0
20889187,218,144,145,2.736258831064859,-361.0414676205023,-78.82814982741073,144.00545451832926,389.6078738532205,18,source,False,3,2,3,1.1103994992006307e-06,0.0010354007697761301,0.0010859216935517472,1.1792259245262947e-06,1.5751988366534218,0.004144426128580319,0.1995158236862256,0.005198965740218447,1.5752042887391553,0.19958354928691147,0.0026659322125056964,7.107194561675518e-06,CALIBRATED,0.024498733395752266,0.021909410483315274,0.0008204227509399166,-0.002244636794435742,0.0,0.0,0.03800038522093054,0.034599785928679024,-0.003372878431154222,-0.0036580651094286635,0.0,0.0
20889187,219,145,171,3.8009727426754587,-383.27296826942165,-72.90845859507604,127.22993413559988,412.614011412339,19,source,False,3,3,2,2.248976276320606e-05,0.002942994376712721,0.0033956762100270724,1.1530616923343822e-05,1.3483066369077956,0.002308533363306168,0.1430955176262363,0.010647364490515928,1.3483086132098616,0.1434910921810633,0.006172483205652042,3.809954892405651e-05,CALIBRATED,0.05009888260020939,0.018179876075420535,-0.022048484611552847,-0.00831472215133969,0.0,0.0,0.06770239751645754,0.02483436395306064,-0.02925510297509818,-0.010782480843429686,0.0,0.0
20889187,220,145,183,3.315607474684615,-380.4003569453131,-86.04840194415314,140.2000652774843,410.26939936610546,19,source,False,3,3,1,2.2699766172090944e-06,0.000298585735374442,0.0002643282284165155,6.986941233781359e-08,1.4367967468943013,0.0029939757019309837,0.1782339689379152,0.007774416285285395,1.4367998662919448,0.17840344512351392,0.0005381462630855487,2.896014004729406e-07,CALIBRATED,-0.010615489457921777,0.004426202164266888,-0.009299039126941694,0.00675101604959681,0.0,0.0,-0.014124434378291717,0.00765630065638338,-0.014471740760004913,0.008402166161958212,0.0,0.0
20889187,221,146,185,2.9478612619656133,-151.70503806333858,-54.851393674502184,306.89923684285134,435.50324821009065,20,transition,False,2,2,1,9.024041616428936e-28,6.284530651152466e-05,6.284530651146517e-05,3.949532550520007e-09,1.5103226636536498,0.0035790027985019,0.20077290838314377,0.005766459230201673,1.5103269042187148,0.20085570141940162,0.00014309499209158003,2.047617676168935e-08,CALIBRATED,-0.0009900897766557818,0.007689867247543647,-1.1242004314568337e-05,0.0016525265741044396,0.0,0.0,-0.0014866892293357373,0.011678646933965045,-0.00022954900374632764,0.0021074297790496083,0.0,0.0
20889187,222,149,159,3.469719903772731,-67.77297235331454,190.69735856370787,405.611008653526,621.5015071964762,28,transition,False,2,2,1,5.756552572215654e-48,2.167704849377493e-05,2.167704849377493e-05,4.6989443140147e-10,1.408699504055425,0.002776335110871423,0.16707686223258028,0.00868663035528921,1.4087022399224929,0.1673025267006271,4.2893341831849004e-05,1.8398387735038478e-09,CALIBRATED,-0.0010265435122267148,-0.0023726686899429696,0.0018861065419515332,0.0033817602386112646,0.0,0.0,-0.0015775937101191121,-0.0031198728924394853,0.0025609787280549364,0.004910429818978479,0.0,0.0
20889187,223,150,158,3.990496744123142,-218.93440613140558,-115.32222178055959,272.79144361211974,636.1468747119046,29,transition,False,2,2,1,4.292024443698588e-22,2.4386833274060057e-05,2.438683315963157e-05,5.94717631555706e-10,1.3137532791807147,0.0020408838561307104,0.12937475856815384,0.011769184850800756,1.3137548644115442,0.12990897531202536,4.1491425796140696e-05,1.7215384145966497e-09,CALIBRATED,-0.0027616781734846624,0.001105637763721581,-0.0032044496665250876,0.002295437713350111,0.0,0.0,-0.0034856547279576077,0.0019746899342596683,-0.004330510283407731,0.0025862941175436548,0.0,0.0
20889187,224,152,165,2.5868090214453368,-255.74457739059125,84.4908270043023,193.61378482243825,660.41207117128,30,transition,False,2,2,2,1.7230689648179812e-11,0.0004141842611595994,0.0004142546153794362,1.716068863631646e-07,1.621019348555795,0.004543771299970572,0.19862797439342544,0.004798158463679692,1.6210257167145377,0.19868591932061477,0.0010850018159394672,1.1772289405919414e-06,CALIBRATED,0.008476472887358423,0.017786933466240974,-0.0030809291688340544,-0.004066558261411992,0.0,0.0,0.014019946645835989,0.028903811376234084,-0.0033573545184796597,-0.006460709756033368,0.0,0.0
20889187,225,154,161,4.762873059574105,100.82810970916675,93.22499773611302,547.4493603081573,600.1992331707523,27,remote,True,3,3,2,8.80757762456943e-87,3.328168380108614e-06,3.328168380108614e-06,1.1076704766354795e-11,1.2363755293026295,0.0015037022093884241,-0.1678592306009708,0.03377757701667963,1.23637644371716,0.17122396446487162,5.084219320050799e-06,2.5849286094377813e-11,CALIBRATED,-0.001553310604035986,-0.0004931130417035415,-0.0007931396207015659,-0.0002077585561974091,0.0,0.0,-0.0019086221175959837,-0.0005835586720632443,-0.0010015807965787333,-0.00031253178471751596,0.0,0.0
20889187,226,154,180,2.30966309271259,90.92372276882308,98.5963774886695,538.1636593807928,599.4032104404623,27,remote,True,3,3,2,6.908607676499891e-84,7.434023129467788e-06,7.434023129467788e-06,5.526469988946205e-11,1.7384400306600192,0.005665316177614748,0.1920864635159572,0.004224012587760108,1.7384492618447631,0.1921329012647462,2.2345757336203024e-05,4.993328709284713e-10,CALIBRATED,-7.961515340903113e-05,0.0002906197445674335,-0.0022667604714580805,0.001484931542502261,0.0,0.0,-0.00035264215707192726,0.0002786230959058129,-0.0039285468364388355,0.0025904227009492017,0.0,0.0
20889187,227,156,157,3.022011067580202,193.67257070422505,122.01078516155977,642.9846361949276,696.5679895710963,32,remote,True,2,2,2,1.9463935719432338e-119,4.827892546087754e-06,4.827892546087754e-06,2.3308546436569696e-11,1.4903242241772505,0.0034085982989094077,0.19948914259100178,0.0060365760925902125,1.4903281221636686,0.1995804556128046,1.0653443686810619e-05,1.1349586238804503e-10,CALIBRATED,-0.00046795224595278634,-0.0001790104702331227,-0.0016636201140417927,-0.0013450786628662228,0.0,0.0,-0.0006746871808190663,-0.0004900189882732885,-0.002480716765132626,-0.001950427290921295,0.0,0.0
20889187,228,157,162,3.4122512679464876,205.22676515949348,141.11573941351776,657.1421768858065,718.895073717477,33,remote,True,2,2,2,1.0092948645324347e-124,3.450891829877042e-06,3.450891829877042e-06,1.1908654421512117e-11,1.4191769861506924,0.002857493444061142,0.1712373553603398,0.008346465071445357,1.419179862909753,0.17144064672647544,6.9098852057229885e-06,4.774651355626943e-11,CALIBRATED,-0.0007629040452135041,-0.001175509320224102,-0.0005175058457106572,-0.0011041896510090468,0.0,0.0,-0.0009577643328450147,-0.0016746151331251571,-0.0008613919357244953,-0.0015640462836597746,0.0,0.0
20889187,229,161,180,2.53429396366559,101.89843642384078,104.32836062991419,549.7244287826742,611.3540647171086,28,remote,True,2,2,2,1.6909124818827063e-87,4.497000025248976e-06,4.497000025248976e-06,2.022300922708929e-11,1.6371201842555976,0.004684096903616457,0.19831599368880087,0.004657319091989879,1.6371268852660397,0.19837067316995502,1.1970929663809106e-05,1.433031570158648e-10,CALIBRATED,-0.00016668605204074426,-0.00185699398568479,0.0002869756587488183,0.0009687280803818201,0.0,0.0,-0.00038271547262557203,-0.0030177740196060845,0.00024671873216747145,0.0016299166741310133,0.0,0.0
20889187,230,162,187,4.003677303002529,225.75800147724004,149.86780609441251,678.8064748435437,741.2139073770118,34,remote,True,2,2,1,4.9384599936757826e-133,1.4266061646147125e-06,1.4266061646147125e-06,2.0352051489167e-12,1.3116560436835547,0.002024938469220486,0.12725731113433023,0.011931252669332752,1.3116576067356143,0.12781540606436761,2.423702308122874e-06,5.874332878400147e-12,CALIBRATED,0.00036015240338566025,-0.0011321156680744436,0.00012182636826467412,1.92057555446557e-05,0.0,0.0,0.0004821547006290299,-0.0014774627401591145,4.2106591154975916e-05,-8.099406896207449e-05,0.0,0.0
20889187,231,164,170,4.021172953049369,220.07439737660653,-148.82956282394176,690.0346812270036,731.4495952896951,33,remote,True,2,2,2,1.907234722918113e-137,2.4400050618238962e-06,2.4400050618238962e-06,5.953624701726236e-12,1.3099212058323757,0.002012926590709827,0.12045635671310038,0.01243470074880697,1.3099227524410761,0.12109647251388483,4.184477263478618e-06,1.7509849968569505e-11,CALIBRATED,0.0005343801172102822,-0.0014379509999810432,-0.00012635058287727288,0.00026603647121083406,0.0,0.0,0.0007064303535862589,-0.0018742531813387934,-0.0001491256345023705,0.0003877756779199665,0.0,0.0
20889187,232,165,175,2.8870019792178745,-276.97930842797166,92.11049466677545,175.2075347791997,682.9725041794567,31,transition,False,3,2,3,1.5330801768754256e-09,0.0003364888892506469,0.0003368052739397523,1.134377925536316e-07,1.528981794077516,0.0037416250243947117,0.200411356426099,0.005603241602609346,1.5289863722016372,0.2004896708087629,0.0007728083758071888,5.972327857177451e-07,CALIBRATED,0.004059778812899676,0.014922520913438568,-0.004614102181931129,-0.008737957460000029,0.0,0.0,0.007522521020883883,0.023465552750959393,-0.004312180507625929,-0.012124066424230025,0.0,0.0
20889187,233,167,193,2.213450370204221,-435.02410103500324,32.28910842198957,11.10672518510209,0.0,0,source,False,2,2,1,0.9216775024070601,15.846843900167382,21.731943261733758,472.27735793121525,1.7843409784131177,0.006114987951152097,0.18904050489990706,0.004051472874530755,1.7843514565023129,0.1890839150357979,68.90373738892842,4747.725026162412,CALIBRATED,3.5450472252047858,0.07487647821576388,-3.02555301419668,-0.07075241407183673,0.0,0.0,6.614028371223256,0.16699738909340653,-5.011369125471509,-0.12906375900759276,0.0,0.0
20889187,234,168,176,3.980776475310744,-150.65015272299138,-173.02222436357877,361.84921767757254,613.6473216339763,28,transition,False,2,2,2,2.5338337659879837e-38,2.039011859247233e-05,2.039011859247233e-05,4.1575693621508574e-10,1.3155254448320972,0.0020546110101448654,0.13007846609509482,0.01171164915411909,1.3155270492951068,0.13060463264203884,3.5136903749695506e-05,1.234602005115366e-09,CALIBRATED,-0.00180798622548525,-0.0018160393920264163,-0.0029456217789829687,-0.0022686158032415847,0.0,0.0,-0.0024686148550556045,-0.0021140238183018365,-0.003809059749780563,-0.003172508717931041,0.0,0.0
20889187,235,169,172,3.738049484269496,-130.72239105972298,135.5809116481185,327.772446725751,593.2143556998519,28,transition,False,2,2,2,1.4174797528891241e-31,3.179839591230094e-05,3.179839591229763e-05,1.0111379825952268e-09,1.359778586847893,0.00239739482134624,0.14765090301881414,0.010274912495644143,1.3597807002424998,0.14800798285587302,5.8623911891404493e-05,3.436763045451157e-09,CALIBRATED,-0.004399991582182144,0.00021581037274244076,0.003476465581420881,-0.000553247623796657,0.0,0.0,-0.0059104397108331545,0.0005062580888950548,0.004817956981030275,-0.0004707521560024538,0.0,0.0
20889187,236,170,188,2.628797974151535,242.43756280987193,-155.22680238791133,713.2947547036854,754.7097724651685,34,remote,True,2,2,1,8.087486847647609e-147,2.4632994277796095e-06,2.4632994277796095e-06,6.0678440708993515e-12,1.608145760344872,0.004431572525294023,0.19887742176348586,0.004910768026861682,1.6081518663827223,0.19893804193744616,6.365168914529463e-06,4.051537531049218e-11,CALIBRATED,0.0007168752201934168,-0.0012737533373057216,-0.0003145472061635166,0.00047749537929650375,0.0,0.0,0.0011807526347802316,-0.0020473546769446908,-0.00044796662738394254,0.0007606949832435867,0.0,0.0
20889187,237,171,174,1.621354515170264,-404.3518078731961,-64.4778440768526,110.72565445730473,435.3162742994727,20,source,False,2,2,2,0.00030175416731225563,0.015510623712306902,0.01965919303272846,0.00038648387069807925,2.1994805829843673,0.010710622464285068,0.16503096784857094,0.003193745610284943,2.199506661130815,0.1650618682799249,0.09506329606929984,0.009037030259559358,CALIBRATED,0.12809581654614793,0.025384867064321477,-0.05014558702842862,-0.009575147090519993,0.0,0.0,0.28359266771867436,0.0573956552387829,-0.10440277394470819,-0.02107829304916159,0.0,0.0
20889187,238,172,179,1.923910753510679,-148.14996854290155,150.32449807407818,316.05225175616573,616.0418347028416,29,transition,False,2,2,1,2.0805589068788265e-29,5.0601672415191424e-05,5.0601672415142174e-05,2.5605292512093606e-09,1.9491328375351595,0.007835623731396294,0.1788161589257075,0.0035732486868339966,1.9491485872957768,0.17885185713076018,0.00019066747760360054,3.6354087015719516e-08,CALIBRATED,-0.0053985355628222,-8.799623049679288e-06,0.004556551275716592,-0.0008338160651401796,0.0,0.0,-0.010364418886199425,0.000679540292217518,0.009067834396222371,-0.0007475982269458676,0.0,0.0
20889187,239,174,196,3.1301762108021123,-425.9192778410366,-58.910472759613455,99.48845651265029,457.590730167074,21,source,False,2,2,1,0.0014385765757723736,0.02095549727267024,0.033002443464637744,0.0010891612746366105,1.4706039309225762,0.003255845364949755,0.19165843061101814,0.006676821438892481,1.4706075350595664,0.191774695851161,0.07136607001209853,0.00509311594897175,CALIBRATED,0.17777525026833677,0.02103614359067619,-0.03074269980930885,-0.003281909190569468,0.0,0.0,0.26176108125890957,0.031488213897289036,-0.04277609463455043,-0.005089642781141465,0.0,0.0
20889187,240,175,178,1.937913058501607,-297.6581476367809,100.55434037421507,158.71422487840655,705.3088629103428,32,transition,False,3,3,3,5.8474147122414494e-08,0.00034813139871945096,0.00034973499381759835,1.2231456590059556e-07,1.9375467419887609,0.007702568768367746,0.17945413767266402,0.0035908120920772114,1.9375620524145527,0.17949005950001817,0.0013071843492724333,1.708730922982795e-06,CALIBRATED,0.003436664760839211,0.01737309696947831,-0.0023788528734930993,-0.005517326330260108,0.0,0.0,0.0071779190720142536,0.033727814630752924,-0.002481217136367107,-0.010580165822132209,0.0,0.0
20889187,241,175,195,1.844784618828001,-295.29142296485605,89.95028988414529,157.14251243845425,701.4115937316789,32,transition,False,3,3,2,8.119119874976962e-08,0.0008805350232213268,0.0008921925215974737,7.960074955944587e-07,2.014605126365083,0.008587508862566958,0.17521098161460974,0.0034739990011814236,2.014623428952651,0.17524541862033177,0.0036120122566376573,1.3046632542100662e-05,CALIBRATED,0.0205984786434416,0.00816440231415272,0.01777877434468111,0.009227833810094364,0.0,0.0,0.0406456793498797,0.018310486390352827,0.03660268554159167,0.016879292227948404,0.0,0.0
20889187,242,176,184,1.8936905400808648,-156.494858604034,-193.9850751745172,369.9550644305775,635.409713528195,29,transition,False,2,2,1,5.0177955129242345e-40,3.177952329494706e-05,3.177952329494706e-05,1.009938100854083e-09,1.9741383120236269,0.008122787122225437,0.17743925320131415,0.0035353427952434227,1.9741550229579559,0.17747446922112475,0.00012262532493866204,1.5036970316312448e-08,CALIBRATED,0.0006825245035579505,0.0002993501381405238,-0.0018319080955347521,-0.005279032659616676,0.0,0.0,0.0003371480783710772,0.0006735914266142179,-0.0036392087346539077,-0.010431399258370054,0.0,0.0
20889187,243,178,186,4.15353763722284,-318.7931512395064,109.49418836519212,143.65213929512748,728.2568314345716,33,source,False,3,3,1,1.1875777936141915e-06,0.00016732503724697372,0.00016220763682205924,2.6311317443397066e-08,1.2967961568259827,0.0019220498012714926,0.0690032136955956,0.016243575861131378,1.29679758121076,0.07088933105253824,0.00026919070319989815,7.246363468925566e-08,CALIBRATED,-0.00180306722701065,0.010972515735023478,-0.000662428937600153,-0.006174274997457712,0.0,0.0,-0.0015338216115470056,0.014394163227635504,0.0007080597017053393,-0.007690566357483458,0.0,0.0
20889187,244,178,195,1.7299123301173829,-305.75915141497404,93.22819598944854,148.44819625469466,712.3805502609297,33,transition,False,3,3,2,4.703308740926201e-07,0.0004842714141460042,0.0004747204773433579,2.253595316091056e-07,2.109655285142299,0.00967906686943072,0.16997712341347032,0.0033299121126907577,2.1096774887324123,0.17000973736405914,0.0020798355905255334,4.325716083616694e-06,CALIBRATED,-0.006620382609734875,-0.0004881891948007492,0.019941708786243857,-0.005742902875619802,0.0,0.0,-0.009964101950585122,0.0021893636507378023,0.043018010634853845,-0.011189714503431654,0.0,0.0
20889187,245,191,194,2.475929100023592,4.502416453693077,-32.11650379064418,454.0192431111136,465.7075827093881,21,transition,False,3,3,2,6.478647597395194e-60,7.145470227991399e-06,7.145470227991399e-06,5.105774477911145e-11,1.6591182204489554,0.0048882346395675465,0.19735020997611114,0.004522179903613107,1.659125421498809,0.19740201490535955,1.8742596396233947e-05,3.5128491967212173e-10,CALIBRATED,-0.0005483299058539454,4.985866094109519e-05,0.002570133378195681,-0.0004865522320894439,0.0,0.0,-0.0016597116553398565,0.0002871528627406985,0.003926141303938123,-0.0007006506349771337,0.0,0.0
20889187,246,194,198,1.6050133807323874,3.4668287759885574,-51.53695162762067,456.44567563713616,485.15562209712425,22,transition,False,2,2,1,1.503650456589891e-60,3.5923777816601037e-06,3.5923777816601037e-06,1.2905178126165168e-11,2.2130019242961336,0.010865901830066978,0.16428642639776847,0.0031732485588029024,2.2130286000774984,0.16431706973094834,1.5519018638707563e-05,2.408399395085527e-10,CALIBRATED,-0.00038748806917533523,-1.6877409031070968e-05,-0.0018414274607318518,0.00022603282468242698,0.0,0.0,-0.001971490121491057,0.00018641716842559736,-0.0033885717826066023,0.0003392274355196386,0.0,0.0
