seed,hotspot_id,particle_i,particle_j,gap_nm,x_nm,y_nm,euclidean_distance_nm,geodesic_distance_nm,geodesic_steps,classification,plasmon_dominated_remote,coordination,coordination_i,coordination_j,M2_inc,M2_scat,M2_CDA,M4_CDA,Cparallel_real,Cparallel_imag,Cperp_real,Cperp_imag,Cparallel_abs,Cperp_abs,M2_FWcorr,M4_FWcorr,FW_correction_status,E_CDA_x_real,E_CDA_x_imag,E_CDA_y_real,E_CDA_y_imag,E_CDA_z_real,E_CDA_z_imag,E_FWcorr_x_real,E_FWcorr_x_imag,E_FWcorr_y_real,E_FWcorr_y_imag,E_FWcorr_z_real,E_FWcorr_z_imag
20993916,0,0,1,2.238303115336347,4.19807605859859,-10.296197782124034,352.57974217254736,357.7622236211677,17,transition,False,4,2,4,2.0197979928108483e-36,1.5702832332712108e-05,1.5702832332712108e-05,2.465789432692688e-10,1.7724842870516238,0.005998833063425449,0.18982730763445305,0.0040960416738149265,1.772494438310887,0.18987149412468132,4.773962611438085e-05,2.2790719015408744e-09,CALIBRATED,-0.0005832689677965761,-0.0018593227119514863,0.002058408195757144,0.00276920645607705,0.0,0.0,-0.0013712885179050756,-0.002308572123578561,0.003489746312403515,0.005324599453512404,0.0,0.0
20993916,1,0,2,3.3371951765315195,11.526445074947668,-1.8158286293304648,363.6434390470946,368.97033021449727,18,transition,False,4,2,4,1.0715530696016061e-38,1.1813156013020869e-05,1.1813156013020869e-05,1.395506549879711e-10,1.4328609520676625,0.002963489126530297,0.17667110801583374,0.00790219705858392,1.4328640166561692,0.17684774560591685,2.4252018691195663e-05,5.881604105981038e-10,CALIBRATED,-0.0029704177427604004,0.0016442783334725012,0.00045371063515766227,-0.0002833193747924784,0.0,0.0,-0.004258300808315714,0.002351898405417758,0.0006685118493786722,-0.0003749116094856473,0.0,0.0
20993916,2,1,2,2.4162131866591494,15.724521133546258,-12.112026411454499,360.3774225331431,361.47462318044734,17,transition,False,4,4,4,5.116769780248944e-38,4.193658440528595e-05,4.193658440528595e-05,1.7586771115816726e-09,1.6876073531531195,0.005167330376294629,0.19545968868032404,0.004415090463687597,1.6876152641285562,0.19550954688406327,0.00011923627872740782,1.4217290164760087e-08,CALIBRATED,-0.000786049509148974,0.0040983186952194064,-0.0013175095906750884,0.004773537778770255,0.0,0.0,-0.0016488368250997805,0.006935004155843935,-0.0019878934132837403,0.008029421709404306,0.0,0.0
20993916,3,1,3,4.7805421831721695,18.649458198913354,-27.548582171695855,353.3502756597721,357.29062885417943,17,transition,False,4,4,4,1.4096845465565552e-36,4.756512109526105e-06,4.756512109526101e-06,2.2624407448068444e-11,1.2346234901195747,0.001491571230231802,-0.17472761811054044,0.03428601690417299,1.2346243911164945,0.17805974133906885,6.952547286366846e-06,4.8337913769167e-11,CALIBRATED,-0.0016139381906833514,0.00035331489497622814,0.0011977599164686914,-0.0007695813106285146,0.0,0.0,-0.002052377288736162,0.0007823230988782089,0.0013926052886736834,-0.000434644486870051,-0.0,0.0
20993916,4,1,9,1.8576759395791314,0.7274645923151892,-28.378969330394092,338.5362504194014,339.34940822490574,16,transition,False,4,4,3,1.236422202250868e-33,7.302142884699094e-05,7.302142884699094e-05,5.33212907085616e-09,2.0039383058638416,0.008465010873340036,0.17579834124323865,0.003490168873971586,2.0039561846800766,0.17583298343212808,0.000292366444817067,8.547813805497108e-08,CALIBRATED,-2.209202341887535e-05,0.0061151191310139285,-0.0006318824660270695,0.005935232375579512,0.0,0.0,-0.0006523702949497308,0.012002292357634968,-0.0007685833217042896,0.012136519915313015,0.0,0.0
20993916,5,2,5,3.1678719658448706,34.621693208098755,-3.0397377903643976,380.8487953918493,382.436720719568,18,transition,False,4,4,4,2.2490795537725788e-42,2.126998869392646e-05,2.126998869392646e-05,4.524124190397594e-10,1.4637313717805385,0.0032026106813068706,0.18892941281641992,0.006899948141475052,1.4637348753957162,0.18905536837527853,4.46586519069549e-05,1.994395190146567e-09,CALIBRATED,-0.00351172867981111,0.002948957132872655,-2.813725470056273e-05,-0.0004905206383996307,0.0,0.0,-0.005139934312314364,0.004263479133650153,-0.0002299292958224468,9.800697883664764e-05,0.0,0.0
20993916,6,2,85,4.234931228917777,21.779980787865888,8.418764919572133,378.0809709406678,382.8798091012295,18,transition,False,4,4,2,9.019033285052136e-42,1.0191651782387896e-05,1.0191651782387896e-05,1.0386976605345038e-10,1.2887253115965835,0.0018661679144957371,0.0373636858234976,0.018585726470603955,1.288726662769261,0.04173097466819034,1.672831932456075e-05,2.7983666742447265e-10,CALIBRATED,0.00022445886247119003,-0.0005535378328452633,0.00038412773779734845,0.0031124446581601573,0.0,0.0,-3.397954618063152e-05,-0.0004303992690536647,0.00045497264512505846,0.004041648311813893,0.0,0.0
20993916,7,3,4,3.322955363205427,38.080389359132084,-41.699298620416045,361.4127225793336,365.4792705957176,18,transition,False,5,4,5,3.1219597944934753e-38,4.469959080029283e-06,4.469959080029282e-06,1.9980534177136227e-11,1.4354571053784038,0.0029835988698339766,0.17770201199731875,0.007817909515086294,1.435460206081507,0.17787390133766476,9.045466621272721e-06,8.182046639655893e-11,CALIBRATED,-0.0014920061784164079,0.0003252320367013888,0.001345836105055311,-0.0005716869285099708,0.0,0.0,-0.0022495547895316757,0.0006562434424736575,0.0017972635730397531,-0.0005693488064469122,0.0,0.0
20993916,8,3,116,2.635593337839321,38.771142953338334,-28.96332277552375,368.9899079374891,374.9991378595925,18,transition,False,4,4,3,8.040781329796511e-40,2.8320123887540187e-05,2.8320123887540187e-05,8.020294170056244e-10,1.6060623382011447,0.004413414618746891,0.1989177915629515,0.004928992414164187,1.6060684021599845,0.19897885004819155,7.287147757298519e-05,5.310252243670083e-09,CALIBRATED,-0.002194020797650619,0.0041496952042927235,-0.001402803158183874,0.002078116848946674,0.0,0.0,-0.0036446991402703357,0.006503587190417438,-0.0020793574681723507,0.0036010098480970536,0.0,0.0
20993916,9,3,145,5.407282876575536,27.58189879699054,-47.139554893942474,349.63754759165187,353.65494429757194,17,transition,False,4,4,4,7.916803472453158e-36,7.293693265618723e-06,7.2936932656187234e-06,5.319796145293192e-11,1.1877036507270209,0.0011784714200383224,-4.578556219444433,6.316023907304427,1.1877042353823535,7.800982954234318,1.0451765388065314e-05,1.0923939972716008e-10,CALIBRATED,4.738613582297669e-05,0.000271487404713674,-4.233382224922601e-05,0.0026862520835405773,0.0,0.0,-0.00018123483263578465,0.0006994159392344904,-2.8648812449465154e-05,0.0031510182343164514,0.0,0.0
20993916,10,4,8,3.5634371411434493,57.96535266609259,-53.809293906339406,372.25223423203846,380.21817059383153,18,transition,False,5,5,2,1.6253671185154976e-40,1.1579772616429407e-05,1.1579772616429407e-05,1.3409113384820835e-10,1.391613302817963,0.0026439857925554407,0.16029211927796455,0.0092413564279188,1.3916158145266926,0.1605582952427219,2.223213023814232e-05,4.942676149257221e-10,CALIBRATED,-0.002264954714396038,0.0019137580803482391,0.001149452807232735,-0.0012108018054211758,0.0,0.0,-0.0032073720688506127,0.0028126134811107457,0.0014930721981995048,-0.0013434416499934236,0.0,0.0
20993916,11,4,10,3.037516774694616,45.71291648774651,-60.30848864547559,358.38690188735404,369.7695261157047,18,transition,False,5,5,4,1.3176708462667434e-37,1.501734420422473e-05,1.501734420422473e-05,2.255206269481621e-10,1.4874972775074715,0.0033867008356019673,0.19836659310008256,0.006128356647077739,1.4875011328851786,0.19846123554318487,3.3134652823696365e-05,1.0979052177468895e-09,CALIBRATED,9.01245280230985e-05,0.0004210101013556592,-0.0007281896263944109,0.003781760454635038,0.0,0.0,-0.00010599415743994922,0.0007421282360764508,-0.0010636868501239475,0.005607248347306941,0.0,0.0
20993916,12,4,116,5.509388173736266,47.94876803184089,-36.157852616796156,372.7132246458363,376.79706726463723,19,transition,False,5,5,3,1.2952165282514739e-40,9.555209715378593e-06,9.555209715378593e-06,9.130203270486546e-11,1.1813963745184684,0.0011377509188028418,-5.661203767592608,7.889264405405005,1.1813969223772907,9.71028943732344,1.4025787717490877e-05,1.9672272109611795e-10,CALIBRATED,-0.0001003104745031536,0.00021717489879306584,-0.0005967841740238246,0.0030235461360879658,0.0,0.0,-7.353796950303697e-05,-0.0006407968979820758,-0.000710931031143503,0.0036199912001310215,-0.0,0.0
20993916,13,4,145,3.648652596291292,36.7595238754931,-54.33408473521487,353.64412601552397,359.00584917183033,17,transition,False,5,5,4,1.228765754192889e-36,3.0263136519210922e-05,3.0263136519210922e-05,9.158574319803978e-10,1.3760771169886856,0.0025236428576245933,0.15412287042727935,0.00974575920469416,1.3760794310915214,0.15443069322909814,5.7195510301745254e-05,3.2713263986770477e-09,CALIBRATED,-0.0018027136355282488,0.004413974180940588,-0.0010538434106961718,0.002533694153447406,0.0,0.0,-0.0025508298687140713,0.006192767325009582,-0.0013426730508731082,0.0032458649416410067,0.0,0.0
20993916,14,5,6,4.600710428068609,58.165151908127065,-5.25964346797082,398.44075306210857,406.08460495426027,19,transition,False,4,4,4,2.60363494700595e-46,7.356462029849908e-06,7.356462029849908e-06,5.4117533596623424e-11,1.2524552902963242,0.0016150371882773379,-0.10482295228361968,0.02911124766193389,1.2524563315885984,0.1087902388355153,1.1277491714533024e-05,1.27181819371361e-10,CALIBRATED,-0.002504645234298852,0.0009586117491140182,0.00037984419037526184,0.0001414078698399828,0.0,0.0,-0.0030778341899074216,0.0010845946674399342,0.0007338841894279622,-0.00029916018758930664,-0.0,0.0
20993916,15,5,23,1.0673897517133568,54.12034822806167,4.485880229371203,400.9208598605372,403.3372583721379,19,transition,False,4,4,4,7.01989584773478e-47,4.533256403780173e-05,4.533256403780173e-05,2.0550413622413946e-09,3.072097978445932,0.023073751804255447,0.13808079843893753,0.0026539734658946375,3.072184627784259,0.1381063013504169,0.0004261135234592597,1.8157273487486507e-07,CALIBRATED,-0.003143874744518954,0.004091184373089856,-0.003035521960099076,0.0030816282195812042,0.0,0.0,-0.010164334964732662,0.011772503797994285,-0.008925740513207832,0.010224437823228386,0.0,0.0
20993916,16,5,116,1.1165540055618592,47.41500894617465,-12.93484754698586,385.2319133402047,393.20980609153736,19,transition,False,4,4,3,2.4425888135491443e-43,2.2511504570077338e-05,2.2511504570077338e-05,5.067678380086129e-10,2.9843404357283934,0.02179978741589335,0.14051519702884377,0.0026980173266779157,2.9844200553968463,0.14054109681352936,0.00018840839535221414,3.549772343919623e-08,CALIBRATED,0.0009119228629382048,-0.001344311368247008,-0.0006929463337265362,0.004403697717362618,0.0,0.0,0.000403686628534013,-0.0016787117956921518,-0.00243804624364525,0.013397137368819069,0.0,0.0
20993916,17,6,7,3.3436747004218397,81.77720946718833,-7.175553580803216,416.85677371930666,429.77426459159733,20,transition,False,4,4,3,1.2716088171982166e-50,1.1525710350835812e-05,1.1525710350835812e-05,1.3284199909136375e-10,1.431679627775366,0.002954338615973698,0.17620201710686667,0.007940550310782005,1.4316826759808432,0.176380846952742,2.3442888092967357e-05,5.495690021393907e-10,CALIBRATED,-0.003196548269214402,0.001107440771297736,-0.00019230946248871054,-0.00021066922443252107,0.0,0.0,-0.004574650345962905,0.0015476022330493534,-0.00034035738130404824,6.742763826013854e-05,0.0,0.0
20993916,18,6,23,1.1031437417011851,66.09500386988657,1.6740550834682475,408.92250054934516,415.6376135861722,20,transition,False,4,4,4,9.675249954898459e-49,1.1052569971422577e-05,1.1052569971422577e-05,1.2215930297319205e-10,3.0082775793131,0.02214727969452494,0.1398511794779359,0.00268600372434874,3.0083591035971335,0.13987697100444038,9.149139891497941e-05,8.370676075419897e-09,CALIBRATED,0.0005819083460593306,-0.0017417972805518994,0.0006425481091661095,0.0026957794437004923,0.0,0.0,-0.00029766268201247376,-0.003716737828455992,0.001007156866399092,0.008750673734273604,0.0,0.0
20993916,19,6,113,2.843986870912456,73.12329605199785,-19.09692689903204,403.1120378876215,426.4614665619843,20,transition,False,4,4,2,2.1900747483466444e-47,4.634575908480879e-06,4.634575908480879e-06,2.1479293851471368e-11,1.542169996104057,0.003856565791748849,0.20015581288552228,0.005487880007610953,1.5421748182301813,0.2002310322074032,1.0590402474569331e-05,1.1215662457336422e-10,CALIBRATED,0.0003049985781919273,-0.0007452387380110704,0.0003201141880375408,0.001970710000422821,0.0,0.0,-1.614744753671871e-05,-0.0008824618815661237,0.0003536438024858851,0.0031122883579535947,0.0,0.0
20993916,20,7,28,4.011069544546828,105.41790801348516,-6.511447096004527,437.1563129984463,453.4242892254118,21,transition,False,4,3,4,1.3382227563659883e-55,1.1520862229068325e-05,1.1520862229068325e-05,1.3273026650117317e-10,1.3109230420287563,0.0020198632243959816,0.12438377984632999,0.012143968961583861,1.3109245981250692,0.12497520022388521,1.9791493067935508e-05,3.9170319785813925e-10,CALIBRATED,-0.003314697496250171,0.0007194967017226332,0.00011146089016667512,-5.952901472959672e-05,0.0,0.0,-0.004347844516495967,0.0009375641356063764,9.042173488848204e-05,-2.3206244760532793e-05,0.0,0.0
20993916,21,7,126,1.1175447733734565,96.50429561528429,-16.37624816024297,424.4067330958124,447.13916733124927,21,transition,False,4,3,4,1.908105227013292e-52,5.2084460907329e-06,5.2084460907329e-06,2.7127910680070825e-11,2.982571928291723,0.021774114232425545,0.14056425551289825,0.0026989049073111336,2.9826514076379116,0.14059016329599325,3.9800553127114815e-05,1.5840840292242888e-09,CALIBRATED,0.0008367414288548351,-0.0009321405963531165,-3.221308744175237e-05,0.0019074553985870273,0.0,0.0,0.00036107041175381004,-0.0018709120129584678,-0.0007970264656508574,0.005961092042377012,0.0,0.0
20993916,22,8,14,1.3927287124746748,77.83576684273399,-64.24293383257452,384.93070211347055,402.6613032107725,19,transition,False,4,2,4,2.8474810113666357e-43,1.8478136322206685e-05,1.8478136322206685e-05,3.41441521942054e-10,2.4913722374498497,0.014643434699599993,0.15419015931237715,0.0029454287972274936,2.4914152716309,0.15421828938091545,0.00011098632239556092,1.2317963758891387e-08,CALIBRATED,-0.002527244863987696,0.0020125912318119626,0.0020929351962459724,-0.0019131828238835246,0.0,0.0,-0.006919168643023355,0.005698383454605869,0.004256956776744873,-0.0035381029790218415,0.0,0.0
20993916,23,9,11,3.074385168942939,-1.5391613245986013,-46.359881874258825,325.96728192274185,325.49258308034007,16,transition,False,4,3,4,3.092924653254459e-31,6.359939401098449e-06,6.359939401097685e-06,4.044882918563478e-11,1.4807755599120511,0.0033346345670790434,0.19569747282784478,0.006346586079776763,1.48077931462475,0.19580035757391526,1.3107694322661186e-05,1.7181165045632427e-10,CALIBRATED,-0.0006863326438531952,-0.0012849258259707312,0.0017027843973522316,0.0011568828034707757,0.0,0.0,-0.0012271472657298837,-0.0012303402303346128,0.0024035859991342473,0.00207625652876971,0.0,0.0
20993916,24,9,18,2.5315240407906536,-12.970730108939996,-45.681972947605374,317.1473053811311,317.28055070461886,15,transition,False,3,3,3,1.3154759849929583e-29,7.724011235828893e-05,7.724011235829389e-05,5.9660349571218644e-09,1.6379694277868058,0.004691498420741473,0.19829953817057783,0.004649890476011364,1.6379761465057014,0.19835404790450673,0.00020705149632088812,4.287032212871875e-08,CALIBRATED,0.0006834387741557328,0.004480057097762311,0.0008191613887074833,0.007485391560921498,0.0,0.0,0.0009295129015072348,0.007611168728579912,0.0014136699621274266,0.012093764918754026,0.0,0.0
20993916,25,10,13,1.105352102203998,40.60412033667825,-81.65587388185565,343.8429572847033,362.3677676461436,18,transition,False,4,4,4,1.1282120663323899e-34,4.404821637815885e-05,4.404821637815884e-05,1.940245366097101e-09,3.004335685030345,0.022090055747916938,0.13996052782095394,0.002687982086978729,3.004416894991389,0.13998633717481127,0.00038750350886566774,1.5015896938320462e-07,CALIBRATED,-0.0002024422309833031,0.0012121757592774439,-0.0017364373100943159,0.006286704137941112,0.0,0.0,-0.0017201821252714766,0.006277900484501649,-0.0049663620861099935,0.017901611532426556,0.0,0.0
20993916,26,10,40,1.517207620427417,52.506681398906906,-78.52101041433272,355.8947582022659,374.67623338319186,19,transition,False,4,4,4,4.275009598529049e-37,1.12391844348793e-05,1.12391844348793e-05,1.2631926676123313e-10,2.2856561000962383,0.011700263901071761,0.16028578443409033,0.003063111824035025,2.285686046700749,0.16031505027818885,5.577215534789098e-05,3.110533312149284e-09,CALIBRATED,-0.0013583683023657535,0.0015608259189520983,0.0015388292774460575,-0.0021423927967600767,0.0,0.0,-0.003575829429846418,0.004455364893303009,0.0029868506600345237,-0.003770151991459976,0.0,0.0
20993916,27,10,145,1.5273538877487134,35.214425925604964,-65.74874491900201,346.56983074933436,358.505253533523,17,transition,False,4,4,4,3.249430827726843e-35,1.622978062461801e-05,1.6229780624617993e-05,2.634057791232256e-10,2.2772606521539167,0.011603850401709512,0.16074807281561895,0.0030758385147324043,2.277290215847033,0.16077749748178147,7.785029268121887e-05,6.06066807055144e-09,CALIBRATED,-0.0017048655541485774,0.002032309808087441,0.0014961002215255121,-0.0026371604118821733,0.0,0.0,-0.004261355670077234,0.005858736288194315,0.002905075183594955,-0.004114229917903874,0.0,0.0
20993916,28,11,12,2.7105398811735135,2.467217201039532,-67.82339205706721,317.3517613547312,329.3062380627825,16,transition,False,4,4,3,1.2073508343467234e-29,2.5297024065718973e-05,2.5297024065720938e-05,6.399394265816643e-10,1.5830841290643864,0.004213149792253659,0.1993630329163295,0.005129990461577206,1.5830897353993294,0.1994290242059399,6.12688387532839e-05,3.753870602175904e-09,CALIBRATED,0.0002827960304449076,-0.00031235468630820963,0.0009527447487683182,0.004920544935728281,0.0,0.0,0.00022524745224106378,0.0007630503413758861,0.0015152565069042046,0.007638053039443589,0.0,0.0
20993916,29,11,18,2.903303288736762,-7.568668500971795,-55.876311725324086,315.5541362369561,314.22682105994477,15,transition,False,4,4,3,2.5616334483949086e-29,4.15081273382801e-05,4.1508127338268744e-05,1.722924635129933e-09,1.5239838998096276,0.0036980662586774534,0.20050819901268313,0.005646959848145519,1.523988386626688,0.2005877015842106,9.564080741393835e-05,9.147164042790045e-09,CALIBRATED,-0.0011217270428725687,0.006274866899622324,-8.119068343486401e-05,-0.0009323675479683993,0.0,0.0,-0.0017210819884792333,0.009602448183098184,7.560924665353119e-05,-0.0006826099439691655,0.0,0.0
20993916,30,11,145,2.628423240270479,15.061966798360576,-58.16428083035942,333.15507582081426,336.9728197559129,16,transition,False,4,4,4,1.3490236758807033e-32,3.8108004318855124e-05,3.81080043188546e-05,1.452219993165841e-09,1.6082606517475502,0.004432573852537845,0.1988751955498016,0.004909763033501869,1.6082667601086622,0.19893579159622576,9.798337913536613e-05,9.600742586784903e-09,CALIBRATED,-0.0022314914004627007,0.00560607500379313,0.00023677877425108917,-0.0012823062475187527,0.0,0.0,-0.0035969541115837013,0.009100695283919371,0.000502750432516716,-0.0014035268456211404,0.0,0.0
20993916,31,12,17,3.5462639123291844,8.85252804558972,-87.92787724080202,312.77606922623437,324.7201713305658,16,transition,False,3,3,3,8.123193882524116e-29,5.7749948812100414e-06,5.77499488120179e-06,3.335056587790687e-11,1.3947442662527558,0.002668238162670253,0.16153539048905122,0.009139705567930017,1.3947468185085892,0.16179374709276842,9.391455673686664e-06,8.819943967082142e-11,CALIBRATED,-0.0004577789823877597,0.000623396936981065,0.0006294897409589264,-0.0021864473946280774,0.0,0.0,-0.0007024900814659284,0.0017729976309181594,0.0008289083659708397,-0.002251078337310988,0.0,0.0
20993916,32,12,19,1.6879965452492556,-7.163722137186166,-86.14755126770396,299.6529871199414,308.60527665241926,15,transition,False,3,3,3,1.649807432095551e-26,8.184353693136685e-05,8.184353693157477e-05,6.698364537470044e-09,2.1443381669034847,0.010077365807323772,0.16806733927970155,0.003277336203495572,2.1443618461772282,0.16809929049567415,0.0003762448587667,1.41560193748374e-07,CALIBRATED,0.0008093766805692022,0.006799164847879145,0.0005148941879553881,0.0058902196620414645,0.0,0.0,0.0014925630145841639,0.014651225581705025,0.001248438500346814,0.012561851164499581,0.0,0.0
20993916,33,13,15,3.1348617720217824,37.211643992680266,-103.15476253255932,331.62948485277633,357.4795892190656,18,transition,False,5,4,5,2.6377321716969634e-32,8.616036656151994e-06,8.616036656152064e-06,7.423608766015604e-11,1.46974967567396,0.0032492283236161736,0.19131921522903003,0.00670455596293923,1.4697532672623697,0.19143665580685454,1.7376544614351207e-05,3.0194430273453794e-10,CALIBRATED,0.00021846181019862673,-0.0007742264480747915,-0.0010304940185464242,0.00262811083831682,0.0,0.0,6.641131472007395e-05,-0.00019665680783697217,-0.0015269149195580379,0.0038732403849994646,0.0,0.0
20993916,34,13,17,1.0527427550409172,26.83697205398405,-94.17589497694786,325.9581857858967,343.7590250755333,17,transition,False,4,4,3,3.1050747721838932e-31,9.18516077812121e-05,9.185160778120979e-05,8.436717851993197e-09,3.0982426737386977,0.02345329081271158,0.13735554329409952,0.0026408519348667904,3.0983314416352328,0.13738092797968404,0.0008793615509469227,7.732767372837773e-07,CALIBRATED,-0.0020571998558111962,0.009171480538872876,-0.0004559072344589482,0.0018153869706220443,0.0,0.0,-0.00653990152163791,0.028007614330932077,-0.001647950468708884,0.007032000979568414,0.0,0.0
20993916,35,13,40,4.616931474096592,48.94298319772678,-88.45373546692565,348.3795220454793,366.59362246951895,18,transition,False,4,4,4,1.4147881765144133e-35,2.8057382678127514e-05,2.8057382678127507e-05,7.872167227468895e-10,1.2508468399352504,0.0016039004066383425,-0.1111284393278642,0.029578018227645227,1.2508478682367878,0.11499734427247311,4.388901278867917e-05,1.926245443564844e-09,CALIBRATED,-0.001915068506992818,0.004752864522726846,-0.00042354177300769186,0.00127310112982976,0.0,0.0,-0.002375815182259533,0.005948623591075419,-0.0006353497874215527,0.0015667555737091377,-0.0,0.0
20993916,36,14,76,4.16533127518251,99.03396511760542,-68.69029577618322,402.1395636513711,424.3210040018319,20,transition,False,5,4,5,3.6754617580569704e-47,1.6743989554907822e-05,1.6743989554907822e-05,2.8036118621486223e-10,1.295626720452898,0.001913952717368295,0.06441876018803991,0.016582945039465086,1.2956281341366958,0.06651895015968093,2.8024335237463973e-05,7.853633655017649e-10,CALIBRATED,-0.0032324976918986473,0.0024403924538644243,-0.0004459488758315586,0.0003749166547966159,0.0,0.0,-0.004209786135336708,0.0031730047617452408,-0.00038737801787106847,0.00028985338604732737,0.0,0.0
20993916,37,14,100,2.69976392242706,93.8036659129796,-78.84484118181437,393.2207900737439,423.8711951953851,21,transition,False,4,4,3,4.000893784453809e-45,1.857296670695567e-06,1.857296670695567e-06,3.449550922976837e-12,1.5863879803523768,0.004241944255782601,0.19929901525463667,0.005101090574128332,1.5863936517452288,0.1993642861861506,3.6958035484504174e-06,1.3658963868738697e-11,CALIBRATED,-0.00021368088320883596,9.085080216044256e-05,0.0010445577596481588,-0.0008439682276912339,0.0,0.0,-0.000844456723250981,0.0006245432936604245,0.0012822795507555257,-0.0009738589318092376,0.0,0.0
20993916,38,14,115,4.706674760485736,92.63959190669505,-58.770799226468725,400.6241515197698,418.4441259517052,20,transition,False,4,4,3,8.215216542928606e-47,9.71123683768204e-06,9.71123683768204e-06,9.430812091755268e-11,1.241948053682653,0.0015422859224455492,-0.1460136821573635,0.03216043643201942,1.2419490113092393,0.14951350791366488,1.4970120241243835e-05,2.241045000372984e-10,CALIBRATED,-0.00101895200287248,0.0010871400988883301,-0.0018847443867986658,0.00198465076407518,0.0,0.0,-0.0012121236824171584,0.0012720717937060296,-0.002372063873617139,0.002501204260132563,-0.0,0.0
20993916,39,15,16,3.3853774278517434,43.177771628379176,-124.87661598310659,329.14589835685155,377.8552865488794,18,transition,False,5,5,3,7.806366099796023e-32,2.879262525529325e-06,2.8792625255295095e-06,8.290152690918569e-12,1.4240765313439192,0.0028954452074384882,0.17318291097381816,0.008187394870589322,1.4240794748634915,0.17337633658643378,5.416918817339459e-06,2.9343009473646324e-11,CALIBRATED,0.0003296085703642685,0.0004007875102314773,-0.0003000104990174835,-0.0015874456803285167,0.0,0.0,0.0003207501080668453,0.0010489002948029138,-0.0005067930793795801,-0.001989222745639585,0.0,0.0
20993916,40,15,25,5.114078892393181,24.977360919879885,-116.66583926125361,315.09457695832464,357.88851905050404,17,transition,False,5,5,5,3.1026666734119635e-29,3.682929581782173e-05,3.6829295817813736e-05,1.3563970304360323e-09,1.2058155270459847,0.0012954037784188182,-1.4696423490640536,1.798330947711984,1.2058162228698597,2.3224648181751197,5.363570679932651e-05,2.87678904386332e-09,CALIBRATED,-0.0007180273489809273,0.005973260518875675,-0.00012057992380022508,0.0007869890720630018,0.0,0.0,-0.0009179309122727316,0.007142723302651963,0.00013668775171117595,0.001325115059119563,0.0,0.0
20993916,41,15,35,3.9993934845045054,32.37858608308807,-125.62734194531201,318.7414754984982,368.30728783361326,18,transition,False,5,5,4,6.729890927559948e-30,1.6621181010874945e-05,1.662118101087173e-05,2.7626365819616295e-10,1.312131256372764,0.002028319705097855,0.12873067111620812,0.011821845961919902,1.3121328240811578,0.12927235484811397,2.8612008582600278e-05,8.186470351307919e-10,CALIBRATED,-0.0006195538159093777,0.0016129341934305464,-0.0014161905293108381,0.0034103052286293526,0.0,0.0,-0.0008461675454644977,0.002068292746783177,-0.0018513982232852447,0.004493383891904096,0.0,0.0
20993916,42,15,65,2.438938240561633,48.19375848002411,-111.72074482280709,338.4798363754231,371.4073633129388,19,transition,False,5,5,4,1.2680415211695267e-33,5.248288844338992e-05,5.248288844338975e-05,2.7544535793612933e-09,1.6767657359046986,0.005061119731531168,0.19617913172205328,0.004455843642490068,1.6767733740839763,0.19622972829259344,0.00014754301192945531,2.1768940369215394e-08,CALIBRATED,-0.0023895581442988237,0.006565979494065502,-0.0005837001548020776,0.0018221162781777351,0.0,0.0,-0.0040096548385728315,0.01099751297212363,-0.0010971539287125773,0.0030523174293719557,0.0,0.0
20993916,43,16,22,4.571235222534465,55.849108421200505,-145.21322409451122,335.0224851331767,395.75088589424956,19,transition,False,3,3,2,5.912095106732946e-33,6.798266291022956e-06,6.798266291023002e-06,4.6216424563659636e-11,1.2553779997752526,0.0016352737949198435,-0.09336527401173947,0.028263080513040037,1.2553790648406156,0.09754935218326044,1.0579049477194682e-05,1.1191628784093307e-10,CALIBRATED,0.00030273328915486343,0.0012079734778361623,-0.00025638686543040734,-0.0022763314123254675,0.0,0.0,0.00026409177518364085,0.0018245266847391653,-0.00039512312858096656,-0.0026503367901853786,0.0,0.0
20993916,44,16,35,1.6504963372162642,38.17349186160483,-135.78303179774855,320.8662282372273,375.717015885792,18,transition,False,4,3,4,2.740227935479741e-30,5.9409904599499196e-05,5.9409904599494466e-05,3.5295367645210336e-09,2.175367414842418,0.010433706338159602,0.16635873946367158,0.003230298851372832,2.1753924362712427,0.16639009894405057,0.0002807971542570893,7.884704183887961e-08,CALIBRATED,-0.0014265308510611955,0.007545688522365017,0.00014637558574008382,0.0006450373956703557,0.0,0.0,-0.0031478905619030813,0.01641662924071826,-0.00017837248877546007,0.0011620700905767749,0.0,0.0
20993916,45,17,25,2.221905149521632,14.602688981183665,-107.68697170564215,309.13822328413306,345.29895080981834,17,transition,False,5,3,5,3.625378654233128e-28,2.1830440604947834e-05,2.183044060495021e-05,4.765681370062589e-10,1.7803073914446301,0.00607547264058393,0.18930817124628274,0.004066634956642262,1.7803177579859695,0.18935184504113628,6.40944827876684e-05,4.108102723818721e-09,CALIBRATED,6.234670477479e-05,-0.0004281359088737595,-0.0004818128229327017,0.00462721401499265,0.0,0.0,-0.00012253440228441126,0.0012191998156250374,-0.0008419883266227944,0.00786664322156128,0.0,0.0
20993916,46,18,21,3.0707346118235606,-25.08141137776567,-65.00064848726583,295.97772042070426,294.47967735727184,14,transition,False,3,3,3,7.014634034344299e-26,8.373058725050583e-05,8.373058725110336e-05,7.010811241414633e-09,1.4814411168076713,0.0033397899553488887,0.19596175816521716,0.006324977896794028,1.4814448814469294,0.19606380596274772,0.0001826964177997399,3.3377981076857116e-08,CALIBRATED,0.0011280590998768883,0.0040839048420720095,0.0017687406070767385,0.007915260439433873,0.0,0.0,0.0016307456349646033,0.006821179034908164,0.0026104563105962854,0.011255848297573182,0.0,0.0
20993916,47,19,20,1.8464275580473668,-13.405260859421514,-103.94226391415026,285.6105264068558,314.59722772728395,15,transition,False,4,3,4,3.778147358737139e-24,1.132340996614942e-05,1.1323409964993604e-05,1.2821961323531644e-10,2.0132456894163213,0.008571897060279228,0.1752858378832866,0.003476059776697911,2.0132639378314536,0.175320301032188,3.4962924337090405e-05,1.2224060782011084e-09,CALIBRATED,-0.0002973174489187027,-0.0021322795060922575,0.0006467255171902066,0.0025040252620283396,0.0,0.0,-0.0002735667816950401,-0.0013318987391337362,0.0013374940697566237,0.005596895649831543,0.0,0.0
20993916,48,19,21,4.228872042098715,-23.280781931649972,-84.00271662455603,286.94247422557754,292.3461274721956,14,transition,False,3,3,3,2.2819454298245187e-24,5.449469020580179e-06,5.449469019687947e-06,2.9696712596538715e-11,1.289326129892156,0.0018703279323144008,0.03971902862447006,0.01841136964710409,1.2893274864631012,0.04377875931492095,7.723566204154605e-06,5.965347490995918e-11,CALIBRATED,-0.0002953216461859901,0.0007213602324996004,9.848204146998529e-05,-0.002198225385955219,0.0,0.0,-0.00021901034284043213,0.0017648553737170877,0.00027082430934110153,-0.002118381546656635,0.0,0.0
20993916,49,20,25,4.303057964957361,0.5801563320680625,-116.64637057344333,292.67065100727496,333.49130669479933,16,transition,False,5,4,5,2.5408241772898787e-25,4.05510625516689e-05,4.055106255210986e-05,1.6443886741051266e-09,1.2819699844128363,0.0018193945694388602,0.010881284459047486,0.020546115157400482,1.2819712754707286,0.02324962794411709,6.661076661658366e-05,4.436994229248977e-09,CALIBRATED,0.0004373850609103931,0.006245477363009621,-0.00012283361104008087,-0.0011570139466469333,0.0,0.0,0.0005601307929793886,0.008034315649546125,-8.956122161592023e-05,-0.0013186246404420152,0.0,0.0
20993916,50,20,26,3.593071019452168,-8.224460720489475,-126.03983866158563,280.84379006833757,337.29400062120106,16,transition,False,4,4,4,2.252102296407889e-23,2.646779295898281e-06,2.6467792976565814e-06,7.005440650503466e-12,1.3862105570431773,0.002602136249149639,0.15814674823722752,0.009416763699752391,1.386212999351476,0.15842685825511407,5.036976034421544e-06,2.5371127571336984e-11,CALIBRATED,0.00018525459816372549,-0.0005566490853492667,-0.0003480104117870114,0.001476986994046812,0.0,0.0,0.0001594218278458316,-0.0006087163400103773,-0.0005139909217219434,0.0020920894973732924,0.0,0.0
20993916,51,20,94,3.67534752848303,-19.460545993822628,-123.3620853097056,271.6415800072777,334.9392025845629,16,transition,False,4,4,3,6.492570346404146e-22,6.120548563427064e-05,6.120548568895412e-05,3.746111478420768e-09,1.371210189662988,0.0024859437514922586,0.15219026701094746,0.009903770423433551,1.371212443114466,0.15251217014213508,0.00011500035979622744,1.3225082753261765e-08,CALIBRATED,0.0010730450048462624,0.005053171774310643,0.001228847720942508,0.005745384965741916,0.0,0.0,0.0015034619465412007,0.007111272460354705,0.001629318788515512,0.007714602144733134,0.0,0.0
20993916,52,21,33,3.9637039658739397,-42.52552925077084,-78.60398422754483,273.8819114194589,272.3584660063975,13,transition,False,3,3,3,2.8939524123813134e-22,9.637502803575061e-05,9.63750281349556e-05,9.288146048013484e-09,1.31863804545979,0.002078721142381971,0.13131444563705216,0.011610594466897066,1.318639683922641,0.13182674059856395,0.00016703750858114162,2.790152927299496e-08,CALIBRATED,0.002915801264707349,0.009000733562744705,0.0006090711582085219,0.0025473434743681824,0.0,0.0,0.003693997898101823,0.011710238365722618,0.0011929825833922937,0.0038521420123928023,0.0,0.0
20993916,53,22,29,3.6021409362425274,69.80856253290474,-164.83321264643013,343.8866435681168,419.83013650290025,20,transition,False,3,2,3,1.1060223426942571e-34,9.342069610320752e-06,9.342069610320762e-06,8.727426460407872e-11,1.3845569613137803,0.0025893275349998792,0.15749012352475422,0.009470449867434552,1.38455938252555,0.15777461275038496,1.7597471438690455e-05,3.096710010355263e-10,CALIBRATED,0.0005071535955289024,0.0016202718706411555,-0.000116748530200638,-0.0025388882777246957,0.0,0.0,0.00036988728823488513,0.0024701687428679764,-0.0004012755502830764,-0.0033463262164941054,0.0,0.0
20993916,54,23,24,1.3173121346660501,69.42182831825222,19.118023292386564,421.94884022917,424.50881720863,20,transition,False,4,4,3,7.549516335327386e-52,3.529272342184042e-05,3.529272342184042e-05,1.2455763265305232e-09,2.6259898311398753,0.016597660115415056,0.15045586058308882,0.0028778667578647113,2.6260422836602113,0.15048338147740398,0.00024193662492194036,5.853333047861966e-08,CALIBRATED,-0.002720262958651326,0.003102830865654328,-0.0032782119803064025,0.0027420174486950917,0.0,0.0,-0.007732292879129777,0.007483562274159433,-0.008139466400640965,0.007739099053178851,0.0,0.0
20993916,55,23,92,4.581239316600222,52.659319113473494,19.348682399435027,408.86886064358333,418.2716982484817,20,transition,False,4,4,3,9.959964965552691e-49,3.3656829399947918e-06,3.3656829399947918e-06,1.1327821652571985e-11,1.2543860114235443,0.0016284053469224642,-0.09725409137975691,0.0285509544663256,1.2543870683959726,0.10135835086977445,5.141572541143543e-06,2.6435768195841267e-11,CALIBRATED,-0.0009031830406985821,-0.0010113839866762783,0.0010826212391991383,0.0005957994787837395,0.0,0.0,-0.0013410885949658733,-0.0010938923814841086,0.0011085823442737546,0.0009578614541213854,0.0,0.0
20993916,56,24,27,4.445751781966383,88.33662596802172,30.835663301574463,444.10408352449565,446.7590454662602,21,transition,False,3,3,3,2.3358683048294e-57,1.0492380330116527e-05,1.0492380330116527e-05,1.1009004499181621e-10,1.2678207167826714,0.0017214261721775,-0.04458702583931523,0.024652217413316024,1.267821885444242,0.050948353227451476,1.6814858778757483e-05,2.827394757495576e-10,CALIBRATED,-0.002943226586613342,0.0009420991865473919,-0.0009586202691016006,0.00015262336761853005,0.0,0.0,-0.0037073838684705427,0.0011173881231219334,-0.0012894938467531369,0.0003985135280686445,-0.0,0.0
20993916,57,24,121,3.405745200318343,68.68887117792165,35.258797145852355,431.3314779321461,440.66622438794826,21,transition,False,3,3,3,3.7939863215476264e-54,3.890927960694678e-06,3.890927960694678e-06,1.5139320395315645e-11,1.4203631498050828,0.0028666814402042258,0.1717083679268722,0.008307954702970168,1.4203660426758646,0.17190923688812276,7.432984323120073e-06,5.5249255947748765e-11,CALIBRATED,-0.00028087485794204577,-0.0013585525802755382,0.0008725359816172489,0.001097749116274122,0.0,0.0,-0.0007559678425310551,-0.0017308585280582526,0.0008896918753653517,0.0017533037577487582,0.0,0.0
20993916,58,25,26,5.749448472938969,3.767238937339816,-128.00422047997947,291.1801297930718,345.2878422045254,17,transition,False,5,5,4,4.5170318261029855e-25,3.6574198581818896e-05,3.6574198581725546e-05,1.337672001895495e-09,1.1665673043734028,0.0010420127349661545,-8.206622091290342,11.588118384521477,1.166567769751748,14.199758231848149,5.740179402992434e-05,3.2949659578538576e-09,CALIBRATED,-6.944701819730098e-05,0.0042710197229972584,1.3419028912207106e-07,0.004281094042549223,0.0,0.0,-0.0013315157057136055,0.0032644428733411895,0.00116363468137125,0.006604409664032379,0.0,0.0
20993916,59,25,35,3.245357753572385,19.973081153105536,-127.57225507589557,306.4404771738269,355.75024838741666,17,transition,False,5,5,4,1.0869119672094681e-27,1.242478556550094e-05,1.2424785565533196e-05,1.5437529634948206e-10,1.4496044320702002,0.003093183734113081,0.183319760130143,0.007358597883151328,1.4496077322031573,0.18346739060928263,2.5162807559973734e-05,6.331668843002712e-10,CALIBRATED,0.0004892068083942994,0.0016546060287518636,-0.0003981848798410143,-0.003047817244396036,0.0,0.0,0.0005855142716431277,0.003049779913689187,-0.0006656710933336785,-0.0038827445281957285,0.0,0.0
20993916,60,26,32,2.4653217447259514,-7.534906769825991,-148.34917343972364,273.53022330142875,359.6139894853093,17,transition,False,4,4,3,3.2867789403101526e-22,2.6491569491616853e-05,2.6491569470226577e-05,7.018032529958409e-10,1.6641787534909676,0.004937810497571315,0.1970143961209368,0.0045031575748247545,1.6641860790017624,0.1970658537317947,6.945043124369305e-05,4.823362399934936e-09,CALIBRATED,-0.0005899308766771431,-2.5673019489193004e-05,-0.0009572555805725597,0.00502260427273566,0.0,0.0,-0.0004638275320381075,0.0015877655151027088,-0.0017359304853418614,0.007981280679397754,0.0,0.0
20993916,61,26,94,3.1015129619788233,-16.273463388550873,-134.7199352162417,270.0809423609094,346.735738094289,17,transition,False,4,4,3,1.1354591244543933e-21,5.8657950886964957e-05,5.865795103215937e-05,3.440755219291206e-09,1.4758297149005746,0.003296324166383876,0.19373353206477661,0.006507159465336315,1.475833396131325,0.1938427831274643,0.00012729783012223474,1.6204737553829337e-08,CALIBRATED,0.00215443856454335,0.007013547333758834,-0.00046334667210630535,-0.002147512319485063,0.0,0.0,0.0031423270216535174,0.010495581110115577,-0.0007360682843648979,-0.0025931817624220113,0.0,0.0
20993916,62,27,31,4.476118096881677,111.41292476140967,30.761325060798235,462.7131722173447,469.8354639963476,22,transition,False,4,3,4,3.334277787846682e-62,3.9984860892730925e-06,3.9984860892730925e-06,1.598789100611043e-11,1.264809646466631,0.001700577762166875,-0.056391098458893896,0.025526026782152586,1.2648107897072074,0.061899386335276675,6.389530788622601e-06,4.082610369875616e-11,CALIBRATED,-0.0017215676765169699,-0.0007345749891656025,0.0006684032274487437,0.00021983524574897603,0.0,0.0,-0.0021997861274057734,-0.0009145636908523383,0.0007785948800495586,0.00032838247582791836,0.0,0.0
20993916,63,27,56,3.956877015634994,109.29347691939836,42.26198989154019,467.7339585322112,470.6284933262082,22,transition,False,4,3,4,1.5192180448659314e-63,8.92577926586634e-06,8.92577926586634e-06,7.966953550296946e-11,1.3198827113173561,0.0020883622952333663,0.1318086887862817,0.01157018474718769,1.3198843634544397,0.1323155305118901,1.5545035895738036e-05,2.4164814099978407e-10,CALIBRATED,-0.0022965811680529975,0.0004995911976311046,-0.0018149429085221073,0.00032845864041839963,0.0,0.0,-0.00303711088916046,0.0006173189897364351,-0.002390034145707207,0.0004771240823364593,0.0,0.0
20993916,64,28,30,4.415084651852634,128.4912805817503,-11.88888566785218,454.2758360214459,477.11600438636975,22,transition,False,5,4,5,5.553459986646602e-60,4.25405648371983e-06,4.25405648371983e-06,1.8096996566678724e-11,1.270861615404096,0.0017424811109886158,-0.03266601955631618,0.023769751902322254,1.2708628099633454,0.04039888537016316,6.863296997296248e-06,4.71048456730957e-11,CALIBRATED,-0.00187521489605284,-4.4421184502407974e-05,0.0008526601656719857,9.28599891502862e-05,0.0,0.0,-0.002374210554039157,-9.586062577119251e-05,0.0011024922108708829,4.17481470381186e-05,0.0,0.0
20993916,65,28,161,5.386155922110447,120.09494807138952,-19.151532083900875,443.39444458303257,468.9678193442503,23,transition,False,4,4,3,3.542322926554189e-57,1.2517189900595497e-06,1.2517189900595497e-06,1.566800430075699e-12,1.189008710708846,0.0011868970375069573,-4.354541931376098,5.990499362640663,1.1890093031032558,7.405951528730854,2.160578593234776e-06,4.668099857544362e-12,CALIBRATED,8.14353481309252e-05,-0.0001391218811811371,-0.0007452618786265898,0.0008187289591659332,0.0,0.0,0.0003028382055805261,-0.0008159546729699523,-0.0008427388384432093,0.0008323922370574054,0.0,0.0
20993916,66,28,185,1.255698830295998,126.32051958026844,-0.9334900009577942,457.9166573358207,475.05835439278167,22,transition,False,4,4,4,6.1793797477104916e-61,2.6265326762629785e-05,2.6265326762629785e-05,6.898673899477165e-10,2.735968764347834,0.018194209426600265,0.14740503951825357,0.0028226703989728537,2.736029259482375,0.14743206280710833,0.00019618929275114552,3.849023859019468e-08,CALIBRATED,-0.004088694090399548,0.0012397550455549885,-0.002777533607648322,0.0005442626968354975,0.0,0.0,-0.011335555047247325,0.0030026719958575975,-0.007415438995124612,0.0019208617641176108,0.0,0.0
20993916,67,29,34,1.8748469977492768,74.10984771999128,-184.85005052011658,344.55747301889016,440.303896605092,21,transition,False,3,3,3,8.149967843203895e-35,1.267857457408314e-05,1.2678574574083129e-05,1.6074625323058718e-10,1.9897302507814125,0.008301845272285783,0.17658069601857054,0.0035117069174074684,1.9897475697961258,0.17661561168785894,4.7287497518772473e-05,2.2361074215879127e-09,CALIBRATED,-0.0005701798838381017,-0.0007787946245180785,-0.003422619448358988,0.0001806225863120712,0.0,0.0,-0.0016912061753880912,-0.00015451748367301037,-0.0066634873609438625,-3.714470194275567e-05,0.0,0.0
20993916,68,29,97,3.3970284699397446,86.97464960794395,-168.34041509454315,360.021843250131,437.3508389568511,21,transition,False,4,3,4,6.061059961599547e-38,1.905420087963452e-05,1.905420087963452e-05,3.63062571161465e-10,1.4219523538145042,0.0028789913775852027,0.17233942339417685,0.008256359097457776,1.4219552683224468,0.17253708100400775,3.835623616575014e-05,1.471200852802799e-09,CALIBRATED,-0.0029923101540939943,0.002239311018092294,-0.0015826183933532803,0.001606575863945064,0.0,0.0,-0.0041636103252423225,0.003333096463658476,-0.0024212054201367115,0.002012167364493727,0.0,0.0
20993916,69,30,38,4.016012410965466,148.32106772916075,-8.821131944168524,473.0904231412631,497.1816858156355,23,transition,False,5,5,4,5.4274536020085715e-65,1.241326164135365e-05,1.241326164135365e-05,1.540890645767019e-10,1.3104329160984012,0.002016469631659722,0.12246237600403856,0.012286202979691144,1.3104344675503368,0.12307714783912037,2.1313754713210436e-05,4.5427613997490006e-10,CALIBRATED,-0.0025225281845167894,0.0003562620878660707,-0.002405096584693922,0.0003724257546344225,0.0,0.0,-0.003329773042572386,0.00048472719026103355,-0.003127458167040964,0.0004587059652970409,0.0,0.0
20993916,70,30,70,4.227299632155859,150.20416224854137,-22.819945503586972,468.20362936696574,495.3021598272855,24,transition,False,5,5,3,1.1360560310189493e-63,2.6786641929618326e-06,2.6786641929618326e-06,7.175241858655866e-12,1.2894820472932889,0.0018714074919279032,0.04033025989191211,0.018366122584905335,1.2894834052665016,0.04431528316227872,4.34045926291558e-06,1.883958661302966e-11,CALIBRATED,-0.001263107665664843,-0.000366721157696497,0.0009684807191015465,0.00010384559271744006,0.0,0.0,-0.0017751422906095702,-0.0004232347339110237,0.0009780887897007859,0.00023139531213467853,0.0,0.0
20993916,71,30,161,2.203101818357368,131.16502401059418,-24.29716210747666,450.64102237502647,476.2058001286814,23,transition,False,5,5,3,4.886696381128174e-59,1.964919011554989e-05,1.964919011554989e-05,3.8609067219702355e-10,1.7892780420909624,0.006163354233086515,0.18871288439567677,0.004032914661838667,1.7892886572166802,0.1887559724554583,6.283019654173129e-05,3.9476335974725826e-09,CALIBRATED,-0.0031003516783137813,0.001091258501239172,-0.0028556961613368714,0.000831362678934956,0.0,0.0,-0.005691762798762157,0.0018441385590522703,-0.0049556263501476586,0.0015731984099589195,0.0,0.0
20993916,72,30,185,2.3367766290270957,137.3905955194731,-6.079120024533577,464.88354575725253,487.26589671870795,23,transition,False,5,5,4,8.809045833515181e-63,4.062502583140469e-06,4.062502583140469e-06,1.6503927238022982e-11,1.725504766161443,0.005538594974393911,0.19294483969943516,0.004272635697660481,1.7255136551416064,0.19299214124529956,1.1738919523335402e-05,1.3780223157534507e-10,CALIBRATED,0.0006124958240467586,-0.00030945172329335807,-0.001309211292766086,0.0013702397127912606,0.0,0.0,0.0005378559441741768,-0.00047504200798680453,-0.0023698182738381268,0.0023681061940467644,0.0,0.0
20993916,73,31,42,4.0344265751882915,134.813375940282,28.559902830586573,480.8049976392764,493.33923763400963,23,transition,False,4,4,4,4.183940994677168e-67,5.688797875903023e-06,5.688797875903023e-06,3.236242127287875e-11,1.3086069999989105,0.002003827134643165,0.11530437437225015,0.012816081868917034,1.3086085341955147,0.11601444179000647,9.719208721738037e-06,9.446301817670872e-11,CALIBRATED,-0.0022991646525806963,-0.00050120236384937,-0.00033783835898958304,-0.00019313521142852235,0.0,0.0,-0.0030025569324676612,-0.0006815402039523298,-0.00047395939003809273,-0.00012135087976507814,0.0,0.0
20993916,74,31,56,3.388659705427429,120.82660619144787,38.168456153152356,474.67579693336074,481.81390250416507,23,transition,False,4,4,4,2.009808635214263e-65,4.171155721649911e-06,4.171155721649911e-06,1.7398540054252792e-11,1.4234781178956701,0.0028908099107539794,0.1729452875623572,0.008206823152940815,1.4234810532317383,0.17313989845292754,8.390644056689558e-06,7.04029076860598e-11,CALIBRATED,0.00038514674161778547,-0.0002361100448458436,-0.0011785749996543304,0.0016056247151759353,0.0,0.0,0.0003454971023617962,-0.0004064330332229422,-0.001719807849273631,0.0022689973468541487,0.0,0.0
20993916,75,31,185,5.010314732452439,129.0829442757252,15.772033482385606,469.04281440103597,491.99073476444255,23,transition,False,4,4,4,6.753982991593339e-64,1.8223080050402358e-06,1.8223080050402358e-06,3.320806465233724e-12,1.212225274977715,0.0013367858488946942,-0.3694054713567388,0.19953065811304554,1.2122260120502293,0.41984864629449437,2.642811942426545e-06,6.984454963032367e-12,CALIBRATED,0.00027207229798135714,-0.0006375662070897601,-0.00014798754823072585,0.0011488662615192489,0.0,0.0,0.000102633022737683,-0.0007555426550728984,-0.0003093661193768333,0.0014020436175873365,0.0,0.0
20993916,76,32,41,2.8637926472958384,-7.6959059659219236,-170.4912295051538,267.0981509993565,381.7566308712369,18,transition,False,3,3,3,3.275283604443604e-21,1.076708803815684e-05,1.0767088083193522e-05,1.1593018579124796e-10,1.5360976510484097,0.0038036427322650336,0.20027347475876328,0.0055409968319961355,1.5361023602789226,0.20035011189874885,2.2178049160591657e-05,4.918658645696203e-10,CALIBRATED,0.0003934703136282509,-0.0010786512793010032,-0.00303455560958469,-0.0004901559603709884,0.0,0.0,0.0009178468912308652,-0.00014412026589491944,-0.004594921871362269,-0.00044891935788573525,0.0,0.0
20993916,77,32,98,1.0473969273711674,-20.39989894151509,-157.49402343493898,258.45198049078544,373.8013442257958,18,transition,False,3,3,3,6.606898144765e-20,0.00011688789165931684,0.00011688789380223706,1.366277971752305e-08,3.1077849054083635,0.02359181410035402,0.13709084131405477,0.002636062868192792,3.107874449197814,0.1371161828510421,0.0011186342968235942,1.251342690030017e-06,CALIBRATED,0.0041684751104431915,0.009596173545548094,-0.0004483749642704219,-0.0026877727268113816,0.0,0.0,0.012585049886778171,0.03043042551283607,-0.0021522800741684144,-0.005441296698487598,0.0,0.0
20993916,78,33,43,4.080464458324659,-58.347161018450336,-71.22083118612613,265.6126680279765,254.89894194000172,12,transition,False,3,3,2,5.526748871052504e-21,1.1135551169646986e-05,1.1135550945842314e-05,1.2400049486744965e-10,1.3040419645735735,0.001972219194518537,0.09740840914534513,0.014140850241970393,1.304043455954385,0.09842947636654778,1.7505640198621745e-05,3.064474387636016e-10,CALIBRATED,-0.0015052349019239848,-0.0010974124304971569,0.002722571229828435,0.0005031010751061965,0.0,0.0,-0.001514165391534133,-0.0005046846188655316,0.003727379526323047,0.0010319295847732817,0.0,0.0
20993916,79,33,95,3.2091724230784457,-55.70570711244888,-93.86649135720998,254.37052121774826,260.6118385228879,12,transition,False,3,3,2,2.636291653865268e-19,8.484381059540441e-05,8.484381115588233e-05,7.1984722914550234e-09,1.456201615854202,0.0031442853666224465,0.18593942939288532,0.007144411604993084,1.456205010479931,0.18607663480440886,0.00017748114019015278,3.1499555123196665e-08,CALIBRATED,0.0005457980658068092,0.00010731690337098038,0.005746399417757591,0.007177276115706427,0.0,0.0,0.0012511324141419452,0.0014336652701225831,0.008272941392224877,0.010267368333048773,0.0,0.0
20993916,80,34,39,4.138584656250551,82.26845763115158,-200.52454321085426,350.6942752513289,457.9745682616667,22,transition,False,3,3,3,4.853459012689958e-36,1.470349360989599e-05,1.4703493609895984e-05,2.1619272433625202e-10,1.2982788680890243,0.0019323159754536731,0.07481577520555938,0.015813294646500352,1.298280306086304,0.07646868971798738,2.476590218718453e-05,6.133499111451914e-10,CALIBRATED,-0.0008753252121892029,0.003356175872835655,0.000518991982726506,-0.0015504935392523735,0.0,0.0,-0.0011950527003787728,0.0043500487856644125,0.000564847313025845,-0.002023801943325726,0.0,0.0
20993916,81,34,125,3.6764515696085986,73.4732745913971,-207.0700626349306,341.3273779749261,462.53302532689594,22,transition,False,3,3,2,3.5261428495286504e-34,6.476954452127662e-06,6.476954452127681e-06,4.195093897493659e-11,1.3710089047193093,0.0024843846029891526,0.15211033896933568,0.009910305404775197,1.3710111556754365,0.15243283561812435,1.2108737524164067e-05,1.4662152442909894e-10,CALIBRATED,0.0005182982343495069,0.0001762209618689774,-0.001952129988825641,-0.0015383289868306583,0.0,0.0,0.0005239487310930985,0.00037043436949661017,-0.002706875360532594,-0.002090411302061675,0.0,0.0
20993916,82,35,36,2.364501856460784,30.083416595209805,-147.38288018154591,309.6725885152274,377.99164559686585,18,transition,False,4,4,2,2.9134364533187145e-28,5.0288863197458865e-06,5.028886319766348e-06,2.5289697617133128e-11,1.7122776774490767,0.005409014895306674,0.19382258115796466,0.0043223557623869625,1.712286220855772,0.19387077068519754,1.2378710622345172e-05,1.532324766717612e-10,CALIBRATED,0.0005993910710303386,-0.0007321927108072789,-0.0018842687627679015,-0.0007635716912204527,0.0,0.0,0.0008451361424491807,6.846871732951883e-05,-0.003268494128652551,-0.0009882882619875347,0.0,0.0
20993916,83,36,37,3.346367631006011,38.04258925065619,-168.6579349563067,312.0302410211235,400.7067591785382,19,transition,False,2,2,2,1.10543208097624e-28,6.9518321443754116e-06,6.951832144398117e-06,4.8327970163886924e-11,1.431188662023808,0.0029505356066545324,0.1760070599962985,0.007956490161856703,1.4311917034296502,0.17618680683932142,1.3719480905206169e-05,1.8822415630831668e-10,CALIBRATED,0.0010797942143729062,0.0003901661235949347,-0.0015927359431857503,-0.0017597838532865384,0.0,0.0,0.0012681025873084084,0.0010593210895435928,-0.0024133635531943306,-0.0022726442578259584,0.0,0.0
20993916,84,37,48,3.458665348028326,38.667918186120204,-189.86297142700744,308.7642861929605,421.92101400875265,20,transition,False,2,2,2,4.223750501241758e-28,1.3982649571028103e-05,1.3982649570973849e-05,1.9551448902465516e-10,1.4107149322662729,0.0027919465710265125,0.1678771666515696,0.008621196818569586,1.4107176950349387,0.1680983882062627,2.7206109971594118e-05,7.401724197864729e-10,CALIBRATED,-0.0013199726202529378,0.0002765483002091705,-0.0028224589775650757,0.002048796771368543,0.0,0.0,-0.0017454945663451717,0.0010182856269019146,-0.004037767724277426,0.002611299461433344,0.0,0.0
20993916,85,38,45,5.261611114787151,169.55766303046858,1.358113536779642,496.60780957586485,518.5442565340068,24,transition,False,4,4,4,1.536409234382496e-71,6.13141690597438e-06,6.13141690597438e-06,3.759427327486844e-11,1.1967021264470366,0.0012365666151048524,-3.033962744667525,4.07151043495844,1.1967027653264002,5.077610378712212,9.419688529483613e-06,8.873053199248516e-11,CALIBRATED,-0.0023671002150966796,-0.0004979287413353823,-0.0005287500227728898,-2.7273790229114673e-05,0.0,0.0,-0.0029014017921044407,-0.0004680206599053026,-0.00019286778684627606,-0.000863316192918665,0.0,0.0
20993916,86,38,50,1.282406238531145,161.9505165258106,8.853798169576802,493.6157005369921,512.2937409111686,24,transition,False,4,4,4,1.0895627462542628e-70,1.863024739666636e-05,1.863024739666636e-05,3.4708611806099375e-10,2.688296393964813,0.01750215606803877,0.14872747343839476,0.0028465962653922996,2.6883533672624305,0.14875471241499064,0.00013343968941138153,1.780615071020597e-08,CALIBRATED,-0.0016393572928723656,0.0003682933855531821,-0.003965919374488794,0.0002803543475402936,0.0,0.0,-0.0052177324692803005,0.0005070074941211248,-0.010252557803967655,0.0009181280779970443,0.0,0.0
20993916,87,38,185,2.5383097941415436,146.1503067276789,2.134263722725862,476.56773264153725,495.1240358220474,23,transition,False,4,4,4,6.115006669748149e-66,8.47714944191782e-06,8.47714944191782e-06,7.186206266060761e-11,1.6358889521209445,0.004673366193997109,0.1983398508770914,0.004668089089490754,1.635895627484512,0.19839477690124377,2.2152004140076676e-05,4.907112874219742e-10,CALIBRATED,-0.0026422429389710927,-0.0005205484331974195,0.0011066650992679306,-4.8353007387967785e-06,0.0,0.0,-0.00447056387143546,-0.0008179639885042386,0.0012101450954481324,0.00018040668769682774,0.0,0.0
20993916,88,39,46,1.851642497370495,99.34321533740471,-214.66242893903686,366.58898268148664,480.14272478381355,23,transition,False,3,3,2,2.5846515718913515e-39,2.311377688450159e-05,2.311377688450159e-05,5.342466818665199e-10,2.0089306294811475,0.008522342821938863,0.17552344308164353,0.003482600992069967,2.0089487062627294,0.17555798922551183,9.195188981992507e-05,8.45515004145564e-09,CALIBRATED,0.00028510658678515446,0.0024612260637591104,0.0004971020479215037,-0.004089956837877191,0.0,0.0,-0.00023067716882872432,0.005338676375957622,0.0005026012029720925,-0.007946357936015041,0.0,0.0
20993916,89,39,125,1.9270672214726936,84.41362241287052,-212.16678774493266,351.8465913627509,469.812794046471,23,transition,False,3,3,2,2.8418422899223896e-36,2.3257915670793727e-05,2.3257915670793713e-05,5.409306413497517e-10,1.9465210433040854,0.007805629831944829,0.17895997520999207,0.00357720791540315,1.9465366936902826,0.17899572381381348,8.723524872753709e-05,7.609988620555261e-09,CALIBRATED,-0.003265303767917879,0.0017813458686801523,-0.0023865240755763127,0.0019305482917673401,0.0,0.0,-0.006334228183214938,0.003954067707941652,-0.004708403091353161,0.0030510802907907425,0.0,0.0
20993916,90,40,47,4.9954945793039585,71.47388620795216,-91.89397920403874,367.54867611572547,389.38565764470525,19,transition,False,4,4,4,1.622185723549278e-39,1.0458077863402265e-05,1.0458077863402265e-05,1.0937139259698449e-10,1.2133091890211491,0.0013439927143722888,-0.25828447052314935,0.040471404170219605,1.2133099333968937,0.26143603858101294,1.5391173781073254e-05,2.3688823035919674e-10,CALIBRATED,-0.0014580458056325921,0.002318550696427185,0.0009665472263677222,-0.0014220722272013286,0.0,0.0,-0.0018148868703119784,0.002804208068501623,0.0011055926262362684,-0.0017353505358874408,-0.0,0.0
20993916,91,40,65,3.4739867380347462,59.925097685070625,-97.01971775717341,354.91490266702806,380.52139656339216,19,transition,False,4,4,4,6.7752490078870065e-37,3.971036938835851e-06,3.971036938835851e-06,1.5769134369598807e-11,1.40792158965149,0.0027703094039493214,0.1667679609620146,0.008711886373062827,1.4079243151607874,0.1669953585211433,7.375164903405887e-06,5.439305735242996e-11,CALIBRATED,0.00015515786430373183,-0.0003152224294777824,-0.0009385188680768725,0.001722434361651667,0.0,0.0,-6.0474536184828495e-05,0.00011394296837013061,-0.0013041223613515238,0.0023786108551970093,0.0,0.0
20993916,92,41,49,5.433159873382738,-15.632930103669246,-189.1761653679211,255.32926526278467,402.05744810500636,19,transition,False,3,3,3,1.9084369739331307e-19,2.669758890717685e-05,2.6697588757474467e-05,7.12761245463227e-10,1.1861051698367109,0.0011681514434087115,-4.852936373322784,6.714737201113513,1.18610574507131,8.284846837663146,3.9616987517972677e-05,1.5695056999992028e-09,CALIBRATED,-0.00017134018999540295,0.004227804306393377,5.5804684074423636e-05,0.002964926285903881,0.0,0.0,-6.927495319656161e-05,0.0040938491165668596,-0.0001276705424549031,0.004778732901325026,0.0,0.0
20993916,93,41,52,4.446481699328153,0.834463826353443,-192.2195404371207,271.02458354553477,405.09943928730365,19,transition,False,3,3,2,8.101337293499202e-22,1.711573112584716e-05,1.7115731222056864e-05,2.9294825526569216e-10,1.2677483394623636,0.0017209250374012022,-0.0448707612075567,0.024673221233864236,1.267749507510283,0.05120696297771217,2.731895698484732e-05,7.463254107399382e-10,CALIBRATED,0.001690092713142595,0.0011851164493019426,-0.0024935663702492063,-0.0025762266208148917,0.0,0.0,0.0019272369963480918,0.0018302577865664802,-0.0032821749577290273,-0.003079317867048436,0.0,0.0
20993916,94,42,50,3.5138359383888655,156.75047598067974,24.383679437412717,497.06588265620377,515.6703191127941,24,transition,False,4,4,4,1.1371279794799742e-71,2.847816895764118e-06,2.847816895764118e-06,8.110061071799576e-12,1.4006564218392006,0.0027140335826567855,0.16388304257416042,0.008947759634269064,1.4006590513103754,0.16412712769629745,5.316500375922113e-06,2.826517624717997e-11,CALIBRATED,-0.0006487110269032028,-0.0011393984309133224,0.0008270120074353522,0.0006669432168695607,0.0,0.0,-0.0011439036172252014,-0.001585698607962112,0.0007609912273410797,0.0009562620807279506,0.0,0.0
20993916,95,42,58,3.5680885191811775,155.38369614687804,38.396919606047796,503.4031811489901,516.1406624237591,24,remote,True,5,4,5,1.719031727180891e-73,7.195617174136915e-06,7.195617174136915e-06,5.1776906516734124e-11,1.3907652797283603,0.002637417025380966,0.15995537861790973,0.009268888616698308,1.3907677804962517,0.16022370437918235,1.3915445492330144e-05,1.9363962325001132e-10,CALIBRATED,-0.001972177955003865,-0.0001101370267519152,-0.001808769706321231,-0.00014951010924531247,0.0,0.0,-0.0027478451033641034,-0.00018835822592624021,-0.002509375210933634,-0.00017986108452293077,0.0,0.0
20993916,96,42,103,2.005318995038337,144.59934923489453,41.25601841006886,495.9904829768677,509.36910426260147,24,transition,False,4,4,3,2.3038389491523516e-71,4.680162085031825e-06,4.680162085031825e-06,2.1903917142169438e-11,1.8836358235043038,0.0070877366912313455,0.1824513601493078,0.003678227768801324,1.8836491583095143,0.18248843300289364,1.6055691283471642e-05,2.577852225901473e-10,CALIBRATED,0.0006381590952163405,-0.00013760840643927598,-0.0013857886403803913,0.0015276023124145876,0.0,0.0,0.0005946796892183563,-0.0005129017894786342,-0.002738345547443441,0.002817879125840762,0.0,0.0
20993916,97,43,44,3.8805231863136846,-73.5897937409518,-65.16263753264104,257.8121792589435,238.4965164286269,11,transition,False,2,2,2,8.219412244051684e-20,0.0001324161472969575,0.00013241615047185451,1.7534036905784815e-08,1.3338032763023666,0.0021961906685935007,0.1373363923345251,0.011118235233331513,1.3338050843839142,0.13778570250271363,0.0002352006221792664,5.5319332673514027e-08,CALIBRATED,0.005537060601394118,0.008988333701718995,0.002188403630414322,0.004022170705635881,0.0,0.0,0.007158958900240935,0.01188622344537108,0.0033448083632006296,0.005610693260560723,0.0,0.0
20993916,98,44,55,4.410229024820538,-95.0130714257125,-76.26944065830472,234.48339646412916,214.36525242462957,10,transition,False,3,2,3,1.6312061186898953e-16,0.00023720885295143445,0.0002372090813182432,5.626814825984492e-08,1.2713430908304981,0.0017458148083274666,-0.030778527634417296,0.023630028251162824,1.271344289510827,0.03880329880942267,0.0003833377812175481,1.4694785450879276e-07,CALIBRATED,0.00894023380632374,0.00996059370268916,0.004928414796693074,0.005811936122170921,0.0,0.0,0.01129663246131008,0.012798169052063664,0.0063482108746320915,0.007185468937906988,0.0,0.0
20993916,99,45,50,1.3592102904280203,174.42740061891266,10.81965990326553,505.44376593280833,524.9245464685622,25,remote,True,4,4,4,4.407305388454694e-74,3.6462383412425004e-06,3.6462383412425004e-06,1.329505404114686e-11,2.5512021773823843,0.015511977852377434,0.15253047380961945,0.0029154012752224388,2.551249335391881,0.15255833312271924,2.2074104173583313e-05,4.872660750662083e-10,CALIBRATED,-0.00029875312350062213,-0.0010786731009572465,0.0009936477054215658,0.001185796564012081,0.0,0.0,-0.0015832437244456745,-0.002908367601492619,0.0016663475313282094,0.0028865424441728124,0.0,0.0
20993916,100,45,51,1.848062887901964,190.8273919795033,-3.1583346826215295,513.324777268775,540.2882137194856,25,remote,True,4,4,3,2.1815869045216182e-76,4.51313885334992e-06,4.51313885334992e-06,2.0368422309616628e-11,2.0118925487757258,0.008556357564925864,0.17536034745097367,0.0034781110076174794,2.0119107433169257,0.17539483662385139,1.7616691010775163e-05,3.103478021691264e-10,CALIBRATED,-0.000999272098826343,-0.001090455226394829,0.001226448559074181,0.0009062700795183421,0.0,0.0,-0.0024304599548439186,-0.002293404384338442,0.001877325599808941,0.0017104094073859836,0.0,0.0
20993916,101,45,57,5.267540174198302,193.4987591454959,8.632834783586535,521.1380850705732,543.5661999518894,25,remote,True,4,4,4,1.0422380135449359e-78,3.868020725089637e-06,3.868020725089637e-06,1.496158432972296e-11,1.1963358749752429,0.0012342020534436,-3.0968300180882515,4.162865503115038,1.1963365116084557,5.188429951146849,5.664965994430874e-06,3.209183971805818e-11,CALIBRATED,-0.0016189435317510259,-0.0006739330803621083,-0.0008229361832834948,-0.00034004824294147664,0.0,0.0,-0.0021002281859855286,-0.000737810639580809,-0.0006293778628703069,-0.0005599343953294631,0.0,0.0
20993916,102,46,53,1.8847937725190818,112.38337931760233,-232.19161700710475,379.0238342896581,501.9903404650758,24,transition,False,2,2,2,5.6258531636329776e-42,2.746146277198056e-05,2.746146277198056e-05,7.541319375768742e-10,1.9814998713591578,0.008207327423252558,0.17703389503887543,0.0035241833801225894,1.9815168685680655,0.17706896922140902,0.0001073390287703097,1.1521667097353373e-08,CALIBRATED,-0.00018063423515888354,0.003257362581617856,0.0007812371924508193,-0.004025927409439537,0.0,0.0,-0.0008787048348519325,0.00647133196891987,0.0011791155138091039,-0.007956032663120978,0.0,0.0
20993916,103,47,65,5.27035512701249,70.55343963306734,-103.59482496180945,362.2618424607621,393.0191438530441,20,transition,False,4,4,4,2.0796277339800748e-38,2.3558221650683478e-05,2.3558221650683478e-05,5.549898073427318e-10,1.1961619889437947,0.0012330794252084802,-3.126677654275387,4.206238353404582,1.1961626245117523,5.241045147620532,3.3730720219942635e-05,1.137761486556047e-09,CALIBRATED,-0.0023454257005607183,0.003765708748113427,-0.0010128830260700545,0.0016884032497344688,0.0,0.0,-0.0027385261614354135,0.004485038096235113,-0.0013750352068917985,0.0020554576469010975,0.0,0.0
20993916,104,47,67,2.0684022532653685,89.24432728619136,-106.88003252173314,378.5863124347023,411.9965480478618,21,transition,False,4,4,4,7.004319205485993e-42,6.956914470388447e-06,6.956914470388447e-06,4.839865894830017e-11,1.8535402055394101,0.006792902911790208,0.18444848681733683,0.003791355918595843,1.853552652902271,0.18448744854029164,2.181629647588503e-05,4.759507919237136e-10,CALIBRATED,-0.00017228454174449497,0.0010871082358988437,0.0010268052060541084,-0.0021658945632983665,0.0,0.0,-0.001006533561498236,0.0027419532775385274,0.0013406790683112434,-0.0033893153475370993,0.0,0.0
20993916,105,47,100,1.2975137638079488,91.35535859549532,-93.19883022907243,385.43016097091095,409.3099036905202,20,transition,False,4,4,3,2.2079083502826467e-43,4.9163522429421416e-05,4.9163522429421416e-05,2.4170519376682225e-09,2.6613296612056665,0.017110683652770648,0.14947553194334337,0.0028601303615696113,2.6613846661292935,0.14950289293331628,0.00034766334075592414,1.2086979850556983e-07,CALIBRATED,-0.004147409379644146,0.004271844587002824,-0.0025129016228084343,0.0027201446883654136,0.0,0.0,-0.011275250402220376,0.011606981975533018,-0.006445328813206904,0.00665340326693414,0.0,0.0
20993916,106,48,54,3.4239817568346957,38.77359759492403,-211.35626821621213,306.3918976414667,443.4145706015151,21,transition,False,2,2,2,1.1085180093818827e-27,1.6778928317519244e-05,1.6778928317621315e-05,2.815324354878745e-10,1.4170383241565825,0.0028409274178804273,0.1703881161587654,0.008415899555575958,1.4170411719484686,0.17059583082086877,3.313858093662281e-05,1.0981655464931006e-09,CALIBRATED,0.001532846456882659,0.000741976906726913,-0.002605591096251439,-0.002662644431061492,0.0,0.0,0.0017730090957596232,0.0015099210735417749,-0.0038599306022896666,-0.003579957231610265,0.0,0.0
20993916,107,49,63,5.101395274457154,-31.019616951009773,-208.13246179105522,237.25063917325673,422.8286247782383,20,transition,False,3,3,2,6.881445313068272e-17,2.031507855664522e-05,2.031505923870228e-05,4.1270163187198283e-10,1.2065990229455201,0.0013004621181347423,-1.3351548323344222,1.6029015042426513,1.2065997237587966,2.086128389771184,2.9811319966972347e-05,8.887147981732042e-10,CALIBRATED,-0.001164365971645387,0.0013478832899875262,-0.00214357753715042,0.003542258757004225,0.0,0.0,-0.0006551674149871699,0.001839301836165411,-0.0029262907255437984,0.004175627733693016,0.0,0.0
20993916,108,49,114,3.811093691697117,-32.56018175183371,-186.79782281276132,239.18856809233904,401.4384363676685,19,transition,False,3,3,2,3.7373578609118046e-17,2.133217883732561e-05,2.133220523936279e-05,4.5506298037429723e-10,1.3464614206322232,0.002294240360852109,0.14236280249831282,0.010707271872120231,1.3464633752129234,0.1427648878615366,3.7547143943483196e-05,1.409788018312647e-09,CALIBRATED,0.0021593632960346144,0.0006047261485731283,-0.003310119130175382,-0.002312309024412654,0.0,0.0,0.002970821256218532,0.0016084144510193214,-0.004408031984931923,-0.0025891353731801424,0.0,0.0
20993916,109,50,154,1.4623745479042825,175.3160973418499,24.871183777590552,513.2189059256231,533.155078170939,25,remote,True,4,4,3,2.3441154542632887e-76,1.5253988783097603e-05,1.5253988783097603e-05,2.326841737948675e-10,2.367055342564265,0.012838743136326118,0.15763871614566355,0.0030078211095210766,2.3670901605319874,0.15766740885763286,8.509761726830514e-05,7.241604464742946e-09,CALIBRATED,-0.0030990285569746315,-0.0002879759043407793,-0.0022980397483497506,-0.0005348775370840159,0.0,0.0,-0.007230651546211876,-0.0010551087274684383,-0.005563897417904861,-0.0008631839791264117,0.0,0.0
20993916,110,51,57,4.179981796219849,202.29160400142857,2.150524830496636,525.9499939652379,552.9219838065848,26,remote,True,4,3,4,3.72589037979619e-80,1.8077561746395793e-06,1.8077561746395793e-06,3.267982386947525e-12,1.2941740005844151,0.0019038942012030065,0.058723771687729215,0.01700452278363569,1.2941754010186561,0.061136201683877386,3.0261352183870993e-06,9.157494359962738e-12,CALIBRATED,-0.00031524919287238893,-1.0061245154047865e-05,-0.0012981273932250253,-0.00015211233788761785,0.0,0.0,-0.00038346471293886444,-4.259918421932348e-05,-0.0016852645319546246,-0.00019276617742078727,0.0,0.0
20993916,111,51,99,1.9049494907632223,210.39497480362144,-7.675517473117619,528.8703084090884,560.3704256977882,26,remote,True,4,3,4,4.861068357832879e-81,8.820337019475868e-06,8.820337019475868e-06,7.779834513713644e-11,1.9648221831118153,0.008015800503397189,0.1779522381172283,0.0035494651496397692,1.9648385339019565,0.17798763371026433,3.399302177685989e-05,1.1555255295220705e-09,CALIBRATED,-0.002537151509096761,-0.0014742968496829394,-0.000342010224817266,-0.0003044290467404517,0.0,0.0,-0.0049351295968245975,-0.0029281835309067925,-0.0008784738627946477,-0.0005399467761906257,0.0,0.0
20993916,112,52,61,2.9705405446639297,4.566462722415107,-213.97560313210676,272.0849807383618,427.17327175356036,20,transition,False,2,2,2,5.535937762094536e-22,1.6429159119903212e-05,1.6429159070652868e-05,2.699172677688154e-10,1.5033693169383808,0.0035184014363507897,0.20090764114162754,0.005827282469490546,1.5033734340676774,0.20099213290592302,3.556463977211897e-05,1.2648436021205865e-09,CALIBRATED,-0.0010466070864807737,-0.0005853133048676297,-0.0037101150100581517,0.0011073516263893897,0.0,0.0,-0.0012807322710869852,0.00014515029610875983,-0.0056453507902673415,0.0014259419582447169,0.0,0.0
20993916,113,53,71,2.9037611902615907,126.36658477490684,-249.68271345513176,393.22330349109893,524.3838325959466,25,transition,False,2,2,2,3.9956684950632264e-45,1.9229950626972182e-05,1.9229950626972182e-05,3.6979100111578784e-10,1.5238435096524106,0.003696842698986222,0.20051091930751674,0.0056481878876027585,1.5238479939139984,0.20059045537602022,4.454409386239058e-05,1.9841762980214623e-09,CALIBRATED,-0.00039416204795298066,0.0027275660624996277,0.0008193641312997721,-0.0033111346547619203,0.0,0.0,-0.000815309584819614,0.004053292442254814,0.0010999960944576017,-0.0051225182394043145,0.0,0.0
20993916,114,54,60,1.6420996393207403,43.52975385046999,-232.89148008556847,310.1666521159465,465.4687396537654,22,transition,False,2,2,2,2.3794290508100607e-28,3.431723054326409e-05,3.431723054326964e-05,1.1776723121599186e-09,2.1823151955224427,0.010513494796472334,0.16597616567989604,0.003219766684851714,2.182340520216997,0.16600739282123908,0.00016056898679958788,2.578239952184623e-08,CALIBRATED,0.00017991335681366146,-0.0007550204171085277,-0.005338563224811306,-0.002283538611837176,0.0,0.0,5.7863231194389294e-05,-0.00011369822716176715,-0.011627234971645053,-0.005035883067879765,0.0,0.0
20993916,115,55,69,3.3525338897811814,-116.33828044267436,-86.95628215024188,211.7001862080856,213.0959984996512,10,transition,False,3,3,2,1.3533086286061907e-13,0.0004989952021213166,0.0004990067109208907,2.490076975440854e-07,1.4300644511393357,0.0029418274952296777,0.1755606481946394,0.007992989151894548,1.4300674769959147,0.1757425078633631,0.0010194072771556664,1.0391911967179296e-06,CALIBRATED,0.01564251977162208,0.013543967346928447,0.0060937382257020495,0.005809095373399947,0.0,0.0,0.021961677296075975,0.019344195881852287,0.009533606888228689,0.00848554258040905,0.0,0.0
20993916,116,55,89,1.8759481312595838,-101.31176609853554,-92.29002183352766,219.0823732306915,197.1509393168301,9,transition,False,3,3,2,1.6529813747709764e-14,6.875075019878609e-05,6.87493652821611e-05,4.7264752267000184e-09,1.9888191266437776,0.008291381903676235,0.1766308663139321,0.0035130880938695533,1.9888364099437617,0.17666579952771122,0.00021673486005538775,4.6973999563228514e-08,CALIBRATED,-0.00538585267351027,-0.0029272802878452355,0.0055755893672448185,0.00029289859279723864,0.0,0.0,-0.006155816336403203,-0.0015784811311027327,0.013045524097221248,0.002482636428362319,0.0,0.0
20993916,117,56,103,3.93057917669638,130.61257948606038,50.864571732634644,490.0208770446754,493.61780711719774,23,transition,False,4,4,3,1.1286729148004893e-69,5.041416962407473e-06,5.041416962407473e-06,2.541588498884979e-11,1.324677241980249,0.002125500618495513,0.13371254428251864,0.011414523981651499,1.324678947206937,0.13419886682171425,8.810508844120699e-06,7.762506609232905e-11,CALIBRATED,-0.0020846214520900456,-0.0008120089243302365,-9.242029706029266e-05,-0.00016694418047000649,0.0,0.0,-0.002745963145667348,-0.001090300390874235,-0.00025912240878887263,-0.00011956538663143903,0.0,0.0
20993916,118,56,143,3.0129918399263538,122.04758143167219,60.68007107858625,488.9971272060616,493.0314595700479,23,transition,False,4,4,2,2.1895588108759328e-69,8.694111932227837e-06,8.694111932227837e-06,7.558758229010645e-11,1.4919685784393222,0.0034213354288677054,0.20014209761824464,0.0059831899613411645,1.4919725012835756,0.2002315105100705,1.9298596596530394e-05,3.7243583059561455e-10,CALIBRATED,-0.000643926195069034,0.00044868209586257113,-0.0025816471786180998,0.001188803267793846,0.0,0.0,-0.0011272155671743407,0.0005634060989006112,-0.0038057585268171656,0.0017963176959909558,0.0,0.0
20993916,119,57,68,3.964324374524505,216.94500507766367,13.99713846372611,544.3939531721828,567.6182726751383,26,remote,True,4,4,3,7.993784308016407e-86,3.3773699051217072e-06,3.3773699051217072e-06,1.140662747602181e-11,1.318524934709298,0.002077844989133291,0.13126953059965882,0.011614266756689308,1.318526571931699,0.13178232376214308,5.8503585263214656e-06,3.422669488650227e-11,CALIBRATED,-0.0014120126267273335,-0.0011716857119788808,0.00010212738853924897,1.7687168766627594e-05,0.0,0.0,-0.0018587413101981724,-0.0015477086132404036,5.394599320330891e-06,-2.8661618740118214e-06,0.0,0.0
20993916,120,57,99,5.4727874964832885,213.06634196961406,4.115651993090445,536.4554021823936,563.648411930192,26,remote,True,4,4,4,2.325385900580487e-83,4.349577808533883e-07,4.349577808533883e-07,1.8918827112490416e-13,1.1836572815161848,0.0011523475946340004,-5.273117795655995,7.325320424891929,1.1836578424491022,9.025856780062645,3.6853316033239593e-06,1.3581669026458345e-11,CALIBRATED,-0.0002606242231960428,-0.00044752192922401196,3.97218209230803e-05,0.0004064223110792771,0.0,0.0,0.0010575195807936057,-0.0010915843874661978,0.001172648179116957,1.7992015334757647e-05,0.0,0.0
20993916,121,58,59,3.4710810470927385,175.29777477076726,49.8109154380225,526.3217543975294,538.3723679653755,25,remote,True,5,5,3,2.8767634247918575e-80,5.283348710136309e-06,5.283348710136309e-06,2.7913773592899004e-11,1.4084513451325722,0.0027744128776133006,0.16697832104837834,0.00869468716222652,1.4084540776938974,0.16720453727391577,1.0451503463634354e-05,1.092339246503609e-10,CALIBRATED,-0.001949719535353873,-0.0010463868818339002,-0.0004899043597031335,-0.00038341968580861446,0.0,0.0,-0.0027035233943040974,-0.0015002900273310667,-0.0008171076157718098,-0.0004732121070127659,0.0,0.0
20993916,122,58,102,2.720243878940714,163.5016590983163,57.68687243254715,520.8579000811617,529.6363882368464,25,remote,True,5,5,2,1.264145261152007e-78,5.0659928687235205e-06,5.0659928687235205e-06,2.5664283745957566e-11,1.580108935276421,0.004187219718060998,0.19942068228755908,0.005156015472425409,1.5801144832414367,0.19948732546101136,1.2473690602364207e-05,1.5559295724350915e-10,CALIBRATED,0.00032550105540459716,0.00011873349726028766,-0.0021043204557607965,0.0007195691125590567,0.0,0.0,0.00021488312020994136,-2.5411137970928767e-05,-0.0033434844797960266,0.001117130992517513,0.0,0.0
20993916,123,58,103,2.31381493955379,153.30234753466777,49.20092367735391,507.65109052342336,516.3684840071596,24,remote,True,5,5,3,1.0047762120523073e-74,5.166657656390855e-06,5.166657656390855e-06,2.6694351338342237e-11,1.7364592769720626,0.005645911588659525,0.19221790511046538,0.0042314581567521985,1.7364684554865963,0.19226447483398545,1.5450120936354646e-05,2.3870623694798416e-10,CALIBRATED,-0.001456940147699318,-0.00160332613328983,0.0005896651262082557,0.00035443393129951475,0.0,0.0,-0.00259869654939904,-0.0027653893007146373,0.0007283524943228319,0.0007204317039129292,0.0,0.0
20993916,124,58,154,4.729267052528492,173.94931750804824,38.88442394622564,519.3234341782326,534.7126832348617,25,remote,True,5,5,3,3.631638798888872e-78,1.2556094953784888e-06,1.2556094953784888e-06,1.5765552048846232e-12,1.2397078417856542,0.0015267748744668592,-0.15479581646175017,0.032810543516317243,1.2397087819429051,0.15823487782374654,1.9273160815363717e-06,3.7145472781487145e-12,CALIBRATED,-0.00019430325178990688,-0.0008549731535532401,0.0001902757747263569,0.0006713209202593563,0.0,0.0,-0.00026903525604983524,-0.0010762335735460319,0.00019589795750647742,0.0008113454245607721,0.0,0.0
20993916,125,59,62,3.078524697034865,197.0585188337993,48.60462681555397,544.0889968795822,559.8885246633266,27,remote,True,3,3,2,9.955533818046363e-86,2.7820757164435154e-06,2.7820757164435154e-06,7.739945292024699e-12,1.4800208555269123,0.003328788644423971,0.19539778800096463,0.006371088553658814,1.4800245989943723,0.1955016274229667,6.01385742931062e-06,3.6166481180074545e-11,CALIBRATED,-0.0006101018933059011,-0.001328314941183138,0.000472511707297915,0.0006497411020738308,0.0,0.0,-0.0009947943531793087,-0.0019967931906551815,0.0004799773302519301,0.0008981538511805816,0.0,0.0
20993916,126,59,154,2.0187695668662684,185.1603978321642,42.35351451091529,530.6794737831632,546.4482237584081,26,remote,True,3,3,3,1.3687334527964813e-81,6.182881681438605e-06,6.182881681438605e-06,3.8228025886669074e-11,1.8772188551592965,0.007024872422023796,0.1828771862155697,0.003702348880286972,1.8772319992473294,0.18291465940529622,2.1516863832816288e-05,4.6297542919995763e-10,CALIBRATED,-7.351353129858493e-05,0.00018297892162640433,-0.0024713484750828216,0.0001908739665351675,0.0,0.0,-0.0005250867772445761,7.61530311197839e-05,-0.00459299052562825,0.00037388027029998903,0.0,0.0
20993916,127,60,64,2.236491674654303,45.1600281359319,-254.71435690617153,312.3382469030907,487.35242643120426,23,transition,False,2,2,2,9.734485807557189e-29,3.933441965950709e-05,3.933441965952789e-05,1.5471965699518544e-09,1.7733484850696883,0.006007299238406429,0.1897699599863553,0.0040927931901667824,1.773358660041194,0.18981408975447625,0.000122899634764716,1.5104320225300593e-08,CALIBRATED,0.0010539621394461635,0.00015025332186157007,-0.004947636507411548,-0.00370430835621712,0.0,0.0,0.0013520055601723277,0.0008768769867228587,-0.008826904733495143,-0.006510649376670196,0.0,0.0
20993916,128,61,74,3.7145922273531227,8.545078766497568,-235.14962689566502,275.1672928713378,448.7178457332417,21,transition,False,2,2,2,1.814880763894277e-22,2.4613705543937455e-05,2.4613705603039657e-05,6.058345035131058e-10,1.3640552324618327,0.0024305216190362335,0.14934911204698273,0.010136065551699245,1.3640573978545936,0.14969267548577836,4.542796116267893e-05,2.0636996553978652e-09,CALIBRATED,0.0021935604969244345,0.0015641606866178858,-0.0028483272965395445,-0.0030401366593623847,0.0,0.0,0.002689996417495584,0.0024855473579103626,-0.004070885911571376,-0.0039296084618056235,0.0,0.0
20993916,129,62,84,3.7945538900251066,219.50057271003527,43.58828497926382,560.8186123274337,582.8843822816542,28,remote,True,2,2,2,4.902662294004275e-91,4.006878811707717e-06,4.006878811707717e-06,1.6055077811712247e-11,1.3494768998303326,0.002317598192749276,0.14356021618669346,0.010609370360285298,1.3494788899560706,0.1439517086074766,7.278322536429984e-06,5.29739789443046e-11,CALIBRATED,-0.0012277161622709606,-0.001573827313160742,0.00013414407237567717,6.829928844497542e-05,0.0,0.0,-0.0016565507508083954,-0.0021274661136370743,6.145302470702699e-05,6.537283462147069e-05,0.0,0.0
20993916,130,63,66,1.5248616715445351,-37.19050837587962,-230.30471871027518,229.50239207532897,445.84359551185923,21,transition,False,2,2,2,7.518222747998646e-16,4.975067356544051e-05,4.9750607404624986e-05,2.4751229371291265e-09,2.2793228165677473,0.01162753234087031,0.1606345214416047,0.0030727124720432864,2.2793524741984657,0.16066390708777503,0.0002497807238753093,6.239041001967351e-08,CALIBRATED,-0.0012064472134034204,-0.0009278758405902689,-0.0064308253217539675,0.002465486692609188,0.0,0.0,-0.0015502295453816237,0.0003336767616973793,-0.014804007357873173,0.0053016542888682724,0.0,0.0
20993916,131,64,77,1.8476595287324322,46.16918800754785,-276.6238077596557,315.40905800103843,509.28510616596805,24,transition,False,3,2,3,2.721455348017786e-29,4.735441402532942e-05,4.735441402532918e-05,2.242440527682293e-09,2.012226305102326,0.008560190429545228,0.17534196943551708,0.0034776050651631734,2.012244512927281,0.1753764521893263,0.00018972802663361243,3.5996724090284745e-08,CALIBRATED,-2.283973782513911e-05,-0.0008757014616466246,-0.005477453908839081,-0.004072411815904512,0.0,0.0,-0.000547498844245856,-0.0005670194611247286,-0.010959231405459489,-0.00830674470424234,0.0,0.0
20993916,132,65,80,2.9457246928742116,66.64387263703719,-117.2802869265962,353.7995092474169,390.67690458435,20,transition,False,4,4,3,1.14262998316852e-36,1.0828432829785283e-05,1.0828432829785283e-05,1.1725495754917172e-10,1.5109777243039915,0.0035847119295617865,0.20076021548402498,0.005760729196547955,1.5109819765644084,0.2008428493177392,2.3770051558744264e-05,5.650153511053607e-10,CALIBRATED,-0.0003787516707344725,0.0016319395873038364,0.0008917613462319603,-0.002688217789997357,0.0,0.0,-0.0008814141591473862,0.0030245008706716683,0.0010864034468884647,-0.0035588316443313176,0.0,0.0
20993916,133,66,86,2.9280296112378466,-35.18384536567712,-252.0618967425448,231.9893420776861,467.69311478264393,22,transition,False,3,2,3,3.5201912279621235e-16,4.8366111592492256e-05,4.836618865216935e-05,2.339288204737235e-09,1.516402941644828,0.003631994996879362,0.20065509279596747,0.005713273013787613,1.5164072912040303,0.2007364136211674,0.00010942876994347379,1.1974655691341713e-08,CALIBRATED,0.0020536008948313852,-0.0004891376836869635,-0.006469825626450429,-0.0014321357151610107,0.0,0.0,0.0028013217641800602,0.0003491919552416823,-0.009892915525383808,-0.0018946381456677783,0.0,0.0
20993916,134,67,72,3.315009395473165,94.58834328281837,-126.80897814956656,377.36976645921476,420.8171886250105,22,transition,False,4,4,4,1.286568342219639e-41,2.5189262511702055e-06,2.5189262511702055e-06,6.3449894588343856e-12,1.4369057866190038,0.0029948203211083635,0.1782772674156556,0.007770876166718128,1.4369089075400479,0.17844654828152784,5.186032620098472e-06,2.6894934336725422e-11,CALIBRATED,-0.00021233732151578613,-5.0134845805533906e-05,-0.0015599074389124035,0.00019497279893233526,0.0,0.0,-0.00034289446969277,2.6468239501511493e-05,-0.002236101735398184,0.000260008584472717,0.0,0.0
20993916,135,67,80,4.491618291712438,85.3347602901612,-120.5654944865199,370.4211371058329,409.65430877916765,21,transition,False,4,4,3,3.994210052779074e-40,1.533442624996471e-05,1.533442624996471e-05,2.3514462841560675e-10,1.2632726744409526,0.001689935890804555,-0.06241637435787242,0.025972054411770855,1.2632738047915473,0.06760437410663647,2.4430453601616942e-05,5.968470631807582e-10,CALIBRATED,-0.0020415655001025206,0.002796903382336585,-0.001101838139327078,0.0014593562770462423,0.0,0.0,-0.0026482988149978564,0.0035951656134812914,-0.0012592033289416768,0.0017047457804968418,0.0,0.0
20993916,136,67,105,2.4073044953440537,105.41017665620974,-121.9312915262832,389.1433222608818,429.7761313562613,22,transition,False,4,4,3,3.2971756346836463e-44,1.013581670744855e-05,1.013581670744855e-05,1.0273478032699318e-10,1.6918574914294489,0.005208967146558639,0.19517765212256435,0.004399114374406663,1.691865510211932,0.19522722170679954,2.8651306838822458e-05,8.208973835723546e-10,CALIBRATED,-0.0010409170627502108,0.0021363195797862687,0.0011633589082914097,-0.001770605286178956,0.0,0.0,-0.002056204034237133,0.003750631294786225,0.0015915330530459609,-0.0027969839541981296,0.0,0.0
20993916,137,68,75,4.777203697785048,239.35594027483387,7.36561966405623,561.4880184655229,590.2904301649629,28,remote,True,3,3,2,2.9834042944228435e-91,1.1509534951733885e-06,1.1509534951733885e-06,1.3246939480518393e-12,1.2349545284519419,0.001493863313165123,-0.173429873420119,0.03418994993598378,1.234955431977833,0.1767678524821286,1.7411399345579948e-06,3.0315682717126182e-12,CALIBRATED,-0.00044995601545029306,-0.0007193379205085343,0.00037335641142864894,0.0005400472437639721,0.0,0.0,-0.0006100688964231588,-0.0009381962113800484,0.0003737638349199919,0.0005907997468119368,0.0,0.0
20993916,138,68,99,1.2309022300137507,225.04837587985654,4.171096160111856,547.2201169973247,575.6305741174542,27,remote,True,4,3,4,1.0397100066070075e-86,5.495526240308276e-06,5.495526240308276e-06,3.020080865791682e-11,2.780230367813323,0.018836749142739875,0.14617722044166218,0.002800456332344379,2.780294178900799,0.1462040434862171,4.155043636692822e-05,1.7264387622821513e-09,CALIBRATED,-0.0005456804159234399,-0.00011256217555975053,-0.0020677345270028783,-0.0009537100222076609,0.0,0.0,-0.002118348185173934,-0.0009244247617091002,-0.005493987201119782,-0.0024545021546475807,0.0,0.0
20993916,139,69,73,2.559561463763089,-138.09165953764364,-93.84040349535192,191.6934035285688,235.9126728573144,11,transition,False,2,2,2,2.810384596435633e-11,0.0008850223445346456,0.000885273911365431,7.837098981442491e-07,1.6293733039356548,0.004616579559949524,0.19846610249221458,0.004725083633977616,1.6293798441078817,0.19852234195122295,0.0023290116977702792,5.424295488350798e-06,CALIBRATED,0.023729523600658203,0.017667119319564793,0.0019242544911746576,0.002520666707974481,0.0,0.0,0.03783834591645887,0.02863673153533799,0.006906019987945702,0.005432841887608478,0.0,0.0
20993916,140,70,108,3.756512245142975,171.46853631599794,-33.922823436308676,482.4748192309668,506.7459724995867,24,transition,False,3,3,3,1.4445226990582168e-67,3.3152409160323793e-06,3.3152409160323793e-06,1.099082233133521e-11,1.3564125204066093,0.0023713213487984944,0.1463142749845969,0.010384196285015045,1.3564145932128384,0.14668230498854987,6.076915920764741e-06,3.692890710804398e-11,CALIBRATED,-0.0015296273537414307,-0.00038046261090845406,0.0008905809173295713,0.0001938940589794056,0.0,0.0,-0.0021343716802193395,-0.0005209497815585857,0.0010867505115542495,0.00026259874747046075,0.0,0.0
20993916,141,70,142,1.8104004453078133,158.29837020297944,-39.20858432466748,468.3022756597683,492.5546884275443,23,transition,False,3,3,3,1.068742882242973e-63,6.0084197344033916e-06,6.0084197344033916e-06,3.610110770476812e-11,2.0430560364078905,0.008914239707200025,0.17364435583751403,0.003430870161045508,2.0430754835718328,0.17367824614581742,2.4086656410607177e-05,5.801670170426439e-10,CALIBRATED,-6.036084003635192e-05,0.00014729329894180352,-0.0023444484955327384,0.0006975974765397443,0.0,0.0,-0.0010139658983914905,0.0003338032404840744,-0.004582297410488268,0.0013963006144742452,0.0,0.0
20993916,142,71,82,4.0041583478432194,136.61095687856894,-270.26250554369705,404.67953886066584,547.3724167673754,26,transition,False,2,2,2,9.481612837380083e-48,1.3102301463770142e-05,1.3102301463770142e-05,1.716703036475132e-10,1.3116083441242066,0.0020246082012870805,0.12707031813736575,0.011945095030178906,1.311609906723265,0.1276305255290103,2.2475056163944837e-05,5.051281495724748e-10,CALIBRATED,6.37978523057757e-05,0.0008409534592113896,0.0003726658447584059,-0.0035003069501691156,0.0,0.0,-9.960951429121636e-05,0.0012331483334394606,0.00044620418850160713,-0.004554709773246436,0.0,0.0
20993916,143,72,80,2.3257596916857004,83.53667715654575,-132.08349400129492,365.2690457413272,413.13802174781137,21,transition,False,4,4,3,4.895285791494676e-39,1.943380999992024e-05,1.943380999992024e-05,3.7767297111299994e-10,1.7307607016772741,0.0055900851060947795,0.19259605905647403,0.004252878859271621,1.7307697292019826,0.1926430090677481,5.763295434619939e-05,3.3215574266711032e-09,CALIBRATED,-0.0011107865040185904,0.0032415888140549945,0.0011743000051832272,-0.002512585282300007,0.0,0.0,-0.0022438082326383902,0.005836042192270995,0.0015971264263728397,-0.003998509430970227,0.0,0.0
20993916,144,72,97,4.456760875602331,94.9239868673932,-150.36776245702347,371.56138620049177,434.6783396519629,22,transition,False,4,4,4,2.2829701589214815e-40,2.370718226484042e-06,2.370718226484042e-06,5.620304909383641e-12,1.266729074443251,0.0017138677279405928,-0.04886650924442945,0.02496901084670841,1.2667302338629343,0.05487610799244924,3.6866292534107006e-06,1.3591235252103539e-11,CALIBRATED,0.0003629158781490034,-2.4961630828809126e-06,-0.00099040259478314,-0.0011216535834597358,0.0,0.0,0.00022521140534002772,0.00025840387976346844,-0.0012942063261841082,-0.001376287214393744,0.0,0.0
20993916,145,72,105,3.7405900816643225,103.61209352259428,-133.44929104105825,384.18934158352766,432.0208408726825,23,transition,False,4,4,3,4.151307472858671e-43,1.3061328630326867e-05,1.3061328630326867e-05,1.705983055893963e-10,1.3593153939543632,0.002393806939940917,0.14746697420530377,0.010289950664229825,1.3593175017459944,0.1478255443620622,2.4114311703311592e-05,5.815000289244704e-10,CALIBRATED,-0.0024658607123297952,0.002154852117863908,-0.001081136476860299,0.0010810253679978054,0.0,0.0,-0.003342963848801211,0.0029729679706725467,-0.0015034247517274604,0.0013564954368401549,0.0,0.0
20993916,146,73,78,1.8065933218558214,-156.62504259592563,-103.96466339936723,171.89659388341772,257.0310754055439,12,transition,False,3,2,3,3.2775881371559604e-09,0.0024636856392482314,0.0024672061838037765,6.087106353399594e-06,2.0462062103328473,0.008950416370290716,0.17347089412167624,0.0034260948007000793,2.0462257854786983,0.1735047239499755,0.01032126894884703,0.00010652859271443388,CALIBRATED,0.03077561888263332,0.013281765019958676,0.03283935108220693,0.01628616605124841,0.0,0.0,0.0629266461106534,0.029462074349860055,0.06698242335413336,0.03173085713816424,0.0,0.0
20993916,147,74,147,2.188952424780009,15.469911569708978,-256.18922516560065,282.8078307353798,470.8677442592556,22,transition,False,2,2,2,1.0832224643511522e-23,2.573621077524387e-05,2.573621077716761e-05,6.623525451667982e-10,1.7960284027335052,0.0062294846027354505,0.18826493462193356,0.0040075403428654725,1.796039206115468,0.18830758345802381,8.078443238740811e-05,6.5261245161557125e-09,CALIBRATED,0.0002922520882801307,-0.0007575270500491494,-0.004699202242894248,-0.0017304480757552407,0.0,0.0,0.00038832705842981025,-2.1958898571957465e-05,-0.00843529516785832,-0.0030787899767569333,0.0,0.0
20993916,148,75,173,2.7514273310377177,260.0913649595178,5.4934710085690295,579.4601608170178,611.1101990744019,29,remote,True,2,2,1,3.862689198033316e-97,4.994444245662988e-06,4.994444245662988e-06,2.4944473323036134e-11,1.5705482557305224,0.004103894345791061,0.19960593649405073,0.005239645920265364,1.5705536175269497,0.19967469487402945,1.2316299564903366e-05,1.5169123497243882e-10,CALIBRATED,-0.0013203544020404146,-0.0015314943309297617,-0.0005909166165507338,-0.0007459565438346404,0.0,0.0,-0.002053791030286326,-0.002426750501964886,-0.0009541226537880056,-0.0011396376316884702,0.0,0.0
20993916,149,76,79,3.8958749031574307,118.99159219676915,-76.56303554105904,417.2965199912197,443.6771250435013,22,transition,False,5,5,2,9.97762547097049e-51,2.615575064382627e-06,2.615575064382627e-06,6.841232917420183e-12,1.3310044046039278,0.0021745106733626063,0.13622499110654346,0.011209104296822639,1.331006180891631,0.13668537676399364,4.615600589329509e-06,2.1303768800218913e-11,CALIBRATED,-0.0008649347173729774,0.0004917152900874687,0.0011189845633442033,-0.0006111895119822775,0.0,0.0,-0.0012366019285263697,0.0006865039176078891,0.0014160259131966255,-0.0007810244835848983,0.0,0.0
20993916,150,76,100,2.8447650165138896,105.83878823966756,-77.77402864383893,404.6983827787258,430.4686900026296,21,transition,False,5,5,3,9.386481949349617e-48,2.0139826681083483e-05,2.0139826681083483e-05,4.0561261874408216e-10,1.541931420826624,0.0038544865071424507,0.2001604356817887,0.005489966905011861,1.5419362384997135,0.20023571047378538,4.775932104772558e-05,2.280952746939724e-09,CALIBRATED,-0.0014241173775717294,0.001180357297067952,-0.003201408307534929,0.002543512900632995,0.0,0.0,-0.0024386932569461168,0.0019524014344002472,-0.004823439466441044,0.0038385748134928833,0.0,0.0
20993916,151,76,115,3.6037641540671004,104.67471423338301,-57.69998668849328,411.91367248967777,430.52679158929647,21,transition,False,5,5,3,1.9083848762766072e-49,5.324713767869833e-07,5.324713767869833e-07,2.8352576709742555e-13,1.3842610218774396,0.002587035194992984,0.1573726092231374,0.009480057931800404,1.3842634393208084,0.15765788794757019,7.042231437304882e-07,4.959302361656518e-13,CALIBRATED,0.00014479805035649783,-0.00047734774719726303,0.0004127101089263736,0.00033662203676470626,0.0,0.0,-0.00015314644380290423,-0.0004327447087009374,0.00034170140824413275,0.0006137926972328111,0.0,0.0
20993916,152,76,137,3.2941696356500465,121.88600193942082,-63.30104074597615,425.1863134230547,447.7999234123631,21,transition,False,5,5,2,1.2314707880214579e-52,2.037879616231501e-05,2.037879616231501e-05,4.15295333025185e-10,1.4407052192534684,0.0030242506381326284,0.17978598040808497,0.007647522571952066,1.4407083934218288,0.17994855751793296,4.227610139118441e-05,1.7872687488377043e-09,CALIBRATED,-0.0037240909333908054,0.0019952656914045577,-0.0014287137891916108,0.0006983083927814782,0.0,0.0,-0.005346299889041531,0.002820569707069365,-0.0021232168305022696,0.0011088352924819157,0.0,0.0
20993916,153,77,91,3.157174833903351,39.23626244728055,-297.22155521352545,311.9120405060889,531.0183216896223,25,transition,False,3,3,2,1.1606692870524816e-28,2.381678063575821e-05,2.3816780635699796e-05,5.672390398490448e-10,1.465681635724977,0.0032177173805664305,0.18970384122053224,0.006836630248664719,1.4656851677650917,0.18982699198739325,5.033724881160763e-05,2.533838617921694e-09,CALIBRATED,-0.0027109513462540307,-0.0010724202221584368,-0.003877919248814132,-0.0005283754353920593,0.0,0.0,-0.003811955453298862,-0.000931402444744683,-0.005785420477764531,-0.0012114635013318153,0.0,0.0
20993916,154,77,109,1.6975427160989192,54.13902135929903,-294.1897126569777,325.9843111877991,528.5744622598465,25,transition,False,3,3,2,3.0703046712726073e-31,3.6219611572802424e-05,3.6219611572803515e-05,1.3118602624847622e-09,2.1364392639987053,0.009986654641534346,0.16850228582034946,0.003289310179727502,2.1364626048742954,0.16853438785049538,0.00016217699451695762,2.6301377550553303e-08,CALIBRATED,0.0009866566590955033,0.004836374122083356,0.000236726825468746,-0.0034350496315500236,0.0,0.0,0.0011035687726394993,0.01002969636022765,-0.0006898168033313038,-0.007738764383316668,0.0,0.0
20993916,155,78,81,3.6040752874175013,-173.0547406950097,-119.58800238440087,149.40048771106643,279.70316619286035,13,transition,False,3,3,3,3.899063872959668e-07,0.0028705424691963,0.0029190264943523246,8.520715674730822e-06,1.3842042971255606,0.0025865958063811746,0.157350084446839,0.009481899575732452,1.3842067138468634,0.15763551470081746,0.005592571873118278,3.127686015599369e-05,CALIBRATED,0.039135159274539255,0.012866481812466838,0.033055742003675156,0.011368261488226504,0.0,0.0,0.053859057972960304,0.018123993165731562,0.04605192609565896,0.015572884189900745,0.0,0.0
20993916,156,78,106,3.0542099981196955,-175.26056394920369,-109.06251085879963,156.4456601793898,276.3512903326125,13,transition,False,3,3,3,9.381135868613915e-08,0.0003453849113862152,0.00035234428952788456,1.2414649836290974e-07,1.4844538269881764,0.003363126338499944,0.1971580723071028,0.0062271662847700245,1.484457636673614,0.19725638918876862,0.0007554156478889118,5.706528010754245e-07,CALIBRATED,0.01151404291142869,0.012813384339871023,-0.005855777543069776,-0.004614992577078651,0.0,0.0,0.01794979573609018,0.019472920273353036,-0.00514461789430228,-0.0052496441470648,0.0,0.0
20993916,157,79,83,2.3126437194338045,135.65927313134068,-92.4337381224666,427.1509314550217,466.69213727821835,23,transition,False,3,2,3,4.0701324959749187e-53,9.493088653111206e-06,9.493088653111206e-06,9.011873217582873e-11,1.7370180400143427,0.005651385549013476,0.19218082593920038,0.004229357790206462,1.7370272333771548,0.19222735842223607,2.8207325522970517e-05,7.95653213158824e-10,CALIBRATED,-0.0018100772665598393,0.001183613085848416,0.0018841510241543564,-0.001125052853594419,0.0,0.0,-0.0034895909903497565,0.0021863985156890114,0.0028514886923100597,-0.0017659994369367956,0.0,0.0
20993916,158,81,106,1.5082893865826854,-184.22438201739914,-116.73962347903718,145.00586452856814,288.15332797632124,14,transition,False,3,3,3,9.171902579269349e-07,0.003032623825971667,0.003003184016665184,9.019114237953227e-06,2.2930354215363247,0.01178500818247825,0.15987944821608815,0.0030519254832739678,2.2930657057393993,0.15990857453881663,0.015697177111575845,0.0002464013692721806,CALIBRATED,-0.014891199748534248,-0.002851380642415393,0.052461961429980546,0.004587855497477026,0.0,0.0,-0.02616556156607554,-0.002819357800624979,0.12190849325436928,0.011954538617161633,0.0,0.0
20993916,159,81,131,2.1966767936344347,-192.82983079060998,-124.75722499115652,133.5424360492573,299.9149470228426,15,source,False,3,3,3,7.573932308087302e-06,0.001051288730867904,0.001183863447002512,1.4015326611486698e-06,1.7923432783344757,0.006193383029558118,0.18850947720686706,0.0040213925689773,1.7923539788178355,0.18855236565739544,0.0035093294728134744,1.2315393348757298e-05,CALIBRATED,0.02546233387775076,0.016109115643298904,-0.015551633221591017,-0.005846032657485522,0.0,0.0,0.048941621599526766,0.02978001555232978,-0.013162702410045485,-0.00734445961182911,0.0,0.0
20993916,160,82,93,1.6805933151090002,146.19210437323176,-290.5782060792436,416.3971204700137,569.8340746662147,27,transition,False,2,2,2,1.6380577170881917e-50,2.0890775515654632e-05,2.0890775515654632e-05,4.3642450164547505e-10,2.150463910615863,0.01014771397594613,0.16773003028012107,0.003268050165864887,2.150487853246376,0.16776186458685102,9.601012819593147e-05,9.217944716199197e-09,CALIBRATED,-0.0008313612046068789,0.0026816712600072896,0.0015833065781062836,-0.003240585378616882,0.0,0.0,-0.002239863153850212,0.005366297121357495,0.0031259059391651814,-0.0072404909027467025,0.0,0.0
20993916,161,83,88,2.0432763757053394,148.38950328114367,-109.63687269540524,433.83924029339687,488.0932260075702,24,transition,False,3,3,3,9.038813693971509e-55,2.4354459674608524e-06,2.4354459674608524e-06,5.931397060421327e-12,1.8655272023010216,0.006910334345279868,0.18365303709671246,0.0037462973068465894,1.8655400009771541,0.1836912430638917,7.736500420310945e-06,5.985343875347143e-11,CALIBRATED,3.999647648636627e-05,0.0002471728845857019,0.0010994518321524374,-0.0010788686125899484,0.0,0.0,-0.0006093938079900519,0.0007104184899536674,0.001793914786563166,-0.0019084849789234156,0.0,0.0
20993916,162,83,122,4.056562483642821,156.23547330429233,-101.53031711848378,443.74069302089646,489.18942073618626,24,transition,False,3,3,3,2.8912694475330334e-57,8.323007210858599e-06,8.323007210858599e-06,6.927244903200423e-11,1.3064120422948904,0.001988629423076746,0.10669964667886746,0.0134530562350603,1.306413555846727,0.1075444062862353,1.4198189716116272e-05,2.015885912148299e-10,CALIBRATED,-0.0026434841824287615,0.0010607055957316165,0.0004275174378954958,-0.0001647151103768179,0.0,0.0,-0.003443472840957229,0.0013740062657818894,0.0006249167713936777,-0.0002495402174584942,0.0,0.0
20993916,163,84,101,4.448134802799579,243.23125348073,46.294074488367706,582.8149821123408,606.7688229639938,29,remote,True,2,2,2,2.9327731779517103e-98,3.941627345592912e-06,3.941627345592912e-06,1.5536426131525828e-11,1.267584420633028,0.0017197900765388643,-0.04551335987251898,0.024720790301925928,1.267585587291634,0.05179366177475016,6.327764512912632e-06,4.0040603730876437e-11,CALIBRATED,-0.0011419030433324076,-0.0015625704203543426,-0.00024191151515780396,-0.000370860196689813,0.0,0.0,-0.0014281244787818083,-0.001973025081648888,-0.00037068709600578034,-0.0005079252799930528,0.0,0.0
20993916,164,85,92,3.7578793091978433,31.88775473148113,23.873486557932495,395.81958223279275,401.34641450163895,19,transition,False,3,2,3,1.0312595995204768e-45,1.0223374921370786e-05,1.0223374921370786e-05,1.0451739478291314e-10,1.3561632820359393,0.002369390754162629,0.14621530516351602,0.010392288137650332,1.3561653518487473,0.1465841571139121,1.8654018759401874e-05,3.47972415876117e-10,CALIBRATED,-0.0025648971865841735,0.0017219431049694158,-0.0007950557731471993,0.0002178889727750679,0.0,0.0,-0.0034923956560313834,0.002230490023170872,-0.0010456580150310529,0.0006234620383564022,0.0,0.0
20993916,165,86,87,3.241716339063281,-20.58830358827164,-264.550138681662,247.67637020225774,486.90212377597607,23,transition,False,3,3,2,2.4321848060423764e-18,4.6609814296599815e-05,4.6609815985634544e-05,2.1724749462147135e-09,1.4502683221168675,0.003098326211009615,0.18358338358009332,0.007337043816619667,1.450271631716274,0.1837299402347986,9.692108649714486e-05,9.393697007787036e-09,CALIBRATED,0.0005415155420365111,0.00670542761876563,0.000661662243242245,-0.000957089561498919,0.0,0.0,0.0006509236552608428,0.00974526583031685,5.340390166025478e-05,-0.001234636307546898,0.0,0.0
20993916,166,86,104,4.231599066681454,-37.80114514366366,-273.80971429725207,231.9124201344846,489.5978591664682,23,transition,False,3,3,2,3.604230124727424e-16,4.1763141539144107e-05,4.176302943544864e-05,1.7441506276261496e-09,1.2890557229364517,0.0018684556561831482,0.038658972562355634,0.018489841454963962,1.28905707707679,0.0428531258673935,6.895168892286148e-05,4.754335405315058e-09,CALIBRATED,-0.002952448161808208,0.001057401825902833,-0.0048752603575835905,0.0028565393593709236,0.0,0.0,-0.0034469285896814228,0.0018008127961936517,-0.006481450108029321,0.0034377681700036456,0.0,0.0
20993916,167,87,147,5.044283005954977,3.4485519481394684,-266.6323251911799,271.794078404566,486.79167044896633,23,transition,False,2,2,2,6.14639904471906e-22,2.6930422478464425e-05,2.6930422444482198e-05,7.252476530382705e-10,1.2101269775409922,0.0013232389991073628,-0.7295794196726466,0.7229145080285481,1.2101277010026446,1.0270791184363712,3.942132050974713e-05,1.5540405107322095e-09,CALIBRATED,-0.0006853485230357741,0.005140650867689156,0.00015266690182765992,-0.00010545766955492065,0.0,0.0,-0.0008536386848076836,0.0062086105824580035,-0.00015620585736223286,-0.0003483904003602117,-0.0,0.0
20993916,168,88,96,3.29707409873388,162.2556335756912,-126.08154777581599,442.7531516435764,509.60361670243327,25,transition,False,3,3,3,5.157774304148961e-57,6.986672040170929e-06,6.986672040170929e-06,4.8813586196906215e-11,1.4401756876312244,0.0030201488984740133,0.17957570921360844,0.007664714514915762,1.4401788543592213,0.1797392088225761,1.4378990144692596e-05,2.067553575811668e-10,CALIBRATED,-0.0018744192332148584,0.001002779917229937,0.001446207732520952,-0.0006133027069254452,0.0,0.0,-0.0028588530051743086,0.0014318875311361923,0.0018342320519162182,-0.000889517013551928,0.0,0.0
20993916,169,88,122,2.5632877857695178,160.22052727199963,-111.80630141286613,444.55890721018375,500.12150724939164,25,transition,False,3,3,3,1.788100619945195e-57,8.018990330307428e-06,8.018990330307428e-06,6.430420591756403e-11,1.6282308335485576,0.004606622446560748,0.1984882397727275,0.004735077202913605,1.6282373501085752,0.1985447110456315,2.116343274830549e-05,4.4789088569204924e-10,CALIBRATED,-0.0018150831569289489,0.00025474684271186755,-0.00212461389661191,0.00038155379724510817,0.0,0.0,-0.0031346247465400988,0.0004909983776839913,-0.0032887669555636163,0.000529615853037294,0.0,0.0
20993916,170,89,90,4.102675546856567,-105.40472097643784,-110.9385221956979,204.07396131620547,178.0585626866039,8,transition,False,3,2,3,1.1011504947616343e-12,0.000376998228299285,0.0003770208919482767,1.4214475296547413e-07,1.3018395521454627,0.0019569698670388216,0.08877445725747628,0.014779987961031055,1.301841023036745,0.08999640162521891,0.0006370348999305429,4.0581346372951683e-07,CALIBRATED,0.0107993496102723,0.006888323656980243,0.01218641603071719,0.008027278584075283,0.0,0.0,0.014757096550416543,0.009585123426023027,0.015151964259073104,0.009889711286579754,0.0,0.0
20993916,171,90,112,4.194839572022012,-125.85328387893391,-120.95718352001825,181.83595036760784,155.28758775120048,7,transition,False,3,3,2,3.2063981060207155e-10,0.0008048577391242818,0.0008057436428927237,6.492228180620371e-07,1.2927007296983997,0.0018936933914362138,0.05294821857819414,0.017432064411002007,1.2927021167451673,0.055743974743765315,0.0013364306547410947,1.786046894931711e-06,CALIBRATED,0.02474599892974306,0.01385976717536979,0.0005127389733655808,0.0010115000996605737,0.0,0.0,0.03161864309040592,0.01787943670632901,0.003594638243637976,0.002023952278185046,0.0,0.0
20993916,172,90,149,3.0733714084463024,-107.349953417249,-129.08639274394375,191.8611460620768,175.4979138440836,8,transition,False,3,3,3,2.6933440102428457e-11,6.017791902480846e-05,6.017520747386634e-05,3.6210555945228593e-09,1.4809603852050077,0.0033360662195095862,0.19577086492283385,0.006340585482718382,1.480964142673409,0.1958735167828926,9.646311479001964e-05,9.305132514992505e-09,CALIBRATED,-0.0002586464414950136,0.000848527452976895,-0.00559057920942943,-0.005304124315738486,0.0,0.0,0.0031883063103499737,0.0036718956457768687,-0.0058306482211064655,-0.006230452740341995,0.0,0.0
20993916,173,91,124,2.2171384261879545,39.89697843560852,-315.53867410613316,316.65410260723627,549.3473530372729,26,transition,False,2,2,2,1.6174832107316258e-29,2.3487247297662038e-05,2.3487247297673767e-05,5.516507856220837e-10,1.7825814890170544,0.0060977509929632644,0.18915726353231302,0.004058086720446526,1.782591918402367,0.189200788621146,7.341447252518414e-05,5.389684776151017e-09,CALIBRATED,0.0014584476969103316,0.002873359933133668,-0.0008090720979154149,-0.0035283682699071466,0.0,0.0,0.0018114421537449121,0.005119221905823553,-0.002046033033497205,-0.006304003946191233,0.0,0.0
20993916,174,92,121,3.865554670078975,51.926361973142924,35.48945625290082,418.5830666940087,424.50837754754684,20,transition,False,3,3,3,4.9005042485085624e-51,1.1949453904250002e-05,1.1949453904250002e-05,1.427894486097956e-10,1.3365322841966216,0.0022173295004183123,0.13842005141276664,0.011029634390445728,1.3365341234887915,0.13885878966741666,2.1298217524615757e-05,4.5361406972584973e-10,CALIBRATED,-0.0018606623258514293,0.0016334178361621513,-0.0019499323483147418,0.0014202463247304192,0.0,0.0,-0.002601798952241155,0.0021026461946275867,-0.0024919040871649823,0.0019743740115087537,0.0,0.0
20993916,175,93,107,4.2465557273477295,159.28201939226324,-309.4369193081244,432.17725967581896,592.790488581603,28,transition,False,3,2,3,2.340929081185589e-54,1.0811332004584183e-05,1.0811332004584183e-05,1.1688489971334624e-10,1.2875726468014337,0.001858186955656591,0.032844980672210755,0.01892022855505025,1.2875739876411032,0.037904720074592786,1.7897246522835804e-05,3.2031143309915827e-10,CALIBRATED,-0.0008166838285159031,0.0016452387772404099,0.0014048551841871388,-0.002337505252646888,0.0,0.0,-0.0011520447461617956,0.002027881088924743,0.0017489132012910886,-0.0030657854343068363,0.0,0.0
20993916,176,94,98,3.868580819668562,-29.138455560239976,-143.86478521145705,254.7507150796924,357.61126991061485,17,transition,False,3,3,3,2.319604150452529e-19,1.783468863450305e-05,1.7834688425543736e-05,3.180761112362237e-10,1.3359805671132658,0.0022130559126927185,0.13820097061521447,0.011047546613683604,1.3359824000789668,0.13864182833895725,3.0536419412780426e-05,9.324729105532332e-10,CALIBRATED,-0.00021693234887249052,-0.0002509829945975408,0.00017393730177229157,0.00420646908143058,0.0,0.0,1.1052570077278137e-06,0.000638401552061052,0.00018306118797128336,0.005485922916973219,0.0,0.0
20993916,177,95,110,3.1962991558295855,-62.88877560532217,-115.61016960175323,236.67500311693038,237.71240585359388,11,transition,False,2,2,2,8.241629545678168e-17,0.0001768142095572975,0.00017681427544970283,3.126328800280339e-08,1.4585486252301567,0.0031624652467884236,0.1868714010527422,0.007068212848145151,1.4585520536981935,0.1870050271096515,0.0003754631568787584,1.4097258217336313e-07,CALIBRATED,0.0036291035823569715,0.004323223916325629,0.0075838069986482815,0.00935090845933111,0.0,0.0,0.005609624682155685,0.006872395437070417,0.010859529748128155,0.013372960121460074,0.0,0.0
20993916,178,96,123,3.509643929386538,183.7658855835664,-133.96433085844356,461.8135699169655,532.5127679431505,26,transition,False,5,3,5,5.778502805187356e-62,8.409765754770691e-06,8.409765754770691e-06,7.072416005011386e-11,1.4014206943616576,0.002719953619881505,0.16418652680333928,0.00892294651818146,1.4014233338762434,0.16442881304172322,1.6503499535882617e-05,2.7236549693087773e-10,CALIBRATED,-0.002811340595955611,0.0005666945115817267,0.00043009810268182644,-1.6616002165961234e-06,0.0,0.0,-0.003944290993666353,0.0007719327250812167,0.0005832223601068859,-0.00010019800290000702,0.0,0.0
20993916,179,96,194,4.6191988154436,180.68925861601272,-123.39698220713996,461.2801134504053,527.2781125564254,26,transition,False,3,3,3,8.002214912347952e-62,3.258780968406121e-06,3.258780968406121e-06,1.0619653400045936e-11,1.2506220143597617,0.0016023437323376144,-0.1120098061314459,0.029643262367966237,1.250623040850721,0.1158659556272686,5.096037728927927e-06,2.59696005346569e-11,CALIBRATED,-0.0012672851783830073,-9.070846659462046e-05,-0.0012798094883889877,-8.141801136382449e-05,0.0,0.0,-0.0015627626599859644,-0.00010742389867828013,-0.0016216674007909365,-0.0001116492036973247,0.0,0.0
20993916,180,97,118,2.670981664658946,106.74728641275425,-156.52590066532008,381.7452813983619,448.0092465352855,23,transition,False,4,4,3,1.4312064979451962e-42,1.6777229042375007e-05,1.6777229042375007e-05,2.814754143403114e-10,1.5952124665661669,0.004318853391302199,0.1991280260290922,0.0050238998545279285,1.5952183129536626,0.19919139117941606,4.247356916356029e-05,1.8040040774917394e-09,CALIBRATED,-0.0029258048681691452,0.0017368548607464855,-0.0017999139748209048,0.0014001927694851355,0.0,0.0,-0.004689305043748097,0.0029721373908351183,-0.0028533702548038443,0.0018731430509278835,0.0,0.0
20993916,181,97,135,3.42323627558536,102.58617640812139,-172.73318275054947,374.5985992461731,453.56861243881565,22,transition,False,4,4,2,5.102432414163666e-41,5.848732553824826e-06,5.848732553824826e-06,3.4207672486170265e-11,1.4171742377089052,0.0028419802011029702,0.17044208593845725,0.008411486942728363,1.4171770873385159,0.17064951734956693,1.1410172854934285e-05,1.3019204457947922e-10,CALIBRATED,0.0004801179349593216,0.000947876837061617,-0.0001198055625259746,-0.002169192350001521,0.0,0.0,0.0002756026301913955,0.001553477853832812,-0.0003789379779624382,-0.002962655668766556,0.0,0.0
20993916,182,98,114,2.8557367999209973,-34.99062113116722,-166.30625207360748,241.90534294241021,380.80323569177585,18,transition,False,3,3,2,1.5749616383660193e-17,3.942281338399108e-05,3.942281001909726e-05,1.5541579498018351e-09,1.5385675307455624,0.0038251687800986835,0.20022561669582653,0.005519391971777563,1.5385722857833797,0.200301675651908,9.039137405165698e-05,8.170600502946567e-09,CALIBRATED,-0.00042393995183701656,0.001408365292735143,0.0006096856597041352,0.006073538962985573,0.0,0.0,0.000113914224524721,0.0033281021442568585,0.0006079502294166863,0.008884398135892662,0.0,0.0
20993916,183,99,157,1.972823297598545,228.1776811079269,-14.171455297675973,542.2732992486834,579.3024581223777,27,remote,True,4,4,1,3.6681201098043416e-85,7.140237518983582e-07,7.140237518983582e-07,5.098299182750082e-13,1.9086605431817216,0.007370839058482821,0.18104473226472906,0.003634600788066499,1.908674775431155,0.18108121217756426,1.9692011864366065e-06,3.877753312663339e-12,CALIBRATED,7.821859168767016e-05,-0.00026186405782496124,0.00047352369117506504,0.0006442888582989331,0.0,0.0,-0.00033020143199258566,-0.000778756292703245,0.000500302142592361,0.0010017008552653047,0.0,0.0
20993916,184,101,141,1.2299487280152306,261.83679162085747,57.51897080838557,604.5299137066105,628.4981659563368,30,remote,True,2,2,2,1.1587683755644575e-105,6.6117240917726355e-06,6.6117240917726355e-06,4.3714895465726685e-11,2.781932356266646,0.01886145667911559,0.14613000719750674,0.0027996021363382965,2.781996295718481,0.14615682254231296,5.0924247975459925e-05,2.5932790318661343e-09,CALIBRATED,-0.001002202719041223,-0.0011758351604611405,-0.0011597536256375213,-0.001696967001730724,0.0,0.0,-0.0026971650300301984,-0.0036468842557545113,-0.003251210929954607,-0.0044474050288135095,0.0,0.0
20993916,185,102,128,5.148739966674324,172.21642818712323,77.495277358006,539.3472467855768,551.2770930766193,26,remote,True,2,2,2,2.9730127556963724e-84,4.111179369848015e-06,4.111179369848015e-06,1.6901795811063923e-11,1.2036744337309906,0.0012815806335151158,-1.8371622342232894,2.332389486133622,1.2036751159954007,2.9690412240120496,5.969122491044175e-06,3.5630423313089415e-11,CALIBRATED,-0.001462890957169656,-0.00040871216571551215,-0.0012823759255683688,-0.0003994943909469422,0.0,0.0,-0.001718202619651766,-0.0005923111717394275,-0.0015893317506247367,-0.0003742917460414551,0.0,0.0
20993916,186,104,119,2.9083195593477704,-46.899787397366694,-295.4433101933695,227.60396003047248,513.0669401509758,24,transition,False,3,2,3,1.3344070799774528e-15,5.9685515949235533e-05,5.968534260336258e-05,3.562340121680768e-09,1.5224459380830626,0.003684662270729974,0.20053799960142804,0.005660412911532474,1.522450396933071,0.20061786948941362,0.00013746105031076732,1.8895540352539303e-08,CALIBRATED,-0.0023726626773191806,-3.940883706397683e-05,-0.007102283080795097,0.0019004832035122347,0.0,0.0,-0.00342684291739248,0.0006937602652843941,-0.010877747239801186,0.0026288989352187893,0.0,0.0
20993916,187,105,118,2.1623432160876668,115.43539306795533,-139.60742924935488,394.04329450644843,445.3517477560051,24,transition,False,3,3,3,2.6075210078694754e-45,2.852414195356316e-06,2.852414195356316e-06,8.13626674187022e-12,1.8087230637522935,0.006353848717513204,0.18742252473715282,0.0039598216512273954,1.8087342239099164,0.18746435118805438,7.79565936671718e-06,6.077230496188531e-11,CALIBRATED,0.0006148437007964844,-0.0003278613156206116,-0.0009019301823092933,-0.0012463588259029764,0.0,0.0,0.00025602888756801306,0.00011872718844275912,-0.0017012958980011784,-0.0021958152694652403,0.0,0.0
20993916,188,106,131,3.523238093042721,-195.03565404480395,-114.23173346555528,141.30373164329802,296.79083657628684,14,source,False,3,3,3,1.8484678727570877e-06,0.0023299590188071125,0.002418920507253422,5.851176420411154e-06,1.398942253656393,0.002700755675688435,0.1632023652053471,0.009003412366591485,1.3989448606526445,0.1634505229201252,0.004731510780509573,2.238719426607831e-05,CALIBRATED,0.03339623571842387,0.011175075706259011,0.032497026153813786,0.011075780839769908,0.0,0.0,0.04754315031809564,0.016128430016680798,0.04451501429910229,0.015147504265993232,0.0,0.0
20993916,189,107,134,3.6429106625152983,177.6984281693445,-320.93588967417236,452.35303788247853,614.5020162045918,29,transition,False,3,3,3,1.7584056312369517e-59,4.527283381883969e-06,4.527283381883969e-06,2.0496294819882747e-11,1.3771239664129886,0.002531751728974078,0.15453856284230905,0.00971177185655823,1.3771262936404416,0.15484342387702535,8.531923908809047e-06,7.279372558570745e-11,CALIBRATED,-0.0021137930775973414,0.00011751077556019993,0.00016454933091021324,0.0001351922420472846,0.0,0.0,-0.002899509471235051,0.00013529761626442658,0.00032622594986887195,6.318203273011294e-06,0.0,0.0
20993916,190,107,144,2.918814420690346,169.4596260383558,-330.4678686482533,446.1824149144874,616.1546600239985,29,transition,False,3,3,3,6.873153852942694e-58,1.2146583459127704e-05,1.2146583459127704e-05,1.4753948972955474e-10,1.5192282697549095,0.0036566189282042283,0.20060034732368184,0.005688558927931414,1.5192326702926324,0.20068098826011982,2.7990601766688906e-05,7.834737872613682e-10,CALIBRATED,-0.00029389099462893926,0.00103255286089537,0.0013363210513588012,-0.003034516795068996,0.0,0.0,-0.0006117579059301393,0.0014977607629959545,0.001989441578480745,-0.004627654798476513,0.0,0.0
20993916,191,108,117,2.859457890723828,192.65761206025417,-43.59532506086977,497.97543872080826,523.0789140195134,25,transition,False,3,3,2,6.25082482281359e-72,5.883695284717795e-06,5.883695284717795e-06,3.461787020341041e-11,1.5374266642174954,0.0038152256450207714,0.2002477228988799,0.005529371511224505,1.5374313980772143,0.20032404866988818,1.3827924482352227e-05,1.912114954896361e-10,CALIBRATED,-0.0020943714124736705,-0.0005530721494390644,0.0010609077054862066,0.0002566899088115518,0.0,0.0,-0.0033110179754355863,-0.0008717265073216228,0.0014039742073920513,0.0003661062278975387,0.0,0.0
20993916,192,108,186,3.3173600056645434,179.39433500233673,-50.58300691407426,483.0439249440325,508.08750928224197,24,transition,False,3,3,3,1.0044949886186497e-67,1.8771694972095593e-06,1.8771694972095593e-06,3.52376532125399e-12,1.436477231532581,0.002991500743353154,0.17810709289512514,0.0077847897731829485,1.4364803464677842,0.17827714236930484,3.8006897690683407e-06,1.4445242720700757e-11,CALIBRATED,-0.00013285925261147705,3.130706007092365e-05,-0.001363101287773809,-2.2196023611871822e-05,0.0,0.0,-0.0004187289826555156,1.8686155588597953e-06,-0.0019038608274778814,-2.5812129391958573e-05,0.0,0.0
20993916,193,109,148,1.8093197426344787,71.33434077487158,-307.51381167675515,345.4260327053955,550.3278671540786,26,transition,False,2,2,2,5.483743346509896e-35,3.0843088173307396e-05,3.084308817330739e-05,9.512960880664142e-10,2.043950255212481,0.008924508934612123,0.17359511642030284,0.0034295146114405326,2.043969738680808,0.17362898955948738,0.0001278301019577003,1.6340534966516058e-08,CALIBRATED,-0.00012874013018069,0.004492414634224848,0.0006643978040693994,-0.003194260550477784,0.0,0.0,-0.0008136926729338875,0.008930230200562484,0.0007256146747559118,-0.006847808269837483,0.0,0.0
20993916,194,110,111,2.297345475535554,-73.3911528169622,-135.78731994802416,217.69803335171167,214.96559677645962,10,transition,False,2,2,2,2.465392003015515e-14,0.00022314625914473765,0.00022314733468520762,4.9794732977112066e-08,1.7443164915660767,0.005722885328734759,0.1916965051903695,0.004201923220782577,1.7443258795780887,0.19174255203515655,0.0006687718835659092,4.47255832248294e-07,CALIBRATED,0.003425024829914451,0.003909283631996472,0.009389129538068789,0.010391260154651395,0.0,0.0,0.0077223276108321194,0.008656494726144494,0.015399126102629874,0.017235705792581425,0.0,0.0
20993916,195,111,149,3.42218663316471,-89.6946441602246,-142.15389977346456,200.30311979957878,197.46310642069778,9,transition,False,3,2,3,3.0177618944304606e-12,0.0003302535724559206,0.0003302984863840533,1.0909709010759663e-07,1.41736560486963,0.002843462526689447,0.17051807573732639,0.008405273955299282,1.4173684570874971,0.17072510882534006,0.0006594252289734993,4.3484163260675197e-07,CALIBRATED,0.012928190357162122,0.01079173173852768,-0.005275732239703165,-0.004343449768518627,0.0,0.0,0.018721367499822276,0.01566513190840242,-0.006110432758853225,-0.0051187773639789205,0.0,0.0
20993916,196,112,120,2.7889538249000054,-143.26776231676246,-132.40108496763685,161.1250697792082,134.4494750822373,6,transition,False,2,2,2,3.512024797168498e-08,0.003252449237625572,0.0032600875349652956,1.0628170735636098e-05,1.5590428335218969,0.004003619717397336,0.19982887335239616,0.005340287679805131,1.5590479741582126,0.19990021835353522,0.007826080439295603,6.124753504232526e-05,CALIBRATED,0.020472932317558548,0.00571920585457312,0.050809051929760096,0.015055812953073028,0.0,0.0,0.03913738282915481,0.011502712062821033,0.07525604774856769,0.02232847054871675,0.0,0.0
20993916,197,113,126,3.769042745051415,87.85038220009383,-28.297621478471797,410.87138664583574,443.8263693016363,21,transition,False,4,2,4,3.3644027984620638e-49,1.2082229502280877e-05,1.2082229502280877e-05,1.459802697457864e-10,1.3541280031817289,0.002353625531384668,0.1454071182719497,0.010458366151704545,1.354130048612052,0.1457827406338483,2.207641241755626e-05,4.873679852300322e-10,CALIBRATED,-0.0030100094655541977,0.0016867993555360846,-0.00041643593783382746,5.797899100988931e-05,0.0,0.0,-0.00407075682018228,0.0022395612532148325,-0.0006229393972732571,0.0003188467169649835,0.0,0.0
20993916,198,115,126,1.3480875959593668,98.93716043430828,-37.126673955766044,416.1818660074573,440.9858101854499,21,transition,False,4,3,4,1.8441184617062632e-50,1.2893572090382074e-05,1.2893572090382074e-05,1.6624420124987958e-10,2.571056039864968,0.015800193691050807,0.15197972667911516,0.002905436994909716,2.571104588741346,0.15200749614933448,8.285461577628495e-05,6.864887355435806e-09,CALIBRATED,0.0004179850203462019,-6.535898743040775e-05,-0.0021836144107001973,0.002818938970835084,0.0,0.0,-0.00025911383427156226,0.00040779458763724345,-0.005576442340857718,0.0071780547636917,0.0,0.0
20993916,199,117,129,2.32430266965169,213.9010287999643,-51.20899518630368,514.8507863438409,545.6454983325175,26,remote,True,2,2,2,7.731313773466516e-77,7.374582324789578e-06,7.374582324789578e-06,5.438446446509886e-11,1.7314558144494172,0.005596894825901424,0.19254993180113228,0.004250265959881988,1.7314648603487124,0.19259683537729905,2.204064568860255e-05,4.857900623705141e-10,CALIBRATED,-0.0024012443816378436,-0.0008553338908059186,0.0008847837843411364,0.0003068702244403271,0.0,0.0,-0.004218092402463787,-0.0015141474717707563,0.0013165358849715773,0.00047162789378084823,0.0,0.0
20993916,200,118,158,2.7551898432658284,123.22774941655396,-159.77197123121022,397.2427537067913,464.80634851563764,24,transition,False,3,3,2,4.8897546606534655e-46,9.040275474558815e-06,9.040275474558815e-06,8.172658065590961e-11,1.5693946896151163,0.004093840528429781,0.19962828877291533,0.0052497365472319165,1.5694000290946855,0.19969730446908346,2.154553954367395e-05,4.642102742280179e-10,CALIBRATED,-0.00037616362584649946,0.0014181685100253401,0.001352840519380113,-0.0022488657157430903,0.0,0.0,-0.001151686941458975,0.002449250420838202,0.0017190846966926804,-0.0033563487473991355,0.0,0.0
20993916,201,119,130,4.739552854966821,-38.40797528196288,-309.72160090410426,239.8060917920931,529.6795997400836,25,transition,False,3,3,2,3.073493628965541e-17,1.6398918671366482e-05,1.6398924473588717e-05,2.6892472389046697e-10,1.2386879197277718,0.0015197130157223676,-0.1587941402383214,0.033106523801105986,1.2386888519750088,0.16220857219093224,2.515056805984149e-05,6.32551073732719e-10,CALIBRATED,0.0005232997233579323,0.0038393828864622523,-0.00014328484855946936,-0.0011677715429125274,0.0,0.0,0.0006417453769261031,0.004789056250639535,-0.00017793486926831288,-0.0013311687877742397,0.0,0.0
20993916,202,119,136,4.844297004346952,-47.37958564506653,-318.44586607595284,234.20923408834452,536.0744994193959,25,transition,False,3,3,3,1.7758460739049336e-16,3.8016628703404045e-05,3.801667277206578e-05,1.4452674086583279e-09,1.2283016743154724,0.001447799483290705,-0.19951055740016566,0.036120601054618104,1.2283025275759782,0.2027539403678056,5.7276988972667206e-05,3.280653465775041e-09,CALIBRATED,0.0016534800406825397,0.00027014652777999877,-0.005812304562667259,-0.0011944928009226445,0.0,0.0,0.0017089477662923997,0.00036970841867320435,-0.007215801050636421,-0.0014669755920082282,0.0,0.0
20993916,203,120,127,2.541228609451725,-159.22282319829475,-146.38557573603475,139.91409351402183,113.23320892193456,5,source,False,3,2,3,2.3934392354189924e-06,0.012491214220211821,0.012813216772279345,0.0001641785240534207,1.6349940589658345,0.004665566821062019,0.19835719093336554,0.004675917017931557,1.635000715708509,0.1984122964811763,0.03421941754533281,0.001170968537141831,CALIBRATED,0.10484175448966132,0.02238918566968342,0.035504084152949124,0.007720599802973546,0.0,0.0,0.16954988952154326,0.03678459444828952,0.0627189592356793,0.013619040797110146,0.0,0.0
20993916,204,121,152,1.4671650864886914,69.758118966052,49.27343133016711,441.0967528476739,447.0465568525586,21,transition,False,3,3,2,1.3577910836323723e-56,1.945296359170512e-05,1.945296359170512e-05,3.7841779250020505e-10,2.358504294565922,0.012714608728094936,0.15787592264147884,0.003012112719745424,2.3585385663077476,0.15790465405723372,0.00010743564882898357,1.1542418639304679e-08,CALIBRATED,-0.0034403617686078977,0.0016697570369025385,-0.0021202149837909064,0.0005774723829147527,0.0,0.0,-0.008163234155005625,0.0034677879368868836,-0.004961952817348731,0.0020373335570593237,0.0,0.0
20993916,205,122,194,3.790453077835984,178.65415231232114,-109.12173584419008,463.0153654589808,512.8585315503684,25,transition,False,3,3,3,2.771249066398029e-62,5.6608023876784975e-06,5.6608023876784975e-06,3.2044683672346576e-11,1.3502245456665325,0.0023233894400480548,0.14385709814127232,0.010585097051510043,1.3502265446431143,0.14424600155712303,1.0271071127440506e-05,1.0549490210494199e-10,CALIBRATED,-0.0019218540624408873,0.0006943282768183103,0.0011694030949179306,-0.0003430510107328613,0.0,0.0,-0.002687238529798115,0.0009275280018039078,0.001402659605533128,-0.0004712303558603463,0.0,0.0
20993916,206,123,138,4.907953011381544,205.77363420148143,-142.56222694351302,481.5583017808118,555.9271583624322,27,transition,False,5,5,4,2.590747244005075e-67,3.9943337347391995e-06,3.9943337347391995e-06,1.59547019844756e-11,1.2219896567475133,0.0014040955785528948,-0.22425508540116684,0.037952341767467535,1.2219904634170837,0.22744389104550444,5.948740403364004e-06,3.538751238661534e-11,CALIBRATED,-0.0016871789830829019,0.00028076567493883566,0.0010055458146254047,-0.00024043515601511985,0.0,0.0,-0.0019855782672553376,0.0003749274592816925,0.00134448876607923,-0.00024082920531077792,-0.0,0.0
20993916,207,123,155,2.7874846885450033,205.81253834193242,-131.0639312056566,483.9602414931023,548.6399705419532,27,transition,False,5,5,2,5.591405702423153e-68,7.545526066205718e-06,7.545526066205718e-06,5.693496361578994e-11,1.559493262866785,0.004007545399945729,0.19982014552813773,0.005336347624325558,1.5594984121014757,0.1998913884209467,1.832097708355818e-05,3.3565820129626404e-10,CALIBRATED,-0.0024649257993374393,-0.0004315663451891653,-0.0011304022710954282,-7.488701602259727e-05,0.0,0.0,-0.003861656204810302,-0.0006243395849611131,-0.0017188696520333776,-0.0002535264115975187,0.0,0.0
20993916,208,123,194,2.0122230604440965,192.31843429704767,-125.11107450373913,472.1599080841904,533.8911622210162,26,transition,False,5,5,3,9.708518902527176e-65,1.940816931206498e-06,1.940816931206498e-06,3.766770360457808e-12,1.8803420476167525,0.007055468990508547,0.18266993308810617,0.0036906089324787454,1.880355284428514,0.1827072112662926,6.25520993511795e-06,3.912765133239831e-11,CALIBRATED,0.00017556053594412985,0.0003186357794051632,0.0008840684065266968,-0.0010133556740304559,0.0,0.0,-0.00034963724628929373,0.0005621013849080055,0.0014722493332336936,-0.0019103632285517424,0.0,0.0
20993916,209,123,195,4.778041474659815,194.971438871205,-148.06019923514543,469.90575224185295,550.5199312337805,27,transition,False,5,5,3,3.95281156874775e-64,1.281275905668093e-06,1.281275905668093e-06,1.6416679464455922e-12,1.2348714559722513,0.0014932881259607717,-0.17375553621774026,0.034214057480287684,1.234872358863237,0.17709203284049477,1.934106842706817e-06,3.7407692790053325e-12,CALIBRATED,9.704462114740754e-05,-3.9003258831288067e-05,-0.0005213624292094908,-0.000999258830525789,0.0,0.0,-4.1583700880964565e-05,-3.748951286162361e-05,-0.0006367986388023802,-0.0012350950038651654,0.0,0.0
20993916,210,124,167,2.9980776941369562,53.93439669011224,-333.2583992949641,334.9670789689211,571.9534976006337,27,transition,False,2,2,1,6.0589919741841075e-33,1.6500071588889362e-05,1.6500071588889494e-05,2.722523624384783e-10,1.4949265742651145,0.0034448193574983564,0.20107123344560976,0.005901133951215569,1.4949305432776592,0.20115780944633765,3.6565209156273565e-05,1.3370145206420321e-09,CALIBRATED,0.000864486249812916,0.002486606460971719,-0.0005254514621153337,-0.0030485117979086877,0.0,0.0,0.0009132919407224325,0.003618549993675893,-0.0010618206990047376,-0.004637859391326812,0.0,0.0
20993916,211,126,161,3.7264478629012885,111.18133567318866,-29.01633314813932,430.8152731101623,455.67245225558514,22,transition,False,4,4,3,5.0919529375244545e-54,8.263299803115016e-06,8.263299803115016e-06,6.828212363616066e-11,1.3618937541633136,0.0024137788582909965,0.1484908127413841,0.010206240797264225,1.3618958932155645,0.14884115297796016,1.524629265121677e-05,2.3244943960654647e-10,CALIBRATED,-0.002681857078918113,0.0006551685000626048,0.0007478963950715582,-0.0002869627678576168,0.0,0.0,-0.003694209914068926,0.0009224313863617304,0.0008359985543342549,-0.00022210924478158013,0.0,0.0
20993916,212,127,132,4.443965975595155,-181.74140067428277,-152.8387310198928,118.87140767234786,89.80823198150492,4,source,False,3,3,3,8.762704564421094e-05,0.026598791729733562,0.029668336643875658,0.0008802101992143351,1.2679977941978797,0.0017226522420358541,-0.04389284255928019,0.024600829737779516,1.2679989643613419,0.0503168207632495,0.047620399440411125,0.002267702442864308,CALIBRATED,0.16863555896887783,0.020716934965647263,0.028032582726147403,0.00392017939138322,0.0,0.0,0.21188705949566838,0.026483985284502225,0.044653393841614576,0.00538018592300848,0.0,0.0
20993916,213,127,164,3.326145212001041,-174.34451149166662,-161.06823921941628,118.90661176850026,95.71780299146938,5,source,False,3,3,2,8.714342317783459e-05,0.008251618521135455,0.008732172939989123,7.625084425387828e-05,1.4348755432243323,0.002979094102883148,0.1774710800497975,0.007836790697932878,1.4348786358242973,0.177644024786889,0.017897341480512172,0.00032031483207006165,CALIBRATED,0.03040674554041272,0.004158006172634171,0.08730266139079979,0.01298302986137699,0.0,0.0,0.050796438405267236,0.007483259155528723,0.12217538638930654,0.018282207713701055,0.0,0.0
20993916,214,128,133,2.0446523605739024,189.08086800291113,93.97536510594465,562.6613581117978,574.8568009306214,27,remote,True,2,2,2,1.247314626970085e-91,7.301798655656278e-06,7.301798655656278e-06,5.3316263607743824e-11,1.8648707505562385,0.006903903370871535,0.18369659883009537,0.003748764881076278,1.8648835299186766,0.183734846068672,2.5287746547134763e-05,6.394701254321262e-10,CALIBRATED,-0.0016921081404326689,-0.0007488828860216849,-0.0016818676437353128,-0.0010242384237655955,0.0,0.0,-0.00305657247350042,-0.001601589058142782,-0.003217923925633344,-0.0017392496540313287,0.0,0.0
20993916,215,129,139,3.2287452611099248,234.93452619861876,-59.72251628943424,531.6510564441261,568.3366431778675,27,remote,True,2,2,2,6.917559506782727e-82,3.8167183392326155e-06,3.8167183392326155e-06,1.4567338881034574e-11,1.4526331640007695,0.0031166442213683638,0.18452243633310694,0.00726026610386684,1.4526365073982166,0.18466521322166898,7.984211224271662e-06,6.374762887378558e-11,CALIBRATED,-0.0015045806652524806,-0.0006845752557217672,0.0009318042176509336,0.0004648149956729319,0.0,0.0,-0.0022698612798598776,-0.0010589638497680988,0.0011818414005057884,0.0005601673530288806,0.0,0.0
20993916,216,130,136,5.028191728215468,-35.47085223793768,-321.79152557803275,246.5360206085178,542.1017482422571,26,transition,False,3,2,3,3.530365667365214e-18,3.0248499025414333e-05,3.0248484975012815e-05,9.149708432835761e-10,1.2111209723294494,0.0013296563438807754,-0.5589596489488311,0.4749797729077105,1.2111217022257605,0.7335132403879706,4.436881214154115e-05,1.9685914908513694e-09,CALIBRATED,-0.0037389424891003937,0.0012318150267878049,-0.0036441723873150158,0.0012130265411453708,0.0,0.0,-0.004533711045520508,0.0015022960549292389,-0.0044112783779351,0.0014484494927241348,0.0,0.0
20993916,217,131,191,2.3891470555232353,-213.7684990332541,-127.01948407052456,121.17494572011921,319.4722396831538,15,source,False,3,3,2,6.07944807291191e-05,0.006397369380356912,0.007557163230694878,5.711071609536664e-05,1.7005200016964557,0.005293830020763397,0.19460281327770346,0.00436655236620249,1.700528241696092,0.19465179607484617,0.021758577619838636,0.0004734357000385428,CALIBRATED,0.07827212803412127,0.020348873133672056,0.030488223631252483,0.009328922001252911,0.0,0.0,0.12929252010032577,0.034867312468389616,0.05965836512257046,0.01634539256424414,0.0,0.0
20993916,218,132,153,3.8710467480741215,-203.64041421625842,-161.95439068405994,97.25368444573624,66.08773356295231,3,source,False,3,3,2,0.0019238869337174977,0.15777772385124528,0.18827681002056595,0.03544815719152029,1.3355309876105337,0.002209573480296629,0.13802244752975446,0.011062142805570808,1.3355328154272108,0.13846503900102244,0.33530031984192205,0.11242630448609522,CALIBRATED,0.3696009406215569,0.024892197104527065,0.22541959545339363,0.01543823892690018,0.0,0.0,0.48218928284517837,0.033521250713003374,0.31810271571254417,0.02192722869208328,0.0,0.0
20993916,219,132,164,2.130411183340268,-186.30753677592003,-163.57081673116835,108.18967068301043,83.49582000367181,4,source,False,3,3,2,0.0004355738604488517,0.014730612749001589,0.016717940687161724,0.0002794895408194574,1.8239571256162128,0.006503090246323768,0.18641160177666313,0.0039025574596586845,1.823968718555477,0.18645244764193142,0.05182417303216723,0.002685744910468009,CALIBRATED,0.05804634946021085,0.003831325812847252,-0.11503630213953811,-0.01002657140210495,0.0,0.0,0.14691982014098254,0.012123556714581051,-0.17284071538743875,-0.014759605647011483,0.0,0.0
20993916,220,133,151,2.5291889168819814,207.59582612761324,104.63435211225814,583.9131060276276,596.2207349868816,28,remote,True,2,2,2,1.2571737270594457e-98,4.199504401731568e-06,4.199504401731568e-06,1.763583722016282e-11,1.638685364281628,0.0046977381105738,0.1982856656998387,0.004643627941073394,1.638692097940967,0.19834003252617285,1.1115593125533652e-05,1.23556410532411e-10,CALIBRATED,-0.0012080911972009922,-0.0016184854884383922,-4.162614192879749e-05,-0.00034466222450321466,0.0,0.0,-0.0018900085235851898,-0.0026427952266482716,-0.00040671471704959176,-0.0006274371962590076,0.0,0.0
20993916,221,134,144,5.198133559127381,181.20034654929296,-331.8471032305413,457.95055160729356,625.9614234149369,30,transition,False,3,3,3,6.0538463760731154e-61,4.058628047453778e-06,4.058628047453778e-06,1.6472461627578465e-11,1.2006232792933937,0.001261882029246393,-2.3608946286293655,3.093446964586485,1.2006239424263863,3.8914313009740162,5.888691160723114e-06,3.4676683586378534e-11,CALIBRATED,-0.0003104539597191059,-0.0012425798664410194,-0.0003431382839150993,-0.0015167391931296972,0.0,0.0,-0.0004639397497681767,-0.001656220400981599,-0.00032988215409036133,-0.0016797508199412226,0.0,0.0
20993916,222,134,190,2.0405866792787926,199.28275480436173,-327.2699485485694,474.74744907791546,636.9965368287669,30,transition,False,3,3,1,1.921415552175076e-65,5.9515349035015636e-06,5.9515349035015636e-06,3.542076770759736e-11,1.8668103965806129,0.006922905245789384,0.18356788511481853,0.0037414738340457855,1.866823233034801,0.18360601044622168,2.0317841810104363e-05,4.1281469582042495e-10,CALIBRATED,-0.0021527855830576594,0.0003002835075455155,0.0010811141934605475,0.00024097936151249417,0.0,0.0,-0.004018730140977958,0.00028059554754079284,0.0020209201353130713,-6.926622182654495e-05,0.0,0.0
20993916,223,135,170,2.3750800841753197,114.73387978623099,-192.07705916517284,383.8826518819166,476.41050929758717,23,transition,False,2,2,1,4.850905241883081e-43,9.095478873989165e-06,9.095478873989165e-06,8.272773594718322e-11,1.7072310405284443,0.005359575171606271,0.1941574728750848,0.004341325856245205,1.7072394532665458,0.1942060024392382,2.6034791982026803e-05,6.778103935474071e-10,CALIBRATED,0.00020948265035402406,0.0016916577976455278,0.00038442245423798315,-0.0024580702116767422,0.0,0.0,-0.00013495668211478153,0.0029993089344719616,0.0003146118155587027,-0.004113604744878499,0.0,0.0
20993916,224,136,172,3.334772400669898,-48.92188672631671,-341.28902890067263,241.7969246584262,558.9696687889788,26,transition,False,3,3,2,1.6305272427971102e-17,7.389666392205343e-05,7.389663629891777e-05,5.460712856294531e-09,1.4333026641484528,0.0029669106180585797,0.17684650703440194,0.007887856292933065,1.4333057348708502,0.17702233002411516,0.000151556672496384,2.2969424978176198e-08,CALIBRATED,-0.0034204141518647097,-0.00021766010251839669,-0.007876591091548923,0.0003306662742785066,0.0,0.0,-0.004744600882413691,5.772352456150064e-05,-0.011355900011277181,0.0002926395249625289,0.0,0.0
20993916,225,137,142,4.804459964910571,144.22634443218968,-54.397195793666754,449.2181750185265,471.8492343719099,22,transition,False,3,2,3,1.139343149110033e-58,1.13522002842953e-05,1.13522002842953e-05,1.288724512947543e-10,1.232251844998363,0.0014751501491220994,-0.18402500020404955,0.03497426576884759,1.2322527279620168,0.18731897919370158,1.723480511554661e-05,2.9703850737087164e-10,CALIBRATED,-0.0030071945145501867,0.0009239291808429581,-0.001157211471149455,0.0003408781538637267,0.0,0.0,-0.0036881172775853274,0.0011205986347161947,-0.0014738919791380848,0.0004522136619208069,-0.0,0.0
20993916,226,138,140,4.136582698288869,228.0717174037025,-151.3351922185336,501.8954316424878,577.347739644456,29,remote,True,4,4,3,4.6828286120743644e-73,6.687981606844075e-06,6.687981606844075e-06,4.4729097973484654e-11,1.2984773787153283,0.001933690447151197,0.07559398149193129,0.01575568707614439,1.2984788185388991,0.07721846743521807,1.125521730350383e-05,1.2667991654909203e-10,CALIBRATED,-0.002501532770663669,-0.00044277390708666423,0.0004540015476090928,0.00016777743028065752,0.0,0.0,-0.003258412421035183,-0.000598099466996472,0.0005192470762744832,0.00010307909247954618,0.0,0.0
20993916,227,138,155,2.996723106334251,216.1911112788125,-137.94773499412685,492.67984203488857,561.093947047644,28,transition,False,4,4,2,2.0058065782628743e-70,8.549873978430534e-07,8.549873978430534e-07,7.310034504704356e-13,1.495341883636834,0.0034484389546033086,0.2010631861297535,0.00589750110183679,1.4953458598898715,0.2011496590499076,1.7071949377669982e-06,2.9145145555372646e-12,CALIBRATED,0.00029049363898006055,8.948361129075158e-05,-0.00013529057498852027,-0.0008627224276584079,0.0,0.0,5.728455342292485e-05,1.592953473869241e-05,-0.0001980557457761987,-0.001290129291658079,0.0,0.0
20993916,228,138,195,4.241709780706742,205.35001180808513,-154.94400302361572,478.8906921801668,554.3412314217642,28,transition,False,4,4,3,1.4096107757497437e-66,6.273370102004996e-06,6.273370102004996e-06,3.935517243673017e-11,1.2880531623372995,0.001861514006790149,0.034728709607393715,0.018780783463092646,1.2880545074807648,0.039481655214570914,1.0406619224475329e-05,1.0829772368321948e-10,CALIBRATED,-0.002131026886453483,-0.0006341572011198358,-0.0011122367597605652,-0.0003047434096457939,0.0,0.0,-0.0027575619775834035,-0.0008114751739536144,-0.001404808350615041,-0.00041290762206677267,0.0,0.0
20993916,229,139,163,3.5072487382105457,254.82410105982677,-58.100727270971426,550.9759331322507,588.2922285559015,28,remote,True,2,2,1,6.801130964960737e-88,3.6635603564767522e-06,3.6635603564767522e-06,1.3421674485548068e-11,1.4018573772983656,0.0027233361557764233,0.1643599288039978,0.008908769030330433,1.4018600225577693,0.1646011918610889,7.182600265275056e-06,5.158974657072931e-11,CALIBRATED,-0.001150898568207807,-0.0009578277630591006,-0.0009355358790713639,-0.0007391423661632054,0.0,0.0,-0.001672721736746184,-0.0013738258441360392,-0.0012236256070291824,-0.0009999725898734678,0.0,0.0
20993916,230,140,146,2.388199861110955,245.5889982365648,-143.53039486833123,520.5003929989023,596.5250697363925,30,remote,True,3,3,2,1.6169478354174473e-78,3.101375683534724e-06,3.101375683534724e-06,9.618531130420477e-12,1.7009718870614738,0.005298256946643367,0.19457282644326057,0.0043648537483065766,1.7009801386554002,0.1946217786846151,8.61203377133965e-06,7.416712567869465e-11,CALIBRATED,-0.00029362598533813183,-0.0005581043060746674,-0.0012027792808248711,-0.001121160581463804,0.0,0.0,-0.0009493482368829174,-0.0010520488701587826,-0.001778452317789187,-0.0018550127289630235,0.0,0.0
20993916,231,140,159,3.830078238634389,251.15118261968792,-157.39850783669505,523.7131720400719,601.2103780346534,30,remote,True,3,3,3,1.7595492587913058e-79,4.467410847986631e-06,4.467410847986631e-06,1.9957759684708627e-11,1.3430002239679515,0.0022674300118045096,0.14098839929680027,0.010819644189728214,1.3430021380537063,0.1414029470579249,8.027442998083481e-06,6.443984108747951e-11,CALIBRATED,-0.0018842656753293358,-0.0004694611595999436,0.000782233230829696,0.00029098299774235175,0.0,0.0,-0.0025603804005132134,-0.0006800527999809611,0.0009673309611544477,0.00027146676330878276,0.0,0.0
20993916,232,141,150,2.846572077910512,278.6979735225983,60.3488486756134,620.6699203879903,645.5951734098949,31,remote,True,2,2,2,2.431879174643382e-111,1.3189041702292269e-06,1.3189041702292269e-06,1.7395082102480455e-12,1.5413773854722594,0.0038496578543326275,0.20017117104630422,0.005494813236758703,1.5413821928097176,0.20024657472864707,3.005234948351223e-06,9.031437094791577e-12,CALIBRATED,0.0001672399043916233,-0.0008946826127485636,5.2954544373829504e-05,0.0006983364685335228,0.0,0.0,0.0001825211318401071,-0.00150275356162852,-6.960362442345313e-05,0.0008419073899562502,0.0,0.0
20993916,233,142,186,4.199167002750055,166.22416888931826,-55.86876780243307,468.8537713865423,493.8962252101996,23,transition,False,3,3,3,7.593991891131041e-64,2.9500030427673504e-06,2.9500030427673504e-06,8.702517952336626e-12,1.2922716292874252,0.0018907223345146715,0.051266048492277894,0.01755658888898702,1.2922730124443993,0.05418894298128993,4.873119471640538e-06,2.3747293384882157e-11,CALIBRATED,-0.0013888059069536807,8.402272868080411e-05,0.0010014376861440912,-0.00010622587920707269,0.0,0.0,-0.0019011485962408864,0.0001382986078912566,0.0011105473088799404,-7.944593411061519e-05,0.0,0.0
20993916,234,143,166,4.2031376958358315,130.910270695364,82.45914750992762,509.3975296457969,516.5447628511049,24,remote,True,2,2,2,3.1049384810667965e-75,6.544513264051021e-06,6.544513264051021e-06,4.2830653863339745e-11,1.2918779023528915,0.0018879962007144545,0.04972255038704837,0.017670848022135185,1.2918792819444707,0.05276922291273544,1.0907328392896803e-05,1.1896981267049275e-10,CALIBRATED,-0.0011201847445465505,0.00034741994805523633,-0.002223949676641309,0.00047227811467027866,0.0,0.0,-0.0014691104053547316,0.0003434803635139798,-0.0028630332875435173,0.0006588661807023667,0.0,0.0
20993916,235,144,162,4.878845143412057,177.5413640486289,-352.94474198135623,459.28400416151675,640.0403110324816,30,transition,False,3,3,1,2.696730486322449e-61,6.614944819705103e-06,6.614944819705103e-06,4.375749496774338e-11,1.2248759416803616,0.0014240799845519688,-0.21294019953927168,0.03711474498268994,1.2248767695205731,0.21615048664056938,9.912117609370016e-06,9.825007550198317e-11,CALIBRATED,-0.0004020201527178203,0.0009249756762689959,0.001094608337990702,-0.00209751691321567,0.0,0.0,-0.0005357163014206818,0.0010160558152004994,0.0013271253072559143,-0.002613712809969815,-0.0,0.0
20993916,236,146,188,2.9562543217079487,262.1071986111308,-137.37078405492645,537.8595714929089,614.1543564204001,31,remote,True,3,2,3,8.577156303116154e-84,4.428441575592512e-06,4.428441575592512e-06,1.961109478843629e-11,1.5077493964490942,0.00355657568474495,0.20082276975249333,0.005788968455377113,1.507753591182329,0.20090618956826664,1.00302154609844e-05,1.006052221937705e-10,CALIBRATED,-0.001850923397436844,-0.0006906387241883286,0.0006321870572444914,0.00035479829441167015,0.0,0.0,-0.0028010482316776267,-0.0010981338943621274,0.0009124427904488363,0.0003819612140140006,0.0,0.0
20993916,237,148,156,2.982198437688716,85.29430615612826,-324.35987686310364,362.82351054375675,572.206407912287,27,transition,False,2,2,1,1.5887187578256345e-38,1.7309328488401288e-05,1.7309328488401288e-05,2.9961285271938045e-10,1.4997950693200082,0.0034872503542591844,0.20097689818587502,0.005858547603687373,1.4997991235067585,0.20106226942029737,3.87616933525638e-05,1.5024688715581889e-09,CALIBRATED,0.00036541738972727713,0.0018713153529125472,-0.00010553695619462931,-0.0036963278291457253,0.0,0.0,0.00022546342142219685,0.002873565131043578,-0.00031086700353452477,-0.005509704596612088,0.0,0.0
20993916,238,149,179,1.9262361786145838,-107.92159932242322,-147.01285843579092,181.97512129177346,193.43349165027306,9,transition,False,3,3,1,3.100838535288211e-10,0.0006361333837973632,0.0006365474633283383,4.0519267306974215e-07,1.947208683086496,0.007813526701555409,0.17892211089539334,0.003576165519704662,1.9472243596172891,0.17895784622946198,0.00237970145232959,5.662979002219561e-06,CALIBRATED,0.011766283032287555,0.007278511456797487,0.017905539895601258,0.01115871672517677,0.0,0.0,0.026270634242818575,0.01646121358928773,0.03190312483762373,0.02001934818050986,0.0,0.0
20993916,239,150,169,4.978779955614922,299.3678203666583,61.64399550138573,639.5085341637399,666.3055566477108,32,remote,True,2,2,2,3.7094444380604337e-118,1.6354755803300028e-06,1.6354755803300028e-06,2.6747803738557595e-12,1.2149665816739699,0.0013554683685244105,-0.25178711869153325,0.03999043060405595,1.214967337782802,0.25494310674909815,2.41233522156093e-06,5.819361221183422e-12,CALIBRATED,-0.00020344514338266657,-0.001051727277348966,-9.805976264078894e-05,-0.0006916210458010747,0.0,0.0,-0.00022664581726028617,-0.0012990632246614568,-0.00014862008908489348,-0.0008070400873140832,0.0,0.0
20993916,240,151,183,3.0790231478379972,221.17935433528743,118.51166798734504,603.0510290852808,615.6395952640868,29,remote,True,2,2,2,3.773866600613462e-105,3.0161536147581962e-06,3.0161536147581962e-06,9.097182627818934e-12,1.479929979707605,0.003328084722436305,0.19536170221066979,0.006374038957065679,1.4799337218217823,0.19546565699190385,6.554222359663955e-06,4.295783073991894e-11,CALIBRATED,-0.0003428411046127977,-5.9808432241256555e-05,-0.001422418921471944,-0.0009336813990958088,0.0,0.0,-0.0004961178698058486,-0.00028331871012544473,-0.002104566127710102,-0.0013411268923973682,0.0,0.0
20993916,241,152,171,1.1510947120825499,87.18401560402958,61.45978550213262,462.2729584132091,468.310825042225,22,transition,False,2,2,1,4.364369477247345e-62,1.7966456307421112e-05,1.7966456307421112e-05,3.2279355224647187e-10,2.9226857315336745,0.020904754406914475,0.14222550158278743,0.0027289606635592443,2.922760492080619,0.1422516802247999,0.00015223069370468286,2.317418410580897e-08,CALIBRATED,-0.0030963935376077103,0.0012927046533471936,-0.002531258178704003,0.0005481332681391677,0.0,0.0,-0.009139634058476075,0.0030508814303200128,-0.007331146498412261,0.002375751775496159,0.0,0.0
20993916,242,153,165,2.214988538511399,-218.79562912262253,-178.37237478048525,74.93459818930155,43.74426157114774,2,source,False,2,2,2,0.024415796404930405,0.9290930899206562,1.0021619482648125,1.0043285705499247,1.7836071525607506,0.006107798976007698,0.18908920113140365,0.004054231294744837,1.7836176103285704,0.18913265919957797,3.0958987743579316,9.584589221070942,CALIBRATED,0.3119398182944534,0.014335530713283794,0.9501371176091647,0.04346778494186954,0.0,0.0,0.7970978086789785,0.03872142601245689,1.566222253743282,0.07734572259652414,0.0,0.0
20993916,243,158,160,2.824479284854757,141.302664116488,-170.60656182744825,413.1413010511968,485.8798127490754,25,transition,False,2,2,2,9.768687959286986e-50,2.088690520749135e-05,2.088690520749135e-05,4.362628091467293e-10,1.548150917601508,0.003908692056194785,0.20003992249710587,0.00543556289553475,1.5481558518262888,0.20011375748968246,4.997769355794606e-05,2.497769853371963e-09,CALIBRATED,-0.00379667419112013,0.0024293524481429143,0.0007160664650829492,-0.00024013703225304927,0.0,0.0,-0.005915662206036118,0.00372086727186876,0.0009220408166213116,-0.000536303738232519,0.0,0.0
20993916,244,159,180,3.8543814187251932,274.0975194728363,-159.74534703490457,546.0771459614627,624.2764143044682,31,remote,True,3,3,2,2.3753109382137457e-86,3.1280234773843966e-06,3.1280234773843966e-06,9.784530875067972e-12,1.338569352578741,0.002233108584837932,0.13922894890622184,0.010963498277006226,1.3385712153027276,0.13965993880852606,5.594670720279297e-06,3.1300340468350464e-11,CALIBRATED,-0.0013780659908307204,-0.0010563044314067505,-0.00028940764242567856,-0.00017152774410052242,0.0,0.0,-0.0018560441381041876,-0.00141832344793264,-0.00029821643699482305,-0.0002218026858244991,0.0,0.0
20993916,245,159,188,3.2806779937198094,267.66938299425397,-151.23889702329024,540.9811977304909,618.8396647186611,31,remote,True,3,3,3,9.254261170055882e-85,1.3951895157942363e-06,1.3951895157942363e-06,1.9465537849821557e-12,1.4431649685537167,0.0030433037991361572,0.18076271985432235,0.007567663564673821,1.4431681773648781,0.1809210612973523,2.87037919934508e-06,8.239076748032902e-12,CALIBRATED,-5.068834711580647e-05,-0.0004903653880090095,-0.0003771387185993223,-0.0010049519294159988,0.0,0.0,-0.00021589639866192976,-0.0007378799895019413,-0.000466425457333696,-0.0014358789497146188,0.0,0.0
20993916,246,160,175,2.2817956743794348,163.6856197398716,-173.27852691213252,434.8622185657227,508.4216871132922,26,transition,False,3,2,3,5.0227738400026034e-55,2.0733114499842217e-05,2.0733114499842217e-05,4.2986203686356763e-10,1.7517349554846715,0.005795560817814875,0.19120422049480618,0.004174037529968486,1.7517445426751233,0.19124977522686934,6.345933273524622e-05,4.027086911202692e-09,CALIBRATED,-0.004151168048778043,0.0018127868930841535,0.0004604088204217156,5.2399704070736463e-05,0.0,0.0,-0.007295579563717941,0.003123113442468101,0.0006531003737781681,-0.0002312442257727018,0.0,0.0
20993916,247,165,176,3.1864831622254854,-234.70783196970268,-192.65650772743265,53.87360524679176,22.361215635343967,1,source,False,2,2,2,0.14676549552008802,3.504180964678037,4.931174709239842,24.316484013046644,1.4603382430931102,0.0031763275852284448,0.18758203866132347,0.007010110542382339,1.4603416974452248,0.1877129800470779,10.5155863825735,110.57755696936525,CALIBRATED,2.0539804931650023,0.05772303656025292,0.8417166431923608,0.022803213824883293,0.0,0.0,2.9908462644509433,0.09022039844631709,1.2493543346163534,0.037403626466642276,0.0,0.0
20993916,248,166,168,2.602328814122476,142.7249764563267,102.6145802277328,531.2860908264705,539.9077408346603,25,remote,True,2,2,2,8.940122792236e-82,7.253589803242783e-06,7.253589803242783e-06,5.261456503370768e-11,1.6162610631695797,0.004502300827158516,0.19872017415592688,0.00483978077053446,1.616267334023304,0.1987791012517884,1.8875949766277376e-05,3.5630147957902693e-10,CALIBRATED,-0.0015359200031795184,0.00010280215942526135,-0.002205766131464304,-0.00013626091287788225,0.0,0.0,-0.002426848736593852,-3.06561782585417e-05,-0.0036020594194095933,-0.00010287426183161305,0.0,0.0
20993916,249,168,193,2.9425908713250735,157.40870901772473,119.8234479021541,553.5833745485257,562.5297904449499,26,remote,True,2,2,1,1.0129916350043796e-88,4.21373294023075e-06,4.21373294023075e-06,1.7755545291585682e-11,1.511938537221437,0.0035930858211500934,0.2007415981217597,0.0057523246459937165,1.5119428066567255,0.20082399870361856,9.562844387395485e-06,9.144799277754133e-11,CALIBRATED,-0.0015005741491997432,-0.0004380766796730245,-0.0012086615703555473,-0.0005560900952692272,0.0,0.0,-0.002143084747005036,-0.0007645716009695652,-0.0019585818515218375,-0.0007412284077327123,0.0,0.0
20993916,250,169,178,3.790496400352474,319.90760514676333,61.789856935525734,657.822530489992,686.8458593322139,33,remote,True,2,2,1,5.586421151531984e-125,5.301942817782587e-07,5.301942817782587e-07,2.8110597643036355e-13,1.3502166472557853,0.0023233282591416816,0.14385396176906612,0.010585353483838853,1.3502186461387848,0.14424289245932972,9.447764801738834e-07,8.926025974897523e-13,CALIBRATED,0.00029777674495527637,-0.00047091941147755833,-0.0001711875449664326,0.0004364092394577532,0.0,0.0,0.00038997547776605017,-0.0007064427271662413,-0.0002523681445766866,0.00047952539010136724,0.0,0.0
20993916,251,172,174,3.3410010836657484,-54.42283491007247,-363.6879744060669,247.6219461213034,582.0342128051519,27,transition,False,2,2,2,2.4759203914420244e-18,6.739447751119851e-05,6.739447649955743e-05,4.542015462649399e-09,1.4321670722968656,0.002958114349926537,0.17639557597563138,0.00792472478108829,1.4321701272585892,0.17657349882309842,0.00013785513956094975,1.9004039503368935e-08,CALIBRATED,-0.0003214600874630738,-0.00030752376148246387,-0.008092033754359868,-0.0013097934059041097,0.0,0.0,-0.0009439870045769836,-0.00019965307862097328,-0.011542696809123919,-0.0019210198117086705,0.0,0.0
20993916,252,174,182,2.639522071974369,-59.9640234515562,-385.6920064266711,255.1401140637361,604.7252285518312,28,transition,False,2,2,2,2.0342418153521224e-19,7.248089324936289e-05,7.248089018977265e-05,5.253479442701882e-09,1.6048578093385486,0.0044029166394553695,0.19894113133054495,0.004939528829251783,1.6048638490133231,0.19900244390492328,0.00018640241495925547,3.4745860302642464e-08,CALIBRATED,-0.0033918134175957263,-0.0007953573512562166,-0.007703402560425646,-0.001000743526494449,0.0,0.0,-0.005395925636994771,-0.000866482687599032,-0.012377599700495453,-0.0018250027083991157,0.0,0.0
20993916,253,175,177,2.9731955722059915,181.63580823106668,-183.46428236578672,451.33169316175645,529.0604584195274,27,transition,False,3,3,2,3.2369709670659283e-59,7.343689899159696e-06,7.343689899159696e-06,5.392978133502014e-11,1.5025552997014109,0.0035113069313023734,0.20092341409129932,0.0058344029493424664,1.5025594024653943,0.20100810577655578,1.6340233558958577e-05,2.6700323276131606e-10,CALIBRATED,-0.0007737161554295722,0.001255535318988288,0.0015885672078652525,-0.0016263881759454445,0.0,0.0,-0.001508132029272504,0.0018450376417114226,0.002139091167433441,-0.0024669609683408383,0.0,0.0
20993916,254,175,195,4.106008150707563,184.66618365887945,-167.34329693305114,456.48872221023555,530.2256091747967,27,transition,False,3,3,3,1.4650848802889112e-60,7.253317244618543e-06,7.253317244618543e-06,5.261061105108073e-11,1.3015090970158611,0.0019546818221547993,0.08747899885301795,0.014875885684404613,1.3015105648422791,0.08873481399778663,1.219914057800746e-05,1.4881903084198816e-10,CALIBRATED,-0.002065629743343519,-0.0004068629405376918,-0.0016744497608057833,-0.00013104027696708083,0.0,0.0,-0.002818824301564508,-0.000444908396288073,-0.0019912205581790014,-0.00030077789565475653,0.0,0.0
20993916,255,176,184,2.928297003948721,-252.62170728898988,-206.0399690037761,33.124358337736474,0.0,0,source,False,2,2,2,0.484113076491661,5.528935678877615,7.167788104177644,51.37718630639055,1.5163209604705299,0.003631280496217069,0.20065668131876221,0.0057139901304201785,1.516325308553647,0.20073802191181878,16.389768149269802,268.6244999868189,CALIBRATED,1.5255959757760926,0.03491333534817587,2.1990281313337676,0.058321175322690724,0.0,0.0,2.5177247508197653,0.06798368744645449,3.1683337409319976,0.08871162659082912,0.0,0.0
20993916,256,177,181,2.3904894801208094,190.21062932132793,-203.74571968069841,457.9728526706965,551.080091847191,28,transition,False,2,2,2,5.972639743122208e-61,6.35621499903686e-06,6.35621499903686e-06,4.0401469113981145e-11,1.699879560809749,0.005287555897821093,0.19464531254040776,0.004368959756296637,1.699887784386404,0.19469433865242503,1.80891790041865e-05,3.2721839704550166e-10,CALIBRATED,0.000184401435048331,0.0003401402783383917,0.0008374463160727783,-0.002346316127152731,0.0,0.0,-0.0001511042014398664,0.000616283519427243,0.0013638593918840066,-0.003978244425289361,0.0,0.0
20993916,257,180,188,1.324223820563784,279.4557648967579,-149.4115820898886,552.9083115195837,630.7668554280236,32,remote,True,3,2,3,1.659904854806296e-88,3.769156704973519e-06,3.769156704973519e-06,1.4206542266646835e-11,2.6136525632482552,0.016418561664650597,0.15079809700663277,0.002884058600669762,2.6137041321735923,0.15082567372577496,2.5198874361312785e-05,6.349832690772269e-10,CALIBRATED,-0.0010109975744029725,6.055380291362492e-06,0.0016147843899452668,0.0003734639418785217,0.0,0.0,-0.002968057670756905,-0.0004544875760681757,0.003968333717683094,0.0006597549337996876,0.0,0.0
20993916,258,181,189,5.563510184696749,202.63965180883923,-221.79078863278028,469.47728010335834,572.991392892096,29,transition,False,2,2,1,5.157966736700703e-64,3.0587752068688156e-06,3.0587752068688156e-06,9.356105766155365e-12,1.1780531349257888,0.0011161665791508664,-6.235072744977575,8.723177452517945,1.1780536636912222,10.7224044413219,4.807338323755459e-06,2.311050175904795e-11,CALIBRATED,-0.0012774123550219059,0.000759177708043318,0.0008253736303200386,-0.00041158287147137154,0.0,0.0,-0.0018127320242363712,0.0005776875742268713,0.0005021210832783801,-0.0009672085692210267,-0.0,0.0
20993916,259,182,197,3.76365139675298,-59.604438348869174,-406.90410723061905,268.4085794212542,625.9403769595826,29,transition,False,2,2,2,2.0594562458058142e-21,1.947494283408383e-05,1.9474943026904317e-05,3.792734059011691e-10,1.3551109350793469,0.002361239299055596,0.14579742973876117,0.010426453970427383,1.3551129922713638,0.14616976931235282,3.487754956286135e-05,1.2164434635098499e-09,CALIBRATED,0.0021244518777336443,0.00105208455358638,-0.0030249455445120134,-0.002168978974296472,0.0,0.0,0.0021096801819303814,0.0013601793708981407,-0.004439318551719793,-0.002978113827269058,0.0,0.0
20993916,260,183,187,3.757788240427434,235.68014459524358,129.22850279463745,621.0816607365891,633.6707756594473,30,remote,True,2,2,1,1.7343425841918445e-111,1.1571086010552317e-06,1.1571086010552317e-06,1.3389003146359953e-12,1.3561798853778784,0.0023695193632640244,0.14622189816834366,0.010391749088242074,1.3561819553900458,0.14659069531544777,2.0975273151441022e-06,4.399620837775626e-12,CALIBRATED,0.00019110421885441562,-0.0010478258584725741,0.00010687647042131431,0.00010595361710564971,0.0,0.0,0.00025555729606431,-0.0014237217781733643,5.062861601660693e-06,7.216958749831232e-05,0.0,0.0
20993916,261,184,198,2.1777831647131194,-263.2316559297062,-225.50250690090428,11.088891582356538,22.166672992485573,1,source,False,2,2,1,0.9219187409734376,5.181698385859296,4.517000116315325,20.40329005079266,1.8013570080302368,0.006281686648914335,0.18791133165707943,0.003987510341856432,1.8013679607361741,0.18795363471841484,13.786517263379737,190.0680582534675,CALIBRATED,0.1339458345472303,-0.0026538219000538724,2.120273563566043,0.05908978418515211,0.0,0.0,1.0408303777059822,0.028823289169555875,3.5623621724087124,0.10924449101481466,0.0,0.0
20993916,262,186,196,1.8315972625761745,184.64013662090778,-69.41480799998789,481.0480631670495,516.757613455989,24,transition,False,3,3,1,3.584716985818627e-67,1.8134863788484005e-06,1.8134863788484005e-06,3.2887328462686843e-12,2.0255168990794363,0.008712819888120813,0.1746101338954192,0.0034574578044222096,2.025535638216908,0.17464436112696446,6.862617013915573e-06,4.7095512279683496e-11,CALIBRATED,-0.000679740046459939,0.00011234059607887819,0.0011559076052266221,-5.19330986841583e-05,0.0,0.0,-0.0018533579661982802,0.00017038013860227997,0.0018374746464974248,-0.00014946168369846198,0.0,0.0
20993916,263,191,192,2.329772809787425,-231.82490925795196,-139.65000371901567,102.49776520882833,341.5077559419914,16,source,False,2,2,1,0.0009624984543038365,0.017742173607327022,0.02261247001604439,0.0005113238002265066,1.7288461323821558,0.005571328897069926,0.19272310869544576,0.004260075643941827,1.728855109359491,0.1927701866724435,0.06682911905265669,0.004466131153354162,CALIBRATED,0.094004076382889,0.013139912132230749,0.1156858617141234,0.014826589225520964,0.0,0.0,0.1797215497887733,0.024638152763275526,0.18249340785101542,0.02486767205659997,0.0,0.0
20993916,264,197,199,3.664554427152133,-60.953551081802125,-427.79821571331763,281.18003023033117,646.8779956028987,30,transition,False,2,2,1,1.9875883077846126e-23,3.7513513873725254e-05,3.751351384666961e-05,1.4072637211242726e-09,1.373177950413196,0.002501185980603313,0.15297164320456685,0.009839884473732559,1.3731802283139294,0.15328779126584643,7.069621800191835e-05,4.997955239774763e-09,CALIBRATED,-0.0030343425247393303,-0.0011400987001762572,-0.004954667230725311,-0.0015677139011507635,0.0,0.0,-0.0041921365088343045,-0.0014234327463292127,-0.006782200652973228,-0.002257831484567452,0.0,0.0
