seed,hotspot_id,particle_i,particle_j,gap_nm,x_nm,y_nm,euclidean_distance_nm,geodesic_distance_nm,geodesic_steps,classification,plasmon_dominated_remote,coordination,coordination_i,coordination_j,M2_inc,M2_scat,M2_CDA,M4_CDA,Cparallel_real,Cparallel_imag,Cperp_real,Cperp_imag,Cparallel_abs,Cperp_abs,M2_FWcorr,M4_FWcorr,FW_correction_status,E_CDA_x_real,E_CDA_x_imag,E_CDA_y_real,E_CDA_y_imag,E_CDA_z_real,E_CDA_z_imag,E_FWcorr_x_real,E_FWcorr_x_imag,E_FWcorr_y_real,E_FWcorr_y_imag,E_FWcorr_z_real,E_FWcorr_z_imag
20260813,0,0,1,2.418659204525966,7.24070555340694,-8.556941814750822,286.45847754752515,306.9500180518242,14,transition,False,3,2,3,2.7415278734418897e-24,0.00035241363530629,0.0003524136352694207,1.2419537032380828e-07,1.6864404124889247,0.00515589836227819,0.19553712614391722,0.004419476944085318,1.6864482939490724,0.1955870636751866,0.0010012551401194837,1.002511855615687e-06,CALIBRATED,-0.01113367749999547,-0.004369625091539286,0.013770175794154172,0.0044433653634375,0.0,0.0,-0.019204373100966305,-0.0068969857979307965,0.022818367210308114,0.008012546329166658,0.0,0.0
20260813,1,0,2,3.424481581403718,11.57309204289811,1.8000346957736557,297.6403432522935,317.6412268914049,15,transition,False,3,2,3,3.6526796841779173e-26,0.00026100780203651007,0.0002610078020304081,6.81250727207447e-08,1.4169471978770491,0.002840221555833662,0.1703519309134641,0.008418858090504605,1.4169500444370322,0.17055983565157917,0.0005239398946562351,2.7451301321238675e-07,CALIBRATED,-0.015963751149140507,-0.0010103650345929579,-0.002260378708729128,-0.00019053049288556034,0.0,0.0,-0.022574817576443664,-0.0014834826553137847,-0.0034730062453847007,-0.00023454824115210488,0.0,0.0
20260813,2,1,2,2.453198893153857,18.81379759630505,-6.756907118977166,291.8412566490807,306.43189728914194,14,transition,False,3,3,3,3.5008696271302374e-25,5.1875051342039175e-05,5.187505134356501e-05,2.6910209518975056e-09,1.6699622960633218,0.004994469367881106,0.19663060379873218,0.00448141748391745,1.6699697646955614,0.1966816652688276,0.00013327803309951176,1.7763034106874553e-08,CALIBRATED,0.0012893978368740113,0.003090562691249187,-0.0020184556190888576,0.006048699341764048,0.0,0.0,-0.0005374735788549688,0.004463990830766583,-0.0022818673522121925,0.010385327269820851,0.0,0.0
20260813,3,1,3,3.7228801202257067,17.284434328188564,-28.63936935115712,270.7719398370779,284.49605663170087,13,transition,False,3,3,2,8.86870954146646e-22,0.0002685805765981978,0.00026858057645233805,7.213552604747021e-08,1.3625442126171552,0.0024188172943811715,0.14874910265326322,0.010185122805119944,1.3625463595832645,0.14909739188431972,0.0004971165119365955,2.4712482644000724e-07,CALIBRATED,-0.0024489244405140526,-0.002265339146850259,0.013761346742881786,0.008250873887590066,0.0,0.0,-0.00435835515242405,-0.00278948143572962,0.018480701131142724,0.011349173155919073,0.0,0.0
20260813,4,2,4,2.9860014002403688,33.63068880984087,8.307959129471135,311.1230869848328,327.56221816501585,15,transition,False,3,3,2,1.6063840815010022e-28,0.00024547986131382007,0.0002454798613134749,6.026036231048288e-08,1.4986291013518596,0.003477088449497667,0.20099949077144355,0.005868746713789871,1.4986331350810205,0.20108514982059278,0.0005449290005064092,2.9694761559291417e-07,CALIBRATED,-0.013619203937743423,0.0006131673872146812,-0.0076866693300900206,-0.0007323153560718931,0.0,0.0,-0.02117505118376416,0.0003843444772815768,-0.009818194975252293,-3.917425290988496e-05,0.0,0.0
20260813,5,3,11,3.155795655823006,21.615135275279805,-51.64152353016151,251.10180908497173,261.0897739800745,12,transition,False,3,2,3,7.859835484405244e-19,0.00046202141353851746,0.0004620214116021158,2.134637847788117e-07,1.4659330826827,0.0032196650828663605,0.18980368804728798,0.006828466691335982,1.4659366183934586,0.18992648039098417,0.0009876352275440515,9.754233426859904e-07,CALIBRATED,-0.0010920903051862448,-0.0022898464122765357,0.0183423878042254,0.010915226219140936,0.0,0.0,-0.003282737869336714,-0.002306089830243272,0.026628720388528856,0.016200372211454594,0.0,0.0
20260813,6,4,5,2.491017479293401,54.44966451095935,8.58186911580734,319.4876485940126,348.38299567029594,16,transition,False,4,2,4,4.912075310291871e-30,0.0004369063270933587,0.00043690632709327806,1.9088713865413848e-07,1.65191989063886,0.004817715709334916,0.19782788670784596,0.004549238119662259,1.651926915899417,0.19788018679686384,0.0011896519035270179,1.415271651565457e-06,CALIBRATED,-0.018204976293802015,-0.0056420987976546644,0.00844016295777982,0.0015541993562634788,0.0,0.0,-0.030377665933174224,-0.008951501691907329,0.013161911414824059,0.003672059551203992,0.0,0.0
20260813,7,5,6,3.1001357411092307,76.23432388369335,2.632220034086151,323.93491970718543,370.9655045694788,17,transition,False,4,4,4,7.406793217923735e-31,0.00028447349368188014,0.00028447349368185184,8.09251686075586e-08,1.4760808050264305,0.0032982691046724443,0.19383323719751497,0.006499007493025068,1.4760844899756118,0.19394215875065043,0.0006196916590849436,3.8401775233945e-07,CALIBRATED,-0.01642406215414115,-0.003178102739330448,0.0021428496738962704,0.00017757897427109014,0.0,0.0,-0.024227452513656485,-0.004704767669097176,0.003202534096636115,0.0005754479326268099,0.0,0.0
20260813,8,5,10,3.1963251033621454,69.62100260641422,-6.393556981246422,312.8482654344042,369.70042718525383,17,transition,False,4,4,4,7.884197714090034e-29,0.00019407727627906554,0.00019407727627900355,3.766598916787667e-08,1.458543894566136,0.0031624286031746913,0.18686952255798858,0.007068366435395856,1.458547322965841,0.18700315576245133,0.00040776226146820575,1.662700618776654e-07,CALIBRATED,-0.003491484856386266,-0.0031469576723042215,0.011345986537679072,0.00657662958301285,0.0,0.0,-0.006883246470727358,-0.004459635829610065,0.015701576289531474,0.009693055750520898,0.0,0.0
20260813,9,5,39,2.5535227214779432,70.93626816083695,13.59863591479846,331.17539563541123,365.61598870759553,17,transition,False,4,4,3,3.21848141301606e-32,5.616406492423368e-05,5.616406492423319e-05,3.154402188813481e-09,1.6312247500061203,0.004632715696750117,0.19843022761836282,0.004708888418639499,1.6312313285022628,0.19848609236622722,0.00013632838611196885,1.8585428859894062e-08,CALIBRATED,-0.0013401544434171102,0.0031874797608392254,-0.0058081202236770465,0.003236319396100542,0.0,0.0,-0.004657152210562816,0.004105819720842631,-0.00789037487542382,0.005960163432728921,0.0,0.0
20260813,10,6,7,3.415378888241367,99.12402260409115,3.6080553999537015,336.3216562234387,393.875994790595,18,transition,False,4,4,2,3.321262992589391e-33,0.0002082258272859589,0.0002082258272859573,4.335799514892132e-08,1.4186067692807554,0.002853076557417961,0.17101092850061006,0.00836497791466962,1.4186096383061215,0.17121539218818405,0.00041668401436876227,1.7362556783046688e-07,CALIBRATED,-0.013942958675962026,0.00012784195757646228,-0.0035945427585043167,-0.0009394942456128965,0.0,0.0,-0.019925750337815157,-0.0001087287847904785,-0.0044270891366420696,-0.00019377221525602127,0.0,0.0
20260813,11,6,10,2.378620962607908,81.07119100207439,-7.909226311379995,317.13101859995635,381.25049505580847,18,transition,False,4,4,4,1.3244914187904846e-29,0.00010816126129418866,0.00010816126129417083,1.1698858444745896e-08,1.7055417662651557,0.005343026080767234,0.19426957207453516,0.004347675766458853,1.7055501354116116,0.19431821561190102,0.00030654787779316043,9.397160137949043e-08,CALIBRATED,-0.002451275627862013,0.004991432959089738,-0.006136118549447166,0.006291752955453956,0.0,0.0,-0.006217866750903693,0.008123656367584553,-0.009025940884915535,0.010973814707046038,0.0,0.0
20260813,12,6,39,4.3582981106012895,82.38645655649711,12.082966584664888,335.1786171830614,377.1660565781502,18,transition,False,4,4,3,5.5169042802491916e-33,9.032292840600266e-05,9.032292840600227e-05,8.158231395835813e-09,1.2764924688411854,0.0017814686897710845,-0.010591808094853772,0.02213568428800477,1.276493711946501,0.024539252588789886,0.00014704052037511634,2.1620914632185003e-08,CALIBRATED,-0.002574635016924743,-0.003079723318908257,0.005970092752405516,0.00621027211499424,0.0,0.0,-0.003602795471977293,-0.0038478245167598134,0.007454257973660772,0.00798051813559453,0.0,0.0
20260813,13,7,8,1.584632114402151,120.51163253805333,10.283983597880368,353.6049661523817,416.2813038933766,19,transition,False,3,2,3,1.2514732679688122e-36,0.00024054789500029675,0.0002405478950002967,5.786328978907376e-08,2.229866240507765,0.01105957198935872,0.16335780680526746,0.0031476838792619446,2.229893666677589,0.16338812979537667,0.001172312099003421,1.3743156574698067e-06,CALIBRATED,-0.013588941988666517,0.0007873528405085943,-0.007291034771722891,-0.0014523904747083401,0.0,0.0,-0.03146854694284291,0.0002836818371113271,-0.013488174443625389,-0.00017699464154930346,0.0,0.0
20260813,14,8,9,3.543836123631557,138.77419641684503,6.134876109631598,360.8937935440844,435.0092597982796,20,transition,False,4,3,4,3.9999412367917763e-38,0.00015424116264530218,0.00015424116264530218,2.379033625417456e-08,1.395186892256397,0.002671666733423733,0.16171115241635134,0.00912533513056766,1.3951894502637257,0.16196841839404863,0.00029914511489227637,8.948779976391323e-08,CALIBRATED,-0.006173345605856245,-0.0056613070832639304,0.007253946538303584,0.00560899531149534,0.0,0.0,-0.009255349864591134,-0.00787136398150769,0.009449625979455003,0.007888587433458648,0.0,0.0
20260813,15,8,15,2.7341203350701093,141.40982426007366,17.518905349870906,371.5954421147588,438.3964233822635,20,transition,False,5,3,5,2.2450867215653165e-40,0.00016522439716574127,0.00016522439716574127,2.7299101418782613e-08,1.575854488082019,0.004150140408522962,0.19950311933978698,0.005193230538830591,1.575859952937967,0.19957069992795717,0.0004078930054647452,1.6637670390706264e-07,CALIBRATED,-0.012197676886164157,-0.001210815688529449,-0.0036292475672836497,-0.0013429680600277182,0.0,0.0,-0.01929927202192887,-0.002316454558633704,-0.005417330705780961,-0.0008471547617328125,0.0,0.0
20260813,16,9,15,3.3702936113884157,149.7242885296408,9.185374359696592,369.99397760099356,446.3763199658146,21,transition,False,5,4,5,4.923174261697959e-40,7.297749475306843e-05,7.297749475306843e-05,5.32571474043413e-09,1.4268265603754182,0.0029167468685046155,0.17427491731490835,0.00809811154874034,1.426829541607911,0.1744629651696141,0.00014738534365446593,2.172243952414502e-08,CALIBRATED,0.0002928541327509842,0.0020718708147969174,-0.002018200691944628,0.008032804522943783,0.0,0.0,-0.0004928718579345203,0.00270862083897206,-0.0026936005194715686,0.011513049569002596,0.0,0.0
20260813,17,9,18,4.341560549656062,158.80786174573214,-5.483197318901027,364.4299090261695,458.1680027844744,21,transition,False,4,4,3,7.3383239086047e-39,0.0001188479523682708,0.0001188479523682708,1.4124835782130766e-08,1.2781521359119403,0.001792960091811052,-0.004085540033575946,0.021654050688201518,1.278153393471279,0.022036096491283397,0.00019342512789477436,3.7413280101109816e-08,CALIBRATED,-0.009684950927847137,-0.004141696457035473,0.0027709264437487053,0.0004668993409479509,0.0,0.0,-0.012386667239710231,-0.0050795857187407156,0.0034864079958778172,0.0014277152376115814,0.0,0.0
20260813,18,9,124,3.1825502846020264,137.2980644579616,-8.40364359253687,348.48777468427636,449.62252502855506,21,transition,False,4,4,3,1.3459547873950267e-35,8.561850371120558e-05,8.561850371120554e-05,7.330528177745716e-09,1.4610552716825351,0.0031818816720441496,0.1878667628432963,0.006986831262930639,1.461058736424481,0.1879966393112281,0.00017742903573987577,3.148106272358211e-08,CALIBRATED,-0.005602021097940488,0.005179942994953107,-0.004866543381307676,0.001928939972192469,0.0,0.0,-0.00896135320467557,0.006773179544092383,-0.005917239953774557,0.0040290811202890004,0.0,0.0
20260813,19,10,21,2.785116746716497,85.06469125580878,-21.092613613837003,307.9249822606694,391.02106941262457,18,transition,False,4,4,2,5.947265668129757e-28,0.0003329593709686295,0.00033295937096780803,1.1086194271527841e-07,1.560219261160215,0.004013872782615231,0.19980607809316955,0.005329997075484432,1.5602244242640357,0.19987715655321509,0.0008080432500282594,6.529338939162322e-07,CALIBRATED,-0.016839926987147757,-0.001615944149831416,0.006824543251550407,-0.00043653630740651095,0.0,0.0,-0.02637041936167557,-0.002094160117184971,0.01038695020540661,0.0006082693084656346,0.0,0.0
20260813,20,10,185,2.662957410937352,64.0160480863576,-21.336227079664162,297.0431583547155,385.6597161682271,18,transition,False,4,4,1,4.619385665435312e-26,0.00021118352453035197,0.00021118352452562038,4.4598481031063303e-08,1.5976726598182962,0.004340295017664165,0.19908035565727902,0.0050023797248697115,1.597678555308204,0.1991431942385692,0.0005298781723719908,2.807708775562812e-07,CALIBRATED,-0.011007535572826872,0.006733407539466408,-0.006436834766939653,0.0018016842756557626,0.0,0.0,-0.018515520930617282,0.010191614671363772,-0.008156879982709359,0.004080435807359593,0.0,0.0
20260813,21,11,12,2.0278770443448515,31.76720645911633,-69.96849703544305,238.94530478827997,253.55568149045956,12,transition,False,3,3,2,4.036103251479391e-17,0.0006801087326684546,0.00068010846003051,4.625475174050718e-07,1.8728738804302985,0.006982306579965957,0.18316551606190537,0.003718681455765863,1.8728868958384062,0.18320326106811957,0.0023562364605875475,5.551850258202133e-06,CALIBRATED,-0.021457301567261892,-0.0021426404507657354,0.014623839409604714,-0.0011158325604340902,0.0,0.0,-0.03818519239879945,-0.0018400743535790121,0.02989757052034476,0.0009364536339451301,0.0,0.0
20260813,22,11,14,1.7885237686800366,18.151182170279526,-72.80160892857108,230.3833612684903,239.64803465739763,11,transition,False,3,3,3,5.75152588438596e-16,0.0005102475861337999,0.0005102480139319767,2.6035303572152667e-07,2.061157717938989,0.009122119795641336,0.17264760174941182,0.003403429754824008,2.0611779038426126,0.17268114466819914,0.0021116721343785905,4.4591592031110316e-06,CALIBRATED,0.008919037261211337,0.008358431707149788,0.00935037678910172,0.016534989010091337,0.0,0.0,0.012190547736616436,0.017537168474638418,0.022274843032972044,0.034049108211647354,0.0,0.0
20260813,23,12,13,4.0806622434928315,44.178721761789376,-88.24803135116991,229.31326126492985,238.65381107275525,12,transition,False,2,2,2,7.962176975899242e-16,0.0006545070428952487,0.0006545066445013528,4.283789476964202e-07,1.3040223525445704,0.0019720834023984994,0.09733152558226894,0.014146541631704312,1.3040238437424454,0.09835420942852126,0.0011112725742271688,1.2349267342294784e-06,CALIBRATED,-0.007059369247309963,-0.002405224861163872,0.02387548502545274,0.005371038865816243,0.0,0.0,-0.010120216547069022,-0.002460921785043597,0.03081893218246163,0.007279496848569136,0.0,0.0
20260813,24,13,16,2.1651695351515023,51.84819548636241,-110.05757993053678,215.7870188235695,215.53504734180115,11,transition,False,3,2,3,4.263331133073003e-14,0.0013912011453849665,0.0013911954764861355,1.9354248537954855e-06,1.8073746898543257,0.0063406392804150405,0.18751200199836895,0.0039648901314455545,1.807385811948435,0.18755391557413767,0.004514386140438033,2.0379682224979003e-05,CALIBRATED,-0.01372748291519292,-0.004893009411991831,0.03399760735437537,0.004792999308481421,0.0,0.0,-0.023347999184783613,-0.004522561564732328,0.06195148864141877,0.010526944785204514,0.0,0.0
20260813,25,14,17,2.937381648035064,5.305701554837893,-90.84253224270036,208.65099554638937,217.5012225556982,10,transition,False,3,3,3,3.158122852865481e-13,0.00042617348562480617,0.000426179742549963,1.8162917295995272e-07,1.5135356572068668,0.0036070053983837816,0.20071065124249737,0.005738354105615871,1.513539955245505,0.20079266478143282,0.0009701044333313542,9.411026115691477e-07,CALIBRATED,0.00556721988050054,0.013583340550524969,0.003531891878031017,0.014078508607181557,0.0,0.0,0.006809453461666398,0.02033521776756637,0.006768122115516551,0.021550109472108545,0.0,0.0
20260813,26,14,186,3.6080528093672157,17.164933829678702,-93.58871671863957,211.25844585179294,224.93765274183693,11,transition,False,3,3,2,1.531245747304766e-13,0.0004505401671739756,0.00045053462534789076,2.0298144863736428e-07,1.3834791291376225,0.002580978671973454,0.15706212819906354,0.009505443111498823,1.3834815366351296,0.1573495013120951,0.000860492175330129,7.404467838043776e-07,CALIBRATED,-0.007080899803237322,-0.0024915884419235462,0.019446201817249716,0.004004086068414542,0.0,0.0,-0.00971163007479196,-0.0023292986791360695,0.026921294488118277,0.005999557264324833,0.0,0.0
20260813,27,15,22,3.4402159857315233,163.82892396815947,18.15635653375263,385.80129316173776,460.82458371103155,21,transition,False,5,5,4,1.82723414069715e-43,0.00014116265903748297,0.00014116265903748297,1.992689630653267e-08,1.4140785559255902,0.0028180011218418284,0.16921282468388263,0.008511992337339078,1.4140813638044047,0.16942678079645293,0.0002818226409541937,7.942400095439637e-08,CALIBRATED,-0.009940926930339109,-0.005980373449997533,0.0024066513961822035,0.0008853209920477621,0.0,0.0,-0.014119004462084753,-0.008390833308441663,0.0030270937361457956,0.0017049850017983536,0.0,0.0
20260813,28,15,56,1.8859859352315809,159.63595427697402,28.743042172035956,391.52026075411754,459.8014009060928,21,transition,False,5,5,3,9.667941502465684e-45,9.952061731038244e-05,9.952061731038244e-05,9.904353269839593e-09,1.980513425834452,0.008195999062262111,0.1770882128439783,0.003525678736554908,1.9805303845967992,0.1771233060295216,0.0003824376297709369,1.4625854066481222e-07,CALIBRATED,-0.005389535657017273,0.0034233514791558836,-0.0073600746201964405,0.0021409084397571187,0.0,0.0,-0.011867564416147884,0.005205930400755631,-0.013556801239747038,0.005541658001717435,0.0,0.0
20260813,29,15,110,5.436158091802639,147.0056778368796,32.10550624847001,386.68278969252924,450.92928321989325,21,transition,False,5,5,2,1.1648517344661408e-43,7.721982724951856e-05,7.721982724951856e-05,5.962901720445488e-09,1.185919963072383,0.001166955727218986,-4.8847272197468286,6.760933811588224,1.1859205372196198,8.34091038292658,0.00010931256421345669,1.1949236694921092e-08,CALIBRATED,-0.0013658616822371356,-0.0034765451363745086,0.003114303561966519,0.007319084393091004,0.0,0.0,-0.0015707937936630604,-0.003284605643064994,0.0037056371783501527,0.009073300939747397,0.0,0.0
20260813,30,16,19,3.2246661650841197,62.26017940074295,-130.04051269448541,207.19505266656003,211.89698742615428,11,transition,False,3,3,2,4.712761665285719e-13,0.0007886390935670337,0.0007886154555356704,6.219143367097329e-07,1.4533768506214937,0.003122404800675937,0.18481774612668103,0.007236121336247167,1.4533802046726076,0.18495934887250015,0.0016526108999624252,2.731122786674617e-06,CALIBRATED,-0.017216105352839555,0.00012108238050786879,0.02196151284786374,-0.0031461825290097045,0.0,0.0,-0.02303611266422141,0.0018665784983168308,0.033278461004252045,-0.0033178805255494703,0.0,0.0
20260813,31,16,65,4.066998363042909,46.8264837731079,-128.5325118998344,198.17423704100105,196.38979467172095,10,transition,False,3,3,2,5.287696035103554e-12,0.001152481042876807,0.001152580016305053,1.3284406939857564e-06,1.3053772388697453,0.001981464526935697,0.10264298459683921,0.013753355076631375,1.3053787427259842,0.10356030640554746,0.0019467237117638903,3.789733209943778e-06,CALIBRATED,0.02152179938916305,0.016076256761314665,0.015284388286900952,0.014047548205904238,0.0,0.0,0.025496140924813844,0.020713726951346382,0.022746733351829522,0.018713581894222068,0.0,0.0
20260813,32,17,31,1.823449260077684,-7.362663630534579,-108.99218730023667,186.9829951379511,195.36759530715372,9,transition,False,3,3,2,9.139819805766661e-11,0.0008548243895113806,0.0008550577537734816,7.311237622881518e-07,2.032258898737419,0.008790245152882264,0.17423889127304001,0.0034472375821162082,2.0322779091224885,0.17427298895412854,0.003455878759622834,1.1943098001212259e-05,CALIBRATED,0.012209716939596894,0.00790624139059257,0.015841634537511532,0.01981197941352668,0.0,0.0,0.018120989452560913,0.01890115200613681,0.03527639837990089,0.03906188258477114,0.0,0.0
20260813,33,17,186,4.346081354050835,9.311084044953912,-101.94622309170816,200.2704855552098,213.4689619178194,10,transition,False,3,3,2,3.0439572088522097e-12,0.0003114633770116208,0.0003114178365112849,9.698106889736938e-08,1.277703860908678,0.0017898562715462961,-0.0058428788322962,0.021784139612255983,1.277705114557508,0.02255411207951125,0.0005073509252830615,2.574049613855786e-07,CALIBRATED,-0.013050270123495621,0.011268655201674806,0.002288330724676156,-0.00298148262704194,0.0,0.0,-0.016485951894533047,0.014476378195042734,0.0038299629018132934,-0.0033660323734374387,-0.0,0.0
20260813,34,18,20,2.7557464227716437,181.44273087588073,-11.977753679637841,374.8764057154451,481.71617814609726,22,transition,False,3,3,2,4.446238793076882e-41,0.00016602439060890093,0.00016602439060890093,2.7564098277056913e-08,1.5692240453169686,0.004092353291084294,0.19963159529248792,0.005251229229734966,1.5692293814979408,0.19970064909120078,0.0004066351586648935,1.653521522624231e-07,CALIBRATED,-0.010843293876609966,-0.006042235263598311,0.0033614931571352385,0.0007994531182225488,0.0,0.0,-0.017054567596900716,-0.009163611800359243,0.005054926004302375,0.0025005648583834245,0.0,0.0
20260813,35,18,22,4.971037679916861,172.9124971842508,3.4877848551550112,380.4593420122258,474.88384144188996,22,transition,False,4,3,4,2.7361454341288832e-42,4.383184470210065e-05,4.383184470210065e-05,1.9212306099890692e-09,1.2157342920990926,0.0013607839340982616,-0.24877752122026842,0.03976764186396839,1.2157350536686011,0.25193594504143696,6.36802394329164e-05,4.055172894233561e-09,CALIBRATED,0.0006191630384222451,0.0017260770205614175,-0.0006802712657735931,0.006325058968737366,0.0,0.0,-0.0003284354403819004,0.0014286935983052653,-0.0006256520922218398,0.007819192007878919,-0.0,0.0
20260813,36,19,23,2.172092137061366,74.32788064874426,-149.24678205586343,202.53560519169338,218.11501008913706,11,transition,False,4,2,4,1.6651514456934221e-12,0.000907948907969951,0.0009079015190725332,8.242851683342134e-07,1.8040720706133775,0.00630828494517595,0.1877311617766509,0.003977304536912824,1.8040830996454096,0.18777328897740067,0.0028409080411446125,8.07075849824012e-06,CALIBRATED,-0.018361344485123183,-0.001863184488453861,0.023275967298715887,-0.005051775691998117,0.0,0.0,-0.027130936887865026,0.0023251031867901053,0.04547327364704447,-0.005620994905093447,0.0,0.0
20260813,37,20,29,3.0624038013434998,202.60245676588113,-20.48190555559495,384.0283854280705,504.52088377606094,23,transition,False,2,2,2,4.5049418773290506e-43,0.00014112035142386815,0.00014112035142386815,1.9914953585996046e-08,1.482959961241491,0.0033515548890898847,0.19656487461739386,0.006275666607760347,1.4829637485675564,0.19666502974530964,0.0003092502454267015,9.56357142964751e-08,CALIBRATED,-0.0084101358118106,-0.006363219541189412,0.004797181987109384,0.0026242044706820088,0.0,0.0,-0.012686309018721139,-0.009115499095799577,0.006649079186893641,0.004583146420212981,0.0,0.0
20260813,38,21,33,2.946444660701175,106.01615024272219,-30.212411578553727,312.17378110228276,413.871328680247,19,transition,False,3,2,3,1.0418497501715485e-28,0.00031661380000739387,0.000316613800007069,1.0024429835491627e-07,1.5107569860208938,0.003582788101916999,0.20076449265860044,0.005762660067819423,1.5107612343390067,0.20084718012340247,0.0007204932163305176,5.191104747782941e-07,CALIBRATED,-0.01591619067210516,-0.0019180298379122193,0.007719046328327224,-0.00016173997118236876,0.0,0.0,-0.02408074688612195,-0.0024020041358617,0.011574370102536306,0.0009355098063956777,0.0,0.0
20260813,39,22,27,2.083208790941619,185.92862982291473,18.727481403347046,400.49851149862525,482.9316681520738,22,transition,False,4,4,3,8.780519669669334e-47,0.00014116378371073919,0.00014116378371073919,1.9927213831532352e-08,1.8464763360784588,0.006723701231562857,0.18491724084313546,0.00381790870390298,1.8464885777756601,0.18495665002348388,0.0004704076601684443,2.212833667451506e-07,CALIBRATED,-0.010454632558954074,-0.0034930810302756187,-0.0034624152390157984,-0.0027702901285887754,0.0,0.0,-0.019507529691487956,-0.007294380308114457,-0.00556675289439903,-0.0023805931272378937,0.0,0.0
20260813,40,22,56,2.773573073633745,171.10496187226406,26.329995105852685,396.7324577147222,471.5215088989586,22,transition,False,4,4,3,6.39181379115892e-46,0.00010909687089945623,0.00010909687089945623,1.190212724005262e-08,1.5637584895555667,0.004044718657343615,0.19973749960512108,0.005299038266093302,1.5637637204533568,0.19980777901536084,0.000264889579876044,7.016648952690711e-08,CALIBRATED,-0.0002644409031754498,-0.003549169224203149,0.0030464015416888485,0.00933540451040816,0.0,0.0,-0.0015101489509484803,-0.005724849763974894,0.00428606067414687,0.014541829633833617,0.0,0.0
20260813,41,23,24,4.363310405480171,89.71501449182833,-166.0190256502811,204.4653271527,215.42313370782745,11,transition,False,4,4,3,9.906878802096349e-13,0.00019745602252638125,0.00019745016877352855,3.898656914869491e-08,1.2759954585069666,0.0017780274299731614,-0.012540200348115121,0.02227991615271259,1.2759966972966448,0.025566604947524222,0.00031213974071578527,9.743121773411766e-08,CALIBRATED,-0.0029401023935782308,0.010315037180991162,-0.00037815069002582733,-0.009069893973978253,0.0,0.0,-0.0022108868923918757,0.01408986299864162,0.0016755638180468093,-0.01029174263358724,-0.0,0.0
20260813,42,23,30,4.338554619088921,72.97113726921049,-168.87804333911095,189.179001148063,198.4369214581485,10,transition,False,4,4,4,5.293550868408786e-11,0.0028040328429117817,0.0028044090323082445,7.864710020492065e-06,1.2784501986939423,0.001795023854671381,-0.0029170669144989447,0.02156755318927986,1.2784514588560723,0.02176392956145742,0.004576886825433603,2.0947893012827684e-05,CALIBRATED,0.02585616535325279,0.012784130044459606,0.038550426836367994,0.02205217348185157,0.0,0.0,0.03363072960211987,0.018451003748142694,0.04883413979329912,0.026844889703577568,0.0,0.0
20260813,43,23,140,3.8572226448320066,89.75707127287218,-152.18279330394716,212.6384493703917,222.11178057308143,11,transition,False,4,4,2,1.0401017095514689e-13,0.0011001958942385673,0.0011002092215373627,1.2104603311558495e-06,1.338051350102525,0.0022290961496769296,0.13902325580907668,0.010980315911028563,1.338053206857199,0.13945620457068936,0.0019638362425225893,3.856652787445242e-06,CALIBRATED,0.02066225053659723,0.019285316943348924,0.011724354183716689,0.012802214404922067,0.0,0.0,0.026378436095251805,0.025749654356745394,0.01747755647331539,0.01730620327863741,0.0,0.0
20260813,44,24,25,3.670366039798033,108.09302845006602,-181.39301280564115,212.1686555731943,239.38374467880135,12,transition,False,3,3,2,1.1868073063861884e-13,0.00022365698655990457,0.00022365689847289306,5.0022408234513996e-08,1.3721183973793263,0.0024929787073889012,0.15255090632562696,0.009874284261318613,1.3721206621028803,0.15287014263891932,0.0004001590715676897,1.6012728255791538e-07,CALIBRATED,-0.00012767511274356516,0.008682205718225543,-0.00300612774693664,-0.011799283765296445,0.0,0.0,0.0017224428337088108,0.01400117014900271,-0.002100395576538198,-0.014026682969719855,0.0,0.0
20260813,45,24,175,2.7324634271368318,108.54273981955302,-166.2180455275994,220.13838318443112,234.251910883412,12,transition,False,3,3,2,1.2164316725744073e-14,0.0012941449013861154,0.0012941493775751227,1.6748226114780775e-06,1.5763624871880142,0.004154567835926698,0.19949327600482028,0.005188786901479008,1.5763679619452704,0.1995607443377689,0.0032093358212210146,1.0299836413372364e-05,CALIBRATED,0.020292508715218247,0.01908865848132295,0.015309780946311002,0.016840344188207793,0.0,0.0,0.03161526807512919,0.03152437806232293,0.024442262193310423,0.024871671685191023,0.0,0.0
20260813,46,25,26,3.6645421000801477,126.49464744888348,-196.12014761123223,222.47094775010365,262.9529636170626,13,transition,False,5,2,5,6.1467192383228375e-15,0.0005283299686135155,0.0005283312653645233,2.791339259616783e-07,1.3731801978421485,0.002501203389135829,0.15297253563393365,0.009839811507985581,1.3731824757708628,0.15328867717084582,0.0009858138894125032,9.71829024558607e-07,CALIBRATED,0.008270027789279176,0.01581590595797921,-0.007563292404893876,-0.012352798567754023,0.0,0.0,0.012501702006656177,0.022800745593436568,-0.00856096745434991,-0.015373912090883587,0.0,0.0
20260813,47,26,32,4.1802935742350265,145.06403095737699,-211.0406220037734,234.79741122643367,286.77401649018276,14,transition,False,5,5,4,1.47977620575387e-16,0.0002178019050302671,0.00021780204689550952,4.743773163187373e-08,1.2941430852254288,0.0019036801457303272,0.05860257652978497,0.01701349438757971,1.294144485378232,0.06102229893412334,0.0003625918287975314,1.3147283431073833e-07,CALIBRATED,0.005831072511218335,0.009762601460169612,-0.004649928039694643,-0.008177433718470553,0.0,0.0,0.006912330700571939,0.011880554235451429,-0.00663926247322586,-0.011383502885912312,0.0,0.0
20260813,48,26,51,2.636769250467175,139.9665943812677,-191.91103797952542,236.52846458599873,277.0671394003205,14,transition,False,5,5,3,8.628273204183243e-17,0.0004424153472283957,0.00044241541114925194,1.9573139602236164e-07,1.605701809681919,0.004410272459977295,0.19892477740788295,0.004932146077183348,1.6057078663688986,0.19898591189253187,0.0011272146792588227,1.2706129331365705e-06,CALIBRATED,0.0034407350409014948,0.003065557875690693,0.013092969927950827,0.015803583356445796,0.0,0.0,0.0067146654759034485,0.007763530146313546,0.020550073047749216,0.024485711021021726,0.0,0.0
20260813,49,26,136,2.5499404168520954,133.78334726900076,-213.61676577156874,223.26672687466944,281.9070342119611,14,transition,False,5,5,2,4.861759013700414e-15,0.00034247211161836795,0.00034247219887903886,1.1728720700504394e-07,1.632323065434989,0.0046422879809733175,0.19840894591424588,0.004699281087827412,1.6323296666999523,0.19846458893602295,0.0008707743734252811,7.582480094141908e-07,CALIBRATED,0.0006257718666559803,-0.00016796838870804915,0.012481008569123988,0.013648326643504292,0.0,0.0,0.004164606375804298,0.00432255572279708,0.019569827906688823,0.02125482944852273,0.0,0.0
20260813,50,26,150,3.3789221890090566,147.82984130783456,-200.3497136908734,240.83768243569997,284.70335961853976,14,transition,False,5,5,3,2.21442990282699e-17,0.000787429551531701,0.0007874296864723348,6.200455111379194e-07,1.4252534280706732,0.0029045614221751316,0.17365024374511007,0.00814918536514984,1.425256387708633,0.1738413540411248,0.0015989432730501665,2.5566195904323793e-06,CALIBRATED,0.014337778032212575,0.023604720249407435,0.0025118402083819965,0.004285516104987545,0.0,0.0,0.0202804619337506,0.03358008775659756,0.003997344224348841,0.006636646910536271,0.0,0.0
20260813,51,27,28,2.7031208661412585,206.01012327550933,15.423538002779747,411.65610534710004,503.28314036616075,23,transition,False,3,3,3,2.1957087396439052e-49,0.0001359924595770672,0.0001359924595770672,1.8493949061820253e-08,1.585358759373082,0.004232974158956737,0.1993189581378709,0.005110093512780493,1.5853644104719862,0.1993844530771537,0.0003402109779712954,1.1574350953218524e-07,CALIBRATED,-0.005515480531450668,-0.007934335558882122,0.004475821099979897,0.004752397163988859,0.0,0.0,-0.009225482139633315,-0.012265085899732197,0.006301561182381212,0.008059742663354632,0.0,0.0
20260813,52,27,36,5.571825385997279,208.69266734809355,25.74422592446971,420.9956422400993,506.75258560129174,23,transition,False,4,3,4,1.2841967664972315e-51,4.846284430491059e-05,4.846284430491059e-05,2.3486472781220047e-09,1.1775394860477133,0.0011128504028676861,-6.323240867011496,8.85129824350158,1.1775400119051291,10.877906768200326,0.00011758941680047304,1.3827270943475373e-08,CALIBRATED,-0.006211252510045937,-0.0025431197478692413,-0.001838222964533744,-0.00019148065703065566,0.0,0.0,-0.005071918802901307,-0.002132872242678219,-0.008901885815306484,-0.0028411866156427008,0.0,0.0
20260813,53,28,36,1.3272259685383219,218.14346254122296,19.456110588124726,423.0049552813378,516.0690530591594,24,transition,False,4,3,4,4.1849210922676394e-52,9.475102002638192e-05,9.475102002638192e-05,8.977755796039827e-09,2.6082937688296166,0.01634076877024524,0.15094675022973314,0.0028867480788391815,2.6083449551850704,0.15097435119710936,0.0006214800158471341,3.8623741009735413e-07,CALIBRATED,-0.0001729999206214353,0.003468154432679419,-0.005129182955148131,0.007508959854570465,0.0,0.0,-0.003159327400347938,0.005537933869535017,-0.012811963253782364,0.020412828130000317,0.0,0.0
20260813,54,28,183,2.5228332712134147,224.3912306127222,2.2747354085898914,415.4838745706768,525.8830544501371,24,transition,False,3,3,2,2.706889218102472e-50,0.00011258999826433943,0.00011258999826433943,1.2676507709163955e-08,1.6406339712336557,0.004714721045615813,0.19824790817089644,0.004626582827148198,1.6406407456114376,0.19830188693704515,0.0002998842916979279,8.99305884071679e-08,CALIBRATED,-0.0034836015749773186,-0.007767668359391444,0.0037515939552660907,0.00510327241919094,0.0,0.0,-0.006428054461801835,-0.01215815424179415,0.0051555144749226775,0.0091741137700403,0.0,0.0
20260813,55,29,34,3.387756131141508,223.45360945892668,-30.699083479463972,392.9549496579164,527.7407307470618,24,transition,False,3,2,3,4.5937551533047687e-45,0.00011099996748049132,0.00011099996748049132,1.2320992780670132e-08,1.423642854421366,0.00289208595605946,0.17301070262838314,0.008201474764223643,1.423645792009442,0.17320498668420323,0.00022402156821856012,5.018566302710299e-08,CALIBRATED,-0.007712438674015316,-0.005777888765473686,0.0037857675078322973,0.0019499289655006424,0.0,0.0,-0.011060048156557617,-0.007898072988242506,0.00517494680045179,0.00354080099385358,0.0,0.0
20260813,56,30,41,4.301697678171163,74.89307953427513,-187.26674680391986,180.44870103129864,196.94987026791566,10,transition,False,4,4,4,4.470194643866385e-10,0.0003075660339253881,0.00030778826684763755,9.473361720907254e-08,1.2821048680552753,0.0018203284929896699,0.01141005866337648,0.02050697206936361,1.2821061603029826,0.023467538050578544,0.0005032217956747185,2.5323217564208814e-07,CALIBRATED,0.005266085261733333,0.010609195187651696,-0.005300337003508578,-0.011807117259659036,0.0,0.0,0.006943055037571224,0.014716720049453824,-0.006551919108826465,-0.013982356360691636,0.0,0.0
20260813,57,30,78,2.517554995865815,64.34274174227482,-190.0301604311682,170.0435014242107,188.672340960881,10,transition,False,4,4,4,4.983077822172029e-09,0.003232959871441019,0.0032332192391503717,1.0453706648412108e-05,1.6422522622104352,0.00472882513700742,0.1982165510681574,0.004612427097058752,1.6422590704643616,0.19827020855660873,0.008574642652708846,7.352449662165379e-05,CALIBRATED,0.001872413559227182,-0.0009212055869299813,0.05419933100767293,0.01706743112483265,0.0,0.0,0.01234654268378722,0.003545101409293364,0.08748411368135395,0.027498502611088337,0.0,0.0
20260813,58,30,90,1.8408983096198064,55.51624850978013,-181.68791417618746,167.52849983908507,176.78591842210716,9,transition,False,4,4,4,8.73524649145161e-09,0.007638443423166513,0.007651908885036937,5.855170958490722e-05,2.017820821912221,0.008624437977334053,0.17503391200496077,0.0034691243163657323,2.0178392528328253,0.17506828717755465,0.030962639248627875,0.0009586850292406713,CALIBRATED,0.07208340921112456,0.04669677749879978,0.011872359413519657,0.011590903964846596,0.0,0.0,0.1418173063799926,0.09451497668646112,0.03612095734109053,0.0247525045696796,0.0,0.0
20260813,59,31,47,3.7177475871085655,-13.997018002894434,-130.50274346048735,164.58310109129934,172.8571825108199,8,transition,False,2,2,2,1.6678336915373137e-08,0.0013210325367133285,0.0013226696488295483,1.7494549999348807e-06,1.3634799582297847,0.002426065558183494,0.14912067696427395,0.01015474258885887,1.3634821166001363,0.14946603324946217,0.0024535895160236955,6.020101513141393e-06,CALIBRATED,0.006402861585774261,0.000845796231300788,0.03325849492533152,0.013222335511541809,0.0,0.0,0.007269378235655302,0.002610026839788368,0.04554175214795588,0.017885251669473846,0.0,0.0
20260813,60,32,43,3.5524333156405596,160.047999694086,-229.39675552993037,244.54794292075047,310.4693104772338,15,transition,False,4,4,3,6.7321711487335204e-18,0.0001644870857854967,0.0001644870986282276,2.7056005615132273e-08,1.3936194820673637,0.0026595256104697757,0.16108875103589002,0.009176223170938837,1.3936220197292306,0.1613498955127825,0.00030180512439179617,9.108633310914756e-08,CALIBRATED,0.0024748566032334325,0.0032726180917874007,-0.006645230142714864,-0.010173154407425411,0.0,0.0,0.004971581653280702,0.007335915122934404,-0.0082669942035717,-0.012447074210583511,0.0,0.0
20260813,61,32,136,3.142198788321611,142.48006110747116,-222.01550482846324,229.2317085599967,293.9971809990786,15,transition,False,4,4,2,8.161490438275826e-16,0.0009401950716764007,0.0009401961226143089,8.839687489789806e-07,1.4684120163436332,0.0032388668454826006,0.19078804539256497,0.006747984838469603,1.4684155883130694,0.19090734287631694,0.0020271479972885074,4.109329002910807e-06,CALIBRATED,0.018393427344185944,0.02362995221007321,0.004138607818127273,0.0051356827224677305,0.0,0.0,0.026915243676299338,0.03468585106769496,0.006136529459027815,0.007870984502722925,0.0,0.0
20260813,62,32,150,2.0857626039521584,156.52655514630493,-208.74845274776789,246.42117973547877,296.79350640565724,15,transition,False,4,4,3,3.665008426088462e-18,0.00021309322349686942,0.00021309322392411571,4.540872208237332e-08,1.8452579687512298,0.006711765412725258,0.1849980909484067,0.0038224884949430013,1.8452701750786715,0.18503757746157648,0.0006732574434840568,4.532755852066879e-07,CALIBRATED,0.00011158724162468662,-0.00040987962350909433,0.007964786129081199,0.01222599496253168,0.0,0.0,0.003231775438841514,0.004809407719600243,0.01383292618612124,0.021173871198081104,0.0,0.0
20260813,63,33,37,2.142496909328244,127.42789914918305,-35.47723184818514,321.2556658491174,435.9208484869197,20,transition,False,3,3,3,2.322648052753713e-30,0.0002499078827300651,0.00024990788273001723,6.245394985060004e-08,1.818191294833448,0.006446604890771887,0.1867942187554218,0.003924230972701126,1.8182027233844822,0.1868354349398836,0.0008170291136340518,6.675365725256443e-07,CALIBRATED,-0.015700105725089755,0.0011690548771985873,-0.0007439296613346844,-0.0012224738459802702,0.0,0.0,-0.02850111329130133,0.0020775037512053606,0.0005648842351881556,-0.0002837935077163173,0.0,0.0
20260813,64,33,124,3.3924663837018194,121.93412796406655,-24.891615780338526,326.03036566409907,430.6550375273261,20,transition,False,3,3,3,3.009949937034514e-31,7.888069398648486e-05,7.888069398648494e-05,6.222163883789481e-09,1.422784097533277,0.002885434045130979,0.17266969969477533,0.008229355439936897,1.4227870233886766,0.1728656920376068,0.00015787564920091894,2.4924720610611616e-08,CALIBRATED,7.758042292798601e-05,0.004254099205655772,-0.0018343537114964316,0.00757710113922346,0.0,0.0,-0.0009381393282765608,0.005914948657456177,-0.0020701116499143896,0.01085004902929963,0.0,0.0
20260813,65,34,35,4.648380652469513,246.37142992351636,-35.046187144811505,408.20316199347235,551.0671922259154,25,transition,False,4,3,4,1.4270472714438507e-48,4.9726404666576735e-05,4.9726404666576735e-05,2.4727153210641447e-09,1.2477283947855276,0.0015823085418682882,-0.12335344543662508,0.03048298765778931,1.2477293980885404,0.12706409814590183,7.728080152374698e-05,5.972322284152774e-09,CALIBRATED,-0.006912571080101356,-0.0012963006296038341,-0.000473989176124993,0.0001941768980289616,0.0,0.0,-0.008632254998803431,-0.0016118562086134141,-0.0003930364944267402,-0.00011143175572203131,0.0,0.0
20260813,66,34,42,1.2996250838350214,239.8508366682547,-44.56040486823251,397.2744064456668,549.211764508785,25,transition,False,4,3,4,4.8091239079276016e-46,0.00016568543257936154,0.00016568543257936154,2.745166256901016e-08,2.6575609828883433,0.01705597425892498,0.14958007526688458,0.0028620217903631384,2.657615714137087,0.14960745330890224,0.0011515472431368402,1.326061053176057e-06,CALIBRATED,-0.0023785467160084553,-0.006698519562467313,0.006210977012139673,0.008751088408023439,0.0,0.0,-0.009123062721350782,-0.016039718153682034,0.014467718899879727,0.02453017572508696,0.0,0.0
20260813,67,35,40,4.699856214733586,268.4873609365856,-41.97882399877041,422.05441238907565,574.244246791233,26,transition,False,5,4,5,7.117611903916262e-52,3.41240523330964e-05,3.41240523330964e-05,1.164450947631902e-09,1.2426241686729025,0.0015469672885551206,-0.14336315938425742,0.031964228588667695,1.242625131597544,0.14688331211510924,5.262189017153839e-05,2.769063325225449e-09,CALIBRATED,-0.003278324858021664,-0.0033517060744019064,0.002605032931365006,0.002314413160110969,0.0,0.0,-0.00412811149793791,-0.003999840222374717,0.003155704988735617,0.0031021589017446766,0.0,0.0
20260813,68,35,42,3.068461178780229,252.16156225897055,-43.984468563289624,407.5516061393958,561.5359548350198,26,transition,False,4,4,4,2.0279367540706127e-48,7.323006383152237e-05,7.323006383152237e-05,5.362642248768841e-09,1.4818556012244986,0.003343000542023907,0.1961263453773062,0.006311521113187347,1.4818593720502102,0.196227874293691,0.00015978974452709208,2.5532762456033352e-08,CALIBRATED,-0.0026695082839341038,0.004217178193768397,-0.004628899745566957,0.005185796426878327,0.0,0.0,-0.0044112272409342675,0.005661265943577368,-0.006574248724831895,0.008065986633764576,0.0,0.0
20260813,69,35,61,4.1549025865752185,270.3818548344467,-31.4732747708438,429.64909810033237,575.3419982444086,26,transition,False,4,4,3,9.885814075314319e-54,4.38828065631654e-05,4.38828065631654e-05,1.9257007118601924e-09,1.2966608108516915,0.00192111267657192,0.06847262704645929,0.01628285311737478,1.2966622339963796,0.07038204288229712,7.359609115263621e-05,5.416384632947138e-09,CALIBRATED,-0.006461541679450667,0.00020611666591366612,-0.001430394664563987,-0.0002068156461846328,0.0,0.0,-0.00831335551376377,0.00017742605013049975,-0.0021099169427745645,3.133282205031453e-05,0.0,0.0
20260813,70,36,38,2.3739966980602603,231.07956881496193,25.303165282978394,436.28043182051664,529.1438314749976,24,transition,False,4,4,4,2.2191966890965886e-55,9.394456814891002e-05,9.394456814891002e-05,8.825581884685199e-09,1.7077478999225795,0.0053646386200056455,0.19412317440409635,0.004339383003733234,1.7077563260130249,0.1941716691115784,0.0002712155719030556,7.355788644270153e-08,CALIBRATED,-0.0043129851968066926,-0.007788992154316362,0.002703706266825532,0.0027137244671784307,0.0,0.0,-0.007779970175064583,-0.012945265545486393,0.003556934235788472,0.005518691400801455,0.0,0.0
20260813,71,36,70,2.502656207925199,228.56200996903812,37.946659964629845,443.52186909712,530.0697503666088,24,transition,False,4,4,3,3.2872854199167045e-57,5.826098396367832e-05,5.826098396367832e-05,3.3943422524159824e-09,1.6468201508675162,0.004768636221670557,0.19812804056171826,0.004572470253798733,1.6468270550348398,0.19818079609550404,0.0001553468802823978,2.4132653213473638e-08,CALIBRATED,-0.0048530986485215985,0.0021192039818449734,-0.005435398469389217,0.0008208747978162825,0.0,0.0,-0.008226450356029154,0.0024417720836603946,-0.008742778349328444,0.002296512714564448,0.0,0.0
20260813,72,37,53,4.898960554777304,147.2968513990152,-44.584247310214366,327.7082968079757,457.7774949390118,21,transition,False,4,3,4,1.4574400236584873e-31,0.00017321424839429335,0.00017321424839428703,3.000317584679777e-08,1.2228813329098938,0.0014102694729754123,-0.22075951436856212,0.03769357830369001,1.2228821460956345,0.22395439051195173,0.00025857349520979364,6.686025242500918e-08,CALIBRATED,-0.00826548375730704,-0.003663776455093309,0.008976350127357957,0.003301197832630636,0.0,0.0,-0.010607336648765862,-0.00421668697903613,0.010467703412490488,0.004324886197173795,0.0,0.0
20260813,73,37,124,3.8526132212191015,133.00123941462755,-25.194248372377647,332.7258619070405,441.7262859819902,21,transition,False,3,3,3,1.6296142844186104e-32,0.00015497035394097268,0.00015497035394097168,2.4015810600590035e-08,1.3388917242071017,0.0022356056679908804,0.13935695914114127,0.010953032056642647,1.3388935906497457,0.1397867338923818,0.0002775715188990291,7.704594810391408e-08,CALIBRATED,-0.004004701830466415,-0.0037144907859043078,0.008495747618252602,0.007277193676027719,0.0,0.0,-0.005736201410942014,-0.005038312378748705,0.011160031224468228,0.009733274049115113,0.0,0.0
20260813,74,38,44,3.2241909402799322,250.76085495181587,27.608822771245663,452.04858953890516,548.9597109774048,25,transition,False,4,4,3,2.1095039974706454e-59,4.4132200762563926e-05,4.4132200762563926e-05,1.947651144147248e-09,1.4534634919573373,0.003123075922452951,0.18485215045007478,0.007233308410934396,1.4534668472504055,0.1849936168536222,9.128846860601254e-05,8.333584500430937e-09,CALIBRATED,-0.005151541922574372,-0.0003530567500414627,-0.003929735503001648,-0.001423497941769223,0.0,0.0,-0.007624267274852463,-0.0012321101060097771,-0.005515659147451409,-0.0011038233479277893,0.0,0.0
20260813,75,38,70,5.7834101939706635,238.81557217019287,33.473026737793546,447.52620104701435,540.3951595789601,25,transition,False,4,4,3,3.1068346264091458e-58,3.43897297554619e-05,3.43897297554619e-05,1.1826535126537017e-09,1.1644694116976928,0.0010284684983625117,-8.566726562148274,12.111401273832781,1.1644698658733177,14.834919777552392,0.00012753091706749244,1.6264134808075634e-08,CALIBRATED,-0.00016099776927031863,-0.001379066377166563,-0.0018917375535573585,0.0053743199039116936,0.0,0.0,0.00844532632656881,-0.004977526476800402,-0.000489725889197628,0.005584960074293889,-0.0,0.0
20260813,76,38,156,2.947065614803087,249.3483095752972,12.619850713545931,440.87255954089295,551.3837360933971,25,transition,False,4,4,2,1.5474227783749552e-56,7.317243216988433e-05,7.317243216988433e-05,5.354204829656324e-09,1.5105666048160604,0.003581128849068938,0.20076818161385335,0.005764325395617943,1.5105708497350774,0.20085091534717928,0.00016588050286738307,2.7516341231535883e-08,CALIBRATED,-0.0008193882669185022,-0.005763521384480209,0.0018315966728735696,0.005994006165869237,0.0,0.0,-0.001866885286885127,-0.008767365921236779,0.0021108934316763773,0.009004036090345065,0.0,0.0
20260813,77,39,73,1.657562869629853,87.18685377205021,26.95882687778682,350.5420718430117,386.6534846440155,18,transition,False,3,3,3,5.2083198080966116e-36,0.00017591514519109993,0.0001759151451910999,3.094613830760576e-08,2.1695202689776045,0.010366557593032335,0.16668070770371987,0.0032391625614923147,2.1695450359513133,0.16671217860346216,0.0008134369749445956,6.616797122070147e-07,CALIBRATED,-0.011927061645685919,-0.0002638142896452893,-0.005520132462467067,-0.0017660366101822497,0.0,0.0,-0.026478019632607087,-0.0018201403279063666,-0.010395600483172621,-0.0009849015488156345,0.0,0.0
20260813,78,40,46,2.448363609820124,289.49089947799786,-50.24870691346368,435.0433391383584,596.8172305258508,27,transition,False,5,5,3,4.525879384477106e-55,6.452289124417417e-05,6.452289124417417e-05,4.1632034945075275e-09,1.672269102085299,0.005017068150823209,0.19647752557219983,0.0044727462980489446,1.6722766280618775,0.19652842927785577,0.0001776066186439811,3.154411098614853e-08,CALIBRATED,-0.007770891653797005,-0.0015576486386768731,0.0010678672583025032,-0.0007546683948568424,0.0,0.0,-0.013041125097271919,-0.002557871058423888,0.0009964528409858486,7.2267180828000785e-06,0.0,0.0
20260813,79,40,54,4.8087670380129985,270.1565106847422,-58.85080084185514,414.10738810835323,587.1311603060219,27,transition,False,5,5,3,5.759146407478945e-50,4.866014464077273e-05,4.866014464077273e-05,2.367809676460923e-09,1.2318247632136976,0.0014721930690076493,-0.18569925682098554,0.03509820444364774,1.231825642945833,0.1889870311397966,7.382443293655983e-05,5.450046898404619e-09,CALIBRATED,-0.0035733826470041186,0.002794616661842639,-0.004243965038080126,0.003173319959879186,0.0,0.0,-0.0044989179633411055,0.003409317838035326,-0.0051516637750037885,0.003926968592216443,0.0,0.0
20260813,80,40,61,1.3500043755894566,280.1870602568001,-38.9818479297456,433.40514492906584,586.3216980845206,27,transition,False,5,5,3,1.1593349156365175e-54,8.77749931323224e-05,8.77749931323224e-05,7.704449419379244e-09,2.5676346135826518,0.015750525308070827,0.15207463721397307,0.0029071541444354683,2.5676829219970316,0.15210242216671316,0.0005681258308728034,3.2276695970491326e-07,CALIBRATED,0.00032138011726100957,0.0018590840493444482,-0.004896948168598612,0.0077611476653961075,0.0,0.0,-0.002016189585705058,0.0036885477607832705,-0.012188703175344826,0.02004721778070607,0.0,0.0
20260813,81,40,68,3.241706542171901,280.9149929014785,-60.80848852631212,422.18555243468546,596.8053261642282,27,transition,False,5,5,3,6.615220586401275e-52,4.514931355534082e-05,4.514931355534082e-05,2.0384605145184824e-09,1.4502701082520792,0.0030983400463715197,0.18358409283477933,0.007336985827382771,1.4502734178769672,0.18373064660801716,9.44604603199259e-05,8.922778563852294e-09,CALIBRATED,0.000544779891009519,-0.0013433468306491016,-0.00030453557122344125,0.006554022108914274,0.0,0.0,0.0002234185068993837,-0.0021547996624764892,-0.0005941909980163726,0.009455914549273818,0.0,0.0
20260813,82,41,64,2.345415363743072,92.04064286778984,-203.07277787556703,188.12107743658484,217.36871767672747,11,transition,False,4,4,2,6.892219701346547e-11,0.001167109848455104,0.0011673417134671594,1.3626866760004437e-06,1.7213834181680274,0.005498219906943617,0.19321832981336068,0.004288127669737555,1.7213921989964944,0.19326590753357561,0.00335130001036,1.1231211759438936e-05,CALIBRATED,0.01396865987589473,0.015818224109958888,-0.01903488000774336,-0.018965109644730648,0.0,0.0,0.02893004296297305,0.030976492350826456,-0.027098884811499684,-0.02864367274168582,0.0,0.0
20260813,83,41,66,1.3440347409584241,81.96641485601096,-206.15649357679524,177.68641781978206,209.6572526226716,11,transition,False,4,4,4,8.59770387333335e-10,0.0016150280698366552,0.0016150569055122688,2.6084088080428654e-06,2.5782903324257616,0.01590521293853713,0.15177904704448078,0.0029018062394834997,2.5783393907860086,0.15180678377853282,0.010401655660307464,0.00010819444047560631,CALIBRATED,0.0005063707548672061,-0.0020355373559216828,0.03748043914249829,0.014348301764634494,0.0,0.0,0.014743980288027597,0.005250736111416983,0.09418736066285116,0.03585305520074934,0.0,0.0
20260813,84,41,78,1.8124810510470617,73.15949660051396,-198.3912585217317,173.35709365289796,197.9158436518796,10,transition,False,4,4,4,2.348376108897119e-09,0.007146197277413155,0.007153072338874444,5.116644388517071e-05,2.041334455789204,0.00889446903944982,0.17373915324717593,0.0034334799114954127,2.041353833114607,0.17377307661242672,0.029734932192915117,0.0008841661925172598,CALIBRATED,0.0709595876502188,0.04236164198433811,0.014251217590563981,0.010963728606752435,0.0,0.0,0.1424912295959638,0.08703924041653993,0.0365695335075034,0.02276008628939704,0.0,0.0
20260813,85,42,54,2.018947270478982,253.83071200712715,-60.856445406374355,399.3325575349814,570.6826250344178,26,transition,False,4,4,3,1.6266508347827191e-46,9.330473911640773e-05,9.330473911640773e-05,8.705774341580906e-09,1.8771340767222036,0.007024041884267357,0.18288281206042822,0.0037026675588315355,1.8771472182959204,0.18292029054804482,0.00032252550548549585,1.0402270168867461e-07,CALIBRATED,-0.004938942444996883,-0.005094205467952329,0.0056780871706728344,0.0032741385697525214,0.0,0.0,-0.010282608070918098,-0.008502121454011136,0.009469772506579485,0.007404783332431863,0.0,0.0
20260813,86,42,154,3.064833565816219,241.02365051995352,-64.06642052231061,386.9132280134286,568.1379559762632,26,transition,False,4,4,3,1.0353420793121849e-43,0.00011833818152491076,0.00011833818152491076,1.400392520662273e-08,1.482516975021397,0.0033481235281081186,0.1963889696520944,0.0062900487400252445,1.4825207557257847,0.19648967431944903,0.00025868457629967445,6.69177100153421e-08,CALIBRATED,-0.0009397433341685071,0.004393721314254905,-0.00392423414830273,0.00909673916042191,0.0,0.0,-0.0022457452017560797,0.006059902928701179,-0.005482122667416313,0.013669861460255664,0.0,0.0
20260813,87,43,52,3.8874347554086057,176.7371796320209,-245.223761593414,258.162127414675,333.46980716609505,16,transition,False,3,3,2,7.294476197109385e-20,0.00040970555256626554,0.0004097055568924274,1.6785864334853407e-07,1.33254318302886,0.002186430015336212,0.13683602312777382,0.011159145824459666,1.3325449767692263,0.13729029011898913,0.0007273862031521973,5.290906885361697e-07,CALIBRATED,0.008008952678108019,0.015632066309920277,-0.004354204252838496,-0.009068717775908149,0.0,0.0,0.010554557684235034,0.020975381408185306,-0.005930382377098167,-0.011868085561071351,0.0,0.0
20260813,88,43,60,3.3268124702682513,160.87887560744812,-249.66254334535319,241.84461086095848,330.75212365891906,16,transition,False,3,3,2,1.6058530990130774e-17,0.00014104533010627615,0.00014104533306061334,1.9893785978179347e-08,1.4347538910144426,0.002978151787688168,0.1774227732926376,0.007840740297477037,1.4347569819203367,0.17759593939970347,0.00027852409649796147,7.757567233000575e-08,CALIBRATED,0.00036862053001331444,0.0034460917350145454,0.0036140960992974407,0.010769039562763873,0.0,0.0,0.0020439940480108756,0.007153418425369686,0.004345862744129244,0.014292944646587997,0.0,0.0
20260813,89,44,45,4.262872422200189,271.2304721377772,39.412885918390884,475.0824285227214,572.5889541841094,26,transition,False,3,3,3,1.5569044865046802e-65,3.0510023731593396e-05,3.0510023731593396e-05,9.308615481023922e-10,1.2859547120713495,0.001846984505005228,0.02650231276906878,0.01938975147445281,1.285956038459429,0.03283801218634574,5.042978625544548e-05,2.5431633417699177e-09,CALIBRATED,-0.004360162606727029,-0.00255680041510105,-0.0018639023946011733,-0.0012196906473495137,0.0,0.0,-0.0055455241627426375,-0.0033234535191411408,-0.0025192942612899004,-0.0015115426381757111,0.0,0.0
20260813,90,44,49,3.467222600103476,270.3149971393349,28.46077955532157,467.06281047892855,568.5324038695861,26,transition,False,3,3,3,2.3002023598681457e-63,5.246740260136357e-05,5.246740260136357e-05,2.7528283357335723e-09,1.409154803787268,0.0027798618520294715,0.16725765675822865,0.008671848448614674,1.4091575457232064,0.16748231160265603,0.00010385631820115853,1.0786134830300292e-08,CALIBRATED,-0.0015797577909226017,-0.0060551094376653245,0.001370974575593419,0.0033805097743322184,0.0,0.0,-0.002450501906353024,-0.008447173565438991,0.0015104266460503142,0.004920897144867858,0.0,0.0
20260813,91,45,49,1.9806031091738916,281.3568903895971,33.48555198736322,478.66786961027174,580.6638400806862,27,transition,False,3,3,3,1.623171295350172e-66,5.054856592382122e-05,5.054856592382122e-05,2.5551575169548994e-09,1.9022232001654578,0.007296912476952317,0.18139919922167744,0.003644359180238516,1.9022371955619548,0.18143580361136113,0.00017886228425720847,3.1991716729706445e-08,CALIBRATED,1.2337913643383668e-05,0.0013649543251334536,-0.005138345750559434,0.004720457217019918,0.0,0.0,-0.0007380355938362024,0.0009366747751528748,-0.009745904398955153,0.009080615371848882,0.0,0.0
20260813,92,45,79,3.0031896845764514,293.7694920511234,44.75822411459446,495.4325586949358,595.7531519704781,27,transition,False,3,3,2,3.321075140018176e-71,4.235015771069351e-05,4.235015771069351e-05,1.793535858120613e-09,1.4937556733598307,0.0034351782246540893,0.20085173339407553,0.005925169566234475,1.4937596232808399,0.20093911127949535,9.321790121271239e-05,8.689577106503006e-09,CALIBRATED,-0.003285224206504698,-0.005560930109053532,0.0005412015057701921,-0.0005836239166304235,0.0,0.0,-0.004865455075968385,-0.008333437774548246,-6.02130322296444e-06,-0.00031468510941215884,0.0,0.0
20260813,93,46,48,5.369610398436091,312.82190060708433,-54.71172572056673,452.71026144074216,620.5712649317784,28,transition,False,3,3,3,1.4199886437972066e-59,2.8123620900091878e-05,2.8123620900091878e-05,7.909380525320847e-10,1.1900307653008328,0.001193495539601934,-4.179105679418754,5.735565596904655,1.190031363785883,7.09659333738001,4.3372370743105e-05,1.8811625438773507e-09,CALIBRATED,-0.004506627351312665,-0.0021555986119968455,0.0016562582715096937,0.0006512556936453338,0.0,0.0,-0.0057716989495169724,-0.0021107798000739642,0.0006223256118557292,0.0022841150250540758,0.0,0.0
20260813,94,46,117,1.8828900397862576,304.2689275055641,-40.67072252094161,452.65216399318984,614.4276790552589,28,transition,False,3,3,3,1.4702393861671612e-59,5.7527889246675834e-05,5.7527889246675834e-05,3.309458041177801e-09,1.9830750998198718,0.008225417379766595,0.17694715638947348,0.0035217954854521744,1.9830921584779329,0.1769822002286166,0.00022051284573831344,4.862591513560922e-08,CALIBRATED,-0.001039175143504278,0.0018939351081462524,-0.006255861016370646,0.003704755999763517,0.0,0.0,-0.003890987604615294,0.0027566851313697936,-0.011808044044750787,0.007638314219954147,0.0,0.0
20260813,95,47,55,2.970979785075425,-16.405039738847442,-153.69157024453608,142.48851620378485,149.5436616205417,7,source,False,3,2,3,1.4800184071102462e-06,0.003950523100357618,0.003962239013109668,1.5699337997008277e-05,1.5032346481786536,0.0035172277410623403,0.2009102505747858,0.005828460461978628,1.5032387629301551,0.2009947753982179,0.008929296587768813,7.973233755233976e-05,CALIBRATED,0.005423460571466777,-0.0018122700071423207,0.06157269977965156,0.011761947449530685,0.0,0.0,0.0052211901162105695,0.00043741937222107724,0.09266749746328824,0.01773638462944094,0.0,0.0
20260813,96,48,63,2.80325729161072,336.3418986092546,-57.84260079698009,471.71041858791546,644.2987318165135,29,transition,False,3,3,2,1.2852085360460232e-64,5.404865766963706e-05,5.404865766963706e-05,2.921257395889617e-09,1.554657467168256,0.0039653993919274875,0.19991384718298202,0.00537864793969425,1.5546625243487266,0.19998618989610226,0.0001302577537067659,1.696708240073248e-08,CALIBRATED,-0.006875931626068528,-0.00256008962859431,-0.00011136878776280964,-0.0004513978621391296,0.0,0.0,-0.010663784456672846,-0.004029229576221778,-0.0004861831336836479,-0.00026531066885771373,0.0,0.0
20260813,97,48,126,5.622461476312871,327.9838251156232,-45.96549365326309,470.2139499115013,638.0749939681226,29,transition,False,3,3,3,3.2637005605243516e-64,1.4738035471666445e-05,1.4738035471666445e-05,2.172096895640984e-10,1.174411579693953,0.0010926562793932674,-6.8601477714759,9.631500154324744,1.1744120879899826,11.824864594118756,2.353007277981859e-05,5.536643250235597e-10,CALIBRATED,-0.0006384848040060314,0.00043543877508368177,-0.0032616593808857263,0.0018714549908970804,0.0,0.0,-0.0017462442538124037,0.0020738541314319803,-0.0035902131680991493,0.001813891461746189,-0.0,0.0
20260813,98,49,50,4.377467757535918,292.3782542717248,20.068265893171674,478.438853607206,592.1379456100192,27,transition,False,3,3,2,1.8763016951585794e-66,3.924913564433175e-05,3.924913564433175e-05,1.540494648827153e-09,1.2745916404062947,0.0017683075057365095,-0.01804348292399363,0.02268730265643348,1.2745928670383513,0.028987600415575337,6.352093493349117e-05,4.034909174824819e-09,CALIBRATED,-0.0026600270134078813,-0.005512783991461387,0.0009096945188335954,0.0009772719571149425,0.0,0.0,-0.00347229337198706,-0.006988481160609624,0.0007142490099737393,0.001454335962527846,0.0,0.0
20260813,99,50,57,3.1952386518121862,315.57989988663826,20.3615102169265,496.8341294151236,615.3414443003772,28,transition,False,2,2,2,1.3241839439271981e-71,4.1507041738357054e-05,4.1507041738357054e-05,1.7228345138697147e-09,1.4587419726394784,0.0031639629113345835,0.18694817718659182,0.007061935569331941,1.4587454039007017,0.1870815113456558,8.777764518669714e-05,7.704914994521697e-09,CALIBRATED,-0.004126085632683793,-0.004615330525511745,-0.0007807255705768638,-0.0016036367462253876,0.0,0.0,-0.00593724989472957,-0.006884949106225321,-0.0014075869624486834,-0.0017728179889832107,0.0,0.0
20260813,100,51,150,3.068758093096978,151.42911857019564,-189.61886872351994,248.01234963535777,288.756600494825,15,transition,False,3,3,3,2.1785947443650983e-18,9.157194866834193e-05,9.157195138748001e-05,8.385422280911002e-09,1.4818014688374523,0.0033425812338099383,0.19610485000062625,0.006313278592573836,1.481805238855004,0.19620644658205183,0.000193397747686204,3.740268881009663e-08,CALIBRATED,0.0009211140095782982,0.0049639409273473,-0.0021392074781580043,-0.007842613225452209,0.0,0.0,0.002089918700564089,0.008969953677333383,-0.002452632738457063,-0.010126920123511317,0.0,0.0
20260813,101,51,151,3.5003998493329753,154.06730679969408,-175.90884992595687,255.82619140401798,298.3955268970099,15,transition,False,3,3,2,1.6134042395738567e-19,0.0006494284305166057,0.0006494284391789962,4.2175729761446716e-07,1.403106042932333,0.002733008290803011,0.16485576022053036,0.0088682294526015,1.403108704643923,0.16509411610203736,0.001278095410949368,1.6335278794898338e-06,CALIBRATED,0.010782914727119022,0.01992425847057885,0.005154483745991519,0.010469594589885133,0.0,0.0,0.01494810849240477,0.028218462703111347,0.0074567021907514155,0.014239572274482862,0.0,0.0
20260813,102,52,91,1.4214536977109589,195.52942981921777,-257.75085871522083,275.4032803972744,356.0546877147582,17,transition,False,2,2,2,1.665486214216999e-22,0.0005786063088571146,0.000578606309064783,3.3478526088957127e-07,2.4400985188106588,0.01389910105507815,0.15561249481185951,0.0029711621126287027,2.4401381039834837,0.1556408569298901,0.0034281881162553057,1.1752473760434102e-05,CALIBRATED,0.008045808518063031,0.015940148300044796,-0.006362428802282401,-0.01480886377356189,0.0,0.0,0.019375384576663573,0.041410810227793304,-0.015364023529652961,-0.03319448999487193,0.0,0.0
20260813,103,53,71,1.217259714972986,165.46732726000482,-58.36574827539698,331.04742191694737,480.5831074470795,22,transition,False,4,4,4,3.403964523986826e-32,0.00027233138962836137,0.0002723313896283561,7.41643857769115e-08,2.804582076682002,0.01919025960957589,0.14550170282920433,0.0027882346674933107,2.8046477302702053,0.14552841570895733,0.0021054200863108016,4.432793739840983e-06,CALIBRATED,-0.014444703754371757,-0.0013166598608342125,0.007673380356148315,-0.0017514462017258038,0.0,0.0,-0.0405022877513046,-0.0012696666249359706,0.021523746416518944,0.000317899481336886,0.0,0.0
20260813,104,53,125,3.5199486602885095,156.0130617080527,-65.14829274614547,319.4964050777671,480.11249632344,22,transition,False,4,4,4,4.893937437751634e-30,0.00012575691304111334,0.00012575691304111576,1.581480117763075e-08,1.3995419716119408,0.0027054010770562117,0.16344050662233675,0.008983941731688911,1.3995445864631917,0.16368723350953332,0.0002455249458531847,6.028249903620926e-08,CALIBRATED,0.0005426047261539574,0.00047869575912284896,0.007394164436350312,0.008399980702994574,0.0,0.0,0.0001513536267663746,0.00015840984971964925,0.010330136331933186,0.011779865347958572,0.0,0.0
20260813,105,53,166,4.238056866566151,145.79847651847848,-59.7742708775945,315.8196217792743,473.04124098184764,22,transition,False,4,4,2,2.292909604195254e-29,7.453869637525584e-05,7.453869637522528e-05,5.556017257318021e-09,1.2884153788711945,0.0018640219650968813,0.0361486798576169,0.018675668614336446,1.288416727262453,0.04068793007319233,0.0001234920398591025,1.5250283908562163e-08,CALIBRATED,-0.0031914297871156916,0.006512046323052178,-0.0024283330544066914,0.00400623558374123,0.0,0.0,-0.004376508421745895,0.00837031728122224,-0.002728907912165887,0.005179677993088037,0.0,0.0
20260813,106,54,68,1.8702977279876727,272.77893722728174,-70.17189221049506,410.36897338272496,591.7969042822185,27,transition,False,3,3,3,4.419582418109543e-49,9.8487948156396e-05,9.8487948156396e-05,9.699875932056947e-09,1.993494507748993,0.008345074077852387,0.17637342032903547,0.003506000666298417,1.9935119745531416,0.17640826352309774,0.00038648705828754935,1.4937224622376357e-07,CALIBRATED,-0.009573609845137445,-0.0014532712168696948,0.0020043348409279045,-0.0008393969890010286,0.0,0.0,-0.019157688584674183,-0.002623909856146133,0.0035361900897841986,0.0002836954281001606,0.0,0.0
20260813,107,55,58,2.952129439124871,-18.813881962348304,-176.49271153249018,121.1890531369496,126.6156315069239,6,source,False,4,3,4,6.065720505298901e-05,0.009423349192808884,0.009620437926753609,9.255282590251927e-05,1.5090140633762383,0.0035675977927442674,0.20079826470900353,0.0057779059926120245,1.5090182806120267,0.20088137620945978,0.02190213903051783,0.00047970369411213246,CALIBRATED,0.016547052244373053,0.0019817929878400815,0.0950914216114586,0.0173299457945133,0.0,0.0,0.023348048531424123,0.004076173666497825,0.14369190826889142,0.026325424338026246,0.0,0.0
20260813,108,55,199,2.26872341133069,-8.056551845100739,-171.80352011007938,130.77849851502336,133.38433253605552,8,source,False,4,3,4,1.2277049192223042e-05,0.0036921145149254554,0.003333550976693462,1.1112562114213935e-05,1.7579714411340928,0.005856656975953051,0.19079037114903868,0.004150594845270598,1.7579811967919377,0.19083551336362295,0.009905449939269001,9.811793849936426e-05,CALIBRATED,-0.049414971983872936,0.011976976613692184,0.023480639232527793,-0.014032930305301918,0.0,0.0,-0.07700794642431615,0.024627045921924638,0.05472513456181219,-0.01933634875382681,0.0,0.0
20260813,109,56,102,3.0219493959359838,176.04963036104408,43.917116944066464,413.5693403815674,482.15450600985736,22,transition,False,3,3,3,7.730875005528909e-50,6.812072171594869e-05,6.812072171594869e-05,4.640432727101723e-09,1.4903354679372387,0.003408685392813376,0.19949360736466934,0.006036211049083281,1.490339366093446,0.1995849073031273,0.00014802716017677092,2.1912040149999395e-08,CALIBRATED,-0.006281486071347526,0.001467677415410489,-0.005134286132158072,-0.00038559482470464584,0.0,0.0,-0.00956908657189575,0.0012253406052022556,-0.007386090767342617,0.0006355674111800599,0.0,0.0
20260813,110,57,77,2.8110110313244405,338.23713994233503,22.574023027812753,516.3056947029404,638.106455608958,29,remote,True,2,2,2,2.8673429278198163e-77,4.4969499985767445e-05,4.4969499985767445e-05,2.0222559289699383e-09,1.552280212063382,0.003944680606652523,0.19995991048904385,0.005399442581758757,1.5522852241996723,0.20003279676838032,0.0001077753002743856,1.1615515349233981e-08,CALIBRATED,-0.0028767966041007343,-0.006020973460852529,0.000628789852725454,0.00021457676766356635,0.0,0.0,-0.00447357907943322,-0.009352771361289643,0.00031293537354722513,0.000436038771058436,0.0,0.0
20260813,111,58,59,5.477407164367747,-9.61903509512559,-194.22133858540076,111.60626555551269,110.81816575841925,6,source,False,4,4,3,0.00026511563458053543,0.0007071054509494895,0.0013204462211235137,1.743578222879367e-06,1.1833719141341852,0.0011505052299670578,-5.322101269064775,7.39650036173854,1.1833724734097415,9.11224338565313,0.07302675254425361,0.005332906587159652,CALIBRATED,0.026975689117374985,0.015427785120822615,0.018221409366066893,-0.004766770892982431,0.0,0.0,-0.07731358051074347,0.11528448291414777,-0.16647660103140383,0.16138275038278033,0.0,0.0
20260813,112,58,62,2.4955788614805137,-19.151929073268416,-198.97308048877926,102.06788965955957,104.13272101339376,5,source,False,4,4,3,0.001020117541873798,0.04202209741155799,0.03813500693799907,0.0014542787541612374,1.649743756755585,0.004796397064935447,0.19797229361175334,0.004557418114510919,1.6497507291645108,0.1980247436503043,0.10270562753613056,0.010548445927590381,CALIBRATED,-0.04488161635276205,-0.007281701048165781,0.18880859748301226,0.020467970048482005,0.0,0.0,-0.04579934737132252,-0.005718519719364117,0.3151386797089312,0.035538126006056985,0.0,0.0
20260813,113,58,199,3.469867272522233,-9.877211304360763,-183.13424208976772,120.35273594618967,121.90826781649308,7,source,False,4,4,4,6.932432220149811e-05,0.00505069787882454,0.006097586319507156,3.718055892384083e-05,1.4086726362968276,0.0027761269938367675,0.16706619334057102,0.008687502652530713,1.4086753718059175,0.16729191749647318,0.012028199712385189,0.00014467758832102315,CALIBRATED,0.06703076444240409,0.03054096919949762,0.022658198795244278,0.012582454668490565,0.0,0.0,0.09135408151201732,0.04289025986970451,0.03873208187801082,0.018517098724831656,0.0,0.0
20260813,114,59,62,1.3030625699531662,-8.136422746785676,-205.37098556200152,104.09206566160405,99.57037632767899,5,source,False,3,3,3,0.0007741530887552407,0.09855530634282608,0.11506017700621407,0.013238844332701312,2.651425115642527,0.016966900703298572,0.1497502845287727,0.0028651012667749755,2.6514794020658474,0.1497776903337652,0.8039500045834365,0.6463356098697075,CALIBRATED,0.3105101353334107,0.04982785654900518,0.12514860704670314,0.02233033200475659,0.0,0.0,0.7928707366703497,0.1347126554361907,0.39078277418336316,0.06668825520388215,0.0,0.0
20260813,115,59,199,2.180204116147685,1.1382950221219765,-189.53214716299,122.08089833918505,117.92491776904694,6,source,False,4,3,4,5.2551538127744444e-05,0.022348655968936093,0.02190772490021386,0.0004799484103034503,1.8002020260027705,0.006270371788500379,0.18798797555290633,0.003991851870246566,1.80021294628909,0.18803035349069072,0.06906375038432923,0.004769801617148936,CALIBRATED,-0.02678758862540708,-0.007783828732587026,0.14453851300247084,0.015433089941620464,0.0,0.0,-0.010450620274425244,-0.0021637771952111,0.2609801925721558,0.02896881208228845,0.0,0.0
20260813,116,60,74,4.962888139958778,159.47516378955294,-271.77611923587494,238.50857448564193,344.5198053515114,17,transition,False,3,2,3,4.632715544689867e-17,5.4955764394212625e-05,5.4955788643589335e-05,3.0201387054388625e-09,1.216542386131102,0.0013663791125358834,-0.24560961093053751,0.03953313384457437,1.2165431534661788,0.24877087782339605,7.948665070133773e-05,6.318127639716474e-09,CALIBRATED,0.0017813677968739714,4.1349092663937985e-05,-0.006315101463427636,-0.0034496813149912436,0.0,0.0,0.002711720860490616,0.0015344677978786818,-0.007490892929714258,-0.0036966406870222145,0.0,0.0
20260813,117,61,117,5.833763039491924,294.9650882843663,-29.403863537223522,451.01234694351473,600.0121792268635,27,transition,False,3,3,3,3.9163383298241966e-59,2.3537092599656643e-05,2.3537092599656643e-05,5.539947280448115e-10,1.161359002018465,0.0010083873354329253,-9.100630152478773,12.887238943096392,1.1613594398007636,15.77664085756743,3.879563269906917e-05,1.5051011165210853e-09,CALIBRATED,-0.004489124492411223,-0.0017743938886936432,0.0004814320714968567,6.784820993381995e-05,0.0,0.0,-0.005272711455223066,-0.001875162286136051,-0.00028843704796170346,0.0027193229081969627,0.0,0.0
20260813,118,62,83,3.440054383086615,-16.466291025477396,-221.78084766277783,86.53579218267318,81.16737984050741,4,source,False,3,3,3,0.007076067867364981,0.18407683547382186,0.15260978777993547,0.023289747326236943,1.414108018758564,0.0028182293402623853,0.16922452405144028,0.008511035787583113,1.4141108270336824,0.16943841733979342,0.28237035919371795,0.0797330197511893,CALIBRATED,-0.14497838464767407,-0.012840085263552662,0.36119669814093425,0.031034387820578917,0.0,0.0,-0.07225625183682147,-0.007301282806000617,0.5243796126358298,0.046066325938756265,0.0,0.0
20260813,119,63,67,1.7514159879434956,358.5913273715073,-57.81567368774398,491.41856055687236,666.5481768728687,30,transition,False,3,2,3,4.557120475506206e-70,5.947052602378864e-05,5.947052602378864e-05,3.536743465546122e-09,2.0918622550424817,0.009474731340467047,0.17095688186636596,0.0033568846330619493,2.091883712017805,0.1709898363409659,0.00025862747300095995,6.688816979086226e-08,CALIBRATED,-0.006565218882886924,-0.003958832847770895,0.0008173882770812737,-0.00016717036661416268,0.0,0.0,-0.013743019914599927,-0.0083086267461015,0.0007729290569621725,0.00035521668702380145,0.0,0.0
20260813,120,64,66,1.0712479515867308,90.29722333128655,-213.60142655787894,182.3465723463119,220.82996030454314,12,transition,False,4,2,4,2.8354473656829115e-10,0.005500950768726047,0.005502915515436241,3.0282079170028913e-05,3.065211142712723,0.022973776540580998,0.13827183960393233,0.002657429839271534,3.065297235802553,0.13829737365838238,0.05169580404857708,0.002672456156228878,CALIBRATED,0.058348332729232545,0.040308736811064005,0.017274365637259405,0.013235921263049899,0.0,0.0,0.17743875112563065,0.1256271025297225,0.0542304890281658,0.038576920785699846,0.0,0.0
20260813,121,65,72,3.4266310581966835,34.08993108025463,-147.69571922833066,175.29493618526223,173.38005130911995,9,transition,False,3,2,3,1.5023412800149843e-09,0.0034479015818667702,0.0034493214661908086,1.189781857712471e-05,1.4165553127332886,0.0028371860226034233,0.17019631762463558,0.008431581158885862,1.4165581539977212,0.17040504128054637,0.006918954039097678,4.7871924995146074e-05,CALIBRATED,0.01833571883977912,0.006125847411171887,0.05140170695555666,0.02081973574206681,0.0,0.0,0.025362907537123745,0.009937575402621258,0.07295971148492261,0.029219891435716492,0.0,0.0
20260813,122,66,78,3.4828179415839813,71.41607706401064,-208.9199072040436,166.9750579090266,201.63469220422928,10,transition,False,4,4,4,9.872617683926397e-09,0.0008809293410879444,0.0008834146537475201,7.804214504558509e-07,1.4063115152911636,0.00275783780531451,0.16612861810746124,0.008764159562060931,1.406314219408269,0.16635963526986938,0.0017032731705491425,2.9011394935125283e-06,CALIBRATED,0.012556154296333734,0.014407829230336728,-0.016819700057156356,-0.015338506768617642,0.0,0.0,0.021162635439428996,0.02190037559387386,-0.019591446359850384,-0.019798101176206916,0.0,0.0
20260813,123,66,84,1.8647352298357234,81.95468219493964,-227.4794890310597,169.70054801227286,222.9776131781576,11,transition,False,4,4,3,5.382125446024775e-09,0.0004469362617331292,0.0004450591468058468,1.980776441555483e-07,1.9980971524640527,0.008397930945806164,0.17611997951316782,0.0034990235000910952,1.9981148004879818,0.17615473410945515,0.0011808229392626102,1.3943428138887899e-06,CALIBRATED,-0.012756659034752245,-0.007206143193962521,0.015043275300517375,0.002024392644195365,0.0,0.0,-0.007088909777241874,-0.00223316632517662,0.03298306443602643,0.0061400916935954895,0.0,0.0
20260813,124,67,69,4.87157689794774,381.05629655514065,-62.834201488705226,509.339895606119,689.5668749618271,31,remote,True,3,3,2,3.2278395547122927e-75,1.7239912403379146e-05,1.7239912403379146e-05,2.972145796761861e-10,1.2255966481022094,0.0014290700981670268,-0.21011486832878257,0.036905596753823836,1.2255974812640227,0.2133313876685226,2.5842687650979986e-05,6.678445050261134e-10,CALIBRATED,-0.0023698307613127796,-0.003002915341496626,0.001118662099910003,0.0011640056375052386,0.0,0.0,-0.002998920623949149,-0.0036841732479615365,0.0011132884827983237,0.0014271015995035484,0.0,0.0
20260813,125,67,149,5.164908685792632,371.93537434744877,-46.02434280155709,508.6892646033488,684.3554527387522,31,remote,True,3,3,3,5.001500129984506e-75,1.048014942055165e-05,1.048014942055165e-05,1.098335318770891e-10,1.2026756552126034,0.0012751324044306168,-2.008603134910131,2.58151743959615,1.2026763311896156,3.2708896105661944,1.661746900781565e-05,2.7614027622571367e-10,CALIBRATED,-0.0003510715885753987,0.00045720276015673316,-0.0030899164558680923,0.0007747774468242026,0.0,0.0,-0.002005311590117887,0.00029062894020157975,-0.00339874294924793,0.00097993653794994,-0.0,0.0
20260813,126,68,75,3.6205153803481203,293.4380402474026,-78.56851570888153,424.1155174242191,614.0971693875849,28,transition,False,3,3,2,2.2467496933125157e-52,4.217099124992771e-05,4.217099124992771e-05,1.7783925030014797e-09,1.3812069964788933,0.002563378785121661,0.1561598892616884,0.009579210896903738,1.3812093751611452,0.15645341893237788,7.997104008283305e-05,6.3953672519300894e-09,CALIBRATED,-0.004440289634637166,-0.0028803053055583274,0.0034145265814812,0.0015810340861576384,0.0,0.0,-0.006419568576995921,-0.0038243925970864695,0.00426006675127795,0.002446636856193813,0.0,0.0
20260813,127,69,82,4.408565056819931,400.5144931553924,-76.64897031005796,521.3866705196062,713.4304298630037,32,remote,True,2,2,2,8.781193215093778e-79,9.566556826059362e-06,9.566556826059362e-06,9.151900950622297e-11,1.2715080869674165,0.0017469572283813314,-0.030131705681519683,0.023582146549598768,1.271509287061285,0.03826274066457445,1.5240439063229308e-05,2.3227098284000582e-10,CALIBRATED,-0.0002519710103380277,-0.001759365374846942,0.0007893541691372136,0.002405123886510625,0.0,0.0,-0.0006347028885780305,-0.0024330402091109677,0.0007325319431125656,0.002895048116979923,0.0,0.0
20260813,128,70,100,4.618706988368537,245.32942009926703,54.48036474110682,467.06192534152996,553.617774404965,25,transition,False,3,3,3,2.301460140597584e-63,2.8399444930997184e-05,2.8399444930997184e-05,8.065284723887416e-10,1.250670783066484,0.0016026814029619176,-0.11181862183639685,0.02962910974170137,1.2506718099500809,0.1156775187038385,4.418931522008589e-05,1.9526955796201142e-09,CALIBRATED,-0.003930461135100294,0.000588196356761326,-0.003550258945027056,2.4630582846690965e-05,0.0,0.0,-0.004863008549576237,0.0003748220626945834,-0.0044981735175259885,0.0004079295213386282,-0.0,0.0
20260813,129,71,80,2.8159751372841484,182.7260342659176,-55.10339156440615,346.1082332413327,498.1474445773469,23,transition,False,4,4,2,4.014357001116425e-35,0.00012633591431433278,0.00012633591431433276,1.596076324563843e-08,1.5507582437397656,0.003931416007986752,0.19998940117877395,0.005412755745524075,1.5507632271106604,0.20006263646319697,0.0002985574734214426,8.91365649357954e-08,CALIBRATED,-0.002480844463999125,0.007267456328400366,-0.004597785119990482,0.006798954005210302,0.0,0.0,-0.005230624703830256,0.010728521651225143,-0.00585937367160096,0.011034699904612996,0.0,0.0
20260813,130,71,87,4.40718035822897,185.78032437619495,-68.74180631102416,339.7070684300453,503.39276400304396,23,transition,False,4,4,3,7.313942974213892e-34,0.0001019173466385821,0.00010191734663858162,1.0387145545848804e-08,1.2716453912414298,0.001747907912191534,-0.029593442057187114,0.023542300996881177,1.2716465925121014,0.03781549614932803,0.0001643812456461313,2.702119392017376e-08,CALIBRATED,-0.00885453358180281,0.0010014455508941238,0.004638008626874249,-0.001000282196653685,0.0,0.0,-0.011396592437857109,0.0015217111911378322,0.0056259571460505284,-0.0007293337323052467,-0.0,0.0
20260813,131,71,125,3.271101961403513,165.38169676977117,-70.12541084133798,323.1629276825223,490.72112618092643,23,transition,False,4,4,4,1.030553848166774e-30,0.00012330528334745727,0.0001233052833474503,1.5204192901395006e-08,1.4449108375080633,0.0030568272595452623,0.1814559852515316,0.007510981624966401,1.4449140709887034,0.18161136921617718,0.00025649982522181697,6.579216033882265e-08,CALIBRATED,-0.0034318675669607504,0.008006807592749594,-0.0032170040836224873,0.00608847150350044,0.0,0.0,-0.005434276493285366,0.011766286187351831,-0.004038160023176093,0.008498013720917323,0.0,0.0
20260813,132,72,94,2.2454926084629,26.49174775971011,-169.2302124454514,154.13950954357654,150.54440400297116,8,transition,False,4,3,4,1.5063259899902443e-07,0.008983433824565042,0.009006955672806264,8.112525049189695e-05,1.7690543399534686,0.0059652313521260875,0.1900549168109001,0.0041089346992899305,1.7690643972714184,0.19009932863732368,0.028120827623886863,0.0007907809462523585,CALIBRATED,0.03049680152429775,0.004410785178609011,0.08592124370930604,0.025980485429415234,0.0,0.0,0.05450070357239916,0.014887725202059061,0.15163693555316032,0.04398973003275906,0.0,0.0
20260813,133,72,155,3.085076694913951,21.21427165976929,-151.59136038959204,164.1855884126705,168.9558367509661,9,transition,False,3,3,1,1.818354591733869e-08,0.0011741016845292745,0.0011664082084871746,1.3605081088262602e-06,1.4788263180286862,0.0033195357846808418,0.19492345027296545,0.006409870790025487,1.4788300437210853,0.19502881302479916,0.002471501285051832,6.108318602012857e-06,CALIBRATED,-0.028459394147804955,0.006536555038780811,0.015551421494762066,-0.00847925886763115,0.0,0.0,-0.037713622110511186,0.011620795315482005,0.02856638175088686,-0.009904692941008509,0.0,0.0
20260813,134,73,81,3.123780741319809,108.23515331394329,34.580166803722875,367.5259899816151,409.0390991290352,19,transition,False,3,3,3,1.6401700215057184e-39,0.00011940227145550816,0.00011940227145550816,1.4256902428734858e-08,1.4717699307071241,0.0032648771722249234,0.19212143632617673,0.006638965717062925,1.4717735519965707,0.19223611045229122,0.0002575863956914213,6.635075124529745e-08,CALIBRATED,-0.009900344102206598,-0.0023743423659287237,-0.0036860185048458675,-0.0014701102083520888,0.0,0.0,-0.014692314000958316,-0.0037852972304434477,-0.005039520300379243,-0.0014131755049986662,0.0,0.0
20260813,135,73,85,4.30292696913018,99.59991916996228,42.797254230038135,370.38626679922663,406.776605017491,19,transition,False,3,3,3,4.063013557550891e-40,3.370679021192613e-05,3.370679021192613e-05,1.1361477063907992e-09,1.2819829737283939,0.001819484506420755,0.010932205496427913,0.02054234567198914,1.2819842649008468,0.023270175820642603,5.521151371452023e-05,3.048311246648655e-09,CALIBRATED,1.2233565412314773e-05,0.0010346335938306406,-0.001694507342402511,0.005455714320312648,0.0,0.0,-0.00040349805548277703,0.001361899316108264,-0.0021012865516377406,0.006984162663801013,0.0,0.0
20260813,136,74,92,2.7714855531438687,171.70540015464866,-291.50358052970677,250.71746030258947,339.8689694449753,17,transition,False,3,3,2,8.92883053923327e-19,0.0005368887363305706,0.0005368887556550854,2.88249535948866e-07,1.5643985121671469,0.004050296725525386,0.19972509809323316,0.005293439775172528,1.5644037553567645,0.19979523345917188,0.0013092952285374583,1.7142539954709551e-06,CALIBRATED,0.010225424163469821,0.012224095744936703,-0.00966508763625337,-0.01376542845444251,0.0,0.0,0.015783882628517636,0.020476362137994114,-0.015232799603894849,-0.02021990819781187,0.0,0.0
20260813,137,74,122,1.1088481980717297,156.47305549469283,-291.4315254232486,235.49435013788937,324.63645436118,16,transition,False,4,3,4,1.1914689737712408e-16,0.0005166100169996106,0.0005166100233629183,2.6688591623903496e-07,2.998095200156874,0.02199946347232755,0.1401336391810248,0.002691114069010997,2.998175913050593,0.14015947675790633,0.004289362579457688,1.839863133805191e-05,CALIBRATED,0.00029148733501039545,0.010725403111094458,0.006637742675238898,0.018905849856017704,0.0,0.0,0.009541503277905703,0.04212781559754763,0.011483295980850764,0.04787173864662325,0.0,0.0
20260813,138,75,76,2.3242212523709505,312.832405935229,-90.87784518084945,435.70444667755925,637.0680425203719,29,transition,False,2,2,2,3.0932168951415764e-55,4.792766548601388e-05,4.792766548601388e-05,2.2970611189392463e-09,1.7314946568213196,0.005597275347853951,0.19254735424526132,0.0042501199530556085,1.7315037037477279,0.19259425522705892,0.00014192686272486302,2.014323436292211e-08,CALIBRATED,-0.005018721501651401,-0.0026593329105907416,0.0038097356056327647,0.0010742267268592336,0.0,0.0,-0.009161657624194219,-0.004240648081873264,0.005803496622774793,0.0025153972046285497,0.0,0.0
20260813,139,76,99,2.5980327313976055,330.5251949359738,-104.52277717960287,446.0793997716614,659.4112507026246,30,transition,False,2,2,2,7.303796652356615e-58,2.9016365468272055e-05,2.9016365468272055e-05,8.419494649883309e-10,1.6175782191440815,0.004513780399440594,0.1986946520490818,0.004828259168592482,1.6175845168839964,0.19875330648697337,7.507551106926641e-05,5.636332362311544e-09,CALIBRATED,-0.0029054470364592816,-0.0022098104613692115,0.0035050670294352747,0.001845531313901501,0.0,0.0,-0.005221139450795423,-0.003410522783588095,0.005101052050346158,0.003187917223972388,0.0,0.0
20260813,140,77,163,2.1105520705973007,360.13227323485467,25.479549387533638,535.808947530457,660.193532041212,30,remote,True,3,2,3,3.677305937999432e-83,4.39129976099775e-05,4.39129976099775e-05,1.9283513590938895e-09,1.833431466146994,0.006595906271223505,0.18578289037561854,0.0038669438159707314,1.8334433307406734,0.18582312991335326,0.00014632255717956982,2.141029073956848e-08,CALIBRATED,-0.0036395236536208206,-0.005062732597886131,-0.000727603133763775,-0.002122780607305036,0.0,0.0,-0.006410138453617151,-0.009530127592522315,-0.0020177227287367775,-0.0032152986245778804,0.0,0.0
20260813,141,78,90,4.289920161417964,53.78266557601894,-192.8124258939993,159.6865854838846,177.75189180607111,9,transition,False,4,4,4,4.765036282983747e-08,0.0006698033972289375,0.0006732284206526013,4.532365063743959e-07,1.2832727058779136,0.001828414508657446,0.015988245493779196,0.020168066788651025,1.2832740084451322,0.02573664531287711,0.0011001069549388572,1.2102353123048447e-06,CALIBRATED,0.007954280230496723,0.015493233470890004,-0.01016541197239133,-0.016327337894322728,0.0,0.0,0.011869518721963368,0.020937774087319033,-0.011226686655348764,-0.01986938859801237,0.0,0.0
20260813,142,79,105,3.877210687516488,314.9552543434106,52.054507562159905,516.2440032018292,618.160121333882,28,remote,True,2,2,2,2.9906812095165836e-77,2.680908690368813e-05,2.680908690368813e-05,7.187271406095024e-10,1.3344071995787632,0.0022008686442789903,0.13757620363826156,0.011098628067137632,1.334409014549297,0.13802315513162663,4.7314279573142456e-05,2.2386410515254856e-09,CALIBRATED,-0.00329096657958533,-0.002360260794538387,-0.002267615059860683,-0.0022947149709274593,0.0,0.0,-0.004331007121159422,-0.003495092478709095,-0.0030976611407616864,-0.0025972063668285887,0.0,0.0
20260813,143,80,123,2.5819815609066517,200.44458340484078,-52.42156993532697,361.3812696630494,516.0678003449825,24,transition,False,2,2,2,3.169239563419518e-38,7.618069189927871e-05,7.618069189927871e-05,5.8034978182528286e-09,1.6224994221245348,0.004556670768100434,0.19859929548485938,0.004785211767286873,1.622505820649941,0.19865693649792412,0.0001939867632822954,3.763086432874131e-08,CALIBRATED,-0.006898750145086796,-0.002654762024539885,0.004637990128166331,-0.00017095174475906269,0.0,0.0,-0.011630588773740335,-0.003318568203997829,0.006731050752017214,0.0015479757451665192,0.0,0.0
20260813,144,81,85,3.8401169873877663,110.54976577344584,46.50914974356456,378.99430481472444,418.33849538815093,20,transition,False,3,3,3,5.7097307478639724e-42,0.00012327037282103894,0.00012327037282103894,1.5195584815437936e-08,1.3411699941598103,0.0022532530941794275,0.140261635130586,0.010879065015889016,1.3411718869645801,0.14068290708229475,0.00022149615614705412,4.906054718792018e-08,CALIBRATED,-0.00425524733823568,-0.006564114838870743,0.00450020060980007,0.0064671348961614465,0.0,0.0,-0.005963646363794892,-0.00894370214796183,0.005735722778477419,0.008546505384755125,0.0,0.0
20260813,145,81,110,3.094556656921988,130.4182196091583,40.96683560712671,384.64046574876727,432.12324885698223,20,transition,False,3,3,2,3.3006161170144027e-43,0.00011556648362780646,0.00011556648362780646,1.3355612138096059e-08,1.4770979642792892,0.003306147996642853,0.19423713997137576,0.0064659840754885825,1.4771016643049983,0.19434473364185686,0.0002485136586123127,6.17590385168771e-08,CALIBRATED,-0.009046276001900732,-0.004628779977162435,-0.0025883182912519896,-0.0023677792277642554,0.0,0.0,-0.013473374586983652,-0.007232616895441966,-0.003284353559561956,-0.001970814651532687,0.0,0.0
20260813,146,82,97,1.611473123825352,418.4135798880508,-82.00329121272682,535.8692414894467,732.1132042338509,33,remote,True,2,2,2,3.523515681451256e-83,3.387616097528335e-05,3.387616097528335e-05,1.1475942824233104e-09,2.2076568614133607,0.01080451901638272,0.16458074785461294,0.003181351159466315,2.2076833005158747,0.16461149279313253,0.00016421715116099263,2.6967272735432303e-08,CALIBRATED,-0.004157443724869011,-0.003355398500531564,-0.0014901504256198876,-0.0017642492061741236,0.0,0.0,-0.009028949154689447,-0.007755145086335841,-0.0035554405963423245,-0.003148300363495734,0.0,0.0
20260813,147,83,86,1.9534173207280006,-22.975438703375005,-241.24989064895186,69.00564096726036,60.639042394669964,3,source,False,3,3,3,0.04292575446204779,2.719799933846188,3.155475213479885,9.957023822885926,1.9247178639113445,0.007555241664819135,0.18016054920948513,0.003610259435972066,1.9247326924370727,0.1801967187954829,11.633153785767071,135.33026700330674,CALIBRATED,1.1550071386821046,0.06188961742478399,1.3463154024084147,0.07098052948621805,0.0,0.0,2.3765403325985264,0.13543254424647092,2.438742226331687,0.13929900489685573,0.0,0.0
20260813,148,83,112,2.8865705326645674,-7.962511637318939,-242.25076525137135,81.14135805043043,75.68529538538121,4,source,False,3,3,2,0.012868086473335202,0.09610880425947635,0.11751410526155145,0.013809564935422996,1.529114073282029,0.0037427778936972205,0.20040879329458205,0.005602084512356484,1.5291186538315198,0.2004870763432748,0.25995814935984995,0.06757823941859806,CALIBRATED,0.15106715482822008,0.0014442496695670454,-0.30724617450279523,-0.017044717361925216,0.0,0.0,0.3125464787423235,0.012648107723047008,-0.4021823559434491,-0.019032233826520587,0.0,0.0
20260813,149,84,88,2.135975480213414,78.79669654902398,-248.2031588035561,161.15704663350593,243.94051760906342,12,transition,False,3,3,2,3.488176607268618e-08,0.002238420863379925,0.0022424271290394037,5.028479429051903e-06,1.821302523465912,0.006477084254826975,0.1865877595400145,0.003912535996402951,1.8213140406321318,0.1866287757771706,0.007158373975426867,5.1242317972068646e-05,CALIBRATED,0.010818709663166306,0.005720535816777401,0.04098295925174629,0.020323758786262587,0.0,0.0,0.0319771083505684,0.01614958580969642,0.06844868827881712,0.034493571401747476,0.0,0.0
20260813,150,84,93,3.7777557678880456,94.33924164491322,-243.55225632907045,177.33236472903675,243.26828003230347,12,transition,False,3,3,2,9.342740616773037e-10,0.001904524272833444,0.001906454677382412,3.634569436913277e-06,1.352539475118483,0.0023413208298670796,0.1447763312154513,0.01050993981173228,1.3525415015950564,0.14515731092525894,0.0034792415742008562,1.2105121931647652e-05,CALIBRATED,0.03159303358070864,0.021339285835139745,-0.017751875710636515,-0.011740557710387768,0.0,0.0,0.043692575994980457,0.029490140015026686,-0.021940791809231416,-0.014803164317192414,0.0,0.0
20260813,151,85,138,1.5707855386801377,108.17754587783426,63.50686070774175,392.67432661154726,429.1923022049742,20,transition,False,3,3,2,5.314613228738662e-45,3.565194096328733e-05,3.565194096328733e-05,1.2710608944497252e-09,2.241323479113097,0.011191147156587124,0.16272692345895473,0.0031303158087339755,2.241351418184645,0.16275702902018988,0.00015399647508450293,2.3714914338451933e-08,CALIBRATED,-0.0019033793081317109,0.003275586557354326,-0.0044631023781466295,0.0011748778830690948,0.0,0.0,-0.006053221782545574,0.003955307982930948,-0.008767830995028154,0.0049835388569374126,0.0,0.0
20260813,152,86,89,3.1946205981128557,-36.603569561139906,-259.0357346535828,47.956960311817966,38.23229792713454,2,source,False,3,3,3,0.21858611248336357,3.2510469427318047,3.7625713395713722,14.15694308536391,1.4588546540434397,0.0031648357388750015,0.18699292173519091,0.007058277218841438,1.4588580869328784,0.18712608598578992,7.893402419250624,62.305801752231595,CALIBRATED,0.7808135133960803,0.02779995326628897,1.773793442269896,0.07606302405339303,0.0,0.0,1.3942217114365205,0.05853476859829518,2.4361016302677574,0.10738140659146325,0.0,0.0
20260813,153,86,120,2.836650070467435,-41.89743681001698,-246.88872316594598,50.803613547488375,41.546042232669535,2,source,False,3,3,2,0.18150882426441628,3.3013571984399954,4.94506396594469,24.453657627284624,1.544419419860248,0.003876170472669033,0.20011222652630836,0.00546820354892316,1.5444242840421145,0.20018692378716701,11.723897838510526,137.4497805278318,CALIBRATED,2.1420781071176673,0.07162985122834845,-0.5922389680462202,-0.0262205662111508,0.0,0.0,3.3524740381162474,0.1219752184913895,-0.6849852203032142,-0.027073165814172403,0.0,0.0
20260813,154,87,95,2.2881504299093827,206.45655436832465,-79.57040175071023,349.6767702662058,526.7329646423665,24,transition,False,3,3,3,7.774527316972615e-36,0.000128295642126846,0.00012829564212684595,1.645977178873973e-08,1.7487032431086031,0.005765860440203178,0.1914054030604243,0.004185433608035859,1.7487127487398157,0.1914511587199481,0.00038410196811587076,1.475343219104854e-07,CALIBRATED,-0.009445852886720769,0.00017478001799486323,0.005966959282194778,-0.0018537406073165005,0.0,0.0,-0.016981934905682037,0.0014143836994655076,0.009615388347644183,-0.001122354957098455,0.0,0.0
20260813,155,87,123,1.0891743032752714,203.49887351511813,-66.05998468194497,355.3047830731747,521.3131197706796,24,transition,False,3,3,2,5.641789209404896e-37,0.00018160427282446525,0.00018160427282446525,3.298011190810281e-08,3.0332128420993465,0.02250926153472271,0.13915947405084617,0.00267348918475769,3.0332963607816548,0.13918515280923158,0.0016323449456812928,2.664550021691263e-06,CALIBRATED,-0.001549287506276725,0.008191014434921455,-0.005007959391735898,0.00932907317502616,0.0,0.0,-0.009381566286203262,0.024149896607214262,-0.01162958252426289,0.028737892474415848,0.0,0.0
20260813,156,88,114,1.627886205129613,77.99998168383172,-268.1419304927356,157.4154451191504,263.8952005443957,13,transition,False,2,2,2,7.67109483387395e-08,0.0016492986909021918,0.0016514635197248254,2.7273317569819087e-06,2.1940759882410377,0.010648555985471889,0.16532856737796794,0.003201938455516739,2.1941018285212888,0.16535957063661055,0.0072346958532492215,5.234082408902148e-05,CALIBRATED,0.00404657670690508,-0.0013906493933535996,-0.038982987767502995,-0.010652769389385827,0.0,0.0,0.029529743847494655,0.007056186829934868,-0.0769797670548287,-0.019672716466109488,0.0,0.0
20260813,157,89,96,3.562644748490591,-48.243680011596574,-279.3079190816444,30.679639470235085,33.39684578907303,2,source,False,3,3,2,0.536704496472954,3.9826331908828636,4.621569942543872,21.358908733824972,1.3917577690944525,0.0026451048249809227,0.1603494852505391,0.009236666139593699,1.3917602826687874,0.16061529634965396,8.815002275632002,77.70426511939738,CALIBRATED,0.802374656208381,0.018226855306010863,1.9931219323277858,0.06998284245414627,0.0,0.0,1.40423357144533,0.0454011258905739,2.6138999846065727,0.09271440394848082,0.0,0.0
20260813,158,89,147,3.730348001051901,-54.09866034152142,-266.4210562701961,29.107491114711205,19.242269575533626,1,source,False,3,3,3,0.5711161525941691,6.337007021468117,10.45846286988115,109.37944560068264,1.3611826945208736,0.002408271006800135,0.14820845876273744,0.010229326286974552,1.3611848249346405,0.1485610526521384,19.302204351453938,372.5750928252873,CALIBRATED,3.104693466144488,0.07013129221337706,-0.9019810841026182,-0.02920748079557068,0.0,0.0,4.2795518796417396,0.10608627390358026,-0.9877296862322982,-0.027853731051624798,0.0,0.0
20260813,159,90,94,2.7369723913051693,33.84111294113431,-182.0831453154097,150.44262250738427,155.10717976939523,8,transition,False,4,4,4,3.171295465837832e-07,0.0033875229143595126,0.0034315291168872768,1.1775392080045173e-05,1.574980062902104,0.004142519422662195,0.19952006279470186,0.0052008794270762175,1.574985510728998,0.19958783681481382,0.008428364274910963,7.10373243505954e-05,CALIBRATED,0.03935356245828261,0.03961924535643816,-0.013956121588692687,-0.010879719955830938,0.0,0.0,0.06337180435147849,0.06323090107729908,-0.014695485555281305,-0.014080999303892932,0.0,0.0
20260813,160,90,101,4.342948250802433,36.24512040030696,-192.97090645664315,145.35482181044372,161.84416311079133,9,transition,False,4,4,4,8.577598811701993e-07,0.008842472686466474,0.008956721034254989,8.022285168546576e-05,1.2780145339098197,0.0017920073465552497,-0.0046249708190276295,0.0216939826412958,1.2780157902682827,0.022181506664735392,0.014615875177941724,0.00021362380721717304,CALIBRATED,0.062142040247692966,0.021347692377707683,0.06447208442329916,0.021970758484195416,0.0,0.0,0.08184730495602624,0.02808583821555704,0.07982871782825302,0.027485548038991052,0.0,0.0
20260813,161,91,104,2.8037476864170827,206.06571617168564,-275.606450227446,284.9560968377645,376.78716171938794,18,transition,False,2,2,2,4.836091932457511e-24,0.00011964614806344125,0.00011964614806714124,1.4315200747304286e-08,1.5545071147447969,0.003964089006865811,0.19991676051343812,0.0053799631224118955,1.5545121690722936,0.19998913754848258,0.00027594466891424043,7.614546030218976e-08,CALIBRATED,0.0008412476469334317,-0.0007683154381885524,-0.007155527800984041,-0.008194300686480563,0.0,0.0,0.0020064789199692257,0.0018639391736168908,-0.010957513219726803,-0.012181024015021413,0.0,0.0
20260813,162,92,145,3.0786156212651328,183.37725940244724,-310.4233845370343,263.760513101016,362.0993828908855,18,transition,False,3,2,3,1.0568223673593418e-20,0.0002934430461132967,0.0002934430467711869,8.610882169835699e-08,1.4800042785370298,0.0033286602394449944,0.1953912054602494,0.006371626747512776,1.4800080217576201,0.19549506591885896,0.0006313846842434519,3.986466194972034e-07,CALIBRATED,0.003199796969642214,0.0014781225585403161,-0.011615867053033883,-0.012086816472191158,0.0,0.0,0.005310184350555222,0.004953261624491239,-0.016967207588303654,-0.017051853047141928,0.0,0.0
20260813,163,93,106,2.6239719303016678,113.49988339674007,-256.28580194474347,194.00588190413103,266.27422222749027,13,transition,False,2,2,2,1.5583402871257887e-11,0.0021071602532314595,0.002107366367585526,4.440993007230615e-06,1.6096253995644014,0.004444468207886517,0.19884875127116447,0.0048978251298660526,1.6096315355448618,0.1989090610633517,0.0054323937445975405,2.951090179634249e-05,CALIBRATED,0.026108380091621416,0.018981833523799976,-0.026141637836278153,-0.019545424627993285,0.0,0.0,0.044223158255336764,0.032705364141158905,-0.03938623768193819,-0.02925387933551805,0.0,0.0
20260813,164,94,101,2.300008478232524,25.130060997917035,-190.58387213303428,138.28688982362465,150.47567691513873,8,source,False,4,4,4,3.2285408806241046e-06,0.007071741128176796,0.006971094487640533,4.859615835561222e-05,1.7430460322705366,0.005710439187367362,0.19178081208656705,0.004206698823319177,1.7430553863058318,0.19182694336190956,0.020829930367992095,0.0004338859991353993,CALIBRATED,-0.02710856401288593,-0.006099256458553539,0.07863389651258447,0.003966060350113949,0.0,0.0,-0.032807903765138056,-0.0030456752726749697,0.14022129004944062,0.00907113540487646,0.0,0.0
20260813,165,94,199,1.881727902106551,11.803086175815599,-179.0705808295789,136.97669576048492,132.86419956236827,7,source,False,4,4,4,4.097904425222312e-06,0.0037041548085991623,0.0038576136290318004,1.4881182910891896e-05,1.9840367013707505,0.008236460432043177,0.17689420659719496,0.0035203377900919946,1.984053797573689,0.17692923191436583,0.014003558024575683,0.000196099637347658,CALIBRATED,0.03891580658623564,0.0440280508940936,-0.01946343744675974,-0.005087137112136218,0.0,0.0,0.07862487132238193,0.0879431008905997,-0.007542352697870789,-0.005550815763587187,0.0,0.0
20260813,166,95,103,4.4708702744113005,226.05168915700335,-92.24035006326164,358.99100931797193,550.0674219454454,25,transition,False,3,3,3,9.893944875549277e-38,5.463128201023789e-05,5.463128201023789e-05,2.9845769740821417e-09,1.2653300113020902,0.0017041807266632448,-0.054351151309963236,0.025375017466290662,1.2653311589199472,0.059982823875948645,8.74275688750279e-05,7.643579799397747e-09,CALIBRATED,-0.005885374914893249,8.126925784291412e-05,0.004470151602479383,6.916704391429512e-05,0.0,0.0,-0.00754289637785958,1.339835834719039e-05,0.005525570895565056,-1.303341776793489e-05,-0.0,0.0
20260813,167,95,154,2.720383102708748,226.29737717109043,-79.81710600393612,365.90732618065357,546.5753211677218,25,transition,False,3,3,3,3.595609796184423e-39,0.00014473588150952494,0.00014473588150952494,2.0948475396339242e-08,1.5800662500141478,0.004186847697918257,0.19942150938613018,0.005156388854629356,1.5800717971432239,0.19948816193414226,0.0003594973679997373,1.2923835759873856e-07,CALIBRATED,-0.006938454809718596,0.008214280878796155,-0.004156811598208645,0.003440964013799011,0.0,0.0,-0.01133389369455313,0.012518370329050652,-0.005926548983688948,0.006261520835147468,0.0,0.0
20260813,168,96,176,3.4991930659693757,-63.41787729553215,-296.58727948261514,21.367188040242276,33.22058910192354,2,source,False,2,2,2,0.739444769582643,6.475302090779815,10.107883312655487,102.16930506225926,1.4033260594840258,0.002734712533907144,0.16494312637806596,0.008861086324884703,1.403328724098387,0.1651809728456268,19.904609961281416,396.1934977107434,CALIBRATED,2.5421423682958064,0.05922894055058435,1.9076787668882007,0.051469864348427506,0.0,0.0,3.5847371318876102,0.09454610152578609,2.653344036540688,0.07138707857766098,0.0,0.0
20260813,169,97,98,4.471159596851464,432.42907352450425,-89.5904823863003,546.1834718246735,748.0505669949171,34,remote,True,3,2,3,2.1997517510190763e-86,2.3782453460608266e-06,2.3782453460608266e-06,5.656050926059981e-12,1.2653013225983811,0.0017039820883735927,-0.0544636174786009,0.025383342897266896,1.2653024699747368,0.06008826612156147,3.7391809911392432e-06,1.3981474484497053e-11,CALIBRATED,0.0003137938889272257,-0.00035521697698373604,-0.00040033836110231046,0.0014118529800319886,0.0,0.0,0.00018663106333901877,-0.000597868087671547,-0.0005813735112906187,0.0017346205427844368,0.0,0.0
20260813,170,98,113,4.622701992916262,445.3038617812728,-92.66026750724279,557.2038565444445,761.2862669516774,35,remote,True,3,3,3,7.093499963702627e-90,9.556742125786296e-06,9.556742125786296e-06,9.133132005877838e-11,1.2502746454501925,0.0015999385777940426,-0.11337157035611162,0.029744068452104158,1.2502756691462318,0.11720845777116182,1.4938350564804336e-05,2.2315431759699003e-10,CALIBRATED,-0.0016660207164366572,-0.0014759445703312645,-0.001592234475791777,-0.0014378783319877683,0.0,0.0,-0.002081721657867531,-0.0018672051941282257,-0.0019872785556603544,-0.0017801837571449369,0.0,0.0
20260813,171,98,157,2.0648141534134794,446.7212127291423,-105.06263167030698,554.4606570933656,769.1136305544123,35,remote,True,3,3,3,5.327082314682424e-89,1.6710102728802923e-05,1.6710102728802923e-05,2.792275332071469e-10,1.8552520080904724,0.006809672702540987,0.18433489265458813,0.003784921325505211,1.8552645054455297,0.18437374617721147,5.718848785038846e-05,3.2705231426140284e-09,CALIBRATED,-0.0016654907463903904,-0.0033462732115981035,0.0009476013034844884,0.0013567426673714935,0.0,0.0,-0.003242900999612861,-0.006270936669034865,0.0012835294955590483,0.002387464404778051,0.0,0.0
20260813,172,99,129,3.9971275145966665,345.7593194832647,-122.01704677007386,453.6464349719822,682.6088371983453,31,transition,False,3,2,3,8.103025456368038e-60,1.2086605630798882e-05,1.2086605630798882e-05,1.4608603567445924e-10,1.3125443801366476,0.002031519752186745,0.12889471802794927,0.011808433353706752,1.3125459523006424,0.12943449089703057,2.0532239974858174e-05,4.21572878385164e-10,CALIBRATED,-0.0013074054502101625,-0.0012050949248911765,0.0025085593698830465,0.0016223972168778974,0.0,0.0,-0.0021081763253508507,-0.0015572012638781151,0.0030036928688906405,0.002154248344374499,0.0,0.0
20260813,173,100,161,1.1460749872691167,263.92515713137277,67.35117029633301,489.2544694519323,576.2332352980724,26,transition,False,3,3,1,1.8538355925407614e-69,4.140726658454469e-05,4.140726658454469e-05,1.714561726003551e-09,2.9316458739188835,0.021034827583076107,0.14197694678837938,0.0027244637365534063,2.931721336354644,0.1420030849031179,0.0003370225742115669,1.135842155281911e-07,CALIBRATED,-0.0049886846896718086,-0.0027210374620434707,-0.0014463921365055691,-0.0026503200880628837,0.0,0.0,-0.013585289950588646,-0.009547331318710273,-0.006269611280431214,-0.004690725983583526,0.0,0.0
20260813,174,100,184,3.828349460803004,251.9991216588997,74.52196075676991,486.20513140597774,574.7400491344919,26,transition,False,3,3,2,1.3248341458151834e-68,5.0163928782211006e-05,5.0163928782211006e-05,2.516419750866738e-09,1.3433154087381243,0.0022698714257206975,0.14111355570922401,0.01080941130020054,1.3433173264979363,0.141526954950487,9.016210345336122e-05,8.12920489913461e-09,CALIBRATED,0.001157113271271288,-0.0009233108680098994,-0.00381412272212262,0.005781434299657966,0.0,0.0,0.0011089237582859349,-0.0015185404226425035,-0.0052272033172372865,0.0077008293070769,0.0,0.0
20260813,175,101,108,4.513959045001847,24.69488279736667,-213.39524731551506,124.06719619363481,173.29120272065404,9,source,False,4,4,2,3.803623298370757e-05,0.013998626876288413,0.014212049162366756,0.00020198234139352962,1.26105740468381,0.0016745975402070899,-0.07110072986626684,0.02661492331389502,1.261058516558525,0.07591882461234738,0.022521008344705277,0.0005071958168622847,CALIBRATED,0.02038626232834307,0.003343669085729726,0.11605158661423425,0.017812877140169,0.0,0.0,0.0348603681573234,0.005211528621056078,0.1441372970092613,0.022428612461252436,0.0,0.0
20260813,176,101,134,3.163832208166653,34.80791508604224,-210.48450938905484,134.14652553275667,172.604757848308,9,source,False,4,4,3,6.805954934715699e-06,0.0003091856355368043,0.0002489673628224889,6.198474775078484e-08,1.4644678863703526,0.0032083157062294354,0.18922187467524768,0.006876036223304136,1.4644714007107542,0.1893467658286228,0.0003752102561712273,1.4078273633607802e-07,CALIBRATED,-0.010236863066427796,0.004253889485932294,0.00021905701407626835,-0.011226327789965608,0.0,0.0,-0.007225602168676545,0.009886198809569601,0.006635352343928416,-0.013462395843267737,0.0,0.0
20260813,177,102,107,3.6919012249683156,196.3739249817869,54.814380518853156,434.77591520524567,505.2158872618364,23,transition,False,3,3,2,5.2782993567077476e-55,4.1151254719318716e-05,4.1151254719318716e-05,1.693425764974251e-09,1.368192177210779,0.002462566297067618,0.15099184739517163,0.010001754180706084,1.3681943933570035,0.15132274470976947,7.671048571821562e-05,5.884498619124563e-09,CALIBRATED,-0.0055282551533469265,-0.00245835229863623,-0.001726341264602587,-0.0012513590582771078,0.0,0.0,-0.0074831871894413165,-0.0035269385623478947,-0.002572679397689399,-0.0012862427065390303,0.0,0.0
20260813,178,102,119,2.7566548688974706,186.3609621055491,62.23518446075606,434.36155328021437,503.17533282259797,23,transition,False,3,3,3,6.69734631464611e-55,5.6780524627473945e-05,5.6780524627473945e-05,3.2240279769711754e-09,1.5689455205960132,0.004089925830154496,0.1996369921762472,0.005253665578222139,1.5689508513945207,0.19970610818697254,0.00013816648694928212,1.9089978115906146e-08,CALIBRATED,0.00018295579884563916,0.0011172231139535945,-0.004482504506850298,0.005950295594578248,0.0,0.0,-0.0005957153929049814,0.001076785883084934,-0.0069660686635298515,0.009387546519560615,0.0,0.0
20260813,179,103,121,2.607757356367113,246.83244173059205,-102.41086107127273,371.78682440387865,573.2035186708827,26,transition,False,3,3,3,2.043535114029987e-40,9.896619417709717e-05,9.896619417709717e-05,9.794307589898902e-09,1.6145967011662679,0.004487795207254397,0.19875242396209997,0.004854339499235338,1.6146029381005156,0.19881169644360508,0.0002547620285613546,6.490369119669644e-08,CALIBRATED,-0.008932126846618151,0.00297963984210154,0.002548066157073771,-0.0019525392297100974,0.0,0.0,-0.014488472063848444,0.0051794861232315765,0.003924209997548034,-0.0016185503423846181,0.0,0.0
20260813,180,103,154,4.85134648728982,236.1606440221111,-87.0573988172361,370.31378281628906,558.8107563049274,26,transition,False,3,3,3,4.209827784022466e-40,4.419347505647926e-05,4.419347505647926e-05,1.953063237567654e-09,1.2276026600000405,0.001442959564085303,-0.20225085067645598,0.036323454257521204,1.2276035080478869,0.20548673905765386,6.645781804496218e-05,4.4166415792973e-09,CALIBRATED,0.00012518807422257325,-0.00015476599677217203,8.964682140935613e-05,0.00664423162872924,0.0,0.0,-1.2514406332041201e-05,0.00022350736408551482,0.00010375449937695408,0.008148431805976835,0.0,0.0
20260813,181,104,148,4.5490656776021545,215.22545043196436,-296.8778448478485,294.4362133652151,399.9468888511098,19,transition,False,2,2,2,1.2803717576136731e-25,0.00014116928357607047,0.00014116928357864198,1.9928766626107035e-08,1.25757629281318,0.0016504946000714424,-0.08474747105955438,0.02762513823658228,1.257577375901048,0.08913631198103435,0.0002230848940591414,4.9766869957378344e-08,CALIBRATED,0.0035933038533145743,0.0057168198551634805,-0.00470276945934631,-0.008570844833051454,0.0,0.0,0.0042255192357618515,0.007427616945857562,-0.006097616803150109,-0.01062447443758509,0.0,0.0
20260813,182,105,109,2.3620911488270018,335.81667569349213,58.60052840772474,536.4569668017311,640.0244596420999,29,remote,True,3,2,3,2.3228064238698245e-83,3.6826015218766524e-05,3.6826015218766524e-05,1.3561553968928236e-09,1.7134277723872653,0.005420281879016322,0.1937462615663716,0.004318032604357874,1.7134363456643595,0.19379437369675406,0.00010646309554440366,1.1334390712896822e-08,CALIBRATED,-0.0014887015418905576,-0.0058223855491685095,0.000813026929569888,0.00022044651634145398,0.0,0.0,-0.0025633302347437565,-0.009984135300266846,0.0002450268646364866,0.00038657184794558207,0.0,0.0
20260813,183,106,111,2.7261404424236098,129.55458328187999,-272.23581972014495,208.5965646658875,288.9050961707903,14,transition,False,3,2,3,3.2059019002902996e-13,0.0014541571456705225,0.001454178514879285,2.114635153136523e-06,1.5783010804659066,0.004171463497556699,0.19945571250761468,0.005171829380496179,1.5783065930634514,0.19952275326654154,0.0036050882120571143,1.2996661016713162e-05,CALIBRATED,0.018870779808335635,0.013839190319831099,-0.02339312099132861,-0.018955497510779063,0.0,0.0,0.031201033992990485,0.024232707583979225,-0.03553192169810707,-0.0279614397593241,0.0,0.0
20260813,184,107,119,4.926111345741624,197.54761854632645,66.13201183561229,444.3247502695704,515.0212834350822,24,transition,False,3,2,3,2.0518996750223937e-57,5.002035211343479e-05,5.002035211343479e-05,2.5020356255520004e-09,1.2201891082867307,0.0013916287250375773,-0.23131364018579842,0.03847485899521036,1.2201899018644908,0.23449160946760192,7.436618029679484e-05,5.5303287719353975e-09,CALIBRATED,-0.0008584865358575162,-0.005540747357194811,0.00035368504831715037,0.004296321518639145,0.0,0.0,-0.0008469804536159406,-0.006898869764023841,0.0006857641410667374,0.005058075516424404,0.0,0.0
20260813,185,108,134,1.0471677285404368,31.968729426319236,-222.40812343030217,125.69828018670111,184.86173737080892,10,source,False,3,2,3,2.9055025288269988e-05,0.06457415753041737,0.06719754350776876,0.0045155098534784745,3.108194022289108,0.02359775319482507,0.1370794923914807,0.0026358575401220457,3.1082835993759628,0.13710483207851515,0.6480655426841,0.419988947614437,CALIBRATED,0.24603965436973313,0.05401575740587354,0.05946241665826016,0.014441292962207699,0.0,0.0,0.7545048586335078,0.17276110175876144,0.2156086322900188,0.04954271272000457,0.0,0.0
20260813,186,109,116,3.2443526027223513,358.27743443183664,60.93789628486414,555.4399021921124,662.6065094094528,30,remote,True,3,3,3,2.5966326218267753e-89,2.38221586572456e-05,2.38221586572456e-05,5.674952430909815e-10,1.4497876876822895,0.0030946032278320484,0.18339252892209018,0.007352648247853885,1.4497909904273434,0.18353986242965412,5.003910187025412e-05,2.5039117159816696e-09,CALIBRATED,-0.0012631430856676438,-0.004555794615810768,-0.0002070090400810216,-0.0011952032790492038,0.0,0.0,-0.00178721398059446,-0.006631910454530042,-0.0004187084904787681,-0.0016393337002934942,0.0,0.0
20260813,187,109,131,2.1645943949491304,350.5564924300449,68.6633813508673,554.2368264113637,657.8716781027586,30,remote,True,3,3,2,6.2769032586918285e-89,2.615200395164198e-05,2.615200395164198e-05,6.839273106866978e-10,1.8076490764395041,0.006343327327360294,0.1874937938736098,0.003963858723924836,1.8076602062761062,0.18753568971559229,8.430662529983939e-05,7.107607069447519e-09,CALIBRATED,-0.0017900541229718377,0.00017453308231404457,-0.0046277276421719,-0.0012253102715351614,0.0,0.0,-0.0029207478023548315,-0.0005538400159697543,-0.008465012580035564,-0.0019526087246115374,0.0,0.0
20260813,188,111,122,2.2675478428532188,143.259897011293,-290.0062307360962,222.23563561891075,311.3466454064709,15,transition,False,4,3,4,6.587047116283072e-15,0.0009652557222345372,0.0009652577831477569,9.31722587927322e-07,1.758532278680914,0.005862151259332603,0.1907531543149303,0.004148486680750394,1.7585420495342372,0.19079825948586632,0.0029726710682278406,8.83677327987885e-06,CALIBRATED,0.012696549566891376,0.009174535566880896,-0.020667211676580883,-0.017109929014775708,0.0,0.0,0.02338648139651732,0.018587365152419183,-0.035504711994953295,-0.02862985922012615,0.0,0.0
20260813,189,111,135,3.863594921024742,132.75706452355652,-291.84347756472596,211.8196807344362,308.77256033342184,15,transition,False,3,3,2,1.3087760573317163e-13,6.906937972909796e-05,6.906814479627482e-05,4.770408625599185e-09,1.3368895788379809,0.0022200970964195914,0.13856192919279472,0.011018034348375623,1.3368914222317052,0.13899929964762786,0.00012027228531407508,1.446542261467028e-08,CALIBRATED,-0.001706611385617637,0.00198377778267087,-0.0017745180945184732,0.007685787768079668,0.0,0.0,-0.0012253177218946557,0.0037017809390770115,-0.0028040459328890458,0.009859260929695515,0.0,0.0
20260813,190,112,115,3.5682046277630484,-1.764246330843351,-262.79497870708985,79.3636935883591,97.14416766058673,5,source,False,2,2,2,0.015539643126097439,0.05316986704167893,0.023656611466774988,0.0005596352660899498,1.3907441112149588,0.002637253054567353,0.15994697283360665,0.009269575880422962,1.3907466117099692,0.16021535243427024,0.03654634318526786,0.0013356352002153744,CALIBRATED,-0.0560477493863811,-0.00557870424945578,0.14218907056898994,0.016321995132957994,0.0,0.0,0.006794254300720681,0.0003147107034357586,0.1897437617452412,0.02230217768970766,0.0,0.0
20260813,191,113,118,2.7808085488256005,465.11952861318105,-87.42142050369803,577.6241503238944,781.7827586007313,36,remote,True,3,3,3,1.5735796170381153e-96,1.5116097484236536e-05,1.5116097484236536e-05,2.2849640315294214e-10,1.5615401315797903,0.004025384727859613,0.1997804840127193,0.005318442982054428,1.56154531994958,0.1998512637641047,3.6660056292785664e-05,1.3439597273902138e-09,CALIBRATED,-0.0013533258804703163,-0.0033879647700209765,0.0006621464887007785,0.0011695568776608177,0.0,0.0,-0.002195899307951543,-0.005354159029313274,0.0007074549954555039,0.0016341881900049946,0.0,0.0
20260813,192,113,157,4.9661787658973005,455.6242678953872,-96.55939863429127,565.6336731495038,772.3186740283841,36,remote,True,3,3,3,1.35837605685239e-92,9.970535474984252e-07,9.970535474984252e-07,9.941157765791944e-13,1.2162160934573838,0.0013641198881634404,-0.24688875157208506,0.03962782362772514,1.21621685846226,0.25004883534680344,1.434107085223354e-06,2.0566631318878243e-12,CALIBRATED,-3.1744808732860444e-05,-0.00013229862468521823,-0.0009432037044546159,0.000298177229892607,0.0,0.0,0.00016680397675851503,-2.4359840289680748e-05,-0.0011240922101113822,0.0003769705822857641,0.0,0.0
20260813,193,114,133,3.1257694897728356,87.26988514027562,-288.4906023535636,166.22882536516872,286.2558704044747,14,transition,False,2,2,2,1.1636656161118129e-08,0.0018323239384748595,0.0018358513717715154,3.370350259235355e-06,1.4714073489960917,0.0032620686227046378,0.19197745910881808,0.006650737410827558,1.471410964948748,0.19209262639150337,0.003955220512347159,1.5643769301291726e-05,CALIBRATED,0.01640382208334635,0.003417426523967576,-0.03775771769093166,-0.011377255537018724,0.0,0.0,0.026691001710165724,0.007406769145302048,-0.05423532747101931,-0.015699680410587648,0.0,0.0
20260813,194,115,153,2.8734050106375726,-9.499675841656341,-283.8441676131034,69.3544922450486,119.56971611135603,6,source,False,2,2,2,0.04157752864667951,0.3886447437899646,0.47211893964459883,0.22289629317114035,1.5331505518849435,0.0037779575146261292,0.20033057974950783,0.005566776089807904,1.5331552066598113,0.20040790947167722,1.0836214173328886,1.1742353761025384,CALIBRATED,0.3066410926532819,0.016394503150757814,0.6136933901595328,0.034667320085915554,0.0,0.0,0.5852985953756576,0.033468437909121455,0.8587145194732615,0.050360791235838816,0.0,0.0
20260813,195,116,131,1.844547594314669,361.8444654475111,71.43044606584536,564.7535733228257,669.4938544041197,31,remote,True,3,3,2,2.6222805280802517e-92,3.247277895455519e-05,3.247277895455519e-05,1.0544813730314027e-09,2.0148012504075234,0.008589761155162978,0.17520018220678998,0.0034737016960175292,2.0148195608144226,0.175234615441029,0.00013064976543371678,1.7069361207885216e-08,CALIBRATED,0.003395931376424058,-0.0022776370591524988,-0.002827003812624643,0.0027858298424984023,0.0,0.0,0.006337849960232854,-0.005027479414825724,-0.006243313560075905,0.005121221518287322,0.0,0.0
20260813,196,116,142,4.718797843781591,380.09728372634953,70.17290687124651,578.3423332527132,686.3002056969857,31,remote,True,3,3,2,9.088852028393223e-97,1.504784100561573e-05,1.504784100561573e-05,2.2643751893029025e-10,1.2407459500901408,0.0015339626533281093,-0.15072619850966518,0.032509285602313975,1.2407468983263703,0.15419221954284146,2.308243768449994e-05,5.32798929458823e-10,CALIBRATED,-0.0011668727889429782,-0.0030489740732808053,-0.0004957876283120348,-0.002035730981272906,0.0,0.0,-0.0013083460632813994,-0.0038891496274504277,-0.0008314716157479854,-0.0023566583101297563,0.0,0.0
20260813,197,117,126,3.3825481333235956,319.4308520141029,-31.924490453637958,470.14339527983816,624.607446148185,28,transition,False,3,3,3,3.41005080878126e-64,3.798379722231466e-05,3.798379722231466e-05,1.4427688514259188e-09,1.424592358496151,0.002899440792590388,0.17338774027368803,0.008170647861331,1.4245953090764183,0.17358014852997958,7.627596485254969e-05,5.818022814187395e-09,CALIBRATED,-0.005267045756719976,-0.002931823095624375,0.0012805970035838755,8.068995791456165e-05,0.0,0.0,-0.007588596392354875,-0.004137047543339205,0.001142828067626573,0.0005176401051737031,0.0,0.0
20260813,198,118,168,3.240911253654179,485.2039471952745,-97.82113742287504,593.2690659423693,804.3999640377378,37,remote,True,3,3,1,8.648982903286049e-102,5.155760817262869e-06,5.155760817262869e-06,2.658186960482309e-11,1.4504151024925933,0.0030994631683940845,0.18364166845607252,0.007332278398008833,1.4504184141862417,0.18378798845364178,1.0524642117137156e-05,1.1076809169381728e-10,CALIBRATED,-6.0980533349653595e-05,-0.0015500313742715446,0.00031408374742927146,0.0016281266321112472,0.0,0.0,-0.0002482103114850028,-0.0025070699556232184,0.00023896922737040195,0.0020299082995029753,0.0,0.0
20260813,199,118,198,3.4626529253050045,480.4664252452442,-79.8248149879681,594.6356159385941,798.9068834425108,37,remote,True,3,3,1,2.9569695546282523e-102,8.43135266916465e-06,8.43135266916465e-06,7.108770783182987e-11,1.4099879310260448,0.002786315236289093,0.16758848243943358,0.00864479987329098,1.4099906840797576,0.16781129881864804,1.6571473845164204e-05,2.746137454009613e-10,CALIBRATED,-0.0007170516208992438,-0.0004991224640234093,-0.0018732392424198013,-0.0020393727341258897,0.0,0.0,-0.0010621640606264717,-0.0010606619508773674,-0.0026141194574301964,-0.0027358101253054028,0.0,0.0
20260813,200,119,127,3.2697263399169323,195.7586861676566,81.78296543342842,455.60307337677386,524.8647993559889,24,transition,False,3,3,3,2.499251330120312e-60,2.403841113103015e-05,2.403841113103015e-05,5.778452097044342e-10,1.4451616360399633,0.003058769939153813,0.18155557459551083,0.0075028391196377674,1.445164873069936,0.18171053701302317,4.818519088610277e-05,2.3218126207301614e-09,CALIBRATED,-0.003473709384323277,0.0005444551613306883,-0.0033101676615093878,-0.0008474154083402047,0.0,0.0,-0.0049198714719314906,-0.00010381245299542782,-0.004882924955155092,-0.0003554186864870113,0.0,0.0
20260813,201,120,147,2.877822565743063,-59.392527590398494,-254.2740447825593,33.67784656549837,22.556013881068633,1,source,False,3,2,3,0.47242203782016423,4.343377704321913,5.270992962504057,27.78336681076729,1.5317961531285595,0.0037661533557234233,0.20035682349773543,0.005578623466765421,1.5318007829514098,0.20043447248885773,12.187906833379712,148.54507297914387,CALIBRATED,1.0184613094636101,0.025951466834311838,2.0562599733274713,0.06964888434267875,0.0,0.0,1.8702598079992176,0.061617329401413366,2.945456954220531,0.102575433285912,0.0,0.0
20260813,202,121,167,3.55795006707935,269.1141258746775,-102.2428140938058,391.52848464593893,595.4858365055117,27,transition,False,3,3,1,9.626866215438854e-45,7.707135671496552e-05,7.707135671496552e-05,5.93999402588546e-09,1.3926136871047212,0.002651734746027684,0.16068936089692723,0.009208877631795469,1.392616211742693,0.16095301840195575,0.00014933038363900612,2.2299563477772746e-08,CALIBRATED,-0.006978873842941198,0.004744184995507677,-0.0021363842567134754,0.001138089467196362,0.0,0.0,-0.00980477714664249,0.006540137521679364,-0.002709237905842746,0.0017559498599760111,0.0,0.0
20260813,203,121,181,2.091028318000358,264.2201485486869,-114.2931528811678,381.7474626570606,594.2634618580691,27,transition,False,3,3,2,1.4296315002124954e-42,3.676432680229942e-05,3.676432680229942e-05,1.3516157252262713e-09,1.8427458138188282,0.006687154915139676,0.18516479600213154,0.003831931578644797,1.8427579473136655,0.18520444211231651,0.00011996608891661877,1.4391862489950081e-08,CALIBRATED,-0.002600960776525064,-0.001628357596900473,0.005150731789582105,0.0009042916618449983,0.0,0.0,-0.006005263641135793,-0.001958811786919443,0.008601328311302631,0.0024663951795445374,0.0,0.0
20260813,204,122,132,1.9686643077217312,153.48462180286197,-309.4856903379367,233.95426637438715,333.346516847983,16,transition,False,4,4,2,1.9216746548269463e-16,0.0007132136393292807,0.0007132138106349044,5.086739396803613e-07,1.9121018661725069,0.007410359283521061,0.18085523866692976,0.0036293840737715148,1.9121162255587643,0.18089165205179333,0.0025304728647357914,6.403292919164163e-06,CALIBRATED,0.0061787721565731415,0.0018111813063396546,-0.020373534395138077,-0.016021089344915106,0.0,0.0,0.014684771600609929,0.010347794174658398,-0.03768835608850312,-0.028059602970085064,0.0,0.0
20260813,205,122,135,1.3246304703985565,138.91544754511492,-301.11899589489065,218.5959616311883,319.90633425484845,16,transition,False,4,4,2,1.902817101061022e-14,0.001526146486074874,0.001526152033280391,2.329140028685872e-06,2.612926698672824,0.016408024386700037,0.15081823252597587,0.0028844228984533805,2.6129782157342105,0.15084581252960405,0.010375268786359552,0.00010764620238920681,CALIBRATED,0.020106997658396627,0.0323434905372102,0.00605160134757042,0.006255990684544049,0.0,0.0,0.05306514739902194,0.08509688858113999,0.009663112018998046,0.014983415424961281,0.0,0.0
20260813,206,125,128,1.9073302725366865,164.62524869325998,-83.56608951630727,313.93702204168306,500.444367917938,23,transition,False,4,4,2,5.0212350165474666e-29,0.00019101657952911967,0.00019101657952896582,3.6487333654945725e-08,1.9628522242285922,0.007993177454473989,0.17806071227013354,0.0035524514176227978,1.9628684991728178,0.17809614584606218,0.00072376809859202,5.23840260539508e-07,CALIBRATED,-0.010855489654171775,-0.0008621209572124667,0.008361051046043561,-0.001588866500913245,0.0,0.0,-0.02134978317243269,0.00015815245952827223,0.016360259234392573,-0.0005213086083574819,0.0,0.0
20260813,207,125,166,3.0840084594277606,145.71284602824483,-71.5339334435355,307.60431040377995,484.8012153119919,23,transition,False,4,4,2,6.776309737798533e-28,0.00014600533693024176,0.00014600533692969288,2.131755841195314e-08,1.4790210750125465,0.0033210443677586703,0.19500078613339136,0.006403547747514598,1.479024803600995,0.19510589949152057,0.0003169150238890517,1.0043513236659819e-07,CALIBRATED,-0.010543431248864359,0.0015132802945954753,0.005346466864789282,-0.0019916498798390053,0.0,0.0,-0.015491347237582144,0.002835427504959482,0.008118737875561456,-0.0017261607184010624,0.0,0.0
20260813,208,126,144,2.9437415250790764,341.5212927332537,-28.915235958354046,490.5413810319572,646.9019114654717,29,transition,False,3,3,2,8.054105496538514e-70,4.200753957355803e-05,4.200753957355803e-05,1.7646333810240437e-09,1.5115857529377699,0.003590011156673953,0.2007484339091344,0.005755410567605495,1.5115900160640614,0.20083092009890263,9.543841987496813e-05,9.108491988230711e-09,CALIBRATED,-0.005710564964747443,-0.0014598600641068558,-0.0024273204770293793,-0.0011721396043035334,0.0,0.0,-0.008591663216591628,-0.0024838990240939607,-0.0037450472172291895,-0.0011944078141336509,0.0,0.0
20260813,209,127,141,3.149830330058556,215.2735624372653,87.46449530019815,472.0543868480758,545.1899113469506,25,transition,False,3,3,2,1.036959423291821e-64,5.876716881317306e-05,5.876716881317306e-05,3.45358013031598e-09,1.4670206601584979,0.0032280894327576686,0.19023555312449078,0.006793157053257563,1.4670242117610948,0.19035680354358542,0.00012611035213566212,1.59038209157807e-08,CALIBRATED,-0.000961960370229686,-0.007431059363739453,0.0006055374958015177,0.0015014933010304228,0.0,0.0,-0.001493603436135605,-0.010856094518796103,0.00041222496227873206,0.002419665946089565,0.0,0.0
20260813,210,127,173,4.624218404436867,211.3367960412279,99.8876049262291,479.4412885440984,548.7490091691132,25,transition,False,3,3,1,9.944667682090242e-67,1.4094564133036052e-05,1.4094564133036052e-05,1.9865673810026632e-10,1.2501242807540043,0.0015988974646654133,-0.11396103377175212,0.02978770412529705,1.2501253032411666,0.1177897471573085,2.2024598262486563e-05,4.850829286239261e-10,CALIBRATED,-0.002235513995318049,0.0003438634716890156,-0.002969435001622644,0.0004015656780023544,0.0,0.0,-0.0027749644125632986,0.0003865582218696209,-0.003727890410888058,0.000526855385288648,-0.0,0.0
20260813,211,128,130,3.1300383862003045,182.97677876996823,-96.59254390319063,320.6776539110835,522.9491934015955,24,transition,False,2,2,2,2.9684116919442263e-30,0.00010609665240568351,0.00010609665240565426,1.1256499651686222e-08,1.470629058625313,0.003256040003552089,0.19166840854594583,0.006676005634860933,1.4706326631316466,0.19178463933738882,0.00022726599504806563,5.164983250518739e-08,CALIBRATED,-0.008483294544778268,0.0008255582947001318,0.005509524001888452,-0.0017589669828784165,0.0,0.0,-0.012425590082911522,0.0019002252180038554,0.008188350073051602,-0.0014868669548868476,0.0,0.0
20260813,212,129,143,3.934585312817653,363.28448260793266,-125.97706807887859,468.75828397270703,700.5758378192728,32,transition,False,3,3,2,8.057077372123923e-64,2.361653181578663e-05,2.361653181578663e-05,5.57740575006062e-10,1.3239468571559294,0.0021198430745942333,0.13342251648628176,0.011438236888895899,1.3239485542526657,0.13391191570826932,4.1379214899496525e-05,1.7122394256987152e-09,CALIBRATED,-0.004272465054150089,0.00016564616309157058,-0.002309740683958874,-1.528065349172457e-05,0.0,0.0,-0.005639149336261808,0.0001567526808956928,-0.0030902119726952133,7.230645668058874e-05,0.0,0.0
20260813,213,129,171,3.3198488080065545,363.153376351656,-137.0889219151669,465.0584380212141,705.6243674926945,32,transition,False,3,3,2,7.910957123433684e-63,1.6692761741848573e-05,1.6692761741848573e-05,2.786482945701234e-10,1.436023481733196,0.0029879860079359607,0.1779269138306421,0.007799521359254718,1.4360265903351215,0.1780977798815308,3.43869030255836e-05,1.1824590996908907e-09,CALIBRATED,-0.003472051268708058,-0.0009755590824173203,0.0018816126561938395,0.0003813659896681661,0.0,0.0,-0.00502779570587926,-0.0013481893865455077,0.0026142614860457714,0.0006754225537465257,0.0,0.0
20260813,214,130,180,4.039162292301377,203.23700325101726,-108.61526384824627,330.97508187504224,546.5081087183017,25,transition,False,2,2,1,3.5134697610328275e-32,5.7422918995942964e-05,5.742291899594066e-05,3.2973916260143625e-09,1.3081374146289322,0.0020005757631039,0.11346349414478181,0.012952355038483932,1.3081389443998106,0.11420038530839498,9.743252212429342e-05,9.493096367500928e-09,CALIBRATED,-0.006146066396152506,0.0021939127562948875,0.0033148438237539614,-0.001961464782225872,0.0,0.0,-0.008059700846802366,0.0032505414551853022,0.004311284828073143,-0.0018222370218209274,0.0,0.0
20260813,215,132,137,3.7766334433898976,164.49402064538413,-329.3398146629633,247.921841312296,356.04878800281114,17,transition,False,3,2,3,2.244217401457071e-18,0.0004499394204807659,0.00044993944824112456,2.024455070835276e-07,1.3527440934231523,0.002342905798507071,0.1448575828981218,0.010503296608426884,1.3527461223373758,0.14523786890040358,0.000822750549549696,6.769184667843268e-07,CALIBRATED,0.009265367501591015,0.008495458093374392,-0.011967462251389182,-0.01219423848983118,0.0,0.0,0.011993879686231739,0.011738655159411374,-0.016534389469600536,-0.016362009031224783,0.0,0.0
20260813,216,133,146,2.8347932464999666,91.76298028826321,-310.22672396076666,172.94188294618147,308.4515205758932,15,transition,False,2,2,2,2.5825825463311657e-09,0.0007821008432992315,0.0007814497442312731,6.106637027591221e-07,1.5449887121525476,0.0038811320961559953,0.20010119553302327,0.005463223759659408,1.5449935869980609,0.20017576093921394,0.0017874880124577365,3.1951133946801092e-06,CALIBRATED,-0.006380635251515657,-0.0033138620891934047,-0.026998498126394484,-0.0009146884667848925,0.0,0.0,-0.003460456221716178,-0.0007849134879622092,-0.04209192691019045,-0.0017795659580139758,0.0,0.0
20260813,217,134,170,2.1803875789148286,42.737539957581326,-230.56817378581493,131.90845173179136,194.19717610576635,10,source,False,3,3,2,1.0089389739663934e-05,0.0033377955169152772,0.003187915937285243,1.0162808023197248e-05,1.8001145000013254,0.006269514334041876,0.18799378372444267,0.003992180876768842,1.8001254178320485,0.1880361673380559,0.00905770026747998,8.204193413550689e-05,CALIBRATED,-0.0220046390909767,-0.006654497582361272,0.05082792780259472,0.008714999310480094,0.0,0.0,-0.009069770945445711,-0.002212688737023397,0.0932480819856504,0.016593334114264023,0.0,0.0
20260813,218,137,139,3.4106610123227945,176.7647359937695,-349.4126086921678,264.38487237853695,379.57510338155174,18,transition,False,3,3,2,8.49802317947429e-21,0.0003304227416209523,0.0003304227427435424,1.0917918892216521e-07,1.4194669160330464,0.002859739234202302,0.1713524833340359,0.008337052115180772,1.419469796727234,0.17155518057672375,0.0006630739665276611,4.3966708508672583e-07,CALIBRATED,0.006088808121234771,0.004735577054282721,-0.011487907049909669,-0.011787767387504498,0.0,0.0,0.008420573757872255,0.008016774840968043,-0.016379697086146696,-0.016112254610425987,0.0,0.0
20260813,219,137,145,3.385802703897216,179.1543135850135,-330.2054537556027,262.4832602211392,370.7346151880416,18,transition,False,3,3,3,1.6481623445785537e-20,8.187115011801775e-05,8.187114887911516e-05,6.70288501878624e-09,1.4239989964922923,0.0028948446242769107,0.17315212273534422,0.008189912141873743,1.4240019389510867,0.17334570161572313,0.00015422634744362534,2.378576624580184e-08,CALIBRATED,-0.004825109322052039,0.0028500540955596417,-0.0033717274736984612,0.006252848503270522,0.0,0.0,-0.005556015261949479,0.0059049264514686155,-0.00598185860350072,0.007259907237911549,0.0,0.0
20260813,220,138,192,3.498936135995809,126.18515034920918,71.948957474748,408.84405149352773,449.0805604650879,21,transition,False,2,2,1,1.0094455265701914e-48,7.216168998882832e-05,7.216168998882832e-05,5.207309502043766e-09,1.4033729020644887,0.0027350753754484714,0.1649617270525725,0.008859565518689641,1.4033755672970134,0.16519946517270384,0.00014112768279473168,1.99170228510104e-08,CALIBRATED,-0.005186239189371916,-0.006700346300613168,0.00036020913051370483,-0.0004901243654474488,0.0,0.0,-0.0072672967215263225,-0.009392862750422764,0.0002502871868720913,0.00015989631588178427,0.0,0.0
20260813,221,139,152,3.8994603377729646,190.36149338723493,-368.46180942832893,282.79692445411666,402.9790316907762,19,transition,False,2,2,2,1.0876493463307118e-23,0.00023451419680167864,0.00023451419684056182,5.499690851977378e-08,1.330350720617038,0.0021694472523682874,0.13596542037089798,0.011230327010154207,1.330352489510826,0.1364284273213981,0.00041435885821377444,1.7169326338022282e-07,CALIBRATED,0.005895047733090246,0.009025956374901974,-0.005247443386388765,-0.009526754877195101,0.0,0.0,0.007284940250561384,0.012090544271433001,-0.007475938376156531,-0.012618145203473994,0.0,0.0
20260813,222,140,175,2.5400950711624866,108.58479660059689,-152.38181318126544,227.7411341645477,240.94055774866598,12,transition,False,2,2,2,1.2804225661069418e-15,0.00018015172580720045,0.0001801514507157235,3.245454519497976e-08,1.635341595739592,0.004668595751266385,0.19835045682529925,0.004672876998036459,1.6353482597117972,0.19840549262115625,0.0004336091289219614,1.8801687668446213e-07,CALIBRATED,-0.0038438679355332446,0.007916624366354414,-0.0006276401951417684,-0.010114803825946843,0.0,0.0,-0.0038367301480013126,0.015727587921256177,0.0022565613138485745,-0.012901144906921168,0.0,0.0
20260813,223,141,184,3.1086985534067324,238.1009123264202,85.55779448091292,485.1586317139553,568.0967533592438,26,transition,False,2,2,2,2.594449800802865e-68,5.204034424376677e-05,5.204034424376677e-05,2.708197429009749e-09,1.4745196628269974,0.003286176533420486,0.19321332476691952,0.006549692034841722,1.474523324678064,0.19332430611084161,0.00011158874353971824,1.245204768477301e-08,CALIBRATED,-0.0010527267078395202,-0.007042560544219422,0.0004952697997079316,-0.0010436280605988068,0.0,0.0,-0.0014898765528500392,-0.010434277713418197,2.8378952950487026e-05,-0.0007028901985941342,0.0,0.0
20260813,224,142,160,2.788910446192123,400.9808384312897,81.40282329659435,601.7596771317666,710.0116771830518,32,remote,True,2,2,2,1.0556598489433053e-104,1.934514814950244e-05,1.934514814950244e-05,3.742347569261977e-10,1.5590561332016082,0.004003735629739936,0.19982861564878843,0.0053401713430777,1.559061274091735,0.1998999576340241,4.657522531298693e-05,2.1692516129554986e-09,CALIBRATED,-0.0005724154867098723,-0.003941073592097878,0.00021050405989123678,-0.0018550244317838956,0.0,0.0,-0.0006321461717607873,-0.0061685902057901755,-0.00019589075302764864,-0.0028435432503169174,0.0,0.0
20260813,225,143,171,2.2252545118808733,373.64345904533593,-131.32921197421564,476.825003275801,712.235762223276,33,transition,False,2,2,2,5.199577099777885e-66,6.563388072706091e-06,6.563388072706091e-06,4.3078062992940583e-11,1.7787094852358711,0.006059818643139171,0.18941420731792094,0.004072641418219258,1.7787198076903639,0.18945798569075345,1.9825381756461987e-05,3.930457617894558e-10,CALIBRATED,0.0005089185633687546,0.0001349947256044465,-0.002195594824104517,0.0012105906661581392,0.0,0.0,5.476530056101739e-05,5.0318611614284014e-05,-0.0039026366483984882,0.0021422599623338603,0.0,0.0
20260813,226,144,149,4.271944377385594,363.2234132028266,-29.00101221588416,509.2182260231432,668.604201446997,30,remote,True,3,2,3,3.503451445305875e-75,1.6150635263023534e-05,1.6150635263023534e-05,2.6084301939921925e-10,1.2850551529696468,0.0018407560297414062,0.022975838841995444,0.019650802558747522,1.285056471349257,0.030233147565151476,2.635002125483293e-05,6.943236201301472e-10,CALIBRATED,-0.0016826314346671707,-0.0031668700416733306,0.0011797828335404026,0.0013778364645083132,0.0,0.0,-0.002370413487133386,-0.0040928567234483956,0.001002649770073885,0.0017246386388873227,0.0,0.0
20260813,227,145,162,2.911715860236111,195.97800491113358,-328.3713881876538,278.7230033827992,384.0290345620209,19,transition,False,3,3,3,4.935596771591816e-23,0.0004373764522252561,0.0004373764523286038,1.9129816105155543e-07,1.5214046504047818,0.0036755870075108367,0.20055817629719988,0.005669521401619062,1.521409090354447,0.20063829532913732,0.0010098604004650756,1.0198180284274828e-06,CALIBRATED,0.007355302387838415,0.014944723954010029,-0.00437011078683348,-0.011867322223707538,0.0,0.0,0.010343560578366079,0.023058748374595806,-0.007642627951577941,-0.017684895148617128,0.0,0.0
20260813,228,146,159,1.9414275713565416,98.55171004570806,-329.65587631277685,183.72249412347196,329.0325509883201,16,transition,False,2,2,2,2.032337418456686e-10,0.002129521810451706,0.002130324767121499,4.538283613411269e-06,1.9346386863677256,0.0076691725969317125,0.17961426734480057,0.0035952204243870486,1.9346538871330348,0.17965024532048213,0.007952476957840425,6.32418897649829e-05,CALIBRATED,0.0281691742702636,0.012394498436085153,-0.03000920953318378,-0.016812083147676044,0.0,0.0,0.05415893675400548,0.02724827468750546,-0.05815428044750113,-0.029914841127836475,0.0,0.0
20260813,229,147,169,2.2485287702685746,-72.25063443637887,-272.80625594421815,11.12426438513429,0.0,0,source,False,3,3,2,0.9214399298886787,9.141321095389694,11.240323650697121,126.34487577242106,1.7676058547554732,0.005951041167831228,0.19015103739631342,0.00411437949363325,1.7676158724838404,0.1901955444838596,34.40960551197032,1184.0209514894182,CALIBRATED,1.5732837632549337,0.036293450081109124,2.959100066193758,0.0866685335564211,0.0,0.0,3.3904431368238934,0.10213179455600409,4.783473174606955,0.1498476969809942,0.0,0.0
20260813,230,148,191,3.737460242364488,225.61573319388873,-318.3294434148187,306.6252049430397,422.0700759529404,21,transition,False,3,2,3,1.0085003401795389e-27,9.84157454741565e-05,9.841574547428189e-05,9.685658957258635e-09,1.3598860153855772,0.0023982269603063603,0.14769356171187561,0.010271424686389793,1.3598881300804913,0.1480502966434981,0.0001803188911248882,3.251490249650929e-08,CALIBRATED,0.00197411318314166,0.0012335860330327858,-0.006086119614741219,-0.007480376738413434,0.0,0.0,0.002501514377292,0.0027822129267045,-0.008311932773103263,-0.009860648140511857,0.0,0.0
20260813,231,149,194,3.4610789204311168,386.13532661675237,-33.14694566712383,527.2623709765838,691.8881989660945,31,remote,True,3,3,1,1.4939847497021353e-80,2.0581265548301876e-05,2.0581265548301876e-05,4.235884915697177e-10,1.410274898128133,0.002788538076803064,0.16770243392560893,0.008635483107597838,1.4102776550151115,0.16792461973479303,4.074544620005212e-05,1.660191386041342e-09,CALIBRATED,-0.0031680211474154336,-0.0032303694404466556,0.0001196437787697013,-0.00030871702619153957,0.0,0.0,-0.004443543332332153,-0.0045737511215927845,-0.00015956948109508066,-0.0002360235415596955,0.0,0.0
20260813,232,151,165,3.9674456027046823,173.87969854595974,-178.18175627590543,273.1148270934248,318.3378680329732,16,transition,False,2,2,1,3.819195490176057e-22,9.810557142859235e-05,9.81055714597373e-05,9.624703151441623e-09,1.3179558832275138,0.0020734371295596994,0.131043566502772,0.011632741764049175,1.3179575142149105,0.1315588727631682,0.00016669539196177366,2.7787353701289354e-08,CALIBRATED,0.000796840831549674,0.006665794491451217,-0.0013510389005756819,-0.007156290508062287,0.0,0.0,0.0014541096654808925,0.009802628361786274,-0.0012502181831197353,-0.008180855012639501,0.0,0.0
20260813,233,152,158,3.6399389876389705,205.92982286563472,-386.38532959467256,303.35869032391986,426.71982902155975,20,transition,False,2,2,1,3.7653238660530576e-27,0.00016103625313872744,0.0001610362531392178,2.5932674825118233e-08,1.377665751855814,0.002535948386442575,0.15475369989442697,0.009694182077137434,1.377668085886678,0.15505703723842737,0.0003049482824514308,9.299345497007764e-08,CALIBRATED,0.003995738737807484,0.00681033736351745,-0.0041662252131639994,-0.009018436535601793,0.0,0.0,0.0049404105358717846,0.009600163865988455,-0.006146344889864393,-0.012271916086312087,0.0,0.0
20260813,234,153,188,4.232142224145132,-17.31389702062541,-305.2192884606585,65.82384817991951,142.32840332923905,7,source,False,2,2,1,0.05700323458824616,0.09720072644098862,0.0054432612034735345,2.962909252924015e-05,1.28900186439878,0.0018680827439764916,0.03844783498563596,0.01850547114469877,1.289003218055203,0.042669526331680446,0.0003039019210338537,9.235637760806665e-08,CALIBRATED,-0.07278266161013064,-0.0061047163224061595,-0.0021846424465619407,0.010193387485148173,0.0,0.0,-0.0038001607131601476,-0.0004022121951408827,-0.011652311896797342,0.012390421800642742,0.0,0.0
20260813,235,156,183,5.669930552138013,245.3425154456417,-0.08789123915260788,429.4585290149282,546.9671323485596,25,transition,False,2,2,2,1.1015958667064995e-53,2.4910347325130168e-05,2.4910347325130168e-05,6.205254038586197e-10,1.1714793070213354,0.0010737251894837791,-7.363474043315151,10.362904641380503,1.1714797990853154,12.712613523305171,3.8659406019356466e-05,1.494549673769455e-09,CALIBRATED,-0.004603715621367835,-0.00038772287299962513,-0.001872856293126296,-0.00024130910002334637,0.0,0.0,-0.006140842262263546,-0.00021783339521069329,-0.00019446909463786402,-0.0009296196601385528,0.0,0.0
20260813,236,157,164,2.0415435998708418,461.9174270193744,-118.8452796661606,564.7555137591421,789.6291445507094,36,remote,True,3,3,2,2.618483373622887e-92,3.46557191382128e-06,3.46557191382128e-06,1.201018868986689e-11,1.866353871071778,0.006918432862423205,0.18359817986634658,0.003743189894045242,1.8663666940818149,0.1836363338798132,1.0524552521958561e-05,1.1076620578746431e-10,CALIBRATED,0.00038970230572962924,-0.0002803160661473744,9.52805286132727e-05,0.0017961204165247739,0.0,0.0,0.00013977805078536904,-0.0013414108824730138,-0.00012540752843671752,0.002947864382001243,0.0,0.0
20260813,237,159,177,2.6326721917859857,115.66806627289535,-343.60902970689483,204.08247878279604,351.1155793163316,17,transition,False,2,2,1,1.09862242314357e-12,0.0012151860344919326,0.0012152363684532373,1.4767994312114124e-06,1.6069579459496337,0.0044212202196659885,0.19890043766023177,0.004921158234937128,1.6069640279853485,0.19896130754446967,0.0031315814162396196,9.806802166537341e-06,CALIBRATED,0.024011338205103285,0.01798281740914648,-0.013107123342924095,-0.011979716263587268,0.0,0.0,0.03747947449894751,0.029593672481428517,-0.02268112272561062,-0.018348068794565072,0.0,0.0
20260813,238,160,174,4.162785059260617,423.30515909382274,84.54742457410953,621.5542780124692,732.5563841059228,33,remote,True,2,2,2,1.1762562400992682e-111,1.2337392875729542e-05,1.2337392875729542e-05,1.5221126297010207e-10,1.295879198740172,0.0019157008568334646,0.06540853183899543,0.016509676111910433,1.2958806147316362,0.0674599543629631,2.06280592470228e-05,4.255168282986829e-10,CALIBRATED,0.001965647808198254,-0.0028526288648602995,-0.00011839410455221953,0.0005675499671641788,0.0,0.0,0.0025283340020729583,-0.0037223536064986745,-0.00033493301514534655,0.0005171942812294977,0.0,0.0
20260813,239,162,179,3.638817967487075,212.62646363186064,-344.42223006354857,298.1056585330421,407.15479298635654,20,transition,False,3,3,3,3.0409863068262255e-26,0.00026291780738055563,0.00026291780738207276,6.912577343859671e-08,1.3778701323566045,0.0025375315130592396,0.15483485714778764,0.009687546594448803,1.3778724689558852,0.15513762131409461,0.0004985741040061194,2.4857613718550475e-07,CALIBRATED,0.004349891166400375,0.009010037967503496,-0.005041821162866805,-0.011721583058971113,0.0,0.0,0.005849406146930934,0.012937092863941535,-0.007017772332201113,-0.015739791976309963,0.0,0.0
20260813,240,162,191,4.558101166984063,217.03835163531872,-332.51480996322107,300.1801700103402,405.4931010023099,20,transition,False,3,3,3,1.3385491769835964e-26,0.00011695688246287404,0.00011695688246256018,1.3678912355361115e-08,1.2566803495963408,0.0016442911609051774,-0.08825976990500162,0.02788513999497668,1.2566814253242555,0.09256007787498495,0.00018407794653985972,3.3884690402331454e-08,CALIBRATED,-0.001356195479669809,0.010293474912635723,-9.367770980920905e-05,0.003025428067746328,0.0,0.0,-0.0016503938004190245,0.01311413344826666,-0.0004243532381426269,0.0030320908749128252,-0.0,0.0
20260813,241,163,193,3.968195564641171,380.6530198530016,35.50801831511322,558.3824905189093,683.033655307027,31,remote,True,3,3,2,2.97381211905015e-90,1.8852593571889592e-05,1.8852593571889592e-05,3.5542028438685276e-10,1.317819152771871,0.0020723780186229935,0.13098927233973884,0.011637180898741167,1.3178207822625292,0.1315051841083244,3.2718926936850045e-05,1.0705281798989315e-09,CALIBRATED,-0.0024688928848477063,-0.0026383329496308863,-0.0015478528531555305,-0.0018440477995182853,0.0,0.0,-0.003208818823748901,-0.0035432295681493003,-0.002095780888360959,-0.002340007561649797,0.0,0.0
20260813,242,163,197,3.9848618095656327,381.17560403236234,23.211415260007996,551.9235091671243,681.3587441467824,31,remote,True,3,3,2,3.408002078806294e-88,1.4467268615755113e-05,1.4467268615755113e-05,2.0930186120041286e-10,1.314780620879112,0.0020488416210879875,0.12978270467936442,0.011735830846731613,1.31478221724788,0.13031224101961494,2.4887333395387694e-05,6.193793635331796e-10,CALIBRATED,0.0008304554200147703,-0.003177643781597286,-0.00020870767703753132,0.001906995939677089,0.0,0.0,0.0009774650356637216,-0.004265995002530362,-0.0005011416137857195,0.0023413754975998282,0.0,0.0
20260813,243,164,189,3.2309464859239405,478.15018259293043,-131.16579560549965,576.9788661104108,810.0079930589624,37,remote,True,2,2,1,2.5752488197233857e-96,9.318176552332842e-06,9.318176552332842e-06,8.682841426044557e-11,1.452231844337532,0.003113535608569175,0.18436307670015764,0.007273295476374094,1.4522351819908426,0.18450649006860123,1.962692850723214e-05,3.852163226280017e-10,CALIBRATED,-0.0012889090652459664,-0.0026723894858521656,0.00038381211628672773,0.0006065580509381699,0.0,0.0,-0.001891392852694512,-0.003893462325707667,0.0004253886670846101,0.0008423521735113432,0.0,0.0
20260813,244,169,176,2.58759771912516,-75.84569842034912,-292.6752159444303,11.29379885956258,20.19158380461698,1,source,False,2,2,2,0.9191274273282822,2.2094925253872475,0.7733713816590334,0.5981032939692024,1.6207775380675935,0.004541663819131848,0.19863265987732834,0.004800273660546569,1.6207839012695973,0.19869065452899023,1.4318565232166505,2.0502131030780744,CALIBRATED,-0.2696294998033991,-0.027745120965176895,-0.8365987889528416,-0.0019972681514937728,0.0,0.0,0.22251692456920746,-0.008876203153038706,-1.1756929646472178,0.0031634464644685655,0.0,0.0
20260813,245,170,172,3.4265460325272095,41.01168558193411,-253.10755356043836,123.21783744411029,216.8025341863331,11,source,False,2,2,2,4.3702463162901894e-05,0.00410481653610164,0.004079864187957981,1.6645291792182035e-05,1.416570814318053,0.002837306097519308,0.1702024731337832,0.008431077879478324,1.4165736557918909,0.1704111643498337,0.00792430288453024,6.279457620577428e-05,CALIBRATED,0.001418146125606477,0.00047052023268539443,0.061890526532005066,0.01572241666621952,0.0,0.0,0.015684831639088244,0.003948197516671074,0.08478740657389705,0.02176686389505225,0.0,0.0
20260813,246,172,182,2.9027688509574325,37.09582435684762,-275.924287977903,116.06716046969788,239.95285467247868,12,source,False,2,2,1,0.00013546008363324422,0.00162430281551547,0.0011094529733206245,1.2308859000099745e-06,1.5241477555729182,0.0036994943310659496,0.20050502403236278,0.0056455265472175505,1.5241522453732332,0.20058448751639227,0.001665373121006284,2.773467632170211e-06,CALIBRATED,-0.016298586352431414,-0.0022571729058982514,0.02548566872395107,0.013754814298959557,0.0,0.0,0.0008398668976914718,0.0018130326067061463,0.035322144550241984,0.02034027437718766,0.0,0.0
20260813,247,174,178,4.076764488226715,447.29129515878685,82.15635442257849,639.7243076186023,756.6614030811594,34,remote,True,2,2,2,3.090665957072317e-118,1.1597611316032437e-05,1.1597611316032437e-05,1.3450458823776362e-10,1.3044088470933404,0.0019747594597382115,0.09884667110924271,0.014034381329130052,1.3044103418979403,0.09983801003961483,1.9695314486288465e-05,3.8790541271380426e-10,CALIBRATED,0.0022506707743599973,-0.002543473964482236,-2.206497212311546e-05,0.00024969123028338526,0.0,0.0,0.0029312496984676972,-0.003319831031402874,-0.00017783890300398296,0.00022401995231312235,0.0,0.0
20260813,248,178,187,3.347223187889501,470.8943937910718,79.98470212462107,658.0761344310936,780.3641948734482,35,remote,True,2,2,2,4.4803423552657495e-125,1.0586986589023808e-05,1.0586986589023808e-05,1.1208428503616997e-10,1.431032679864159,0.0029493273724653137,0.17594512119293226,0.007961554328526622,1.4310357191108636,0.17612516009622733,2.15089138450919e-05,4.6263337479558596e-10,CALIBRATED,0.0024159791886123904,-0.002111484093027333,-0.00015775232439886968,0.0005165077717275121,0.0,0.0,0.003443471119185284,-0.0030534658261087227,-0.0003939220596543412,0.0004154423619861171,0.0,0.0
20260813,249,179,190,1.6169580762179976,227.6948753499865,-361.2799381222852,316.6600253050049,429.7653956475097,21,transition,False,3,3,1,1.6134768989671402e-29,0.00029711531226369594,0.000297115312263733,8.827750878157558e-08,2.2031183813181325,0.01075239901626205,0.16483065549887888,0.0031882310582882724,2.203144619898211,0.16486148673802234,0.0014336843818533304,2.055450906770166e-06,CALIBRATED,0.004616242947687503,0.01116539559676299,-0.002906735419269165,-0.011945310530991238,0.0,0.0,0.008162695013283608,0.02508681668532607,-0.008106634083105661,-0.025922748781966015,0.0,0.0
20260813,250,179,191,5.396961172608126,224.5803548970436,-341.6151734463534,309.2474831599407,417.31250998605344,21,transition,False,3,3,3,3.4669936428502385e-28,4.1598084904576354e-05,4.159808490450108e-05,1.7304006677220803e-09,1.1883412458339906,0.0011825878074427443,-4.469112656732532,6.156986882365625,1.1883418342649574,7.607986291272435,6.269373737803101e-05,3.930504706425522e-09,CALIBRATED,-0.0020213983261574476,-0.00043725274695992534,-0.0058232479167082745,-0.00184678841433925,0.0,0.0,-0.00441617111409673,-0.0010135108283205365,-0.006171388890613358,-0.002019387290922595,0.0,0.0
20260813,251,181,195,3.7089683902047703,280.6808543993233,-129.6263713693237,390.37726731980166,616.7592931675963,28,transition,False,2,2,1,1.745618310524386e-44,2.3124236231352057e-05,2.3124236231352057e-05,5.347303012833751e-10,1.3650805509191337,0.0024384637120149267,0.1497562547513633,0.010102777234822453,1.3650827288494134,0.1500966420177736,4.262614935863143e-05,1.8169886091443544e-09,CALIBRATED,-0.003892196342166206,0.0001315087034972763,0.002752585153866231,-0.0006172716557559933,0.0,0.0,-0.005458586729198593,0.0004649660634468254,0.0035318262746308676,-0.0003741523808801038,0.0,0.0
20260813,252,187,196,3.1388908048675788,489.00926387382856,88.14044003809747,677.6989982667257,800.2303615653008,36,remote,True,2,2,1,1.3333883691397714e-132,9.254825487622643e-06,9.254825487622643e-06,8.565179480634968e-11,1.4690151163983458,0.0032435384445120286,0.19102752980400733,0.0067284043992541336,1.4690186972086117,0.19114598758221635,1.9775401370042687e-05,3.910664993462862e-10,CALIBRATED,-0.00023480874319244658,-0.0016899458187113062,0.0001947778187595934,-0.0025111421849195346,0.0,0.0,-1.8957479205752782e-05,-0.002506143032752277,7.537272499300489e-05,-0.0036726840370142374,0.0,0.0
20260813,253,193,197,4.615405007380332,391.1936506793431,29.788446583875867,563.907486297194,693.342841929103,32,remote,True,2,2,2,4.930366279746032e-92,1.3194297191372551e-05,1.3194297191372551e-05,1.7408947837426158e-10,1.250998201686934,0.0016049484232994664,-0.11053506723051326,0.029534093210019405,1.2509992312081508,0.11441269050849298,2.06362014239271e-05,4.258528092088908e-10,CALIBRATED,6.721751944296442e-05,-4.6319176324874963e-05,-0.0036099383782636314,0.0003949410531920064,0.0,0.0,0.00020213735954684658,-2.0100226069028593e-05,-0.00451164658921791,0.0004898805433091839,0.0,0.0
