seed,hotspot_id,particle_i,particle_j,gap_nm,x_nm,y_nm,euclidean_distance_nm,geodesic_distance_nm,geodesic_steps,classification,plasmon_dominated_remote,coordination,coordination_i,coordination_j,M2_inc,M2_scat,M2_CDA,M4_CDA,Cparallel_real,Cparallel_imag,Cperp_real,Cperp_imag,Cparallel_abs,Cperp_abs,M2_FWcorr,M4_FWcorr,FW_correction_status,E_CDA_x_real,E_CDA_x_imag,E_CDA_y_real,E_CDA_y_imag,E_CDA_z_real,E_CDA_z_imag,E_FWcorr_x_real,E_FWcorr_x_imag,E_FWcorr_y_real,E_FWcorr_y_imag,E_FWcorr_z_real,E_FWcorr_z_imag
20784458,0,0,1,2.822270883244112,9.884640626609078,-5.701569235730834,317.02575164759526,322.734449665002,15,transition,False,4,3,4,1.3842584544191035e-29,0.00022687055111515108,0.00022687055111515175,5.147024696329268e-08,1.5488280017178637,0.0039145931310904086,0.20002680285638352,0.005429640215289658,1.5488329486890229,0.200100481893008,0.0005439569989280809,2.9588921668284424e-07,CALIBRATED,8.685575725664169e-05,0.012896176428640355,0.00015271070391303262,-0.007779994868563499,0.0,0.0,-3.4130275873779746e-05,0.02017369717954157,6.21075118159959e-05,-0.011703585724788888,0.0,0.0
20784458,1,0,2,5.1059194865591415,-10.961203518624728,6.117909425587009,295.17555865193157,298.77095046407715,14,transition,False,3,3,3,9.597662454993214e-26,0.00022925381592717495,0.00022925381592851844,5.255731211778702e-08,1.2063195520840977,0.0012986578220833967,-1.3831261646327715,1.672610656448919,1.206320251115978,2.1704065046341534,0.00033486154827749143,1.1213225651479873e-07,CALIBRATED,0.0021683053064319325,0.012730432214241336,-0.0014625486150175414,-0.007768482169248653,0.0,0.0,0.0033488248474273837,0.01591103380541175,-0.0004110271993015384,-0.008385522065037046,0.0,0.0
20784458,2,0,5,3.154828830333553,10.131761396069871,5.602136695370774,316.2483564348564,319.87022036617975,15,transition,False,3,3,3,1.916795927115578e-29,0.00014622011649751527,0.00014622011649751475,2.1380322468546787e-08,1.466109350948152,0.0032210304527604114,0.1898736822405863,0.006822743909468642,1.466112889232882,0.18999622375735084,0.0003137357249343531,9.843010510008406e-08,CALIBRATED,-5.6265770984024505e-05,0.010326217404084662,6.420684063333565e-05,0.006291427681037527,0.0,0.0,-6.335211590937123e-05,0.015453448677247216,-2.0900108582487775e-05,0.008655761006919633,0.0,0.0
20784458,3,1,4,2.9620091262949835,30.99356617218018,-8.988828251756008,338.36791646021254,344.09780168491926,16,transition,False,4,4,4,1.3331679924951604e-33,0.00014732936752877445,0.00014732936752877429,2.170594253642865e-08,1.505985004157479,0.003541198258504143,0.20085695781332666,0.005804402182321392,1.50598916756805,0.20094080866443884,0.0003337993825010159,1.1142202775805953e-07,CALIBRATED,-0.002893301709600501,0.011419179511905218,-0.000625245369624401,0.002858247758443005,0.0,0.0,-0.004398298916360906,0.01729473573920514,-0.0009489778961783882,0.0038007770004276323,0.0,0.0
20784458,4,1,5,2.6128137525183313,20.01640202267895,-0.09943254036006,326.55952943506736,331.2813558078018,16,transition,False,4,4,3,2.395538672278007e-31,1.0402098654249023e-06,1.0402098654251202e-06,1.0820365641277468e-12,1.613046437163792,0.004474283999760951,0.19878246292808063,0.004867900174726531,1.6130526425582377,0.1988420579753309,3.9755700132121437e-07,1.5805156929951605e-13,CALIBRATED,0.00022273283565691162,-0.0009299842026062555,-9.338732673506403e-05,-0.00034206452527766874,0.0,0.0,4.606379695512021e-05,-0.00019497894050518618,-0.00014216915880789434,-0.0005806946452091861,0.0,0.0
20784458,5,1,9,4.2871012321034705,26.88611919764151,-21.242672974548004,335.88558812363596,345.7686889409571,16,transition,False,4,4,3,4.031541689925764e-33,5.6010730020956494e-05,5.601073002095646e-05,3.137201877480473e-09,1.2835522259449867,0.001830349883242853,0.017084027001366048,0.02008695036566841,1.2835535309869337,0.026369481480989165,9.214099534289195e-05,8.489963022778837e-09,CALIBRATED,-0.0002954007481503303,0.00413840196667804,0.0004470515567998674,-0.006212667904105838,0.0,0.0,-0.00040571760486199636,0.005606957309018249,0.0005714569013696945,-0.007759629843795436,0.0,0.0
20784458,6,2,3,1.8996161482397476,-32.852753861323194,11.583273706741828,272.9572642801902,276.2074803601099,13,transition,False,3,3,3,4.0427541467782343e-22,0.0006573143250582244,0.0006573143254432952,4.3206212243297427e-07,1.9692352148304277,0.008066479851742997,0.17770923818383014,0.0035427754184775536,1.9692517359203825,0.17774454870274656,0.0025421572930234295,6.462563702472211e-06,CALIBRATED,0.009575730428837196,0.0236105890541221,0.0009410821277459466,0.002697065283552363,0.0,0.0,0.01870543434126937,0.04670936093999029,0.0011778061877314508,0.0030186739290193167,0.0,0.0
20784458,7,2,7,3.2874129379710517,-24.05593980338302,23.682387693920294,281.2652585738258,291.16650762944505,14,transition,False,3,3,2,1.925582635438373e-23,3.522389513789262e-05,3.522389513305906e-05,1.2407227883447415e-09,1.4419370769082915,0.0030337925789427783,0.18027513756060204,0.0076075286874483245,1.4419402684092848,0.18043558328451828,6.372277937915797e-05,4.06059261180484e-09,CALIBRATED,-0.0005507525637741317,-0.0010443000142185415,0.00011071196050350631,-0.005815302837226957,0.0,0.0,-0.00013520286763938282,0.0010851103986839502,0.0002995132309889168,-0.007901729355708823,0.0,0.0
20784458,8,3,8,3.524743548873257,-55.233812509409795,13.620447596609575,250.49350187132112,253.7338988995004,12,transition,False,3,3,3,9.61669433998417e-19,0.0007705084037829816,0.0007705084328940962,5.936832451609159e-07,1.3986677841778177,0.0026986296414762004,0.16309337638828125,0.009012323380443579,1.3986703875820163,0.16334219110334988,0.0015070296331766086,2.2711383152724235e-06,CALIBRATED,0.01484280385693958,0.022630885150833113,-0.003082527760445841,-0.005342346530729523,0.0,0.0,0.020588000503427222,0.031700990042127584,-0.004769901152016096,-0.0074470894849204185,0.0,0.0
20784458,9,3,75,3.7350240505251335,-48.50450191753157,21.81862147485011,256.8634079772149,258.85996691721584,13,transition,False,4,3,4,1.1351477417480406e-19,6.46039396317143e-05,6.46039403905834e-05,4.173669113990054e-09,1.360330173420834,0.0024016673981411855,0.14786993199211307,0.010257004509599139,1.3603322934950297,0.14822524389881125,0.00011916382550139758,1.4200017308127533e-08,CALIBRATED,0.0011261876067834597,0.0026276198758133622,-0.0022599335911803113,-0.007164073967833958,0.0,0.0,0.0013796434574150946,0.0040669399502468,-0.003120375488192297,-0.009538535825040684,0.0,0.0
20784458,10,4,6,2.3267862331836895,52.73202699348414,-10.325977877254918,360.12194830591505,365.8773482366806,17,transition,False,4,4,2,5.778949179274829e-38,0.00012628597459647464,0.00012628597459647464,1.5948147379781438e-08,1.73027096158431,0.005585287333783844,0.1926285579073434,0.004254719771482224,1.7302799761704735,0.19267554064228443,0.0003767315959321013,1.4192669537354804e-07,CALIBRATED,-0.004191271622226798,0.009450917427546664,0.00184294884429306,-0.00400036449841819,0.0,0.0,-0.007474206749055022,0.016634857733802726,0.002736410324950704,-0.0060548654910021265,0.0,0.0
20784458,11,4,9,5.847849515110084,38.11040411660353,-18.828362754842345,346.65080961420745,356.241352300971,17,transition,False,4,4,3,3.131039301057781e-35,3.485892189596486e-06,3.485892189596482e-06,1.2151444357489757e-11,1.1604888484123408,0.0010027695235880615,-9.249992513826626,13.104283646302253,1.1604892816549917,16.04009387094082,5.8107793310027015e-05,3.37651564336082e-09,CALIBRATED,-0.00035984512714645447,0.0008301329007649512,-0.0012508099790793574,0.0010501225820676839,0.0,0.0,-0.006606870579110085,-0.002811864390963593,0.000621740560371304,0.00248272265533964,0.0,0.0
20784458,12,4,50,1.4294867201383283,48.0900494502778,2.387792590948134,354.34019773012767,364.633556900565,17,transition,False,4,4,2,8.870861589001184e-37,7.465609486799479e-05,7.465609486799479e-05,5.5735325009390384e-09,2.4257596800479853,0.013690946070464373,0.1560102549106934,0.0029783585062229233,2.4257983154728278,0.15603868192435852,0.0004226999138206367,1.7867521714397368e-07,CALIBRATED,-0.0011106073594277911,0.003039807718339314,-0.002798737084684272,0.007506616143610737,0.0,0.0,-0.0038981433262798397,0.010336468288239028,-0.006130181171200608,0.01621982412244051,0.0,0.0
20784458,13,5,10,2.519886632784182,25.863898846120108,20.972697600529237,331.23004062835446,341.86463536832196,16,transition,False,3,3,2,3.1423711045831037e-32,6.489624572224418e-05,6.489624572224425e-05,4.211522708841906e-09,1.6415373948081813,0.004722594764769707,0.19823040282343435,0.004618680280288005,1.6415441880908792,0.1982842021217842,0.00017070095213557348,2.913881505999135e-08,CALIBRATED,0.0001885745405409565,0.002890764223147677,-0.0001573133573291861,0.00751527910850151,0.0,0.0,-7.022456273061978e-06,0.006286327506048708,-0.00012005749433844176,0.011452885029783106,0.0,0.0
20784458,14,6,13,3.227676123881242,74.84508024167013,-14.666741417549076,382.5795799851293,388.4124176190867,18,transition,False,3,2,3,9.388630916798276e-43,9.183169738488894e-05,9.183169738488894e-05,8.433060644589819e-09,1.4528280853871893,0.003118154077904602,0.18459983747598452,0.007253937723809891,1.4528314315758246,0.18474230595253707,0.00019368851482648526,3.75152407756896e-08,CALIBRATED,-0.005654349682606433,0.0077326480467531,0.00021536097206373517,-0.00014071562974564173,0.0,0.0,-0.008234340281224243,0.011200356210309917,0.0004032563672291641,-0.0005230296587712116,0.0,0.0
20784458,15,7,14,2.9382913158511776,-33.442482831540914,44.01350178454973,272.2709288694515,283.1093421570674,14,transition,False,4,2,4,5.1775779166825e-22,0.00010971301751484141,0.00010971301750487968,1.2036946210026034e-08,1.5132567579222067,0.003604574672972629,0.20071605538405685,0.005740793730536502,1.5132610509610698,0.20079813644950079,0.00024777666875469215,6.139327757917243e-08,CALIBRATED,-0.00021889784231064882,0.0057588400964391565,-0.0007812270441614896,-0.008711518024352976,0.0,0.0,0.00032445861208155825,0.009778311748738762,-0.0005985547323495872,-0.012316563925892548,0.0,0.0
20784458,16,8,12,1.9009707912722504,-75.4706178202038,22.846043897320058,229.87975634617968,231.49339718999158,11,transition,False,3,3,3,6.704073238519739e-16,0.0016532977295389327,0.001653298733648749,2.7333967026845573e-06,1.968114326261295,0.008053607544024852,0.1777709589837277,0.003544474577619935,1.9681308040446457,0.17780629110924503,0.006335435633333176,4.0137744664107746e-05,CALIBRATED,0.019390193011235016,0.022795238947079476,-0.018037112952316768,-0.020793238957091786,0.0,0.0,0.04106790331648913,0.048316575918720746,-0.03117863976464523,-0.036636919417954016,0.0,0.0
20784458,17,8,75,1.212607192877531,-59.95521374154443,24.508340509150045,245.3570956979312,247.0975951427792,12,transition,False,4,3,4,5.180024315503296e-18,0.0005704837950918527,0.0005704838296701031,3.254517999150672e-07,2.8128867670734055,0.019310817677719094,0.1452713303056309,0.0027840666995201818,2.812953051875565,0.14529800561657788,0.004366770074252162,1.9068680881384238e-05,CALIBRATED,0.007596388808942815,0.008753800310084615,0.012952351474194176,0.016382499142486594,0.0,0.0,0.02598999948448249,0.03228046148055297,0.032184325808283454,0.040167536393430424,0.0,0.0
20784458,18,9,11,4.872289343928848,41.95853746347916,-40.640786663452424,354.07637247401846,370.33420556625964,17,transition,False,3,3,2,1.0037629425979964e-36,3.983655886770285e-05,3.983655886770284e-05,1.5869514224199536e-09,1.2255260032132433,0.0014285809586067609,-0.21039181217666092,0.03692609782465903,1.2255268358528026,0.21360770428880993,5.979893849621863e-05,3.5759130452745385e-09,CALIBRATED,-0.0008697607233748228,0.0038367951998426564,0.0011932177670417993,-0.004789082282301848,0.0,0.0,-0.00117290562768408,0.0048299551836808105,0.0013846744267238854,-0.0057599861580022406,-0.0,0.0
20784458,19,10,18,3.1137343873449588,40.557574601857226,37.873658516581656,345.9592415737696,364.2598711808931,17,transition,False,3,2,3,4.2975736603031524e-35,7.917485856894516e-05,7.917485856894513e-05,6.268658229412464e-09,1.4736015470728312,0.0032790648300927375,0.1928487510791801,0.006579499874480836,1.4736051953632634,0.19296095618388154,0.00017163129503412785,2.9457301435091838e-08,CALIBRATED,-0.000889320263135152,0.00677479726424781,-0.001079098832777829,0.005596573574604402,0.0,0.0,-0.0015695620545467949,0.010156812572694351,-0.0013065607119481645,0.008018717320133324,0.0,0.0
20784458,20,11,16,2.4069358869344093,57.08383671452127,-58.80824640544237,372.759408631447,393.97381789198107,18,transition,False,3,2,3,1.2660666609397817e-40,6.641325474443295e-05,6.641325474443295e-05,4.410720405748946e-09,1.692033346294703,0.005210689920771697,0.19516598250203984,0.00439845334343658,1.692041369548245,0.19521554015446851,0.00018891981432456992,3.569069624442997e-08,CALIBRATED,-0.0016553700826161823,0.004501425342446997,0.0028707844974423216,-0.005930326372943821,0.0,0.0,-0.0034746684940848466,0.007994277619626223,0.00434679964762734,-0.00969759513201671,0.0,0.0
20784458,21,12,24,2.0745884269963035,-93.27943052282785,35.73899608128338,212.1179573446854,212.5393069780291,10,transition,False,4,3,4,1.2038065204070767e-13,0.0018465592699097985,0.0018465746921556524,3.4098380937097424e-06,1.8505889197862133,0.006763990439089338,0.18464433232180724,0.003802449676403493,1.8506012810981636,0.1846834808046122,0.006263261459706508,3.92284441126449e-05,CALIBRATED,0.022225046114603478,0.02378574727747827,-0.01979083155528819,-0.019879216034882918,0.0,0.0,0.04420518024335289,0.046621532521500184,-0.03189640122199202,-0.03343973375778577,0.0,0.0
20784458,22,12,130,2.9875460015179875,-93.7230455944628,22.863076714696934,211.63311804348743,213.2409614683842,10,transition,False,4,3,4,1.3789524606353787e-13,0.0015598327074296202,0.001559849457729386,2.4331303307786593e-06,1.4981555348655204,0.003472961116960338,0.2010086669166356,0.005872889157550735,1.49815956029627,0.20109444299298734,0.0034553959633471095,1.19397612635155e-05,CALIBRATED,0.022553893023541632,0.01937011720764412,0.019727487230619418,0.01693505754758168,0.0,0.0,0.03626850564080532,0.03127204343669876,0.025798076973637108,0.02228250402637691,0.0,0.0
20784458,23,13,22,3.6849858652784846,98.18196377699874,-13.686379684838013,405.67179380540176,411.76988413984736,19,transition,False,4,3,4,5.571891149050226e-48,5.8665592734083585e-05,5.8665592734083585e-05,3.4416517708413608e-09,1.3694529615723845,0.0024723323034772874,0.15149249102542095,0.009960821152490727,1.3694551932744616,0.1518196060959162,0.00010989688332074106,1.2077324963612575e-08,CALIBRATED,-0.005715832649818302,0.004937503734634511,-0.0009781702609909422,0.0008118433742649088,0.0,0.0,-0.007873835457696479,0.006772011689294184,-0.00108683099724193,0.0009264202984389832,0.0,0.0
20784458,24,13,169,1.5969960534473202,91.88921054143518,-24.581107037418008,400.71432340096203,408.1303542078834,19,transition,False,3,3,3,7.831970162677976e-47,3.931006617539767e-05,3.931006617539767e-05,1.5452813027141439e-09,2.21963579779137,0.010942085371719121,0.1639211376529096,0.0031631922453483428,2.2196627680954633,0.163951654930974,0.00018767719666523886,3.5222730148122746e-08,CALIBRATED,-0.0011509252162319402,0.0018550692559483367,0.0036034949942717284,-0.004643164783198311,0.0,0.0,-0.004041285781061754,0.005412075956423361,0.007192994156553544,-0.00950344541767446,0.0,0.0
20784458,25,14,15,3.6916008709258605,-45.46485506794818,63.74130181658897,262.17619696046313,290.39619387900706,15,transition,False,4,4,3,1.833406556029767e-20,4.133440756201345e-05,4.1334406884290117e-05,1.7085331924760502e-09,1.3682469367166696,0.002462990462929605,0.1510135917938608,0.009999976341078668,1.3682491535376775,0.15134432408684828,7.593096212223452e-05,5.765511008808213e-09,CALIBRATED,-0.0025026092165812575,0.00061143579230833,0.004806309555905142,-0.003405420490640157,0.0,0.0,-0.0030237833197042517,0.0017320559311124438,0.006761384356329922,-0.004251042271630342,0.0,0.0
20784458,26,14,75,3.763610136716295,-46.96069812161573,42.802280709911734,258.70623837261604,269.5369731258164,13,transition,False,4,4,4,6.056776406969986e-20,0.00018942578016635774,0.00018942578259983494,3.588212711355993e-08,1.3551184574659392,0.00236129756728759,0.14580041679590305,0.010426209746219021,1.3551205147480676,0.1461727313404631,0.00034753436310217223,1.207801335368325e-07,CALIBRATED,0.004943977919171597,0.00499721227900192,0.007865610361246132,0.00883984773727628,0.0,0.0,0.0066359284416632296,0.0072104395544929385,0.010670197644896679,0.01173265786039729,0.0,0.0
20784458,27,14,119,4.166408916038012,-52.77806435028821,53.0217474790867,253.67623329995786,277.4196043732098,14,transition,False,4,4,3,3.3287060293535645e-19,0.00028434849118708967,0.00028434850083546687,8.08540699273775e-08,1.2955198634832457,0.0019132128482579867,0.06399985684228791,0.016613954817187727,1.2955212761908044,0.06612114011797514,0.00047714817715511175,2.276703829624459e-07,CALIBRATED,0.008361545745360823,0.014643266001078428,-3.1595491366153e-05,8.255985883675473e-05,0.0,0.0,0.01080381704252857,0.018983716710265754,-0.00011101441977121153,-0.00017857807721198953,0.0,0.0
20784458,28,15,23,2.4210923225461123,-51.92240833789964,85.66726183834841,259.6987898824024,309.0463844222635,15,transition,False,3,3,3,4.310196673593519e-20,0.0001081567081193833,0.00010815670718429666,1.169787330894969e-08,1.685279626054364,0.005144526638593209,0.19561415521662312,0.004423840290995211,1.6852874781912648,0.19566417169229874,0.00029455708886851387,8.676387860269358e-08,CALIBRATED,-0.0022520254578915007,-0.0019638759009760563,0.00995509219098558,-0.0003527313933414846,0.0,0.0,-0.0027156627000129484,-0.0003833468127889469,0.01694184609538535,-9.571347696661946e-05,0.0,0.0
20784458,29,15,119,5.953179011594571,-57.54742632467114,63.865002263242786,250.2251642472787,286.5301824794005,14,transition,False,3,3,3,1.05100793564932e-18,0.00014200093376033957,0.00014200094451172148,2.0164268242221e-08,1.153982406085557,0.0009607631829671884,-10.366827039435055,14.727202673246424,1.1539828060334805,18.010041683584145,0.00023834178763745516,5.6806807734217776e-08,CALIBRATED,0.0052436215265452,0.004616028543735414,0.00747827637921227,0.0061051650819293184,0.0,0.0,0.00040143821598908475,0.0032111080349391577,0.0124752447828601,0.008499275721605325,0.0,0.0
20784458,30,16,17,1.7641775239389048,74.87876098371709,-65.06662333145385,391.5304717420493,412.83718481028194,19,transition,False,3,3,3,9.616967484665974e-45,6.363116155190608e-05,6.363116155190608e-05,4.04892472044477e-09,2.0813028239018654,0.009353466612898495,0.17153832818887257,0.0033728917139217406,2.0813238412413284,0.17157148491619229,0.00027316237949273414,7.46176855701325e-08,CALIBRATED,-0.006075272431860006,0.004591450159123233,-0.0016088379611101863,0.001747126864817191,0.0,0.0,-0.01279503043465478,0.009793626072360435,-0.0028784135462917365,0.002291113153097913,0.0,0.0
20784458,31,16,25,4.357971741603837,71.74650850219852,-77.01834325478467,391.5439785072422,417.3533296750695,19,transition,False,3,3,3,9.54995132168994e-45,2.7430923316476166e-05,2.7430923316476166e-05,7.524555539943958e-10,1.2765248310162813,0.0017816927628827748,-0.01046494109247123,0.022126292819581048,1.2765260744028095,0.02447627067195362,4.4668855396048454e-05,1.995306642393087e-09,CALIBRATED,-0.0013180764670703367,0.002909512179237017,0.0019069054089207126,-0.0036867395329385467,0.0,0.0,-0.0018242073148662657,0.0036880177137997385,0.0023342802568045943,-0.004721311692086055,-0.0,0.0
20784458,32,17,25,4.710695233742154,82.37171384176654,-74.66783962462429,401.1738109298608,425.01617068108385,20,transition,False,3,3,3,6.138655638254414e-47,4.9352861090105645e-06,4.9352861090105645e-06,2.4357048977792637e-11,1.2415493906340545,0.0015395256113863917,-0.14757653093951606,0.03227612802016287,1.241550345142274,0.15106482358284437,7.533994048629433e-06,5.676106632478372e-11,CALIBRATED,-0.0003684147559809954,-0.00020835325400666625,-0.0014112019626012604,-0.0016627250581143032,0.0,0.0,-0.0004654792434598423,-0.0005548004207256376,-0.001747317033525011,-0.00198907083836989,0.0,0.0
20784458,33,17,40,4.120082554283744,97.15224066363632,-65.84058773574054,413.36746148991756,435.12410738723,20,transition,False,4,3,4,8.633036725633015e-50,3.367843245266863e-05,3.367843245266863e-05,1.1342368124689636e-09,1.300113503940362,0.0019450188473345176,0.08200796022505377,0.015280885294662217,1.3001149588503327,0.08341948810477456,5.688350804747207e-05,3.23573348778682e-09,CALIBRATED,-0.004624439893926151,0.0031441739227730985,0.0013661282475972906,-0.0007354264576443385,0.0,0.0,-0.006057084979037633,0.0040463041257202195,0.0016333770121335185,-0.0010745846000208869,0.0,0.0
20784458,34,18,19,5.7117202683324635,61.34703492688452,50.34220182553162,367.26789242076114,388.5016993473711,18,transition,False,3,3,3,1.8592763482349726e-39,4.757851565433889e-05,4.757851565433889e-05,2.2637151518701704e-09,1.1688978612977066,0.00105705907874079,-7.806580669845114,11.006801439582329,1.168898339258059,13.49416094780224,7.454832644208856e-05,5.5574529753162e-09,CALIBRATED,-0.002324658496885525,0.005923074036742162,-0.0010429626138179864,0.0024502859973165756,0.0,0.0,-0.0037109587678590874,0.005994028203572575,0.0009426268034563553,0.004894914919538491,-0.0,0.0
20784458,35,18,37,2.651061522488181,46.08901068330908,55.75704516944293,352.4133110412871,382.9791741406436,18,transition,False,3,3,3,2.1827223936304137e-36,9.056842223687457e-06,9.056842223687455e-06,8.202639106476792e-11,1.6013198755602382,0.004372082047862918,0.1990096847332162,0.004970476314196525,1.6013258440947271,0.19907174649458445,1.667452352840957e-05,2.780397348994843e-10,CALIBRATED,-0.00040662952227849133,-0.0017347132844199187,0.0024120563941918134,0.00025347273501200496,0.0,0.0,-0.0011386469903751563,-0.000693513833647684,0.0036973382690026167,0.0011075806276868469,0.0,0.0
20784458,36,19,20,3.2129434091580578,78.1810965589865,66.08552117707966,385.28495539186923,411.5502944290292,19,transition,False,4,3,4,2.3774705147602714e-43,3.715386607245064e-05,3.715386607245064e-05,1.3804097641295989e-09,1.4555141027688017,0.003138959906216038,0.1856664254935664,0.007166732624653632,1.4555174875033836,0.18580469211532663,7.801875327114705e-05,6.086925861984118e-09,CALIBRATED,-0.0002779638968293936,0.0022380857109839283,-0.0014695101311187162,0.0054688311794513335,0.0,0.0,-0.0008670171430845718,0.0037296190167147576,-0.0019312307827198776,0.007721873101701384,0.0,0.0
20784458,37,19,148,2.78524610748876,84.43375769011661,55.461519295165004,390.63494090913053,412.1491977203752,19,transition,False,3,3,2,1.5281433077858253e-44,5.329605123190886e-05,5.329605123190886e-05,2.840469076914254e-09,1.5601795998396668,0.004013527117405606,0.19980684659779635,0.005330344006263091,1.560184762185487,0.1998779340362023,0.00012953494292903186,1.677930143962754e-08,CALIBRATED,-0.0044679021594104685,0.005759199000147635,9.15261526781329e-05,-0.0003964232156654667,0.0,0.0,-0.006994006269181804,0.008974873983893177,0.00013588491153430446,-0.0002280164461880225,0.0,0.0
20784458,38,20,21,2.8716301059939333,92.33433461607244,83.52856870155202,401.3857170952113,434.0130203197475,20,transition,False,4,4,3,5.485808959942051e-47,5.420664891231942e-05,5.420664891231942e-05,2.9383607863034603e-09,1.5336947281509188,0.003782700241304203,0.2003200354213708,0.005562015998790431,1.5336993929642917,0.20039723703981066,0.00012715116355681454,1.61674183938518e-08,CALIBRATED,-0.0027796941665609374,0.005091525983930414,-0.002595714335325981,0.0037173349993040927,0.0,0.0,-0.004558433589692467,0.0076330221409127395,-0.003641474911225984,0.005903260135927061,0.0,0.0
20784458,39,20,147,3.7385378099973323,77.75323850658532,86.97624321927236,387.45111171399117,432.44539744282554,20,transition,False,4,4,4,7.861152337617189e-44,1.0613563999937786e-05,1.0613563999937786e-05,1.1264774078077539e-10,1.3596895569971492,0.002396705198188233,0.1476155502423725,0.010277802967245384,1.3596916693143748,0.14797291612721536,1.8573655635772933e-05,3.4498068367627965e-10,CALIBRATED,-0.0011302955844017199,-0.0012087945423883886,0.0026997533074394563,0.0007656002384283331,0.0,0.0,-0.0018155557394568562,-0.0008857860691094444,0.0035194859408828262,0.0014512114747334262,0.0,0.0
20784458,40,20,148,4.654832159856312,89.57165869894803,65.86883204402784,396.60267016180114,422.94291748277357,20,transition,False,4,4,2,6.8420960586235504e-46,5.520645926909785e-06,5.520645926909785e-06,3.0477531450305594e-11,1.2470886746732814,0.0015778791709827606,-0.12586129210527608,0.030668633746668676,1.247089672878835,0.12954393056526015,8.552477153403713e-06,7.314486545949247e-11,CALIBRATED,-0.0011269692849501351,-8.447356355360484e-05,0.0020176712082636584,0.0004152749331385036,0.0,0.0,-0.0014704601425301082,-0.00026890564661645195,0.002477208677413491,0.0004258533132419395,0.0,0.0
20784458,41,21,33,4.6904899452353845,112.49731036910616,95.86856824634975,423.1531244584064,457.6524192119155,21,transition,False,3,3,2,3.852011913820523e-52,3.536953490625806e-05,3.536953490625806e-05,1.2510039994850074e-09,1.2435529114636144,0.0015533978293472191,-0.13972227883488164,0.03169470842919472,1.243553881685248,0.14327201312616528,5.4662848846283275e-05,2.9880270439916127e-09,CALIBRATED,-0.003947563799289445,0.0037261858924560773,-0.0018047554296658813,0.0016262445974546316,0.0,0.0,-0.004877023627826423,0.004547959964244878,-0.0023262119608521126,0.0021868441775125098,-0.0,0.0
20784458,42,21,90,5.243830670218955,99.24001550832867,103.00866355030837,411.3009832499155,454.68093080683394,21,transition,False,4,3,4,2.6637321053354116e-49,8.899399679385761e-06,8.899399679385761e-06,7.919931465345138e-11,1.1978004649086145,0.001243657614642975,-2.8454323231122243,3.7975489829400964,1.1978011105436308,4.745299082591232,1.4063425951735594e-05,1.9777994949995021e-10,CALIBRATED,9.240458238256983e-05,-0.0006340008258088133,0.0006361357252284117,0.0028432789811241397,0.0,0.0,-0.00011468139444906556,0.0005770244585968302,0.0007200886899191346,0.0036330137877985526,0.0,0.0
20784458,43,22,28,2.15612553283448,119.48449105664626,-17.70629482918301,427.2810785789833,433.4483846938031,20,transition,False,4,4,3,3.781624414249341e-53,4.879344706763548e-05,4.879344706763548e-05,2.3808004767421454e-09,1.8116893819970041,0.006382908457045164,0.1872256816858062,0.003948671386922563,1.8117006260309836,0.18726731665839805,0.0001590777233599837,2.5305722069395506e-08,CALIBRATED,-0.004890527341029475,0.002973862881263542,0.00347615270997752,-0.0019871314235947,0.0,0.0,-0.009316760659150063,0.005532181357159647,0.0055614937975747075,-0.0032772626307836063,0.0,0.0
20784458,44,22,30,4.934432578784282,120.51532111434645,-5.5463249185004155,427.1617118755301,435.540440329315,20,transition,False,4,4,4,4.0454241242492755e-53,2.486837405241992e-05,2.486837405241992e-05,6.184360280110724e-10,1.2193639894707828,0.001385915668357792,-0.23454829145625916,0.038714307588601726,1.219364777078764,0.23772189347452868,3.6965672305237004e-05,1.366460928978166e-09,CALIBRATED,-0.0036652879939321416,0.0020393416329865842,-0.0023656643394288825,0.0012956681330799722,0.0,0.0,-0.004532022642027805,0.002503377924235569,-0.002789845936501345,0.0015415257689773674,-0.0,0.0
20784458,45,22,169,5.162974972824696,103.62721673091974,-23.011441609617357,412.1517915281886,419.9728471405226,20,transition,False,4,4,3,1.6761865217640787e-49,5.995454809285499e-06,5.995454809285499e-06,3.5945478370184614e-11,1.2027951050564019,0.0012759035863720981,-1.9880995012909746,2.5517227508047258,1.2027957817840909,3.2347841696174813,9.760384887349917e-06,9.526511314920865e-11,CALIBRATED,-0.001276756053681388,0.0006916683739536841,-0.0018824928798854518,0.0005858021904416818,0.0,0.0,-0.0017589861617307253,-0.00037732912699788034,-0.002136527235580982,0.0013997237840836427,0.0,0.0
20784458,46,23,26,5.676406558037719,-58.63680142891364,108.5633814403458,259.2737463020363,332.9067148350978,16,transition,False,3,3,3,4.986954895135544e-20,5.9160880763636655e-05,5.9160879627759455e-05,3.5000096783302437e-09,1.1710792694221757,0.0010711425006951175,-7.432140724712432,10.462687072171716,1.1710797592891073,12.833726525141408,0.00010568072277710384,1.1168415166691074e-08,CALIBRATED,-0.0025432183278691666,0.0008529110127992447,0.006959622157469098,-0.0018785958570327879,0.0,0.0,-0.006498250553637478,0.004306874712094909,0.006655056559187904,-0.0007839100251824161,0.0,0.0
20784458,47,23,39,2.263604428688822,-64.74190791803385,96.64510329172347,249.9701204095196,325.92396044669607,16,transition,False,3,3,2,1.1435009721161093e-18,0.0002323636234962248,0.0002323636309307127,5.399285697930447e-08,1.7604135937794765,0.005880581691346854,0.1906283114039561,0.004141414897192764,1.7604234156601644,0.19067329237749675,0.0007083790559411724,5.018008868961066e-07,CALIBRATED,0.0034761848327762757,0.014719812459195812,-0.0018757674547739908,-0.0002973004554375554,0.0,0.0,0.006004747839634633,0.025926921968622386,-0.00030544308229783925,0.0001532353745640444,0.0,0.0
20784458,48,24,27,2.0905357424017943,-111.81299195955515,47.7122816960969,194.40473512310498,199.9575548393323,10,transition,False,4,4,3,1.4066284447667076e-11,0.00186054872065522,0.001860737850204981,3.462345347185454e-06,1.842980810669813,0.006689457077860289,0.1851492017558678,0.003831048235462063,1.8429929509721834,0.1851888329284935,0.006279195674396456,3.942829831735916e-05,CALIBRATED,0.025215756049101083,0.02479285973698247,-0.018622195407009073,-0.01623057119643936,0.0,0.0,0.04901330619228875,0.04702039663793304,-0.02962756795534966,-0.0280745615737806,0.0,0.0
20784458,49,24,42,3.691045785126107,-111.72430109732565,34.91697102928332,193.65599436074098,194.0761280617078,9,transition,False,5,4,5,1.7045470124937128e-11,0.001525723869042668,0.0015259188437851227,2.3284283178185258e-06,1.3683481380318678,0.0024637743659688465,0.15105377772522993,0.009996690706820674,1.3683503561001495,0.15138420522019794,0.00281667609231549,7.93366420902166e-06,CALIBRATED,0.02361466743840387,0.015071895270823877,0.022957659533573906,0.014630453418965891,0.0,0.0,0.035200800312699336,0.02251024734660029,0.02753933178092837,0.01767636046011113,0.0,0.0
20784458,50,24,130,5.767118105571491,-102.74576481030573,29.22015163224971,202.53299436757587,204.70946550108928,10,transition,False,4,4,4,1.6663161519039512e-12,4.424458898500677e-05,4.4257524268157255e-05,1.9587284543465283e-09,1.1654758110168777,0.0010349659282141944,-8.393977546670541,11.860372443978196,1.1654762705520525,14.53022001085622,0.007385045776583675,5.453890112223637e-05,CALIBRATED,0.005010985938566285,0.0033061263662983956,0.0028213040231431304,0.0005072634923894767,0.0,0.0,-0.08003559478661472,0.030663101460178217,0.0062462036878592805,-0.00032938134293567303,0.0,0.0
20784458,51,25,51,3.3994532010617533,75.60855570995705,-97.74161541392948,401.2998164714292,438.43340125030244,20,transition,False,3,3,2,5.741681611195168e-47,1.3766119407780645e-05,1.3766119407780645e-05,1.8950604354927494e-10,1.4215102852574308,0.0028755671247999016,0.17216388282278963,0.008270711436581622,1.4215131937407237,0.17236242982821529,2.70943145158797e-05,7.341018790854095e-10,CALIBRATED,-0.00019026862786717663,-0.001380075451142621,-0.0019402391036856595,-0.0028391514976684046,0.0,0.0,-0.0007646064870030873,-0.00144849918102573,-0.002587293960802785,-0.004209210320104441,0.0,0.0
20784458,52,26,35,2.909628194598554,-71.41459231233742,128.81039720715518,254.42148546703524,356.8485941957899,17,transition,False,4,3,4,2.591480457095054e-19,0.00015924368482643877,0.00015924367632028015,2.5358548447998155e-08,1.522044717517864,0.0036811654635420504,0.2005457739230207,0.005663922521428829,1.5220491690819993,0.2006257397661429,0.00036733063855447646,1.3493179802083943e-07,CALIBRATED,-0.008354673815963417,0.0025503146697784434,0.008309754540337494,-0.003726523354762276,0.0,0.0,-0.012211081950714072,0.0044768545505177405,0.013134422998347354,-0.005066045990850676,0.0,0.0
20784458,53,26,44,2.0047820143528945,-74.50446032903645,118.5018516129735,247.65953017307825,351.62984994497873,17,transition,False,3,3,3,2.445635415254983e-18,0.00022402625758963994,0.00022402627390511221,5.018777139980836e-08,1.8838920050335686,0.007090246391101415,0.182434360100844,0.0036772647933126313,1.8839053474692633,0.18247141699938804,0.0007901961241444178,6.244099146128602e-07,CALIBRATED,0.005216435731961625,0.013820443437647614,-0.0002953700869271791,0.002392315166937202,0.0,0.0,0.009387070930769794,0.026073144931635175,0.0014049443847101634,0.004505137970687792,0.0,0.0
20784458,54,27,32,3.0093292791473623,-127.90983636420586,62.761513314805995,180.62422569984818,211.32087191036905,10,transition,False,3,3,2,4.286753417707518e-10,0.0005769421815399969,0.0005771302899643957,3.330793715943875e-07,1.4926363238004743,0.0034265077689407796,0.20040725197125672,0.005961510726936716,1.4926402567544814,0.20049590083794275,0.0012516381374102687,1.5665980270198467e-06,CALIBRATED,0.004553051629225867,0.009711210031505695,-0.012370869769157033,-0.017579931504546294,0.0,0.0,0.010315204092296413,0.016730413296348015,-0.015924715703395702,-0.024733204455628956,0.0,0.0
20784458,55,27,42,5.591236088107696,-121.23514331821002,40.53318172654407,184.4279414339077,188.11203194676924,9,transition,False,5,3,5,1.7116828197650093e-10,1.782835941380933e-05,1.7877895912348485e-05,3.1961916225276664e-10,1.176340442873493,0.0011051092421125832,-6.529057309762711,9.150378736931835,1.1763409619690384,11.240908343343973,0.000575274127293125,3.309403215328666e-07,CALIBRATED,0.001899685628470543,0.0008813160532178683,0.002121324579145986,-0.00299872547419442,0.0,0.0,-0.020389571041756677,0.011922849969188395,0.0023419002954427025,-0.003449735010796049,-0.0,0.0
20784458,56,28,29,3.616829559184019,140.83019644891,-22.494404224790525,449.02674018359215,455.32451621374105,21,transition,False,4,3,4,1.2765248314192465e-58,3.382988328234884e-05,3.382988328234884e-05,1.1444610028973454e-09,1.3818789825926752,0.002568583973966204,0.1564267275710187,0.009557393980868443,1.3818813697836,0.15671842545879294,6.45026677767524e-05,4.160594150318093e-09,CALIBRATED,-0.0055349922172365,0.0016778814867100247,-0.0005632051070411239,0.0002475038614623139,0.0,0.0,-0.007668425794953602,0.0023155668769036576,-0.0005521544980196872,0.00017660422686299176,0.0,0.0
20784458,57,28,30,4.407169343171621,130.07984220450942,-11.13590549064606,437.1690865154867,445.9156009831953,21,transition,False,4,3,4,1.3283777908701002e-55,5.210269155399098e-07,5.210269155399098e-07,2.714690467170323e-13,1.2716464834751207,0.0017479154747302404,-0.029589160255551694,0.023541984031838256,1.2716476847551554,0.03781194806914935,8.190859058726695e-07,6.709017211992516e-13,CALIBRATED,4.132540154714942e-05,6.743642842378852e-05,-0.0007168142628028448,3.080206958524358e-05,0.0,0.0,-8.086650905132579e-05,4.285567064696179e-06,-0.0009002880179359297,4.482892216471954e-05,-0.0,0.0
20784458,58,29,31,5.249448191635523,164.98545713280612,-19.1897566275789,472.6873157603199,479.70478106974156,22,transition,False,4,4,3,6.983401935441085e-65,1.6354216214088476e-05,1.6354216214088476e-05,2.6746038797715437e-10,1.1974534578466207,0.0012414172971066224,-2.9049962826464992,3.8841038673314485,1.1974541013440698,4.850285172483067,2.3568318707603537e-05,5.554656467031749e-10,CALIBRATED,-0.003943187085667946,0.0003891187546656735,-0.0008087359785481724,4.953108031302758e-06,0.0,0.0,-0.0047867451446953905,0.0004105944981942645,-0.0006496872261416663,0.00025437824903004245,-0.0,0.0
20784458,59,29,34,2.903027263709628,159.54623879055774,-30.805830964496565,468.6072913692757,475.80304290351665,22,transition,False,4,4,4,8.84743794109007e-64,1.8313477386441764e-05,1.8313477386441764e-05,3.3538345398371387e-10,1.524068527605898,0.003698803825771378,0.20050655920714736,0.005646219580629197,1.524073015963655,0.20058604158974266,4.1922490395667064e-05,1.757495200974797e-09,CALIBRATED,-0.0020886061948376913,0.0005994625329945485,0.0036024242646681202,-0.0007838275564137187,0.0,0.0,-0.0037325699722297457,0.0009042084196029397,0.005076844915063572,-0.0011825669707835594,0.0,0.0
20784458,60,29,41,3.465654107306836,152.9318227199259,-9.964482698120914,459.8313027739503,472.7442834873828,22,transition,False,4,4,4,1.9337438416466858e-61,7.095378648239127e-07,7.095378648239127e-07,5.03443981618877e-13,1.409440765946576,0.0027820769082799843,0.16737120919265724,0.008662564309715168,1.4094435116967243,0.16759523169539217,4.3999452380087527e-07,1.93595180974759e-13,CALIBRATED,0.0006930849245153268,-0.00017872559492506897,0.00040029620518653163,-0.00019233112609621665,0.0,0.0,0.0001317352885140438,-3.0664509786288375e-05,0.0005878328129378978,-0.0002759576225330296,0.0,0.0
20784458,61,30,41,2.1539516109371952,142.1814684755253,1.3940160360235518,448.2868194276694,458.2910507396174,21,transition,False,4,4,4,1.9800272720968255e-58,4.2050590474228315e-05,4.2050590474228315e-05,1.7682521592312612e-09,1.8127265117322935,0.006393068769419639,0.18715685839548635,0.003944772860293636,1.812737785137558,0.1871984264821354,0.000138040797676709,1.9055261823222108e-08,CALIBRATED,-0.0061222718527500185,0.0021373339235832025,-7.214650928070418e-06,1.1379066990956203e-05,0.0,0.0,-0.011100954098374919,0.003832019851852875,-0.0003337828929657431,0.00011759514382390216,0.0,0.0
20784458,62,30,120,2.530395566865714,136.20144794207783,11.073377037182164,441.8278452709365,458.3936472804497,21,transition,False,4,4,4,8.861072001875283e-57,9.749718040934978e-06,9.749718040934978e-06,9.505700187773299e-11,1.6383154118535694,0.004694513818446641,0.1982928341488146,0.004646864038161416,1.6383221377912596,0.19834727479892042,2.521566656911403e-05,6.358298405247349e-10,CALIBRATED,-0.0007281896563623937,0.000448326557241679,-0.0026810945454527357,0.0013528463333716844,0.0,0.0,-0.0019170618868766664,0.0010026445703984546,-0.004033102949697939,0.0020662344381960113,0.0,0.0
20784458,63,31,34,5.652935830072035,171.9203151723531,-28.302654543823063,480.58111919359027,488.42776699933444,23,transition,False,4,3,4,4.823775162316229e-67,1.3035762200584502e-06,1.3035762200584502e-06,1.6993109615018768e-12,1.172529109618638,0.0010805028358951588,-7.1832748304650424,10.101049617678148,1.1725296074681673,12.394782800387768,5.0141908939686754e-06,2.5142110321158385e-11,CALIBRATED,-0.000534471985600474,-0.00011854009596554696,-0.000881246635798184,-0.00047672689163670963,0.0,0.0,-0.0006588348469134575,-0.001866203371275174,-0.0010176576250261653,0.00024856683955925554,0.0,0.0
20784458,64,31,36,3.22297598277639,187.83404602959746,-21.69769195454629,495.67242906293296,502.6905974393819,23,transition,False,3,3,2,2.838021818269071e-71,2.409859916795747e-05,2.409859916795747e-05,5.807424818578804e-10,1.4536849987898357,0.0031247917092376235,0.18494010838175928,0.007226116899284454,1.4536883572588144,0.18508122663765494,5.089551746256218e-05,2.5903536977819716e-09,CALIBRATED,-0.004358037512540955,-0.0003892441583291178,0.002216329167064922,0.00020611214342508875,0.0,0.0,-0.006398931946173029,-0.0005890727368191965,0.0030854706038984884,0.0002864469829184495,0.0,0.0
20784458,65,32,43,1.9336989373489963,-141.8747899619407,80.30766330578466,171.38335732752935,206.17134298220665,11,transition,False,3,2,3,3.6825041563626163e-09,0.0007542416186662188,0.0007544727793630488,5.692291747998037e-07,1.9410336829138357,0.007742612870715305,0.17926213216112807,0.003585526225386316,1.941049125153744,0.179297986673768,0.002571031059633247,6.6102007095988554e-06,CALIBRATED,0.0019349795201683093,0.013381210169774763,-0.013870967473993932,-0.019474807042620394,0.0,0.0,0.013940690736890728,0.03018883038903177,-0.017415820037768856,-0.03408829613761792,0.0,0.0
20784458,66,33,46,4.481469918130671,132.43345937546013,109.69326017720061,445.15637338710957,481.91292506374145,22,transition,False,3,2,3,1.2582219147097056e-57,2.8565433698636732e-05,2.8565433698636732e-05,8.15984002391211e-10,1.264278969295412,0.001696903395882595,-0.05847147228253172,0.02568002872676634,1.2642801080788246,0.06386217148120175,4.5522880362930886e-05,2.0723326365377187e-09,CALIBRATED,-0.002971338824863675,0.0021111123345379746,-0.0032799581186653357,0.002126419228952152,0.0,0.0,-0.004023159911860722,0.002721467154935346,-0.003879139848322341,0.0026235386881640534,-0.0,0.0
20784458,67,34,48,2.3271478928710145,176.4465162843071,-44.95020961302407,487.3098106697303,497.8412557783995,23,transition,False,4,4,3,6.506812559571123e-69,3.075157094830383e-05,3.075157094830383e-05,9.456591157885642e-10,1.7300984217997626,0.005583597035985626,0.19264000754115446,0.004255368341204718,1.7301074318289862,0.19268700180649287,9.190812153019653e-05,8.447102803209374e-09,CALIBRATED,-0.004884547057400466,-9.149410927637528e-05,0.002612754467639595,0.0002406530950171676,0.0,0.0,-0.008540799671935623,-0.00030593137255792414,0.0043396075979788545,0.00019254709790057187,0.0,0.0
20784458,68,34,85,2.7380177801733083,159.8249934520594,-49.135596622204915,471.5575170710109,494.1349280555629,23,transition,False,4,4,3,1.4137952417698102e-64,6.300431106779012e-06,6.300431106779012e-06,3.96954321312686e-11,1.5746595522691555,0.004139726036723603,0.19952627322594724,0.005203683040317542,1.5746649938587434,0.19959411821148296,1.4426811147716023e-05,2.0813287989186332e-10,CALIBRATED,-0.0006953760282987246,-0.0007125312772777359,-0.002148582547799367,-0.0008323313644453403,0.0,0.0,-0.0018658263229705285,-0.0010235466884767855,-0.002821032037303677,-0.0013927073279195355,0.0,0.0
20784458,69,35,44,1.5233265670473912,-82.25604941701476,126.93545301538882,243.73100339570777,363.084664042278,18,transition,False,4,4,3,8.763799242166735e-18,0.0004550348450901954,0.0004550348830693083,2.070567448098991e-07,2.280593026535973,0.011642119458651616,0.16056457838264623,0.00307078695603778,2.2806227420662974,0.160593939996895,0.0023505625080419306,5.525144104212371e-06,CALIBRATED,0.006414587153529274,0.0006302930823536427,0.01882194050747163,0.007695793713621833,0.0,0.0,0.013104996215061815,0.00476713999745689,0.043290212866760096,0.01679444635706672,0.0,0.0
20784458,70,35,45,4.0678779664670195,-78.10659598375315,149.23119870789185,257.2042427436405,378.3379414885936,18,transition,False,4,4,3,1.0109799240981135e-19,0.000244987528135173,0.0002449875290602154,6.001888939502988e-08,1.3052900189430727,0.0019808606231402,0.10230106287457597,0.01377866620559095,1.3052915219831986,0.10322479889868054,0.000417358106039568,1.741877886769353e-07,CALIBRATED,0.0014546563978072083,0.00039461261661842957,0.014686488473885333,0.005198349835647157,0.0,0.0,0.001711950911399568,0.0005972484699140619,0.01917627212763338,0.006807437966567355,0.0,0.0
20784458,71,35,56,4.751621879317604,-88.97702583146979,144.78773958881095,245.52223121692043,380.5912676066465,18,transition,False,4,4,3,4.909712056975319e-18,0.00013877257173698927,0.00013877253409372788,1.9257816218794867e-08,1.2374911765250625,0.0015114268615151407,-0.16348564265741644,0.033453817392042146,1.2374920995257066,0.16687334494522654,0.00021238491657130549,4.510735278700039e-08,CALIBRATED,-0.008494330992325872,0.004203942020949692,0.006167840629556966,-0.0033020430856395225,0.0,0.0,-0.010270783710693747,0.005230976832431829,0.007959168489600666,-0.004022988549842375,0.0,0.0
20784458,72,36,47,1.297631691050178,206.516519328155,-33.493098705164435,515.5496502896192,524.7850860952401,24,remote,True,4,2,4,4.80267574418185e-77,3.3575953661268854e-05,3.3575953661268854e-05,1.1273446642636733e-09,2.6611191626383666,0.017107627873515246,0.14948137118404614,0.002860236006843011,2.6611741522667356,0.1495087331264546,0.00023628203555742166,5.5829200327158675e-08,CALIBRATED,-0.004067582927274853,-0.0009274113271921407,0.0038758058829129107,0.001071802117549864,0.0,0.0,-0.011439957741561042,-0.0029176197883279517,0.009531625945428394,0.0024586589913838486,0.0,0.0
20784458,73,37,38,2.1648910144736817,47.687011350037416,76.31587140884692,356.17295108788403,403.6000117199678,19,transition,False,3,3,3,3.7502267970740594e-37,9.60847622326452e-05,9.60847622326452e-05,9.232281533303962e-09,1.807507565868511,0.00634194100937455,0.18750318442792466,0.003964390656151365,1.8075186917118387,0.18754508941555073,0.0003104259749069811,9.636428589694967e-08,CALIBRATED,0.00031805332541598235,0.0037852865705212293,-0.0006981907933732651,0.009009314042140915,0.0,0.0,-0.00032051005527677256,0.008053660766499398,-0.0008606945211269371,0.015643561020780974,0.0,0.0
20784458,74,37,141,3.1177100046101245,31.57056436244945,62.8254469507264,338.5807560373725,399.1268546958606,19,transition,False,3,3,2,1.212031143920286e-33,0.00010568340414688978,0.00010568340414688964,1.1168981912074812e-08,1.472876726340365,0.0032734503855178453,0.1925609327227407,0.006603032136140021,1.4728803639374575,0.19267411046750096,0.0002288868314112576,5.238918159348546e-08,CALIBRATED,-0.0017746334790480127,0.00963547987605297,-0.0009483244815938289,0.0029651793196566736,0.0,0.0,-0.002781680794385299,0.01408076985560433,-0.0010008618611159299,0.004677529174454562,0.0,0.0
20784458,75,38,60,3.0942568537146364,52.62071179149726,97.66876107600638,364.4985934030976,425.5154696705548,20,transition,False,3,3,3,7.099390807541215e-39,3.288512259745919e-05,3.288512259745919e-05,1.0814312882499212e-09,1.477152623358837,0.003306571384604717,0.1942588444918665,0.006464209496334933,1.4771563241953154,0.19436636712077449,7.048967575941743e-05,4.9687943886678005e-09,CALIBRATED,0.00026576398474946006,-0.000818333554033996,0.0013616615343906753,0.005503698771005931,0.0,0.0,2.2498523143178707e-05,-0.0002958341064501842,0.0019858807812093556,0.008152173285704735,0.0,0.0
20784458,76,38,147,2.417837236915716,62.517177541211694,91.79175010712831,373.1808633911324,425.03448513878004,20,transition,False,4,3,4,1.0284577808538711e-40,8.890749391996361e-05,8.890749391996361e-05,7.904542475128366e-09,1.6868325549348424,0.005159740012565751,0.19551110381278178,0.004418002897285073,1.686840446309314,0.19556101468261192,0.00025220361925245747,6.360666556403854e-08,CALIBRATED,-0.0024276094221401087,0.007933555080688041,-0.0017392747421884364,0.004128902222912827,0.0,0.0,-0.004341594982420454,0.013030950034949335,-0.0026042321545014986,0.007534353876291808,0.0,0.0
20784458,77,39,44,2.2082483885987756,-80.60956681815665,106.58357346435116,237.81143171106214,344.647095556577,17,transition,False,3,2,3,5.770097773650848e-17,0.00015410628821217303,0.00015410619020135552,2.3748717858376365e-08,1.7868227280160702,0.006139300580848506,0.18887581752511357,0.004042144083171069,1.7868332749214217,0.1889190656724967,0.00046579327131601636,2.1696337160327603e-07,CALIBRATED,-0.006451373324204931,-0.0006657187662591854,0.009761182833029713,-0.004094154449640237,0.0,0.0,-0.009111972502819907,0.002168228719903802,0.018603834691406907,-0.005653436779239632,0.0,0.0
20784458,78,40,49,2.5997443144495946,107.40738619850623,-80.17872166948044,426.78580499971974,452.7522126354757,21,transition,False,4,4,3,5.001915491841388e-53,8.2744002366741e-06,8.2744002366741e-06,6.846569927667241e-11,1.6170534569392636,0.004509206874529553,0.19870482019721222,0.004832849438351835,1.6170597439630547,0.19876358319194243,2.0446278671606448e-05,4.1805031151698876e-10,CALIBRATED,0.0006125835000479715,-0.0006438630003127732,-1.0860866494990772e-05,-0.0027357748757071165,0.0,0.0,0.00013604518484560963,-0.0006136007510380896,0.00010129735718012679,-0.004476717920870219,0.0,0.0
20784458,79,40,65,4.31418561095122,118.16891543177249,-76.71282828269887,436.350811391996,458.78644524342116,21,transition,False,4,4,3,2.130890669331567e-55,2.195712644427678e-05,2.195712644427678e-05,4.821154016899587e-10,1.28086658663036,0.0018117547314545606,0.006555717074171227,0.02086632000773066,1.2808678679712895,0.021871916628901117,3.5954864411400865e-05,1.2927522748422205e-09,CALIBRATED,-0.0029949396268129044,0.0017909384282467043,0.0027408724136482165,-0.0015058622228988911,0.0,0.0,-0.004004365991220768,0.00230647842009354,0.0033139027223104064,-0.0019021365525276736,0.0,0.0
20784458,80,40,182,1.5458678618135302,113.27985686082627,-59.16752536659843,427.6646952027316,449.72734744177694,21,transition,False,4,4,2,3.0444280593437904e-53,7.952002912400577e-06,7.952002912400577e-06,6.323435031882726e-11,2.261941412028988,0.011427923928439455,0.16159161407419811,0.003099061007698628,2.261970280285974,0.1616213287850153,3.4077432112226276e-05,1.1612713793633906e-09,CALIBRATED,3.387529523207221e-05,-0.0012055256248897797,-0.002253770613103651,-0.0011908322165687388,0.0,0.0,-0.0017630486499005688,-0.0015853122790775583,-0.004236908196172782,-0.0032410624007136726,0.0,0.0
20784458,81,41,68,1.8799853901117807,159.50079622252872,10.743906061620436,465.1222800957688,477.9730109341427,22,transition,False,4,4,3,7.606371007377276e-63,2.1320007688426287e-05,2.1320007688426287e-05,4.54542727834556e-10,1.9854785290180723,0.008253018410832466,0.1768148135529997,0.003518152118209748,1.9854956815628328,0.1768498111000091,8.191784021109298e-05,6.7105325448501625e-09,CALIBRATED,-0.0019197219481432162,0.0005666235568469755,-0.0040351064255822,0.001015642264429181,0.0,0.0,-0.004898873343743186,0.0012770635777165883,-0.007266670126716316,0.001866412082315649,0.0,0.0
20784458,82,41,120,2.755278505982151,147.27224415539354,11.443328653169186,452.8759400284724,469.4706230859183,22,transition,False,4,4,4,1.2858903506115943e-59,1.1255211871206702e-05,1.1255211871206702e-05,1.2667979426575226e-10,1.5693675061007384,0.004093603612586691,0.19962881549911315,0.005249974330484704,1.569372845054797,0.19969783726432722,2.7640955162090094e-05,7.64022402272675e-10,CALIBRATED,-0.001568191485959913,0.0003621695498371169,0.0028507896599673246,-0.000733361347743191,0.0,0.0,-0.0026538643402461777,0.0006522422533262226,0.004358743378196515,-0.00108346455025708,0.0,0.0
20784458,83,42,54,2.3943312400484196,-132.0405268833118,30.325468457707785,173.24574277986804,173.2475197056041,8,transition,False,5,5,3,2.4090708057931368e-09,0.006762173801035431,0.006769171505615759,4.5821682872440323e-05,1.6980467426842476,0.005269600569719833,0.19476693722212574,0.004375849241792156,1.6980549193211474,0.19481608735285277,0.019516178483541504,0.00038088122260144836,CALIBRATED,0.07130997974753418,0.0359556306815622,-0.017789903359796452,-0.008646979516700069,0.0,0.0,0.12118619672757108,0.0614663440675108,-0.028950052445481024,-0.01462419969181994,0.0,0.0
20784458,84,42,130,1.2666748787629558,-112.1679161689606,22.041051662696876,193.22196168735684,194.77778255206292,9,transition,False,5,5,4,1.9046901473885242e-11,0.0036593147968144385,0.0036596576894347235,1.33930944038387e-05,2.716376663038273,0.01790979353950211,0.14794852538082845,0.0028325033062741394,2.7164357044118623,0.14797563731013863,0.02667470635972221,0.0007115399593774045,CALIBRATED,0.03928620680338027,0.026123013375476144,-0.03154100950745157,-0.020952435082164222,0.0,0.0,0.11390339331255948,0.07679492534815795,-0.07323707708969975,-0.049392239590190845,0.0,0.0
20784458,85,42,143,4.672840907870011,-121.96074608013917,15.428354598474971,183.79109759609972,187.9367293904975,9,transition,False,5,5,4,1.998740053705927e-10,7.344292103373672e-06,7.315422677364533e-06,5.351540894849927e-11,1.2453029589312048,0.0015655150180252835,-0.13286169929773156,0.031186846535388096,1.2453039429633577,0.13647289304877616,9.247594919189187e-06,8.551801178941365e-11,CALIBRATED,-0.0010139411599397075,-0.0002489122922065589,0.001414070405533755,0.0020556735053326755,0.0,0.0,0.00026872272702897207,0.00018392127303177712,0.0016564500454868888,0.0025293732874568263,0.0,0.0
20784458,86,43,59,4.694075161516867,-156.0579444051326,98.72380931977202,164.86731344500967,198.73949104469895,11,transition,False,3,3,3,1.5677146118620303e-08,0.0002450619514902394,0.00024393557734758427,5.9504565895899263e-08,1.243197407730222,0.0015509363499342046,-0.14111593339789225,0.03179787523046131,1.243198375156075,0.14465410995865394,0.00037302256428922346,1.3914583346890785e-07,CALIBRATED,-0.00443539291818457,0.006079074152218546,0.009599873991128164,-0.009754493519152689,0.0,0.0,-0.007351576415390889,0.007940504174036179,0.010742387486075084,-0.011854382862849646,0.0,0.0
20784458,87,43,129,2.1325956336926417,-160.1452542459889,86.46173781455684,156.2345219065375,186.89227406759878,10,transition,False,4,3,4,9.799678834335748e-08,0.0049321115358073745,0.00497168102975665,2.4717612261642143e-05,1.822914972989414,0.006492880726849139,0.1864807583829692,0.003906474867123477,1.82292653616352,0.18652167110814444,0.016462893081476186,0.00027102684861211645,CALIBRATED,0.06335761374811297,0.029427941362871617,0.0072290879636201935,0.006263414744307402,0.0,0.0,0.11411592588111592,0.054330759091565664,0.01974515009894412,0.009937112552258995,0.0,0.0
20784458,88,45,56,3.487066570099536,-87.91744041490722,156.7749396871323,252.32801937988475,390.71375242825235,19,transition,False,3,3,3,5.225896061523945e-19,0.00010860689587443843,0.00010860689925860041,1.179545856656778e-08,1.4055369200956946,0.0027518378089041676,0.1658210348581422,0.008789307817351181,1.4055396139431353,0.16605380915032744,0.00021148044132538436,4.4723977063179334e-08,CALIBRATED,0.0023406734578512584,0.009383297022804615,-0.0004007071401233878,0.0038628121611063676,0.0,0.0,0.0026747116194978248,0.01320971062478385,0.0008679898954581039,0.005392262774454061,0.0,0.0
20784458,89,45,58,1.940213280009175,-80.67283513580705,171.57197963077286,266.23841944618175,400.82562868914175,19,transition,False,3,3,2,4.435153968815839e-21,0.00031881276370271394,0.00031881276289712267,1.0164157778609695e-07,1.9356434420547979,0.007680711232208864,0.17955894130578523,0.0035936973115116362,1.9356586806807594,0.17959489988087413,0.0011817607986851306,1.396558585308918e-06,CALIBRATED,-0.00604825937303042,-0.0032963296427787436,0.01599180277677942,0.003953198235403883,0.0,0.0,-0.010988244738131469,-0.0034346320829861574,0.031167002321288988,0.008822728887331039,0.0,0.0
20784458,90,46,63,1.210509834998657,151.81860337120884,118.64122238612933,465.87673766382454,503.26356522810954,23,transition,False,3,3,3,4.7807143696097283e-63,6.649478474150565e-05,6.649478474150565e-05,4.421556397819173e-09,2.816630523140902,0.01936516527863194,0.14516747832653665,0.002782187778735286,2.816697092964606,0.1451941367015956,0.0005244753394148462,2.750743816543181e-07,CALIBRATED,-0.008043994665643671,0.001239060957188456,-3.370309235450389e-05,-0.0005025202548542666,0.0,0.0,-0.02264928934492024,0.0032749429344749396,-0.0008700571563863364,5.2734291331157576e-05,0.0,0.0
20784458,91,46,107,5.679049342163317,129.2676835749155,122.8986033005418,444.65540329139446,495.49243990870144,23,transition,False,3,3,3,1.6894835853093412e-57,1.4594031075080788e-05,1.4594031075080788e-05,2.129857430204237e-10,1.1709160186418222,0.0010700885348652925,-7.460162814000901,10.503407143801137,1.1709165076133687,12.883151432776632,2.4714582667462758e-05,6.108105964268506e-10,CALIBRATED,-0.003492271875122055,8.869474812470599e-05,0.0015438213406145898,-8.256594473717577e-05,0.0,0.0,-0.0044323773136329195,0.0008653589142315996,0.0009322362757605973,0.0018576069263358437,0.0,0.0
20784458,92,47,62,3.133924582026772,226.28891663850595,-40.035682186727676,535.9820423661408,545.611825974818,25,remote,True,4,4,3,3.2528175810255455e-83,2.1209041699053793e-05,2.1209041699053793e-05,4.498234497922026e-10,1.4699205408989895,0.003250551841684483,0.19138706393428614,0.006699008597909856,1.4699241349961067,0.19150426877117233,4.576194887961224e-05,2.0941559652602437e-09,CALIBRATED,-0.004012566597064259,-0.00224422811678619,-0.0002508575883591902,-9.41362489526043e-05,0.0,0.0,-0.005895323003276913,-0.0033131295811961465,-0.0001548630967753276,-7.940633543068565e-05,0.0,0.0
20784458,93,47,84,5.0767111407852,209.1960887440789,-51.53115971316531,520.6798867433642,534.6331914361342,25,remote,True,4,4,4,1.4290069463564514e-78,1.2892748712140407e-06,1.2892748712140407e-06,1.6622296935439812e-12,1.2081238179695508,0.0013103063703296437,-1.073422899308119,1.2225678699149884,1.2081245285350797,1.6269323640850963,1.8839783527879112e-06,3.549374433773451e-12,CALIBRATED,-0.00024333082190901428,-0.000452314043133567,-0.0005574011209733648,-0.000845447206539194,0.0,0.0,-0.0003130324181227422,-0.0004487848823759369,-0.0006626480983955766,-0.0010702703794068498,0.0,0.0
20784458,94,47,150,2.478180187421117,220.4233667995747,-49.96449010765666,531.5422810142018,545.9692501069528,26,remote,True,4,4,4,7.467239531994915e-82,1.241867072573454e-05,1.241867072573454e-05,1.5422338259421606e-10,1.6580442767715746,0.0048777136768919024,0.19742147621694925,0.0045262168122869,1.658051451501336,0.19747335493759982,3.380597115487961e-05,1.1428436857245522e-09,CALIBRATED,-0.0014574733167970813,-0.00029792228710470475,0.0030796814221248016,0.0008492625657738112,0.0,0.0,-0.002799486859065943,-0.0007200269925514001,0.004875973424495156,0.001294329469034484,0.0,0.0
20784458,95,48,84,1.486836568432416,195.03981655747538,-56.38330803174816,507.48716706002654,519.6684533653649,24,remote,True,4,3,4,1.121631882690509e-74,3.407777679959891e-05,3.407777679959891e-05,1.1612948716032816e-09,2.323390959533658,0.012204873188533265,0.15884996829775452,0.0030297354424414697,2.323423015675854,0.15887885864723728,0.00018286506139790514,3.343963068005962e-08,CALIBRATED,-0.004416522222837723,-0.000531824879832723,0.0037023710075086017,0.0007627053656098789,0.0,0.0,-0.010693880301726022,-0.001672693340042178,0.00800099207444614,0.001300849070834073,0.0,0.0
20784458,96,48,87,5.386274543406319,179.3209185214464,-60.5094255540603,492.7270129668738,513.6637520707254,24,transition,False,4,3,4,1.945101172423771e-70,3.851408466144069e-06,3.851408466144069e-06,1.4833347173086214e-11,1.1890013832018695,0.001186849730278445,-4.355799702115769,5.9923270819832695,1.1890019755527077,7.408169470417233,6.673163645238531e-06,4.4531113036133204e-11,CALIBRATED,-0.0007197009572506588,-0.0007166001594976861,-0.001335839392156951,-0.0010175737457531978,0.0,0.0,-0.0014130706986490973,8.24214042672211e-06,-0.0012111311794226797,-0.0017915044457687788,0.0,0.0
20784458,97,49,65,2.6117605158891237,116.77578662629122,-87.92649418199169,437.849522048479,464.9093054409513,22,transition,False,3,3,3,8.961116442285005e-56,3.1285719686564415e-05,3.1285719686564415e-05,9.787962563062842e-10,1.6133693538782896,0.004477098355719491,0.19877620587496847,0.004865075514688634,1.6133755658380775,0.19883573366427743,8.121904680086823e-05,6.596533563241624e-09,CALIBRATED,-0.005226586800103148,0.00036759419955853024,-0.0019363076965690149,0.0002899950279064657,0.0,0.0,-0.008538479643503129,0.0006405285333262557,-0.002801059189583427,0.00023917105342420312,0.0,0.0
20784458,98,49,100,2.5112902350407467,112.82439486501164,-100.35406010375257,437.54271069772597,473.64212081694967,22,transition,False,3,3,2,1.0702405792504398e-55,2.9055926932171636e-05,2.9055926932171636e-05,8.442468898876971e-10,1.644173004355784,0.004745565218455334,0.19817933346659428,0.0045956257258769825,1.644179852887624,0.19823261081132923,7.813577670951994e-05,6.105199601999959e-09,CALIBRATED,-0.0021245440367285615,0.0022631401439557807,0.003416012456113739,-0.002784114788701128,0.0,0.0,-0.003935903127411224,0.003575715266214664,0.005301408605585595,-0.004664093739703018,0.0,0.0
20784458,99,50,55,1.5316818426159564,62.273433051442154,18.19316763097448,367.69914677072495,385.869805404801,18,transition,False,2,2,2,1.5077651484795936e-39,0.00010111575218698686,0.00010111575218698686,1.0224395340340137e-08,2.2736795204298996,0.011562724610261366,0.1609452648654191,0.0030812671656050275,2.2737089211732338,0.16097475730668379,0.0005193506920359486,2.6972514131821876e-07,CALIBRATED,-0.0028727514259602573,0.006646674856168497,-0.0030381072809153053,0.006281295164029236,0.0,0.0,-0.007309452922984318,0.01591480501307793,-0.0061290595471386045,0.013231636348765157,0.0,0.0
20784458,100,51,52,3.166030789467797,74.61743627373457,-120.1418703550513,407.98323612678615,460.8555719561933,21,transition,False,2,2,2,1.60686565209192e-48,2.0568609940925512e-05,2.0568609940925512e-05,4.230677149019398e-10,1.464067048663201,0.0032052108266509044,0.18906270642176962,0.006889049948471002,1.4640705571651316,0.18918817608063349,4.3787796546672134e-05,1.917371126412752e-09,CALIBRATED,0.0002603319924711317,0.0010321550781477984,0.0005457633181619283,-0.004374658328352527,0.0,0.0,-9.12901297114139e-05,0.001503399867767735,0.000703251859018168,-0.006405051781154689,0.0,0.0
20784458,101,52,53,3.644916709089369,80.84499432191316,-142.68498908420912,422.41687485210207,484.2430618018424,22,transition,False,2,2,2,5.8135957860764926e-52,2.0034284988690583e-05,2.0034284988690583e-05,4.0137257500807284e-10,1.376758230968604,0.0025289187507084245,0.15439333331205501,0.009723645940438277,1.376760553607579,0.1546992264414477,3.780978867231914e-05,1.4295801194454327e-09,CALIBRATED,-0.00019337101643033416,0.0012880258211852315,0.0015821953019038663,-0.0039792637697554974,0.0,0.0,-0.0006142559804341966,0.001751903101688185,0.0020785564865219383,-0.005481141917288116,0.0,0.0
20784458,102,53,69,3.004635933695358,92.321474615461,-162.32078667619368,441.0706801897799,506.9867234903563,23,transition,False,2,2,2,1.3785966824070253e-56,2.3290607937870823e-05,2.3290607937870823e-05,5.424524181156114e-10,1.4934919982432948,0.0034331358033197388,0.20074703089968482,0.00593373012687714,1.4934959441652975,0.20083470708086693,5.167623848751031e-05,2.670433624218042e-09,CALIBRATED,-0.002355664810453634,0.002424722561441216,0.0027235562758150056,-0.0021081776374793277,0.0,0.0,-0.003671545785502362,0.0033136237398485777,0.0039381476045518525,-0.003421531994289191,0.0,0.0
20784458,103,54,57,3.447093443948944,-154.63998557209575,33.5653901876353,150.71906187389263,150.41700009167263,7,transition,False,5,3,5,3.0014541837017267e-07,0.011340426376959959,0.01145096759435929,0.0001311246588470666,1.4128246816288026,0.002808288640633898,0.16871492496452012,0.008552701021180583,1.4128274726606278,0.16893156780347882,0.022840175093934247,0.0005216735983215743,CALIBRATED,0.1011593434587042,0.03376110564080807,-0.008557576845606677,-0.002170357068536158,0.0,0.0,0.14302753015223554,0.048001644106270384,-0.008460915279564317,-0.0027487794041353947,0.0,0.0
20784458,104,54,86,3.7064717854943368,-149.14118137291712,43.01146003791486,156.79859629922757,160.49208332525345,8,transition,False,3,3,3,8.719888883200615e-08,0.0015081118034770942,0.0015176434019086476,2.303241495356853e-06,1.3655357232192318,0.0024419894660896364,0.1499369986752646,0.01008799946538769,1.365537906724095,0.15027598379301985,0.0028177833822835715,7.939903189473444e-06,CALIBRATED,0.016286782724564512,0.008300895172872377,-0.029864484992971275,-0.017076058849308642,0.0,0.0,0.02405692366823092,0.01329945460480773,-0.03961027529264027,-0.02220807070324645,0.0,0.0
20784458,105,55,73,3.7780213588929143,82.45413837355109,25.716723050562518,387.74287028717794,407.4073250727992,19,transition,False,2,2,2,6.769313349770253e-44,6.471813604864959e-05,6.471813604864959e-05,4.188437133611517e-09,1.3524910534888728,0.0023409457570476985,0.14475710351786175,0.010511511883841852,1.3524930793887557,0.14513824754683066,0.00011830684205398806,1.3996508876787279e-08,CALIBRATED,-0.0049172441492880406,0.006358674131411265,-0.0002856626962175006,0.0001565443689599279,0.0,0.0,-0.006665770110842477,0.008574185459835421,-0.00038051175031088205,0.00046141672229048684,0.0,0.0
20784458,106,56,61,3.2935486986654077,-106.7147499544732,160.8644713154518,238.5709606834571,404.5305274129596,19,transition,False,3,3,3,4.542443451808236e-17,0.0002766664684563311,0.00027666632257692227,7.654425404823761e-08,1.4408184263279937,0.003025127537505036,0.17983093369469458,0.007643847154872958,1.4408216020878137,0.17999331407814206,0.0005716932507123966,3.268331729101071e-07,CALIBRATED,-0.010822288290232152,0.0035982156302413167,0.01086096758991348,-0.005351320026793615,0.0,0.0,-0.015104432706238376,0.006079150062413372,0.01612880193222821,-0.006815793870469098,0.0,0.0
20784458,107,57,86,1.8600167646106769,-160.8465656343698,43.66378436986507,145.21273452125425,148.768536603279,7,transition,False,5,5,3,8.814962093899024e-07,0.00896100535538103,0.009026572796790241,8.14790164557536e-05,2.002001408867921,0.008442767507820546,0.17590499487072622,0.003493105023316936,2.0020192110547623,0.1759396743295103,0.03549676404620175,0.0012600202577517214,CALIBRATED,0.03538733208742273,0.0069056413971668685,0.08579796283668771,0.019113639488407063,0.0,0.0,0.0906272221940689,0.01993461901851404,0.1600568667181649,0.035607317008431075,0.0,0.0
20784458,108,57,93,2.757168870506991,-171.57426575989223,44.323694488972876,134.62273933708855,142.93276678715162,7,source,False,5,5,4,6.2537131206435164e-06,0.0016386631405832935,0.0016503129415582495,2.723532805074642e-06,1.5687879304530292,0.004088552365301169,0.19964004574966207,0.005255044071682739,1.5687932582069386,0.1997091969718032,0.0035988391508769064,1.2951643233884412e-05,CALIBRATED,0.003579639646294614,0.005126859038787502,-0.03591500266644864,-0.017925596822039577,0.0,0.0,0.021802054776774563,0.012523648081294799,-0.04788396595975353,-0.02595753457261446,0.0,0.0
20784458,109,57,99,1.901170750834833,-176.64232253671082,30.491042399161913,128.64916253818063,128.20091478779972,6,source,False,5,5,4,1.7689309267652845e-05,0.04889803797636002,0.050631262258210706,0.002563524717859712,1.967948871316627,0.008051707455987642,0.17778006962310178,0.0035447253913846806,1.9679653427104205,0.1778154049380853,0.1960790453490989,0.03844699202501398,CALIBRATED,0.20815137339927017,0.03874574009255967,0.0745690269566896,0.015572278369609834,0.0,0.0,0.40887876164231857,0.07881211041698771,0.14783985019789161,0.02879641595803926,0.0,0.0
20784458,110,57,166,4.2746615881497405,-168.0831881353762,22.20543803447952,137.34452105993424,135.93186339684132,7,source,False,5,5,4,3.833443454486963e-06,0.0001127573264210263,0.00012276420973681703,1.50710511923052e-08,1.2847857191349135,0.0018388904914219155,0.02191959763287435,0.019728991967947737,1.2847870351195392,0.02949070844280376,0.00019328684636307758,3.7359804976983957e-08,CALIBRATED,0.0035344497981501244,-0.0011708225281776756,0.010401533500020002,0.000842110335197741,0.0,0.0,0.0020551752454103173,0.00013678891745725363,0.01372213089895455,0.000864588606071046,0.0,0.0
20784458,111,58,78,1.841575916288523,-80.0802591061545,191.99872808122225,278.22079022035456,421.260970590095,20,transition,False,2,2,2,5.938177033460581e-23,0.00024612234031482367,0.00024612234041448364,6.057620645110297e-08,2.0172601416805223,0.00861799911385319,0.1750647853971428,0.0034699742536100564,2.0172785502061052,0.17509917135003347,0.0009834977390072645,9.672678026324013e-07,CALIBRATED,0.0064664236036552575,0.0036588541918120936,0.010019859471048853,0.009514352756549731,0.0,0.0,0.009453122404155176,0.007936853814661238,0.021621428923980602,0.019069776575232244,0.0,0.0
20784458,112,59,82,3.371469501951225,-171.33868510423042,117.07074979701812,160.50971236564254,208.4481482318588,11,transition,False,3,3,2,4.0030203538467656e-08,0.0005746564673446772,0.000568586780314344,3.232909267482321e-07,1.4266121760918749,0.002915086252818876,0.17418978766922896,0.008105071817438497,1.4266151543781722,0.17437825070064472,0.001140869248502658,1.3015826421790197e-06,CALIBRATED,-0.015068454132582189,0.009943228610802738,0.01079657214328325,-0.011229189869122556,0.0,0.0,-0.019330667567680378,0.015253654771152893,0.017748472128079663,-0.014815947257322147,0.0,0.0
20784458,113,59,129,5.850686593138747,-166.94945727521224,96.76475475901387,154.20296802643713,187.6731932278526,10,transition,False,4,3,4,1.4869644248492074e-07,0.001625699507856727,0.0016359100495921697,2.6762016903566554e-06,1.1603135956561217,0.0010016380716204969,-9.280074749097937,13.147997402347022,1.1603140279869344,16.093154539771536,0.0025512224588065966,6.5087360343191765e-06,CALIBRATED,0.013432211875340612,0.002721395900574457,0.03763578188578397,0.0056238474309106236,0.0,0.0,-0.0027722688124825947,0.005710675748023924,0.049781979173296256,0.005716617577585717,0.0,0.0
20784458,114,60,95,2.7224574472090985,62.14915351233936,115.03820776674628,377.45310657668864,445.32680178048474,21,transition,False,5,3,5,1.2341556489175103e-41,7.451540326236533e-05,7.451540326236533e-05,5.552545323352925e-09,1.5794302670904499,0.004181304837327642,0.19943383262228787,0.005161952009054947,1.5794358017695915,0.19950062491871676,0.00018544552406866857,3.439004239710313e-08,CALIBRATED,-0.002567612481687338,0.007002819063570065,-0.0019334356796334475,0.0038916732958804174,0.0,0.0,-0.004327925530808036,0.010873896442987885,-0.0026625676766954235,0.0064330159476438985,0.0,0.0
20784458,115,60,147,3.0199298229672316,62.29101369563829,103.33666348148031,375.086084197654,436.5816135656374,21,transition,False,4,3,4,4.0071927054018096e-41,2.51084718080832e-05,2.51084718080832e-05,6.304353565373089e-10,1.4907036694669247,0.0034115374733185494,0.19963981615032605,0.006024256900489323,1.4907075731846557,0.19973068833741872,5.5772354182884993e-05,3.1105554911011693e-09,CALIBRATED,-0.0037998429390772633,0.0019426164895440716,0.0022999177332883648,-0.0012673930097191822,0.0,0.0,-0.005695526477428323,0.0029474384854726193,0.003391631759057881,-0.0017727867082936745,0.0,0.0
20784458,116,61,70,4.60492882425396,-115.48947149373294,181.67067658934974,243.81215390905103,427.1113581326459,20,transition,False,3,3,3,8.537525811994907e-18,0.00016187942392629348,0.00016187941819843272,2.6204946036263073e-08,1.252037001558608,0.0016121409905166027,-0.10646273817956839,0.0292326346039618,1.252038039466231,0.11040317724857411,0.0002535245468105166,6.427469583547782e-08,CALIBRATED,-0.0009801573358941698,0.00025056873412219094,0.012554189653893889,0.0018022894436992053,0.0,0.0,-0.00108525401607023,-0.00019807783454460284,0.01572523758895618,0.0022415259252263568,0.0,0.0
20784458,117,61,117,2.0204900352005524,-123.92348099585311,175.31968553658308,233.2604200856116,427.00481588297237,20,transition,False,3,3,3,2.381017022973517e-16,0.00038874818107706747,0.00038874770576075664,1.5112477873425182e-07,1.8763980580228683,0.007016831426747677,0.18293165380789875,0.0037054342218642436,1.876411177774014,0.18296917829969472,0.0013604610390382699,1.850854238741089e-06,CALIBRATED,-0.015401792012020432,0.007103110315846285,0.008346281292868468,-0.005605169132189696,0.0,0.0,-0.027814299903551765,0.01404642470213382,0.01747983282567319,-0.00916401426162972,0.0,0.0
20784458,118,62,66,3.2839701646395874,248.5335463125818,-44.4274672924423,558.6080103721654,568.2858491236011,26,remote,True,3,3,3,2.5175768729391763e-90,1.6789472646525486e-05,1.6789472646525486e-05,2.8188639174842747e-10,1.4425647513853324,0.0030386545308773334,0.18052438020539524,0.0075871504071799625,1.4425679517307959,0.1806837477468388,3.483261229234313e-05,1.2133108791086937e-09,CALIBRATED,-0.0028586295399417715,-0.002293409826889002,0.0013926602074802138,0.0011909990395999116,0.0,0.0,-0.004187373080966638,-0.003407152911845626,0.001842688201194136,0.0015147039980210253,0.0,0.0
20784458,119,62,150,3.063902674412123,231.98780332636412,-49.72277858624264,542.9473998821574,556.8509160685285,26,remote,True,4,3,4,2.2614613648996822e-85,4.704160541709325e-06,4.704160541709325e-06,2.2129126402174973e-11,1.4826866919092059,0.003349438151182964,0.19645636236524563,0.006284538657279249,1.4826904751500203,0.19655685625263633,1.0035642342190419e-05,1.0071411722036519e-10,CALIBRATED,-0.0004861246593965915,-0.0005946125982081062,-0.001405632499428888,-0.0014623530667514514,0.0,0.0,-0.0010476141445046705,-0.001139261772000265,-0.0018849516161625235,-0.002021679244096173,0.0,0.0
20784458,120,63,64,3.7379716513921046,174.22562344928167,120.24672092756218,488.17946156266584,525.7280299300717,24,transition,False,3,3,2,3.713470902071625e-69,2.991869836212723e-05,2.991869836212723e-05,8.951285116839545e-10,1.3597927770677856,0.0023975047384602556,0.14765653779936608,0.010274451791427844,1.359794890634132,0.14801357206185517,5.528813653508619e-05,3.0567780415223327e-09,CALIBRATED,-0.005452391258094576,-0.000128920245211016,-0.00041379004689562083,-4.780479312702581e-05,0.0,0.0,-0.007398274896834651,-0.00019266142958084738,-0.0007183424082407122,-2.3040052673936904e-05,0.0,0.0
20784458,121,63,174,4.925947751831487,166.01373460426822,131.00092124782546,482.2839160412444,522.0854648845095,24,transition,False,3,3,2,1.6315784062900303e-67,1.1523480784922877e-05,1.1523480784922877e-05,1.3279060940048675e-10,1.2202053299707931,0.0013917410426804427,-0.23125004753714246,0.038470151479933594,1.220206123666105,0.23442810633714484,1.7110438048396436e-05,2.9276709020801243e-10,CALIBRATED,-0.000588112017098282,0.0005924257445136719,-0.0025699589639905517,0.002054737866714268,0.0,0.0,-0.0009662241723879609,0.0007646592232561361,-0.00306401120922111,0.00249077909079596,-0.0,0.0
20784458,122,64,81,1.9137524683589966,195.55791666507275,126.84560935165484,510.3772089976148,548.0576529066942,25,remote,True,2,2,2,1.6039406152211723e-75,4.1254710415826516e-05,4.1254710415826516e-05,1.701951131493705e-09,1.9575382295353487,0.007932151428526605,0.17835332298287554,0.0035605069219023858,1.9575543004265994,0.17838885903714627,0.00015774223591322,2.4882612990901954e-08,CALIBRATED,-0.005496664549700545,-0.0003928150750041089,-0.0032537141448922137,-0.0005481147909604955,0.0,0.0,-0.010851370157531204,-0.0010610031702021274,-0.006198835267349491,-0.0006623558096267861,0.0,0.0
20784458,123,65,67,2.861173411136246,138.96243350520464,-84.10704851246746,458.31939707404626,480.85553871543465,22,transition,False,5,3,5,4.8416127260473604e-61,3.9240760705582385e-05,3.9240760705582385e-05,1.5398373007527785e-09,1.5369006948390393,0.0038106415990801,0.2002579144380249,0.005533972340533679,1.5369054189461753,0.2003343633651828,9.238766941148414e-05,8.535481459285682e-09,CALIBRATED,-0.006233316009971809,0.000375043047960327,-0.0003772189998190444,0.000321839655362208,0.0,0.0,-0.00958901733017711,0.0005654806264854132,-0.00033536378792946916,7.860562233359709e-05,0.0,0.0
20784458,124,66,71,2.7659133839823795,270.32029124820167,-46.56773099326534,580.4880075159979,590.1774681500418,27,remote,True,3,3,3,1.7561078153082701e-97,1.6425685967784273e-05,1.6425685967784273e-05,2.698031595122652e-10,1.5661069094145978,0.004065186131236076,0.1996919950303254,0.005278495855526758,1.5661121854625948,0.19976174658249338,4.0168714244153126e-05,1.6135256040284301e-09,CALIBRATED,-0.0023611278601868594,-0.003106813881646313,-0.0007160022536835991,-0.0008281361440991877,0.0,0.0,-0.003739489682262841,-0.004913322701196437,-0.0008758987270307302,-0.0011300409790342013,0.0,0.0
20784458,125,66,135,4.6147163350805265,264.2336704204126,-60.29801683461449,576.411031556213,590.6100118127555,27,remote,True,3,3,2,3.970773037023591e-96,2.6018441217936475e-06,2.6018441217936475e-06,6.769592834112157e-12,1.2510664892195242,0.0016054212407127532,-0.11026736474963367,0.029514276241470315,1.2510675192911955,0.11414895632850337,4.011013698704783e-06,1.608823089119742e-11,CALIBRATED,-0.0004384481447287392,-0.00020857429657859233,0.0012814341653718303,0.0008508998700212147,0.0,0.0,-0.0007042626841074153,-0.0004532087116215548,0.001532072217032974,0.0009810119040993335,0.0,0.0
20784458,126,67,76,2.7813467162224335,160.74033276254588,-88.50400698665966,480.51100598577426,503.072877437403,23,transition,False,5,5,4,5.0435443696077776e-67,2.754973616204658e-05,2.754973616204658e-05,7.589879625983771e-10,1.561375132335731,0.004023946689551822,0.199783681149898,0.005319886285389479,1.5613803175470675,0.19985449818278697,6.709979319663425e-05,4.502382247031083e-09,CALIBRATED,-0.004700730530819293,0.00024374074657824708,0.002322023465725788,-4.081803212095676e-05,0.0,0.0,-0.007425794251514195,0.0003250790178848321,0.003440016569002334,-0.00013409909743702301,0.0,0.0
20784458,127,67,80,4.518906997098192,152.75292070323218,-95.78259540479854,474.6240923466542,498.9247371590287,23,transition,False,5,5,3,2.0761001089455044e-65,6.2560471058717206e-06,6.2560471058717206e-06,3.9138125390885934e-11,1.2605667744666087,0.0016712004558290456,-0.07302411062637446,0.026757303675502962,1.2605678822658117,0.07777193602293862,9.938739737492204e-06,9.87785475696066e-11,CALIBRATED,-0.00030694301372699817,0.0003263899384059993,0.0017439431959243073,-0.0017360774261802236,0.0,0.0,-0.00043330362596018127,0.00043103568333934433,0.0021922451159164047,-0.002181572207526218,-0.0,0.0
20784458,128,67,85,5.552852405668428,151.77822061243296,-71.05298029669694,467.79784822637686,499.14906478778573,23,transition,False,5,5,3,1.4603525028751436e-63,1.538113487329604e-06,1.538113487329604e-06,2.365793099905236e-12,1.1787114901528983,0.001120416996280617,-6.12206569583738,8.558962176196212,1.1787120226555388,10.523094692993418,3.257004769823711e-06,1.0608080070654404e-11,CALIBRATED,8.821173283690092e-05,-0.0001783766406535794,-3.121203483750784e-05,-0.0012237400706318156,0.0,0.0,-0.00018156086351226431,0.0008848781588214716,-4.131527236370165e-06,-0.0015623744740579353,0.0,0.0
20784458,129,67,87,5.274363452647314,161.30872622761757,-77.395328496269,478.47899251433,504.1880050233843,23,transition,False,5,5,4,1.8292533075827583e-66,8.840384596966555e-06,8.840384596966555e-06,7.815239982228351e-11,1.1959143855616425,0.0012314808692715814,-3.169178915633955,4.267998716418405,1.1959150196140245,5.315967272533566,1.3240523521780652e-05,1.7531146313082672e-10,CALIBRATED,-0.0025110927882866876,-0.0007523506013744966,-0.0013062056952442374,-0.0005124381522721501,0.0,0.0,-0.0028446538153414345,-0.001333003761602391,-0.0018319620254984626,0.0001244359326300704,0.0,0.0
20784458,130,68,91,2.880197293343649,176.26276120312187,24.234229621422273,481.5605943754413,499.4893372878392,23,transition,False,3,3,2,2.5869678700185147e-67,3.4854827172839286e-05,3.4854827172839286e-05,1.2148589772484959e-09,1.5310680743537217,0.0037598078407771324,0.20037093124552138,0.005584992214270254,1.5310726907825811,0.2004487521194156,8.170260201385198e-05,6.675315175833889e-09,CALIBRATED,-0.005374617048451355,0.0007980378024501331,-0.002288981436385283,0.0003033453561198244,0.0,0.0,-0.008223834787654585,0.0011828172319290043,-0.0035245381959111517,0.0004997172206652374,0.0,0.0
20784458,131,68,120,4.497075549559316,153.52077568908126,20.423267062779047,458.87184471954936,478.075607474975,22,transition,False,4,3,4,3.4633610342050764e-61,2.551571381679119e-05,2.551571381679119e-05,6.510516515803889e-10,1.2627315423623469,0.0016861891355778248,-0.064537733769049,0.026129090359269275,1.2627326681885571,0.06962649239368236,4.065572287483687e-05,1.6528878024755338e-09,CALIBRATED,-0.00485066311189106,0.001344608555769521,0.0004095023672466236,-0.00010543640121581465,0.0,0.0,-0.006137305716263528,0.001692043328528542,0.0003432508268024866,-9.148586905837844e-05,0.0,0.0
20784458,132,69,105,3.0659398292296594,106.58846177785773,-180.30035629611865,461.823869591171,529.9391056414473,24,transition,False,2,2,2,5.742271841386038e-62,2.038422036774488e-05,2.038422036774488e-05,4.1551644000078514e-10,1.4823152849179113,0.0033465612412465506,0.19630888072597083,0.006296596875414726,1.4823190626087925,0.19640983627123904,4.454490186129449e-05,1.9842482818323575e-09,CALIBRATED,-0.0017538257134049537,0.0019255764362620176,0.002857470127549472,-0.0023313806195083982,0.0,0.0,-0.0027345667746614196,0.002511307835055096,0.004158241409292466,-0.0036700691758941857,0.0,0.0
20784458,133,70,72,2.9883503932334428,-122.80948405684398,203.44268418009213,252.7012759786409,450.080966280271,21,transition,False,3,3,3,4.61353572396492e-19,0.0002271105806050676,0.00022711056858242215,5.1579210361831077e-08,1.4979089126699752,0.0034708117000538117,0.20101344563544107,0.005875046444024118,1.4979129337815347,0.20109928268631855,0.0005062350479666643,2.5627392378981094e-07,CALIBRATED,-0.008850199958779406,-0.0012370202741541665,0.012133228410693291,-0.0001976826935263446,0.0,0.0,-0.012733876129860155,-0.0006696917191353535,0.018528530599295528,0.000573160979422724,0.0,0.0
20784458,134,70,117,1.1156438342926869,-124.7713228432635,187.59290006308063,240.53113251682825,438.12160315024613,21,transition,False,3,3,3,2.4413659099575565e-17,0.00016471004719134517,0.00016471009549397974,2.7129415557635923e-08,2.98596507940306,0.02182337214856943,0.14047012933268643,0.0026972019485621023,2.986044828026943,0.14049602176963225,0.001367221701427993,1.869295180855656e-06,CALIBRATED,0.004887925802975481,0.009148541968395086,-0.0004949359031275056,0.007541716989048009,0.0,0.0,0.00867988453999464,0.028277955550308365,0.005947825864352731,0.021374328134060164,0.0,0.0
20784458,135,71,74,4.891432500979089,293.58413842707864,-41.41066215332535,602.9426961861259,614.0060632530273,28,remote,True,3,3,2,4.1143442649074305e-105,7.96998063841953e-06,7.96998063841953e-06,6.352059137678219e-11,1.2236278014686435,0.0014154379615656484,-0.21783318978930072,0.03747695393038904,1.2236286201260616,0.2210335283383089,1.192309941012113e-05,1.4216029954363085e-10,CALIBRATED,-0.0012115332497011388,-0.0024564836530278343,-0.0002867129280430241,-0.0006210085205439224,0.0,0.0,-0.0014860165927159065,-0.0030323175744699352,-0.00031787710375916943,-0.0006471926844152293,0.0,0.0
20784458,136,71,79,2.7304184158688436,286.7572826763908,-54.11214687462247,597.7876779358568,608.2631779287935,28,remote,True,3,3,3,2.4638629789998444e-103,3.592431372289953e-06,3.592431372289953e-06,1.2905563164613074e-11,1.5769894766996362,0.004160032315121344,0.19948112703111015,0.005183302415423788,1.5769949636857612,0.19954845693598247,8.582429106736506e-06,7.365808937215798e-11,CALIBRATED,-0.000428830262872295,-0.00034534744741505544,0.001209316669940339,0.0013516006474928702,0.0,0.0,-0.0009043868020848012,-0.0009463777090270071,0.0017795489460342968,0.0019240811831823385,0.0,0.0
20784458,137,72,96,3.63862312009552,-130.01137969352231,224.73824066881838,263.02279348585677,472.56135833481795,22,transition,False,3,3,2,1.3664339771100908e-20,0.0001563599134307027,0.0001563599135002963,2.4448422549820144e-08,1.3779056562563277,0.0025378066803621972,0.15484896329841868,0.009686393264161743,1.377907993302139,0.15515162792914233,0.0002946242655828465,8.680345787023167e-08,CALIBRATED,0.00029767693623302673,-0.0007017739529953048,0.011592092687956223,0.004626251438763399,0.0,0.0,-0.0008214440010507547,-0.0004526280781538796,0.01588477408322459,0.00643572649230585,0.0,0.0
20784458,138,72,167,1.8783393327995377,-137.66891985683333,205.91871301675872,243.98329770734225,464.5222182442483,22,transition,False,3,3,3,8.07906191654868e-18,8.885102531069793e-05,8.885104660025117e-05,7.894508481960006e-09,1.9868405460079073,0.008268659842365722,0.17673981521649984,0.0035160874315994213,1.9868577518273896,0.1767747865324384,0.00030774673999870106,9.470805597982812e-08,CALIBRATED,0.0037450381678912634,0.006406793791556048,-0.0011736133210106597,0.005692219321715741,0.0,0.0,0.0035475269370457453,0.013042159444423732,0.002207597997302222,0.01096313735835559,0.0,0.0
20784458,139,73,83,3.569044819286617,106.09354176526097,26.984423772053017,411.37465816828865,431.0806952983343,20,transition,False,2,2,2,2.559098603703452e-49,5.137966546893122e-05,5.137966546893122e-05,2.6398700236992832e-09,1.3905909304143669,0.002636066519640386,0.15988614641917118,0.009274549097274013,1.3905934289350683,0.16015491587126007,9.933300378342991e-05,9.867045640638902e-09,CALIBRATED,-0.005502944465505026,0.004573734225922068,-0.00037651224766728324,0.00019094877974060715,0.0,0.0,-0.007670658870301176,0.006343440072266809,-0.00039865335241516607,0.00030958009152337796,0.0,0.0
20784458,140,74,125,2.845324155484551,316.69060310797454,-42.00149992433212,625.9649135075073,637.1200806303924,29,remote,True,2,2,2,3.094381176162026e-113,9.580749945689968e-06,9.580749945689968e-06,9.179076952183833e-11,1.5417599918102505,0.0038529924306452087,0.20016375740659348,0.005491466451706555,1.5417648062844782,0.20023907206865452,2.2715885821377806e-05,5.160114686498732e-10,CALIBRATED,-0.0008150426183239762,-0.0028026624984388393,0.00026404697529180276,0.0009959003919516125,0.0,0.0,-0.0012538523508728468,-0.004383816411605595,0.0003761755737713904,0.001335809009785326,0.0,0.0
20784458,141,75,119,3.5184396493279664,-59.04326937833869,42.92598115656555,246.64987182416644,265.53779930485166,13,transition,False,4,4,3,3.401707836977508e-18,3.8731210492675535e-05,3.873120729987924e-05,1.500106418906219e-09,1.399817089249472,0.002707532131892679,0.1635497528162091,0.008975009674500907,1.3998197077070706,0.16379582548068947,6.998287090198036e-05,4.897602219683249e-09,CALIBRATED,-0.000865550172049765,0.0017500523637147647,-0.0006367113055190236,-0.005874857073769921,0.0,0.0,-6.221419049400518e-05,0.003930091134903115,-0.00021838841952294283,-0.007381442302562268,0.0,0.0
20784458,142,76,77,2.2318865423761025,180.29496430830824,-99.49071470962743,502.1883563152327,525.502575640465,24,remote,True,4,4,2,3.855274545670126e-73,2.7016371757375955e-05,2.7016371757375955e-05,7.298843429327411e-10,1.7755454911473347,0.006028822358685375,0.18962416801648754,0.004084534737625906,1.7755557264790822,0.18966815367891357,8.46867018460526e-05,7.1718374695622085e-09,CALIBRATED,-0.004208987825224655,-8.01511789744708e-05,0.0030064971201177433,0.0005053158415479332,0.0,0.0,-0.007585796713780134,-0.0004999938654878321,0.00516834314576002,0.0004250003828293283,0.0,0.0
20784458,143,76,80,1.6126445180533366,163.10570231492625,-100.5331061617334,485.8636709912639,510.3154105171399,24,transition,False,4,4,3,1.6499426217570661e-68,1.2369207999351266e-05,1.2369207999351266e-05,1.5299730653121536e-10,2.206687600605463,0.010793388005038707,0.16463411939753003,0.003182820465522638,2.2067139968492797,0.16466488276471072,5.711457935430972e-05,3.262075174819742e-09,CALIBRATED,-0.0010795507935893022,-0.0020834880079742685,-0.002039263994606445,-0.0016444628801955833,0.0,0.0,-0.003433778877330469,-0.004354900256046963,-0.0033036391341186144,-0.003929956005772955,0.0,0.0
20784458,144,76,87,2.2464207398857283,171.66150783931164,-82.14583925320386,489.6325959170642,515.5786783814955,24,transition,False,4,4,4,1.4514079299116664e-69,5.853548096994651e-06,5.853548096994651e-06,3.4264025323829704e-11,1.7686115491162846,0.005960893521409962,0.1900843001380785,0.004110599131241953,1.7686215943268013,0.19012874107877767,1.6818612489492515e-05,2.828657260717136e-10,CALIBRATED,0.0007234025704097078,7.55579559574115e-05,0.0010177615943366986,-0.0020709150514939133,0.0,0.0,0.00022236162281872663,-0.00014907965801397627,0.0018664323719164144,-0.003641891439186352,0.0,0.0
20784458,145,77,102,3.0189083722662957,199.31357293290586,-111.73513807574011,523.7479201366166,548.121889900279,25,remote,True,2,2,2,1.7177123156632215e-79,1.9909422371239968e-05,1.9909422371239968e-05,3.963850991564305e-10,1.490889896811221,0.0034129799860062363,0.19971376498451165,0.006018210783983845,1.4908938033428665,0.1998044213357883,4.4193889909339526e-05,1.953099905318822e-09,CALIBRATED,-0.0036593366967926947,-0.0009105201306136323,0.0022642525179671852,0.0007501939331752123,0.0,0.0,-0.005466927078637766,-0.0014808559406011847,0.003349717488303679,0.0009450167500818907,0.0,0.0
20784458,146,78,94,4.058705533039074,-83.87268159693352,211.04586035030877,286.8792688837547,440.681982819756,21,transition,False,2,2,2,2.3373260846596404e-24,0.0001553817024999539,0.00015538170247400036,2.414347346371877e-08,1.306199541290377,0.0019871580831196016,0.10586659496445053,0.013514723798133024,1.3062010528492307,0.10672574051608565,0.00026388761641512936,6.963667409725845e-08,CALIBRATED,-0.008488030709510931,-0.0020381352522518856,0.008814991917706886,0.001215302156951169,0.0,0.0,-0.010663316066077901,-0.0020462541443825796,0.011886374716742783,0.002169849524697359,0.0,0.0
20784458,147,79,134,3.9081896747660743,297.06852832925233,-75.01680791389475,611.1968741826215,626.5943719483867,29,remote,True,3,3,2,5.4537390698605535e-108,3.2461773034038364e-06,3.2461773034038364e-06,1.0537667085134203e-11,1.3287592182134418,0.0021571195116793637,0.13533345223649615,0.011281997236066786,1.3287609691557711,0.1358028967138868,5.637240502205897e-06,3.1778480479710595e-11,CALIBRATED,-0.00045628457441877323,-0.00034989957429532454,0.0010924707144928114,0.0013122727294411142,0.0,0.0,-0.0006512634792038909,-0.0007136895457755178,0.0014278417026364722,0.0016324863513438803,0.0,0.0
20784458,148,79,135,3.998736465439915,280.67066184860164,-67.8424327159716,593.8354492838197,608.6957215915072,28,remote,True,3,3,2,5.545066931126424e-102,6.973072820544125e-06,6.973072820544125e-06,4.8623744560611196e-11,1.312251041806793,0.002029247560290333,0.12877823659716542,0.011817956969717741,1.3122526108065757,0.12931936563412927,1.19705917743329e-05,1.4329506742772648e-10,CALIBRATED,-0.0011461105983838612,-0.002185395201277824,-0.0004954442863000922,-0.000798802910748805,0.0,0.0,-0.001543044605060231,-0.0029016275637375423,-0.0005140481127421597,-0.0009517967956828684,0.0,0.0
20784458,149,80,88,2.4297879266514286,159.6386437416819,-118.07523446480575,487.5106587003885,522.2565810214841,24,transition,False,3,3,3,5.716754619447938e-69,1.5912468957199685e-05,1.5912468957199685e-05,2.5320666831384366e-10,1.6811311469414794,0.005103885779275709,0.19588944573492278,0.004439434247798135,1.6811388945791543,0.19593974463282274,4.42958637575084e-05,1.962123546023746e-09,CALIBRATED,-0.0009732280882739844,0.0011537010167107767,0.003180044799684899,-0.001876588682005677,0.0,0.0,-0.002173434719794059,0.0015273010640910682,0.005121596828198132,-0.0033179274653493,0.0,0.0
20784458,150,81,103,1.5988960445656701,214.42941491563323,137.671459617786,531.0254592252653,569.8138584629395,26,remote,True,3,2,3,1.073602775808448e-81,4.350755713130931e-05,4.350755713130931e-05,1.8929075275341438e-09,2.2180636652997,0.010924030969378192,0.16400770582534255,0.003165575446827793,2.2180905657288568,0.16403825297168237,0.00021364397525019182,4.564374816070457e-08,CALIBRATED,-0.0055993907512407815,-0.001140560384183253,-0.003145073825459307,-0.000980822608156548,0.0,0.0,-0.012324482616343828,-0.002876807049599359,-0.007108598250458938,-0.0017154928162420662,0.0,0.0
20784458,151,82,92,2.4085703092845208,-189.87359728617525,130.05077584104728,153.644051882175,231.07609656342615,12,transition,False,2,2,2,1.6661171565652445e-07,0.0007899513195425908,0.0007764381011320436,6.028561248895335e-07,1.6912535997815281,0.0052030510807334705,0.19521772600029863,0.004401384377464427,1.6912616032165237,0.1952673365649408,0.0021874821113706273,4.785077987566497e-06,CALIBRATED,-0.016348883485224334,0.019456545956288155,0.004330463671341258,-0.010575538461971717,0.0,0.0,-0.025566789501575576,0.03342990614819296,0.011830433551713053,-0.016622382586568774,0.0,0.0
20784458,152,83,120,4.30015386521514,129.5778243494184,24.34716157265557,434.87667676651455,454.7125949342275,21,transition,False,4,2,4,4.981187827226769e-55,3.2462522980144625e-05,3.2462522980144625e-05,1.0538153982364178e-09,1.2822579498295494,0.0018213884189496243,0.01201017363599556,0.020462547903031064,1.282259243428119,0.023726781017462183,5.331894606066366e-05,2.842910009019961e-09,CALIBRATED,-0.00491287607625108,0.002344552142676367,0.0014937517950268783,-0.0007732738613648195,0.0,0.0,-0.006349207800131199,0.003039623219701335,0.0017519810767617093,-0.0008353199149656287,0.0,0.0
20784458,153,84,98,2.448000305942678,208.5729304039702,-72.88031418914636,523.7793522136881,541.006128555962,25,remote,True,4,4,1,1.680723117833116e-79,9.381612022122869e-06,9.381612022122869e-06,8.801464413364034e-11,1.6724424262763455,0.005018766133113337,0.19646602388565673,0.004472094779775733,1.6724499565674928,0.1965169157430442,2.558376970608482e-05,6.545292723739834e-10,CALIBRATED,-0.0009539427671279528,0.00029180962886983,0.0028959018197973344,1.4318161909662255e-05,0.0,0.0,-0.002137831175970028,0.00012629817351606691,0.004580314713878849,-0.00013495726111203027,0.0,0.0
20784458,154,84,150,2.6721173416372004,214.8949754319371,-61.21825611268027,527.8736299325072,540.1038162658721,25,remote,True,4,4,4,9.753354310851005e-81,2.1838997365896712e-05,2.1838997365896712e-05,4.769418059476435e-10,1.5948642740818015,0.004315818746302118,0.1991347728426516,0.005026945610142075,1.5948701135308554,0.19919821268591184,5.523620114522399e-05,3.051037916955644e-09,CALIBRATED,-0.004041814602247172,-0.00213043584666081,-0.0009175773123504437,-0.00034932372676448867,0.0,0.0,-0.006504504283334236,-0.0034251071375698394,-0.0009777952271694777,-0.00049008444497177,0.0,0.0
20784458,155,85,87,2.8959313386182757,162.69939568919872,-64.69481256324114,477.18993957771596,509.95742434788883,24,transition,False,4,3,4,4.1304748637050515e-66,1.420050290611667e-05,1.420050290611667e-05,2.0165428278662798e-10,1.5262441002676126,0.0037177648631189185,0.2004644038367915,0.005627189122058332,1.5262486282966063,0.20054336803558384,3.290469085353921e-05,1.0827186801669867e-09,CALIBRATED,-0.0029541427902742166,0.0007266239938508072,0.0022088612212065855,-0.000257862284558232,0.0,0.0,-0.0046601969654456316,0.0009602319881760478,0.0031486929392823414,-0.0005924039160805189,0.0,0.0
20784458,156,86,93,1.4959560241859968,-166.07546156071356,53.76976433925243,141.4562014959829,153.86277516945697,8,source,False,4,3,4,1.7965229024589738e-06,0.015407779906170451,0.015722602150087032,0.00024720021836992137,2.3071128516563038,0.011968566096248174,0.15930152381806487,0.003037905118744657,2.3071438960004382,0.1593304878492123,0.08351124176105658,0.00697412750047364,CALIBRATED,0.11811098146170555,0.03993699401541426,-0.013086075311717123,-0.0024878404668536723,0.0,0.0,0.2727834766964737,0.09356005455526416,-0.017707288972370058,-0.005777950441631033,0.0,0.0
20784458,157,88,89,2.607954139825651,165.63510456007785,-139.54595975645782,500.0385728387447,544.548947134038,25,remote,True,5,3,5,1.60218257682892e-72,1.1786806948972878e-05,1.1786806948972878e-05,1.3892881805235532e-10,1.6145363684108962,0.0044872693817335964,0.1987535930104577,0.0048548672499383015,1.6145426041167046,0.19881287803002395,3.0469065113069785e-05,9.283639288644863e-10,CALIBRATED,-5.073885435063193e-05,0.00045144953810516463,0.00251903306381632,-0.0022879900033821957,0.0,0.0,-0.00047511346930194896,0.0005198750633446255,0.0040258162770676125,-0.003710237933902292,0.0,0.0
20784458,158,88,139,2.385022872156515,174.24273254418725,-133.195789309033,506.0870693662392,543.2782505210445,25,remote,True,3,3,2,2.866335967801861e-74,1.5362048504884645e-05,1.5362048504884645e-05,2.359925342664286e-10,1.7024875577566592,0.005313105318255835,0.1944722474696427,0.0043591564065326325,1.7024958482781558,0.19452109726317748,4.42998234658588e-05,1.962474359106254e-09,CALIBRATED,-0.0035495183626519052,-0.00020192497269998737,0.0016028859324565446,0.00039108936448669604,0.0,0.0,-0.0059788589091651625,-0.0005358288222439972,0.00285777508175551,0.0003147676373216788,0.0,0.0
20784458,159,89,101,4.065442557598022,177.19448864459616,-157.31926359890187,517.0616167729522,563.9311386501184,26,remote,True,5,5,2,1.710740270863387e-77,1.2147126837784176e-05,1.2147126837784176e-05,1.4755269041321661e-10,1.305531509798098,0.001982532686503371,0.10324776132080506,0.013708585819063515,1.3055330150982603,0.1041538551514852,2.0670429457525935e-05,4.272666539585559e-10,CALIBRATED,-0.0028951255676344023,-0.0003993858050660551,0.001850982873373944,0.00042394358893823984,0.0,0.0,-0.0037609120428198067,-0.0006174257852463969,0.00244327751894791,0.00041850977146955617,0.0,0.0
20784458,160,89,123,5.65536871961044,154.3415544821999,-149.5344016869687,492.9388871840022,539.7886310169274,25,transition,False,5,5,3,1.6942494095923922e-70,8.501967724473364e-06,8.501967724473364e-06,7.228345518798679e-11,1.1723788245038564,0.0010795325778947492,-7.209071355884509,10.138535629233436,1.1723793215233844,12.440281930867577,1.3227483566342067e-05,1.7496632149784944e-10,CALIBRATED,-0.0026951319900094654,-0.0010985755905407242,0.00016317944804307647,6.881439170289551e-05,0.0,0.0,-0.003049429575166466,-0.001352461500434134,0.0013343550806396859,-0.0005646301807879602,0.0,0.0
20784458,161,89,127,5.122765536173819,159.59074723445457,-160.81450433452687,501.9840502226653,552.2302844556699,26,remote,True,5,5,2,4.415337313759702e-73,7.721908017344978e-06,7.721908017344978e-06,5.962786342833665e-11,1.205278933321924,0.0012919394675687665,-1.561748966960093,1.9321749319938315,1.2052796257372074,2.4844234348488756,1.122131518196043e-05,1.2591791441289564e-10,CALIBRATED,-0.00014168216857244316,-0.0016452266904887734,-0.000230919233671313,-0.002223002389759759,0.0,0.0,-0.0002438219936701004,-0.0019739122764384177,-0.00021925530891942976,-0.0026865337242996815,0.0,0.0
20784458,162,89,139,1.3930759101323176,175.71883987651387,-144.4029747157516,511.1697685882604,554.5822275909574,26,remote,True,5,5,2,9.390997193928434e-76,1.6243135896427012e-05,1.6243135896427012e-05,2.6383946374979574e-10,2.4907524942240924,0.014634437970941756,0.15420735102021407,0.0029457398347008707,2.49079548623693,0.15423548389344544,9.947897678457386e-05,9.896066822105786e-09,CALIBRATED,-0.001090264060996996,-0.0029398772421113644,-0.001371610467357001,-0.002128442317958778,0.0,0.0,-0.0033060012412397866,-0.007296516362729697,-0.0025265593470266815,-0.005378352853045694,0.0,0.0
20784458,163,90,95,5.800124115133947,84.51705921554263,118.15788235329467,399.9465552524217,460.2236313162781,22,transition,False,5,4,5,1.1759269362811973e-46,1.783600722061074e-05,1.783600722061074e-05,3.1812315357367843e-10,1.1634369548101833,0.0010218028378502285,-8.743948374047866,12.36892971150772,1.1634374035155617,15.147509873779015,4.577032953546232e-05,2.094923065784814e-09,CALIBRATED,-0.003528840590006256,0.002162801076746215,0.0008252963108952956,-0.000156425102151369,0.0,0.0,-0.0050264332903967295,0.0020621671253251033,-0.0033234619662680896,-0.0022819652097811785,0.0,0.0
20784458,164,90,107,3.5479075973699636,107.22187841256326,121.51827144283774,422.8312475210965,474.83820541817914,22,transition,False,4,4,3,4.611856717965514e-52,3.628733582162214e-05,3.628733582162214e-05,1.3167707410311811e-09,1.3944445953046392,0.002665916918459726,0.16141639444506925,0.00914943478075033,1.3944471436692518,0.16167549150212404,7.023249075136778e-05,4.932602757140961e-09,CALIBRATED,-0.0036346615210904125,0.0037250349021215688,-0.0024256099483794123,0.0018212915211535587,0.0,0.0,-0.005210714169035622,0.004958035805335359,-0.003166861258745118,0.0029102954009603598,0.0,0.0
20784458,165,90,118,3.34435503871401,92.03236177158638,125.95303070488664,409.0590155714798,471.05156326712654,23,transition,False,4,4,3,8.986664962508933e-49,1.7192293956297547e-05,1.7192293956297547e-05,2.9557497147974516e-10,1.4315555908607525,0.0029533778289112626,0.17615276340963806,0.007944577332912227,1.4315586373478657,0.17633182459740654,3.482134883695013e-05,1.212526334824568e-09,CALIBRATED,-0.0009053370855492933,-0.0017014738461667224,0.0025000826667410073,0.00268835119136218,0.0,0.0,-0.0016028368900329313,-0.0020346584175542004,0.0034196709561127533,0.004051947484444291,0.0,0.0
20784458,166,91,158,2.5358780668756644,193.57418630019646,37.73092433591829,498.9352603699771,521.440332871364,24,transition,False,2,2,2,3.320386025759103e-72,2.3094465462014505e-05,2.3094465462014505e-05,5.333543349761808e-10,1.636634506688148,0.0046798640178768395,0.19832540450650862,0.004661567475410392,1.6366411975780104,0.1983801811774505,6.140784240806769e-05,3.770923109214076e-09,CALIBRATED,-0.0025508580212252815,0.000301115797731753,-0.004050884510432419,0.00029538581052619906,0.0,0.0,-0.004646042194911916,0.00040982822438516897,-0.006275795824229678,0.0005182296115086401,0.0,0.0
20784458,167,92,111,2.4428170304443384,-210.69388739819442,138.16511397682478,144.7287802049956,253.4217217220646,13,transition,False,3,2,3,9.671883256073236e-07,0.0007781604648414576,0.0007516369519470321,5.649581075322251e-07,1.6749152516120853,0.005042991335615721,0.19630192871973773,0.004462799534357494,1.6749228435496324,0.1963526516214458,0.0020800141487619717,4.32645885904999e-06,CALIBRATED,-0.012993102859795982,0.023004824436800787,0.000523364941934108,-0.007302079963361219,0.0,0.0,-0.020547492921792365,0.03867025754471461,0.005419901315403959,-0.011534753337093471,0.0,0.0
20784458,168,93,97,2.740245102734047,-183.90310645439604,63.310579317786555,126.23517409169911,149.18544112281376,8,source,False,5,4,5,2.6569457482232716e-05,0.0041111815563537124,0.0043285339113611045,1.8736205821803064e-05,1.5739766670907498,0.004133774403114809,0.19953950527197944,0.005209656464384228,1.5739820953990935,0.19960750157412224,0.010001556733977412,0.00010003113710296892,CALIBRATED,0.023660793182843986,0.011766242805518318,-0.05635922309347768,-0.021304794762235752,0.0,0.0,0.05513736142037147,0.023019265274479613,-0.07427411822531109,-0.03024726264726101,0.0,0.0
20784458,169,93,190,1.118639884435968,-186.89656664655303,51.32767285469045,120.53963550430976,136.83429335326056,7,source,False,4,4,3,6.729115184309715e-05,0.028860085413389473,0.03148420512713818,0.0009912551724877143,2.9806171695325454,0.021745737263678292,0.1406184806178817,0.002699885963981456,2.980696493841891,0.14064439724176742,0.27935813040749174,0.07804096502476916,CALIBRATED,0.16404803193008052,0.03480667382792823,0.05625608668655919,0.014007016625820818,0.0,0.0,0.4928465559337436,0.1099835589612106,0.15227848439460867,0.034282395780427945,0.0,0.0
20784458,170,94,131,2.205869405897179,-96.9149490451706,229.9172856111754,289.7170935892994,463.6217175952023,22,transition,False,2,2,2,7.922882159056761e-25,0.000269402073697441,0.0002694020736858111,7.25774773062152e-08,1.7879576876954622,0.006150419290960348,0.1888005022999703,0.0040378778179370155,1.7879682661184895,0.18884367642575084,0.0008587984303820907,7.375347440267426e-07,CALIBRATED,-0.00653289260618975,-0.002722895771011329,0.014252916419518032,0.00402039799525423,0.0,0.0,-0.012570571299532074,-0.0040468291497602485,0.024997914932921392,0.007714051492215203,0.0,0.0
20784458,171,95,106,5.164892142002326,65.58944774103247,131.74609633140037,384.9385752184892,462.3852062975806,22,transition,False,5,5,2,2.8360927199588816e-43,1.33063493018332e-05,1.33063493018332e-05,1.770589317423969e-10,1.2026766771601214,0.001275139002241429,-2.0084277170375078,2.5812625325381937,1.2026773531435544,3.2705807063043077,2.0542850666850712e-05,4.2200871352052873e-10,CALIBRATED,-0.0012487297219450453,-0.0015107637984643348,0.0024150281829362435,0.001905847581586085,0.0,0.0,-0.0010842714302951614,-0.0005512894779721257,0.00314320264570391,0.003030439435430704,0.0,0.0
20784458,172,95,118,1.655863901696911,79.41906163479862,128.65788943472614,397.4914484399233,465.6902092091462,22,transition,False,5,5,3,4.290773201758434e-46,8.10800294581211e-05,8.10800294581211e-05,6.573971176929785e-09,2.1709260664383856,0.010382701800407531,0.16660329863187923,0.003237031507903579,2.1709508945248666,0.16663474273994092,0.00037958649619671057,1.4408590809489537e-07,CALIBRATED,-0.0017438322497779581,0.006164742929689626,-0.0026498213943685536,0.005745734916574547,0.0,0.0,-0.0046897311708496625,0.012712561545557765,-0.005002384758770815,0.013075161315161472,0.0,0.0
20784458,173,95,147,3.4048083069822255,72.0456192620538,109.16119679786823,385.82381317090153,444.84581724871,21,transition,False,5,5,4,1.8063613109873557e-43,3.072819033682161e-05,3.072819033682161e-05,9.442216813759369e-10,1.4205339609442933,0.0028680045393250355,0.17177619515524326,0.008302409093908291,1.4205368561378902,0.17197671708337386,6.147414067127431e-05,3.779069971271623e-09,CALIBRATED,0.0003334894108442683,-0.00045136637318249925,0.0009973298269006193,0.005423889449759353,0.0,0.0,4.5640220705471494e-05,-0.00015688251427208348,0.0013959796004935974,0.0077135391665077895,0.0,0.0
20784458,174,96,114,5.429901717544052,-140.38389555270805,244.8227395055219,271.90799808641316,495.1661405450186,23,transition,False,2,2,2,5.899782007363838e-22,0.00015467164158237154,0.00015467164111520367,2.3923316565270362e-08,1.1863064335260252,0.0011694508249544678,-4.818389346593251,6.664535469596335,1.1863070099432396,8.223922964186313,0.0002273706182379507,5.169739803790792e-08,CALIBRATED,-0.009616676199930722,-0.0008288647799149539,0.007829022725475024,0.00045887506088458543,0.0,0.0,-0.009277371416361499,-0.0016790408835710147,0.011765322682194667,-0.00024290272942500263,0.0,0.0
20784458,175,97,121,4.032749926464508,-202.80496313500623,74.45160418901781,112.25550516992519,161.65342038773835,8,source,False,5,5,2,0.0002408257329676923,0.03597834232902097,0.04187904780984026,0.0017538546454588862,1.30877325353401,0.002004978260821456,0.11595612560871973,0.012767835271752482,1.3087747892986878,0.11665693585771826,0.07172163584744157,0.0051439930486330155,CALIBRATED,0.19787695670407573,0.032096585067625895,-0.040664149486368276,-0.00632408008492618,0.0,0.0,0.2595223924638567,0.04243748222438324,-0.05001863379747275,-0.008182911020349336,0.0,0.0
20784458,176,97,129,3.4567287515609095,-181.01990916931229,78.34708371550579,133.83906411311435,164.49587191647024,9,source,False,5,5,4,7.18700216458736e-06,0.01034295484760867,0.010769872717116359,0.00011599015834288731,1.4110680058084126,0.0027946814704911845,0.16801736827943303,0.008609733820056423,1.4110707732997136,0.1682378184594619,0.02128089802833466,0.00045287662089237804,CALIBRATED,0.08096378001149665,0.019194240284827815,0.06032462980749361,0.014396500333187899,0.0,0.0,0.11997518770662091,0.028706014206920455,0.07570236357106,0.018220023633433256,0.0,0.0
20784458,177,97,137,4.358967183373753,-190.98409277209464,84.37095301363287,127.16649098776259,169.25613682371463,8,source,False,5,5,2,2.2731033378285382e-05,0.0015217875902068974,0.00150174121569686,2.2552266789226828e-06,1.2764261247632143,0.0017810093286821217,-0.010851891796678531,0.0221549372681126,1.2764273672921096,0.02466991692164413,0.002446271816963489,5.984245802469849e-06,CALIBRATED,0.00028154610497101596,-0.0004885565823059306,0.03872723971652565,-0.0012744268877733088,0.0,0.0,8.532917912116812e-05,7.756027895589476e-06,0.049435158208558136,-0.001558720190906218,0.0,0.0
20784458,178,97,190,4.702295539106409,-193.99651141471304,60.208577714116764,115.67810607763438,144.90670056344237,7,source,False,5,5,3,0.00014378051413533642,0.002687645493180486,0.0028208809067474397,7.957369090052258e-06,1.2423822895634125,0.0015452925369490935,-0.14431137987527937,0.03203442164622339,1.2423832505913188,0.14782414732280788,0.00435134930708641,1.8934240792281383e-05,CALIBRATED,0.011551136842038559,0.0012432207640571448,0.051672265903836695,0.003985408749294315,0.0,0.0,0.01611331468961926,0.0012002508738789782,0.06374980609779365,0.005121720134210267,0.0,0.0
20784458,179,99,113,4.027776303623572,-197.83711151844784,21.70762498461618,107.66283968020979,105.25821439184575,5,source,False,4,4,3,0.00046958517555568,0.12221376139711382,0.13574549071915942,0.018426838250585397,1.3092664292170422,0.002008392969801301,0.11788948516718337,0.012624716218696746,1.3092679696368752,0.11856354487187945,0.23194712437443693,0.05379946850557051,CALIBRATED,0.3230588376131312,0.0341306652595677,0.17283070421894728,0.018523593801798324,0.0,0.0,0.43334137338090994,0.04646405566975268,0.203745265915464,0.02216611464688136,0.0,0.0
20784458,180,99,166,3.8251985417249905,-178.38014083853858,18.478765914055913,127.30225087055615,124.98127802142389,6,source,False,4,4,4,2.2217723849708862e-05,0.010963364001615164,0.01155696890666438,0.00013356353030960727,1.3438898733612856,0.0022743212153617885,0.14134166930513115,0.010790760548061894,1.3438917978245133,0.14175298231489403,0.02053654220298111,0.00042174956565482416,CALIBRATED,0.06532446558007333,0.015326016083178585,-0.08210847122614871,-0.017691672822688527,0.0,0.0,0.09910722032083683,0.022380726755854532,-0.09857651839013297,-0.022272722671864132,0.0,0.0
20784458,181,99,190,3.6981842529011253,-191.96462342337162,37.495020764879484,113.66032813783578,122.10244135390867,6,source,False,4,4,3,0.0001952422332168536,0.0015851821082965537,0.0010143082499617117,1.0288212259403902e-06,1.367046677379025,0.0024536932819511116,0.15053698198623777,0.010038944344513436,1.367048879427416,0.15087134701154198,0.0008436901069119055,7.118129965010225e-07,CALIBRATED,-0.013441423672849881,0.0001967935828196757,-0.026477701368132052,-0.011512123268730306,0.0,0.0,0.0074385840537818555,0.005257843760742682,-0.02407880984449884,-0.013450783235440706,0.0,0.0
20784458,182,100,108,2.0784242912102364,124.82916130576035,-119.05637094803043,454.7528487303078,495.8657759666527,23,transition,False,2,2,2,4.1692301904066705e-60,2.893362075701553e-05,2.893362075701553e-05,8.371544101107999e-10,1.8487589143744405,0.006746062665930464,0.18476577035357494,0.0038093285890275605,1.8487712224178665,0.18480503477624516,9.823336887561702e-05,9.649794760653041e-09,CALIBRATED,-0.0015377843091278656,0.0018202453025615622,0.0037445156769523587,-0.003038774351474003,0.0,0.0,-0.0034496557001241694,0.0030950731835387157,0.006626224901110219,-0.005731222380493035,0.0,0.0
20784458,183,101,171,1.2831811413654357,193.82518904612374,-172.27434463021444,538.0168291827583,586.297064620185,27,remote,True,2,2,2,7.6694229347791225e-84,2.3599923056980293e-05,2.3599923056980293e-05,5.569563682953901e-10,2.686913202656922,0.01748207646674208,0.1487658432339158,0.0028472904631047114,2.6869700745653398,0.14879308846878372,0.00016916429577908227,2.861655896643283e-08,CALIBRATED,-0.0029187865448472654,-6.98621103577627e-05,0.003808468884655011,0.0007558387412337575,0.0,0.0,-0.007921198356699943,-0.0010595225349260722,0.010157456291256728,0.0014568479886691607,0.0,0.0
20784458,184,102,109,4.0685706989563535,219.8013694424239,-123.30690433263555,546.6166571806783,571.651776855376,26,remote,True,2,2,2,1.6085975088212606e-86,1.4278404510490135e-05,1.4278404510490135e-05,2.0387283536518502e-10,1.3052213288092382,0.001980385018148103,0.102031782106302,0.013798600008588319,1.3052228312067538,0.1029606037374728,2.430474681308819e-05,5.907207176483206e-10,CALIBRATED,-0.003033077361231012,-0.0014785175004691424,0.0014794188072380949,0.0008391377865849851,0.0,0.0,-0.0039059642705503352,-0.0019699737971341103,0.00202510310910303,0.001032642516255569,0.0,0.0
20784458,185,103,104,4.46563235269624,236.00112299043303,142.56486169133666,553.1424249235719,591.9336227726651,27,remote,True,3,3,3,1.398722643911786e-88,1.0599758035389722e-05,1.0599758035389722e-05,1.12354870408809e-10,1.2658493943960862,0.001707776893660253,-0.052315052808294016,0.025224293050746006,1.2658505463896033,0.05807865107115096,1.697185405817381e-05,2.880438301719508e-10,CALIBRATED,-0.0025600461712819416,-0.002005126265802721,4.803284238462092e-05,0.00015193136784379823,0.0,0.0,-0.0032340200719392243,-0.00254636348609502,0.0001367278916300962,0.00010152198185828056,0.0,0.0
20784458,186,103,163,1.4155947510980411,230.38622742545036,151.50262694484886,549.578329922861,590.9307013875499,27,remote,True,3,3,3,1.8803438894513585e-87,3.0090668410639305e-05,3.0090668410639305e-05,9.054483253990462e-10,2.450556661005744,0.014050920492044938,0.15532238542838808,0.002965913367681791,2.450596943025575,0.15535070021493091,0.0001799901263898504,3.239644559783432e-08,CALIBRATED,-0.0032328934958312195,-0.0002922587750156672,-0.00433063160649316,-0.000894026147559627,0.0,0.0,-0.008146953816050424,-0.0013437347369774596,-0.010420589257588132,-0.0017952622065511058,0.0,0.0
20784458,187,104,126,3.1324441939576033,259.46352341001057,144.77978566159402,576.5640492000878,615.5003391676704,28,remote,True,3,3,2,3.53359517799441e-96,1.1007595767661677e-05,1.1007595767661677e-05,1.2116716458424325e-10,1.4701904401103727,0.003252642474713096,0.19149423794841824,0.006690245963813749,1.4701940381714924,0.19161107107498185,2.3695505264838885e-05,5.614769697560073e-10,CALIBRATED,-0.0021054766005840922,-0.002422390301609513,-0.00036859423613605475,-0.0007554651334178051,0.0,0.0,-0.0030460765555383276,-0.0036175145600299834,-0.0007105207716647736,-0.000908664692635637,0.0,0.0
20784458,188,104,163,1.110253426479904,242.6083440815819,150.9911036821943,561.3859325362055,602.6414201482141,28,remote,True,3,3,3,3.2182998229745685e-91,7.630807435048997e-06,7.630807435048997e-06,5.822922211079905e-11,2.9955868860382813,0.021963050615233345,0.1402032199391483,0.0026923729447089597,2.995667399328045,0.14022906886012826,6.407294936394627e-05,4.105342840194822e-09,CALIBRATED,0.0010732440591517812,-0.0010269899791249537,-0.0005491809164607613,0.0022633264299072395,0.0,0.0,0.0017520406493824754,-0.0038713925361839366,-0.002628058539766419,0.006253713382399117,0.0,0.0
20784458,189,105,154,2.529619229023261,111.38316607432091,-201.06199502135286,475.77295400462026,551.2471987482381,25,transition,False,2,2,2,1.008627545205865e-65,2.2250607252144706e-05,2.2250607252144706e-05,4.950895230891945e-10,1.6385534328817724,0.004696588272536213,0.19828822209205688,0.004644781988963096,1.6385601637871103,0.19834261523977612,5.923316205367037e-05,3.508567486876375e-09,CALIBRATED,0.0007042959318742973,-0.0005273494228823798,0.001889385345926011,-0.004231630902297091,0.0,0.0,0.000540921978090959,-0.0009645544214223873,0.0032031376626391215,-0.006910145392796437,0.0,0.0
20784458,190,106,110,3.2585576086717616,67.85002381608318,150.48511395576452,392.5247837006891,481.26008340227514,23,transition,False,3,2,3,5.743644460703206e-45,4.6476090730696346e-05,4.6476090730696346e-05,2.160027009607919e-09,1.447197880331579,0.003074542640187514,0.18236414485167318,0.007436729761384056,1.4472011462297358,0.1825157151508491,9.685610391332774e-05,9.381104865269341e-09,CALIBRATED,-0.00142782639348752,0.005019654304711031,-0.0016748007942524947,0.004054073936366233,0.0,0.0,-0.002314005555454834,0.006917772634492047,-0.00218274613481486,0.0062355050550116356,0.0,0.0
20784458,191,107,115,3.371109654092173,116.8574809473282,139.26017682068738,436.39392923449344,495.02780775810993,23,transition,False,3,3,2,2.0785283779506544e-55,1.8714488336252618e-05,1.8714488336252618e-05,3.5023207368773527e-10,1.4266777823037855,0.002915594437014005,0.17421583917581338,0.008102941825185244,1.4266807614915709,0.17440417508177725,3.7080782688622306e-05,1.3749844448008317e-09,CALIBRATED,0.0007051093512149566,-0.0003818648392824314,-0.0007390742961384205,0.004186317901018643,0.0,0.0,0.0001625176987138919,-0.0002661064103220292,-0.0010996024125245426,0.005981173179149954,0.0,0.0
20784458,192,108,123,2.6789864758801265,135.79784367325885,-138.55633373404498,471.6942526791169,518.2389863204446,24,transition,False,3,2,3,1.298233237149557e-64,2.039205307098754e-05,2.039205307098754e-05,4.158358284499724e-10,1.5927582342806248,0.0042974637172891825,0.19917558089717677,0.005045367841626315,1.5927640318211405,0.19923947340420553,5.1367662868170724e-05,2.6386367885380454e-09,CALIBRATED,-0.0017017956362087713,0.0014664633947051849,0.003401804546980088,-0.0019424612273359963,0.0,0.0,-0.0030379165102486843,0.00200113383585208,0.005236643177369407,-0.003272882177660473,0.0,0.0
20784458,193,109,133,2.1411636540111374,236.01805321347493,-138.451863341268,566.4927536897562,593.8407519534609,27,remote,True,3,2,3,7.140920994488924e-93,1.523621505650412e-05,1.523621505650412e-05,2.3214224924804286e-10,1.8188273612605959,0.0064528361590219805,0.18675200977915898,0.003921840026014683,1.8188388079114317,0.18679318506236986,4.984695829106149e-05,2.4847192508708237e-09,CALIBRATED,-0.0016628045336753417,-0.00041635169024711427,0.0031770561827317093,0.0014846755272070198,0.0,0.0,-0.003236053135859012,-0.0013098742146136972,0.005644851852104379,0.0024072381483024206,0.0,0.0
20784458,194,110,118,4.280067961155044,81.67963770984932,147.39690705909032,404.7767737563044,484.56508631384077,23,transition,False,3,3,3,9.000827178676882e-48,2.5154021374694908e-05,2.5154021374694908e-05,6.327247913186083e-10,1.284249632707597,0.0018351786718811065,0.019818018309168114,0.019884563672866073,1.2842509439320478,0.02807400438417697,4.084635621396003e-05,1.6684248159577111e-09,CALIBRATED,-0.0006911381719407147,-0.002487998392675745,0.0019459169945140644,0.0038340084051141075,0.0,0.0,-0.0011234323311527304,-0.0025280039278054384,0.002376576358552395,0.0052483651706270295,0.0,0.0
20784458,195,110,136,1.0456622970492013,80.35955101762677,168.10031449270718,410.0867941353639,502.8652578001564,24,transition,False,3,3,2,5.150600837805379e-49,0.0001072643087778157,0.0001072643087778157,1.1505631937582591e-08,3.1108811975853614,0.023636762555464666,0.13700495001541296,0.0026345088973617377,3.110970993441475,0.13703027755155459,0.0010330862401529471,1.0672671795933527e-06,CALIBRATED,4.3901647531580756e-05,0.00396291927246433,-0.0017737521893488517,0.009402736592815448,0.0,0.0,-0.0018955923824478201,0.011875179803847037,-0.004958662201866436,0.02939191629456367,0.0,0.0
20784458,196,111,112,3.6452731666516165,-232.9698929933312,138.65998094161617,131.67156038884127,275.7032234350867,14,source,False,3,3,2,1.051462219565777e-05,0.0003662647757557111,0.0004027143436564698,1.6217884258666126e-07,1.376693242863832,0.0025284153543568503,0.1543675272490304,0.009725755865027524,1.3766955646878283,0.15467360407039807,0.000756284351435517,5.719660202262407e-07,CALIBRATED,0.007241691260751942,0.01792253386942985,0.00011884348179374494,0.005388961613000579,0.0,0.0,0.009502316611083155,0.025022133595682814,0.00196055675446834,0.0060032806023507,0.0,0.0
20784458,197,111,165,3.7847076197944496,-226.2621745929095,152.22116515563596,146.70005660460913,274.39656715459375,14,transition,False,3,3,1,6.615378850078672e-07,0.0004848890236186142,0.00047164679174601455,2.2245069616430842e-07,1.3512720376226892,0.002331503288434369,0.14427304569864793,0.010551088842729504,1.3512740490250519,0.14465834642678357,0.0008559505798738181,7.326513951863254e-07,CALIBRATED,-0.007733876680822199,0.001943421288314861,0.018306138811040252,-0.00854062870981403,0.0,0.0,-0.010800713283525405,0.004458779617035881,0.024603777545390896,-0.010680289662013863,0.0,0.0
20784458,198,112,132,3.3660977159790306,-251.3293588140863,145.44416003326342,128.67981578624997,295.27603803010646,15,source,False,2,2,2,1.7597296368216678e-05,0.0003368277406198915,0.0002697539690007895,7.276720379167891e-08,1.4275915414541125,0.002922672394189507,0.17457868290399114,0.008073275428439379,1.4275945332079598,0.17476525484384972,0.0005420761369692481,2.93846538271503e-07,CALIBRATED,-0.005897198992743809,0.0071554658822892536,0.005792462355577803,-0.012256577862820415,0.0,0.0,-0.007027655981126391,0.011596234076511539,0.009326053822492252,-0.01646937350729884,0.0,0.0
20784458,199,113,116,3.41039824186155,-220.22456660096157,14.414734301480312,86.23127667026513,81.71284542918688,4,source,False,3,3,2,0.007326529990182362,0.651205447111711,0.7914666426146373,0.626419446371686,1.4195148234309387,0.002860110323794729,0.1713715068358551,0.008335496738282577,1.4195177047755456,0.1715741060331233,1.5908874262079469,2.5309228028665456,CALIBRATED,0.8621266660893128,0.05129999585798269,0.21312865203104245,0.01219599691561101,0.0,0.0,1.234268787587523,0.07575801432279523,0.24796858954608714,0.015501227679263837,0.0,0.0
20784458,200,113,145,3.614435422673189,-206.02748284056887,5.158272345227431,101.9855756843194,98.66098028961218,5,source,False,3,3,2,0.0010315091766982649,0.013245444890284806,0.01117889657720038,0.00012496772868374239,1.3823154732464935,0.0025719650204423213,0.1566000532182525,0.009543222735735189,1.3823178659703217,0.15689056621780473,0.018349761768991127,0.0003367137569787284,CALIBRATED,-0.016113512777007025,-0.004175202118278898,-0.10425533895295214,-0.0057134289408545084,0.0,0.0,0.025006940279551942,0.00033003753181949863,-0.1329630190052265,-0.006718731955467412,0.0,0.0
20784458,201,114,124,2.5586001543478396,-157.4370811597142,261.613924869592,275.9409434633245,519.0984418400793,24,transition,False,2,2,2,1.3690614264021971e-22,0.0003054920563371834,0.0003054920560813573,9.332539632881516e-08,1.6296680362582683,0.004619148276993522,0.1984603915589811,0.004722505512201361,1.6296745825264274,0.19851657128828532,0.0008102437483518886,6.564949317433185e-07,CALIBRATED,-0.010932091185890728,-0.0018170030169710023,0.013417284315727985,0.0016298527577562525,0.0,0.0,-0.018425889646499362,-0.0026889060542296997,0.021319104600839717,0.002999316978396565,0.0,0.0
20784458,202,115,128,1.7865835042722296,126.59982531420202,154.76557829444687,449.9235837866159,513.3398461106588,24,transition,False,2,2,2,7.490907186297321e-59,4.3140245861843265e-05,4.3140245861843265e-05,1.8610808130202848e-09,2.062763174242697,0.009140556889335098,0.17255919862889282,0.0034009960376542004,2.062783426051328,0.17259271075423152,0.00018170958357856016,3.301837276429374e-08,CALIBRATED,-0.005396159647706598,0.003116313148378664,-0.0020240374076825715,0.0004621383470889811,0.0,0.0,-0.011156997694598573,0.005938647838115224,-0.004185957207426621,0.0021074178830324045,0.0,0.0
20784458,203,116,142,3.3484045090004457,-242.85598659473558,15.66388151498531,63.75212563085558,59.04697814607589,3,source,False,2,2,2,0.06807381420847551,2.069139975444845,2.817787004497302,7.939923602713879,1.4308173055019398,0.0029476590876531253,0.17585959839787893,0.007968546741435644,1.4308203417682908,0.17604004114358107,5.744773025614177,33.002417115824265,CALIBRATED,1.5651414785749245,0.056959619935823776,-0.6035455017770328,-0.024649249949596413,0.0,0.0,2.2800192545591464,0.0883921098616154,-0.7332028561465266,-0.029759554877687174,0.0,0.0
20784458,204,117,167,1.835968788931602,-139.63075864325285,190.06892889974722,231.3113809968729,448.5514803783959,21,transition,False,3,3,3,4.332672869715691e-16,0.0004677108051627609,0.0004677102889454545,2.1875291438544055e-07,2.0218997144751585,0.008671280064643423,0.17480931116718482,0.0034629411079898373,2.021918308560632,0.17484360792394743,0.0018991442079153101,3.6067487224582707e-06,CALIBRATED,-0.012400073240750861,0.0016902563318581174,0.01680794723014725,-0.005346439563921757,0.0,0.0,-0.024894506350611214,0.0059686108887158,0.034170000532005085,-0.00872894662468292,0.0,0.0
20784458,205,121,122,2.6706149732574076,-225.60140975533255,79.4702387238456,94.52067663180848,184.99575684122033,9,source,False,2,2,2,0.00272065796809922,0.18587304429253737,0.23095834527089,0.05334175725026763,1.5953248921876613,0.004319833228218469,0.1991258475940553,0.005022916430177272,1.595330740816052,0.1991891886361192,0.5865677120885004,0.34406168086473793,CALIBRATED,0.4582632860262784,0.0424130214686069,-0.1378565460787674,-0.01223986374203154,0.0,0.0,0.7384358110187775,0.07016516988401968,-0.18982033636612225,-0.01803756997324125,0.0,0.0
20784458,206,122,149,4.5033188038809655,-248.84131480716223,81.83624434177224,77.57016283697236,208.3557904328511,10,source,False,2,2,2,0.018718033227812087,0.418549063398486,0.6137514840487834,0.3766908841720841,1.2621124722573358,0.001681902743690583,-0.0669646277665861,0.02630874383824769,1.2621135929164078,0.07194728191018733,0.9776006650022852,0.9557030602129102,CALIBRATED,0.7817937762603945,0.03956068777473477,0.031325418877256414,0.0019093360757269455,0.0,0.0,0.9869123159287917,0.051267288576013016,0.031197673181137253,0.001765214009888225,0.0,0.0
20784458,207,123,127,4.883306877484905,146.82108982425,-159.59576085831912,489.7125359676788,541.991237780527,25,transition,False,3,3,2,1.3781924415941108e-69,7.829940283180548e-06,7.829940283180548e-06,6.130796483817349e-11,1.2244335239862063,0.0014210167198269409,-0.2146745763693894,0.037243134121938054,1.2244343485666342,0.21788121713126507,1.1738946088364216e-05,1.3780285526552154e-10,CALIBRATED,-0.0009740127555687183,0.0006704972993038167,0.00208702558091059,-0.0014408320621852786,0.0,0.0,-0.001190235734008303,0.0008195046943545983,0.002559021577994403,-0.0017612795363438891,-0.0,0.0
20784458,208,124,144,4.19391129053087,-174.13048826736795,277.8737925476569,281.6512894283722,542.4019423876375,25,transition,False,2,2,2,1.6678862089643465e-23,0.00021382026730250596,0.00021382026721168456,4.571910667047619e-08,1.2927927764564835,0.0018943307158263013,0.05330906256480927,0.01740535254075566,1.2927941643382075,0.05607853821745659,0.0003573379359873651,1.2769040049571023e-07,CALIBRATED,-0.011119240269588177,-0.0017459972827931908,0.009241875942476668,0.0013122444860630721,0.0,0.0,-0.014340684431313649,-0.0021892274158119636,0.011982304224775229,0.0018205424509289481,0.0,0.0
20784458,209,125,138,3.3768412529427394,339.22439308987845,-43.70190845328126,648.5472366479557,659.7179362833936,30,remote,True,2,2,1,1.684070863315056e-121,6.832813998912506e-06,6.832813998912506e-06,4.668734714373471e-11,1.425632817107193,0.0029075001608486455,0.1738008949669243,0.008136867999381842,1.4256357819478915,0.17399126332130363,1.3878054000115157e-05,1.926003828301123e-10,CALIBRATED,-0.00020934893652890774,-0.0025732677479532837,-6.29874696248744e-05,-0.0004041196576515581,0.0,0.0,-0.00029677143271576663,-0.003678832827884925,-4.5403296671602844e-05,-0.0005040915412566884,0.0,0.0
20784458,210,126,157,4.196524858914046,282.7918024401922,147.0079114687294,599.8681571333262,638.9347827736627,29,remote,True,2,2,1,4.74414799822139e-104,6.112835149631407e-06,6.112835149631407e-06,3.7366753566569227e-11,1.2925336196177473,0.001892536334605029,0.052293109490579026,0.01748055957676527,1.2925350051491578,0.055137457896701464,1.0186425458542417e-05,1.037632636224411e-10,CALIBRATED,-0.0009402180854717283,-0.0022776591447225846,0.00015976158271161964,0.00012478044131332026,0.0,0.0,-0.0012171488522924516,-0.0029472292141622374,5.596399879173833e-05,0.00012522827130269303,0.0,0.0
20784458,211,128,173,3.854266035185436,143.54069162402058,168.43270491237718,470.0913677413325,535.1064099487496,25,transition,False,2,2,2,3.5221434424427184e-64,2.5002936724926557e-05,2.5002936724926557e-05,6.251468448706811e-10,1.3385903889049826,0.0022332715317328706,0.1392373022004547,0.010962815304912176,1.3385922518715425,0.13966821271667493,4.4718989989747855e-05,1.999788065703169e-09,CALIBRATED,-0.002040156689977763,0.001910219975201709,-0.0032718411789225857,0.002546922132989618,0.0,0.0,-0.0029011504039469353,0.002419224664700124,-0.004271611332375384,0.0034932799730704616,0.0,0.0
20784458,212,129,137,3.287074199295592,-181.00095071885085,90.52655255192579,138.8425832788375,176.6753555081571,10,source,False,4,4,2,2.9159998187425727e-06,0.0007993391013308449,0.0008469188556162203,7.172715479982883e-07,1.441998834567162,0.003034270952335359,0.18029966084902005,0.007605523643548639,1.4420020269379878,0.1804600002553592,0.001682381868177757,2.83040875037328e-06,CALIBRATED,0.0147853333425631,0.015623596300006034,-0.01589425715136748,-0.01147120751386504,0.0,0.0,0.02516263044933662,0.023691682007643825,-0.01645083537047383,-0.014741035116643864,0.0,0.0
20784458,213,130,143,3.632797560377206,-112.98220979311925,9.73153520144136,193.22103115856834,193.5015853151327,9,transition,False,4,4,4,1.905143040620169e-11,0.0013516686949891091,0.0013518716882540396,1.8275570615028272e-06,1.3789677520720018,0.002546033649905463,0.15527070988810074,0.009651910921808582,1.3789701024829568,0.1555704108550121,0.002560021898990118,6.55371212330897e-06,CALIBRATED,0.023255656098997247,0.017473779151444532,0.0182287586612365,0.013169113390663376,0.0,0.0,0.03346193832473861,0.024924063193926174,0.022974340142610034,0.01706725963528825,0.0,0.0
20784458,214,131,178,2.979468501217063,-108.59194667595095,249.18761211202357,295.52621231964895,486.1538670070658,23,transition,False,2,2,1,8.369322755689641e-26,0.00018410432861408802,0.0001841043286098244,3.3894403812874205e-08,1.5006320532339426,0.003494545023626326,0.20096068021830507,0.005851226226663792,1.5006361221288924,0.2010458451253332,0.0004141771375095824,1.7154270123563153e-07,CALIBRATED,-0.007368968007870221,-0.0026457094784067352,0.010657501933688023,0.0030365297624285513,0.0,0.0,-0.011210186687432244,-0.0035695234343058047,0.01586799666915375,0.004896328839259719,0.0,0.0
20784458,215,132,183,3.398098681934794,-265.19472500230694,164.2705266626263,141.449354734852,318.65723688723614,16,source,False,2,2,2,1.798825097680154e-06,0.00028029516392160026,0.0002670928766174591,7.133860473978923e-08,1.421757236480413,0.002877480003242849,0.17226194444262993,0.008262693839214475,1.4217601483286801,0.17245999423818936,0.0005358340746181019,2.8711815552183754e-07,CALIBRATED,-0.004251207103305593,0.007542560745661238,0.007320454894423156,-0.011770336967096114,0.0,0.0,-0.007052821130176661,0.011744257486280003,0.009701486405057561,-0.015938800656017844,0.0,0.0
20784458,216,133,140,2.271935459339698,252.60826052423448,-146.60939988899852,584.7580878615966,612.3280551949166,28,remote,True,3,3,2,6.544040177918007e-99,1.0881476146225141e-05,1.0881476146225141e-05,1.1840652312086675e-10,1.7564390445445555,0.005841644747972786,0.19089206004270193,0.004156355058971078,1.7564487587214015,0.19093730351799448,3.316764653853675e-05,1.1000927769053087e-09,CALIBRATED,-0.0012720659410217076,-0.002958400773669755,-0.000510711328394979,-0.000500363057506179,0.0,0.0,-0.0022858332343584347,-0.005227373430496254,-0.0003603839029323528,-0.0006980712169172127,0.0,0.0
20784458,217,133,155,3.750299777198652,247.05467106599906,-158.56268952601113,583.188067448131,616.7809407812714,28,remote,True,3,3,2,2.199726035395242e-98,7.1398463850733825e-06,7.1398463850733825e-06,5.0977406402445447e-11,1.357545155986317,0.002380094717717156,0.14676403214025535,0.01034742377612792,1.35754724241655,0.14712834638120786,1.3112301088488408e-05,1.719324398351743e-10,CALIBRATED,-0.0011059207812112528,-0.00033949025354261655,0.0021976392385441336,0.000985856863707508,0.0,0.0,-0.0015398178813085198,-0.0006294797737209278,0.002960559541868658,0.001257022034181437,0.0,0.0
20784458,218,134,146,3.0308350159814452,313.38156169324213,-87.92966071821553,629.542011753127,647.3995834368743,30,remote,True,2,2,2,1.5886259906889679e-114,7.795118698415262e-06,7.795118698415262e-06,6.076387552238325e-11,1.4887154725503087,0.0033961369461367017,0.19885032497935573,0.006088806337303308,1.4887193462694188,0.19894352290790612,1.72494459646296e-05,2.9754338608667634e-10,CALIBRATED,-0.0006561068325117494,-0.002665673278205869,9.166375744390244e-06,0.0005086693171025265,0.0,0.0,-0.000943071658074949,-0.003976893976374197,0.00014835765232882507,0.0007227490021020235,0.0,0.0
20784458,219,136,156,1.2475458370964105,87.9854518288203,187.8217371685028,424.2657917076182,524.0097340419447,25,transition,False,2,2,1,2.0651311855820556e-52,8.090275289450208e-05,8.090275289450208e-05,6.545255425908865e-09,2.7505217493518033,0.018405473143259906,0.14700133899205925,0.002815366529406234,2.750583329968196,0.14702829644035603,0.0006092022859461317,3.7112742520199236e-07,CALIBRATED,-0.00015475321389802038,0.0032907845526000245,-0.002026541494882412,0.008120509278067425,0.0,0.0,-0.0018470913021998627,0.008395198949461193,-0.005219253356200665,0.02254042077402778,0.0,0.0
20784458,220,140,186,3.6243674917083517,274.293449391325,-150.31433109255306,606.5642156886929,634.3274627193127,29,remote,True,3,2,3,2.2728387634040614e-106,7.696729769799065e-06,7.696729769799065e-06,5.923964914931117e-11,1.3805046929140787,0.0025579387580049085,0.15588101222535045,0.009602012108998161,1.3805070627159008,0.15617646624553008,1.4623605156553927e-05,2.138498277747906e-10,CALIBRATED,-0.0011336204884413907,-0.0021726715789704204,0.00048426144205792097,0.0012069065513349122,0.0,0.0,-0.0015300829893130474,-0.0030789357729490855,0.000726283798787177,0.0015083492805190917,0.0,0.0
20784458,221,141,172,2.616130985474605,15.74600940180902,69.34962365669534,323.59742106660286,416.2435547689774,20,transition,False,3,2,3,8.558181167479432e-31,3.5897359978191026e-05,3.5897359978187685e-05,1.288620453403591e-09,1.6120293912903791,0.00446542001414038,0.1988021698982118,0.004876796613673047,1.6120355760217986,0.19886197701282318,8.860847558632445e-05,7.851461945732255e-09,CALIBRATED,-0.0018054049529430286,0.0004202628551609771,0.004046924271844862,-0.004010443367584355,0.0,0.0,-0.0030553647547358247,0.0023878012208577767,0.006473408110380011,-0.005627309709619592,0.0,0.0
20784458,222,142,151,2.6739841225561953,-261.74341218196355,10.87072669712433,47.013400819506245,39.56085030032219,2,source,False,2,2,2,0.23192787695994108,3.6100390228076575,4.545876233958257,20.664990734466507,1.5942919290414452,0.004310830516822656,0.19914586298805198,0.005031952102809692,1.5942977570913275,0.19920942569873779,11.310085149013982,127.91802607794664,CALIBRATED,1.2124086197504989,0.02930579878489814,1.7526421514632111,0.057690829296634674,0.0,0.0,2.2507860008587004,0.07013786234808088,2.496461467888908,0.08251270789206196,0.0,0.0
20784458,223,143,160,2.754870260467378,-134.01628344677042,4.873964703879679,172.89988470261494,171.91389795390748,8,transition,False,4,4,4,2.607502909223513e-09,0.00360881175958026,0.003614211566758704,1.3062525249292407e-05,1.5694926719909885,0.00409469448634211,0.1996263901999943,0.005248879462760536,1.569498013364894,0.19969538402250306,0.008895609684096325,7.913187165178832e-05,CALIBRATED,0.05289876348223785,0.026390607944489712,-0.00954074869002387,-0.005333133746964139,0.0,0.0,0.08318394321824764,0.041889444672224885,-0.013237199317698184,-0.006789127634373692,0.0,0.0
20784458,224,143,195,1.5511393752347153,-127.966711792832,-6.323589676528079,180.72147069167775,181.96512095061448,9,transition,False,4,4,3,4.18830966565255e-10,0.00042003749000185404,0.0004200515531119446,1.7644330727175683e-07,2.2575795403077574,0.011377832102571164,0.16183179692474958,0.0031056731852309206,2.2576082113332996,0.16186159427679825,0.0018226934790587113,3.322211518603149e-06,CALIBRATED,0.0003538159343975389,0.0030487272915670823,0.014904622609565656,0.01372894220850934,0.0,0.0,0.013353857983694508,0.014177874616751537,0.02657000499787643,0.02715493807347982,0.0,0.0
20784458,225,144,153,4.411606782705196,-191.56730984020362,294.71299800864864,289.3716632946111,566.6424371664245,26,transition,False,2,2,2,9.04316715258452e-25,0.0001571044427034365,0.00015710444268825685,2.4681805912387782e-08,1.2712064747847003,0.0017448688897543753,-0.031314093249410896,0.02366967408079216,1.271207672295124,0.039253355361341086,0.0002537559627793602,6.439208864608003e-08,CALIBRATED,-0.00798124605786479,-0.0017571213351763341,0.009298536337012164,0.001963135414281732,0.0,0.0,-0.010406966115508561,-0.0022469134630051235,0.011579737989856087,0.0025123827387694823,0.0,0.0
20784458,226,145,181,3.180634977846367,-208.4921165464204,-16.706646937183198,106.87338773991469,120.66436899522641,6,source,False,2,2,2,0.0005252252654158469,0.002648481618301479,0.0016594972965533622,2.7539312772679177e-06,1.4614044637583665,0.0031845865057608625,0.18800542318349586,0.006975494281343729,1.4614079335640995,0.18813478324561467,0.002108397229382615,4.445338876868287e-06,CALIBRATED,-0.01011788184275747,0.0016302005687452114,0.03772627562826726,0.01145409694803705,0.0,0.0,0.014724262114188839,0.006424559977527551,0.04037898728773449,0.014827533486301957,0.0,0.0
20784458,227,146,161,3.0752952372881737,335.6321477127657,-86.24632489966694,651.1219198161427,669.7137537707725,31,remote,True,2,2,1,1.8430309116667747e-122,5.674414864935047e-06,5.674414864935047e-06,3.219898405939583e-11,1.4806096394120154,0.003333349350735797,0.19563158761860494,0.006351972907783434,1.480613391651471,0.1957346817352436,1.2393691895701817e-05,1.536035988055849e-10,CALIBRATED,0.00017982449550413114,-0.0022031057301184886,-1.2392588787486232e-05,-0.0008878342082922678,0.0,0.0,0.0002444579767997863,-0.003314473740250929,6.991475410877496e-05,-0.0011590116244566725,0.0,0.0
20784458,228,149,188,4.166758401008465,-273.1567974299742,82.00981182633554,62.3082049556816,232.67189252286477,11,source,False,2,2,1,0.07677946027949466,0.9247403723142417,1.5328567893087175,2.34964993652983,1.2954852091689713,0.001912972904557973,0.06386400413898206,0.01662401146193706,1.295486621559986,0.06599218727812053,2.572548147027745,6.618003968775884,CALIBRATED,1.235867833662856,0.04095537422008935,-0.0616880767332463,-0.0021738301778663808,0.0,0.0,1.6011851377992268,0.05543328274082438,-0.07532782754705135,-0.002677887270634223,0.0,0.0
20784458,229,150,152,2.1318035457040487,234.20037809238414,-67.21452805879623,547.9241699062392,560.3190048411432,26,remote,True,4,4,1,6.244797591998713e-87,1.6657498617212758e-05,1.6657498617212758e-05,2.7747226018244493e-10,1.8232928605331025,0.00649658272801221,0.1864556819983641,0.003905054403895318,1.8233044344974663,0.18649657047616844,5.4738262516250013e-05,2.996277383297901e-09,CALIBRATED,-0.0024946236964234385,-0.0010197544049106691,0.0027135087964062117,0.0014252446091625184,0.0,0.0,-0.004849871596481412,-0.0022602580183603335,0.00460920972041964,0.002205317994648337,0.0,0.0
20784458,230,151,159,2.501809269127218,-279.02484623499095,8.56314096560968,33.03739886926581,22.126031263767068,1,source,False,2,2,2,0.4859580987302396,11.915641595714238,16.020618558312286,256.66021899094005,1.6470798177708885,0.004770899328731702,0.19812300907981306,0.004570198860921901,1.6470867274034444,0.19817571355861965,43.3764087486945,1881.512835933821,CALIBRATED,3.2928484403217917,0.08550485964609636,-2.272947298326137,-0.06455389524610154,0.0,0.0,5.560774291037641,0.16374109836468223,-3.523665691696288,-0.10567392629293075,0.0,0.0
20784458,231,153,164,3.504484882617856,-207.80140860732257,312.3294907912847,299.9885759184245,590.5983713110419,27,transition,False,2,2,1,1.444281501667267e-26,0.0001356755468151028,0.00013567554681331702,1.840785400309258e-08,1.4023612738511542,0.002727239326781874,0.16456002059379204,0.008892409363728404,1.402363925745303,0.16480010716659557,0.00026651691646304993,7.103126676097234e-08,CALIBRATED,-0.007429774962137886,-0.0020845772952717803,0.008414650647391012,0.002306985653987776,0.0,0.0,-0.01076485755228366,-0.0030070016482041627,0.011461440608858509,0.0031981367386961267,0.0,0.0
20784458,232,154,168,4.035224237921703,117.07760879600929,-221.7780727091299,491.0020175476754,572.7316711103094,26,transition,False,2,2,1,5.973003545533224e-70,8.66025731423035e-06,8.66025731423035e-06,7.500005674868027e-11,1.308527905166841,0.002003279488352769,0.1149943048476013,0.012839035104157173,1.3085294386176531,0.11570881975799788,1.4671162733401196e-05,2.1524301594994004e-10,CALIBRATED,-0.0016254752516530646,0.001010675375514621,0.0020758840710098678,-0.0008290525493294338,0.0,0.0,-0.002097127625795333,0.001031936833316062,0.00274227285958632,-0.0012993322862721102,0.0,0.0
20784458,233,155,194,2.2021786895859314,262.66883823184185,-173.6478733598843,602.8892609182601,638.4918824371423,29,remote,True,2,2,2,4.293406312498136e-105,7.802315982435705e-06,7.802315982435705e-06,6.087613468977164e-11,1.7897184462745506,0.006167668682787479,0.1886836594453607,0.004031259201216154,1.7897290736511968,0.18872671880907652,2.4669427548461726e-05,6.085806555688024e-10,CALIBRATED,-0.001478971105491687,-0.0020850049326367557,0.00034251072702045596,0.0010725676129329645,0.0,0.0,-0.002440397790893458,-0.003820871131364513,0.0010367604114935325,0.0017435474806637991,0.0,0.0
20784458,234,158,162,2.8377412884644393,209.50759257521196,53.568132120299204,515.3896735863207,543.9056524980766,25,remote,True,2,2,2,5.355989000517602e-77,2.0182089908092707e-05,2.0182089908092707e-05,4.073167530583375e-10,1.5440848582616278,0.0038732546266124395,0.20011870921858746,0.005471130070640403,1.5440897161804534,0.2001934840187448,4.804580028673908e-05,2.3083989251932167e-09,CALIBRATED,-0.0035275909495556088,-0.0002082199460280148,-0.002751963944982034,-0.0003486128229154478,0.0,0.0,-0.005514959773444962,-0.00045924604223909857,-0.004156084720985723,-0.0003834994767919715,0.0,0.0
20784458,235,159,189,1.8600119017632295,-296.91926186430845,21.576639679269853,10.930005950881615,0.0,0,source,False,2,2,1,0.924053652214727,18.43981620936398,24.239043838243354,587.5312461922831,2.002005432592243,0.008442813716354622,0.1759047733076819,0.003493098923738301,2.002023234938172,0.17593945268903727,96.5301386275447,9318.067663452997,CALIBRATED,3.497056842544902,0.0826851523158001,-3.4633387722371323,-0.08991658667199379,0.0,0.0,7.465452478206062,0.21454232686995586,-6.380946970447434,-0.18613240854456825,0.0,0.0
20784458,236,160,166,4.820699218947766,-157.5392668132235,8.411126409956712,149.1142634728982,148.12645884429827,7,transition,False,4,4,4,4.1256648156100696e-07,0.0053939402313792845,0.005482673396990903,3.005970757807177e-05,1.2306415891631577,0.0014640008665246377,-0.19033756511281602,0.035441560281211065,1.2306424599681904,0.19360912397984295,0.0083021211501127,6.89252155911486e-05,CALIBRATED,0.06939426648887578,0.02310105015950725,-0.010979342176431182,-0.003592311562568729,0.0,0.0,0.08555066444857412,0.028574860513574177,-0.012231264196598568,-0.004132612406573226,0.0,0.0
20784458,237,160,170,1.3584729058730751,-150.88266162571506,-2.4485710821445625,157.48997068829019,160.8639398449638,8,transition,False,4,4,3,7.552985989589212e-08,0.0006686032960080547,0.0006693363464299544,4.480111446521999e-07,2.552518399057979,0.015531085264572139,0.15249396175502164,0.0029147406883093976,2.552565648938143,0.15252181511187865,0.0035759296036233543,1.278727253006988e-05,CALIBRATED,0.0014710715996374552,0.0033923996052626602,0.02141600969987631,0.014036326023276606,0.0,0.0,0.024116244150603885,0.0179899655895546,0.041796865772798286,0.030392754421887186,0.0,0.0
20784458,238,160,195,5.454472400607639,-139.20795553530462,-4.568463109867857,169.3536000390292,170.58768582038076,8,transition,False,4,4,3,5.817426633453081e-09,0.0008765118983464818,0.0008790307551784745,7.726950685496392e-07,1.184788646603855,0.0011596518178718833,-5.078918334949686,7.043121054639771,1.184789214127869,8.683372941628049,0.0028979415435031164,8.398065189561224e-06,CALIBRATED,0.01655045352003543,0.0071562170723770795,-0.022112578338899774,-0.00805826779641013,0.0,0.0,-0.017999076773536443,0.020004854301181783,-0.04650286525212336,-0.003356204185505373,0.0,0.0
20784458,239,162,199,3.6232582094854813,230.45170219343004,60.15577255507386,536.6569880068763,565.861351853775,26,remote,True,2,2,1,2.0154887245183395e-83,1.212559653503084e-05,1.212559653503084e-05,1.470300913303519e-10,1.3807069333964153,0.002559505308088285,0.15596131970087418,0.009595446104832922,1.3807093057542401,0.15625621852838062,2.3049338258526457e-05,5.312719941559714e-10,CALIBRATED,-0.0031701928846324654,-0.0014179363037415693,0.0002547434479318617,-6.001960014219506e-06,0.0,0.0,-0.004378495483252588,-0.00196481328603933,0.00012668071791188524,3.970275022979111e-05,0.0,0.0
20784458,240,163,177,4.531229121888895,246.1971718909192,168.03669087545381,568.8250476361254,613.8077911271009,28,remote,True,3,3,1,1.2400695758832647e-93,9.556841073891297e-06,9.556841073891297e-06,9.133321131161576e-11,1.2593449342699523,0.0016627405320432565,-0.0778139989043134,0.027111880387103438,1.2593460319457348,0.08240189611656451,1.5129102624659385e-05,2.288897462274755e-10,CALIBRATED,-0.0022801624524432123,-0.0005452666099744557,-0.0019143162557270692,-0.0006291087834909883,0.0,0.0,-0.0028099095265419895,-0.0007903301164509277,-0.002478637184589155,-0.0006820902370731964,0.0,0.0
20784458,241,166,170,5.4749620013310185,-163.16440124969554,-0.6665359427277524,145.09960788412147,149.43657017716902,7,transition,False,4,4,3,9.00846124201607e-07,0.0026846447811240018,0.0027355079331046225,7.483003652078324e-06,1.1835229574108461,0.001151480382747832,-5.296174604727568,7.358825239871113,1.1835235175633763,9.066519417876155,0.0039648564256753544,1.572008647621915e-05,CALIBRATED,0.027269207070409893,0.007859912849892696,-0.04238867693154917,-0.011546433078685919,0.0,0.0,0.022021139706564337,0.012529144897820572,-0.056433600973061576,-0.011755638691368886,0.0,0.0
20784458,242,167,179,3.370336033435059,-153.65835642229814,207.77007637163672,234.69871167832184,471.1369651257343,22,transition,False,3,3,2,1.5258143321941523e-16,0.0003395857801194557,0.0003395854864490863,1.1531830260686258e-07,1.426818826135206,0.0029166869592593967,0.1742718461330195,0.008098362651056068,1.4268218072613923,0.17445990895400248,0.0006904152312941301,4.766731916029272e-07,CALIBRATED,-0.011887186133059014,0.0023058956571533683,0.013410398760240251,-0.0036227534551448283,0.0,0.0,-0.016677009313740356,0.0038304131860544717,0.019393703750427142,-0.004637324800821667,0.0,0.0
20784458,243,169,182,5.6183473995652236,107.54683110651061,-41.638081962603295,418.760466741353,431.2842194436982,20,transition,False,3,3,2,4.4420975286406535e-51,1.5039116911016397e-05,1.5039116911016397e-05,2.2617503746321937e-10,1.1746657155626312,0.0010942970098151352,-6.816525205090114,9.568110376010846,1.1746662252760203,11.74792543554628,2.18502894295724e-05,4.774351481560834e-10,CALIBRATED,-0.0022569927692991506,0.0021642988391159003,0.0017122034448276337,-0.0015261947611198573,0.0,0.0,-0.0031842893021369906,0.002123184021887129,0.0013119725861986573,-0.002341240827453408,-0.0,0.0
20784458,244,170,195,3.7312203231668413,-144.83308997177664,-13.64612546255232,165.91832618744976,171.89779715325153,8,transition,False,3,3,3,1.2457790756391377e-08,0.002339443901827191,0.0023490929737949467,5.518237799532786e-06,1.3610236557824524,0.0024070390964226708,0.14814530622549305,0.010234489689508226,1.361025784265913,0.14849840583605523,0.004350710892516791,1.8928685270264255e-05,CALIBRATED,0.0432808104165107,0.019910286186530752,-0.007831543926461067,-0.004255801591164666,0.0,0.0,0.05885332539044668,0.02733914304535858,-0.010675969685927933,-0.005058844909024754,0.0,0.0
20784458,245,171,176,4.797407646676387,210.3764321534678,-187.9880224250731,559.3014206451669,609.1194947764816,28,remote,True,2,2,2,1.5080054241876162e-90,8.112331119232357e-06,8.112331119232357e-06,6.580991618806571e-11,1.2329511404562892,0.0014799920149356433,-0.18128360478597216,0.03477133097869487,1.2329520287216484,0.18458816544466358,1.231935298712482e-05,1.5176645802138124e-10,CALIBRATED,-0.002091449670417609,-0.0010180887279997055,0.0014330616882610992,0.000804983810334481,0.0,0.0,-0.002511842192494279,-0.0013000496521034632,0.0018548965529372552,0.0009376734330765184,0.0,0.0
20784458,246,172,175,5.494943399448747,-0.8078916760187251,84.64909669005125,309.5824722295085,438.7847507441889,21,transition,False,3,3,3,3.0229378046283025e-28,5.2418434737758344e-05,5.241843473768034e-05,2.747692300348453e-09,1.1822886610475225,0.0011435116233458708,-5.50804227743683,7.666699029004666,1.182289214050596,9.440169687636583,7.784308858859828e-05,6.05954644101236e-09,CALIBRATED,-0.0022432501067914164,0.006331661838538307,0.000807310488649821,-0.0025777067004169284,0.0,0.0,-0.0027521811881189226,0.006559895011330659,0.0007445499414648145,-0.005165463204916523,0.0,0.0
20784458,247,172,185,4.154785941900187,9.927592951287401,91.59618527264594,321.4351777952083,439.238412318525,21,transition,False,3,3,2,2.1520692014501247e-30,1.4992268990290992e-05,1.4992268990290714e-05,2.2476812947723256e-10,1.2966723771322721,0.001921192760573466,0.06851796946678929,0.016279496595183924,1.2966738003829186,0.07042538000781022,2.4900363050656055e-05,6.200280800544773e-10,CALIBRATED,-9.429510039490634e-05,-0.00044970527621677,0.0037400361274716847,0.00089065838236758,0.0,0.0,-0.00036125760468514974,-0.00011736320665174659,0.004828956283736438,0.0011988590747873578,0.0,0.0
20784458,248,173,180,3.5097171943873136,151.98387530050522,189.9022842097342,484.8716430645645,558.1765245085077,26,transition,False,2,2,1,3.118750499049689e-68,2.1436125446122012e-05,2.1436125446122012e-05,4.5950747414187965e-10,1.4014073369411655,0.00271985015361232,0.16418122271828753,0.008923380184466145,1.401409976280099,0.16442354030730652,4.194831844655508e-05,1.7596614204935932e-09,CALIBRATED,-0.00013789861517194286,0.0006438650334324287,-0.002732920363186251,0.003678816864871186,0.0,0.0,-0.0005126249807824401,0.0007751409404784916,-0.003793501538566294,0.0051666272049492945,0.0,0.0
20784458,249,174,184,3.209493095968174,172.06294891016353,154.2761062546383,493.6029721815882,546.1338999857799,25,transition,False,2,2,2,1.0986524096149305e-70,1.4894325322701778e-05,1.4894325322701778e-05,2.2184092681847543e-10,1.4561431518866434,0.0031438325060863417,0.18591621399313218,0.007146309714857485,1.4561465456708658,0.1860535094215661,3.127305827063663e-05,9.780041735986343e-10,CALIBRATED,-0.00025837151769568696,0.0007573682299937137,-0.002760841746960897,0.002575211776530135,0.0,0.0,-0.0007897129963474666,0.000859411524477721,-0.003939455310291704,0.0037936150758670693,0.0,0.0
20784458,250,175,185,5.574414554983946,-1.7583358664546482,96.68903343471986,311.05883377520627,450.862143715139,22,transition,False,3,3,2,1.6494088285535554e-28,6.22520759191562e-05,6.225207591917383e-05,3.875320956246582e-09,1.1773795471963155,0.0011118178192324368,-6.35069446181122,8.891192211978437,1.1773800721496284,10.926326880412544,0.00011951011885461667,1.4282668508644603e-08,CALIBRATED,0.0006862401675287089,0.006803222906289999,0.0007694698299733052,0.0038607285089392023,0.0,0.0,-0.00027898705638017556,0.0048311667830249795,0.0025696673701108797,0.009459858466096229,0.0,0.0
20784458,251,175,196,2.165918561338863,-14.156118090364833,100.69953368896793,299.9123815769024,459.66037471725474,22,transition,False,3,3,1,1.488595164084335e-26,4.484997213313098e-05,4.484997213291083e-05,2.011520000322878e-09,1.8070173461372436,0.006337138538254178,0.18753571510729633,0.00396623337130198,1.8070284581504905,0.18757765178176383,0.000138128366367613,1.9079445595385525e-08,CALIBRATED,-0.0009021964150596002,-0.0018043424031204403,0.006272777986295377,0.0011969204603958024,0.0,0.0,-0.0017008168406092636,-0.0006973903899292753,0.01131499900547231,0.002592302565771961,0.0,0.0
20784458,252,176,198,3.33992362918789,230.37214557849154,-201.34183902554844,582.9262831788316,633.1643065489785,29,remote,True,2,2,1,2.691677184988774e-98,6.972889761480793e-06,6.972889761480793e-06,4.862119162576367e-11,1.4323635100552692,0.002959635952244977,0.17647357925317841,0.007918347170013657,1.4323665677412403,0.17665113754610445,1.4230714673237325e-05,2.025132401110921e-10,CALIBRATED,-0.0017155993521808875,-0.0014950457702080809,0.0008519709444459992,0.0010337273717378438,0.0,0.0,-0.0023514400600474776,-0.002220047058110662,0.001385481425227129,0.0013613510191592905,0.0,0.0
20784458,253,179,191,2.164730164850347,-167.82683173595464,225.57182792689278,240.17305169128383,493.888845293069,23,transition,False,2,2,1,2.7356341380856344e-17,0.0003495621355757794,0.0003495620261352363,1.2219361011577165e-07,1.8075843036425214,0.006342692776225253,0.1874980921565149,0.003964102202117848,1.807595431651251,0.1875399921846052,0.0011391326583285427,1.2976232132706523e-06,CALIBRATED,-0.010462106285887967,0.001000256613324903,0.015235580531660946,-0.002642523560688455,0.0,0.0,-0.019700850956506023,0.0027323071857766504,0.026980186928167508,-0.003951346692176091,0.0,0.0
20784458,254,181,192,2.1254669182857597,-224.57198307737596,-28.92413412662073,99.1195438095982,140.85914804520405,7,source,False,2,2,1,0.001509980080672661,0.05452302516763662,0.07334188742969613,0.0053790324517502194,1.826315924390717,0.006526198379821456,0.18625507334310273,0.003893690835241518,1.826327584785493,0.1862957679990746,0.24341545862814787,0.05925108549915157,CALIBRATED,0.2615754872670255,0.028806217162897857,0.06366121415822766,0.006132173789004791,0.0,0.0,0.48276687346426683,0.05466439733128504,0.08527641636614325,0.009557248026497458,0.0,0.0
20784458,255,183,197,3.617761552493022,-283.7816801469245,171.25132305954008,144.24280478692862,338.5118690893997,17,source,False,2,2,1,1.061291191278264e-06,0.0003713909115589253,0.00034461316697605783,1.1875823485326831e-07,1.3817090648093906,0.0025672677947596654,0.1563592550844793,0.009562910585951188,1.3817114498477499,0.15665141528070584,0.0006566088194950001,4.3113514183861766e-07,CALIBRATED,-0.012481414281716036,0.013085636039810902,-0.002312087389863851,0.0034996922492509836,0.0,0.0,-0.01721678449763044,0.01824379307813963,-0.0035075900603848747,0.003879687764172012,0.0,0.0
20784458,256,184,193,3.210861146143653,185.81955918340952,168.2388203320821,510.5588112939941,565.7349640032872,26,remote,True,2,2,1,1.4189002694596362e-75,1.2227894296997907e-05,1.2227894296997907e-05,1.4952139893855395e-10,1.4558937337298885,0.003141900518831633,0.18581717278097049,0.007154407404485294,1.4558971239249103,0.18595485270791506,2.563910440178159e-05,6.57363674525456e-10,CALIBRATED,-0.0033356430440021167,-0.000708765201825703,-0.0005947895022314478,-0.0004952344058266123,0.0,0.0,-0.004804660819687741,-0.001134972491609113,-0.0010778250647234112,-0.00032321723760296654,0.0,0.0
20784458,257,186,187,3.4608140179989064,296.2234739993323,-158.62935922506387,629.9729485378087,657.7809416116274,30,remote,True,3,3,1,1.1096142251079234e-114,6.514833517597946e-06,6.514833517597946e-06,4.244305576201763e-11,1.4103231942195673,0.0027889121772066493,0.16772161177336697,0.008633915111250818,1.4103259517518691,0.16794369159335612,1.2922376822819773e-05,1.6698782275094964e-10,CALIBRATED,-0.00048206398405987685,-0.0024096054823554607,-3.89437549245527e-06,0.0006900971570092851,0.0,0.0,-0.0006277024688703987,-0.0034031396006973013,0.0001535980389456254,0.0009609448131873387,0.0,0.0
20784458,258,186,194,5.796701682726429,278.8630551984705,-166.82339753051247,615.9695259327796,651.4572780097837,30,remote,True,3,3,2,1.1349595769658324e-109,1.6166494113786226e-06,1.6166494113786226e-06,2.613555319310847e-12,1.1636483662364223,0.0010231677343536813,-8.707659482504171,12.316196803272373,1.1636488160595995,15.083502158324553,4.6251902744799935e-06,2.1392385075144318e-11,CALIBRATED,0.0005046196061815921,-0.00029340400046167344,0.0008471684740650905,-0.0007471466613049075,0.0,0.0,-0.0008256289771013583,-0.0006440765899678675,0.001740432365538514,-0.0007068151058741843,-0.0,0.0
