seed,hotspot_id,particle_i,particle_j,gap_nm,x_nm,y_nm,euclidean_distance_nm,geodesic_distance_nm,geodesic_steps,classification,plasmon_dominated_remote,coordination,coordination_i,coordination_j,M2_inc,M2_scat,M2_CDA,M4_CDA,Cparallel_real,Cparallel_imag,Cperp_real,Cperp_imag,Cparallel_abs,Cperp_abs,M2_FWcorr,M4_FWcorr,FW_correction_status,E_CDA_x_real,E_CDA_x_imag,E_CDA_y_real,E_CDA_y_imag,E_CDA_z_real,E_CDA_z_imag,E_FWcorr_x_real,E_FWcorr_x_imag,E_FWcorr_y_real,E_FWcorr_y_imag,E_FWcorr_z_real,E_FWcorr_z_imag
20679729,0,0,1,3.1820506464605423,-11.274357314684119,-2.6908614205480976,332.49484658497323,329.6430515729839,15,transition,False,4,4,3,1.8038935911310254e-32,0.00040308179919587816,0.00040308179919587664,1.6247493684298501e-07,1.4611463639732474,0.0031825872708142935,0.18790293459200974,0.0069838738314939326,1.461149830035913,0.18803267620810837,0.0008550222765234728,7.31063093351382e-07,CALIBRATED,-0.005738132979196704,0.01882517669929539,-0.002390147571807402,0.003171048081348,0.0,0.0,-0.008738737254186389,0.02710887338960369,-0.0022682279714722683,0.006214569425280854,0.0,0.0
20679729,1,0,2,3.0495651991125534,-1.3669134421295508,-11.443433121609996,337.1998551602514,342.0797543608865,16,transition,False,4,4,3,2.246290274410806e-33,0.0002352139127086563,0.00023521391270865636,5.5325584731715415e-08,1.4853006506117714,0.0033696858146385574,0.1974943366723727,0.006199673038237442,1.4853044729920666,0.19759162169343503,0.0005142749189967545,2.6447869230911834e-07,CALIBRATED,0.000691441993603095,0.00036961053830512376,0.0027958002235912416,0.015059306419549326,0.0,0.0,0.0005758466346465068,0.002366973494284212,0.004155599984773963,0.022160138647897117,0.0,0.0
20679729,2,0,6,3.6028045596012745,11.335427194118436,-3.2834716530714743,352.21613070448103,352.26060100748674,16,transition,False,4,4,3,2.3927263420251866e-36,0.00017912330062939152,0.00017912330062939142,3.2085156828367335e-08,1.3844359718077772,0.00258839035309383,0.15744207992003326,0.009474377951422419,1.3844383914786402,0.15772689170560783,0.00034052543488183844,1.1595757180146519e-07,CALIBRATED,-0.007956635754864213,0.00964714673451362,0.002537884220376415,-0.004038186679753106,0.0,0.0,-0.011114578338482452,0.013743521357374697,0.00326798759586936,-0.004174621062109076,0.0,0.0
20679729,3,0,45,3.7112977889680785,4.325681841460944,11.038337162622625,352.8047900582929,350.42410340895685,16,transition,False,4,4,2,1.818554462593211e-36,0.0002751857492905079,0.0002751857492905079,7.572719661257827e-08,1.3646558630266092,0.00243517408945392,0.14958761585107938,0.010116565287733643,1.3646580357605145,0.14992931570987403,0.0005106668178169958,2.6078059881933675e-07,CALIBRATED,0.0006684120568742243,0.005336898712019595,-5.127913247519998e-05,0.015692477726635436,0.0,0.0,0.00017935395242829838,0.008145204991985202,0.00017388238642429945,0.021077477328441726,0.0,0.0
20679729,4,1,7,1.5141286254909119,-29.737107175173158,-13.384312749117104,311.1649917639679,308.30709521458596,14,transition,False,3,3,3,1.5789259732318623e-28,0.0007584293274328984,0.0007584293274330097,5.752150447104874e-07,2.2882037898904786,0.01172952162383292,0.1601454980074806,0.003059249771619606,2.2882338529413193,0.16017471567394503,0.003944521494774042,1.5559249822734444e-05,CALIBRATED,0.004432268045274556,0.016869862451271415,0.0025307179870093705,0.021160990873615955,0.0,0.0,0.0073909764380477045,0.041161567374822426,0.007835916021318341,0.04619760549445249,0.0,0.0
20679729,5,1,18,2.443965748632152,-32.104456444064276,0.5022127467831474,316.02925364736905,322.393966155615,15,transition,False,4,3,4,2.1006516170646048e-29,0.0002511263579264752,0.00025112635792636916,6.306444764536288e-08,1.6743672237406435,0.005037622543096999,0.19633829551167922,0.004464859547851962,1.674374802001582,0.19638905584378558,0.0006817950347421211,4.648444693990101e-07,CALIBRATED,-0.011558846403246798,0.005286380870592562,0.006810491399882549,-0.006571971693158502,0.0,0.0,-0.0191787410771947,0.010981997155367846,0.011763847267194307,-0.007414752955403398,0.0,0.0
20679729,6,2,3,1.968128038048988,-10.993231877941511,-30.127853159681212,320.45723188251,321.0613443642495,15,transition,False,4,3,4,3.259135262668091e-30,0.0005426805727889404,0.0005426805727889463,2.9450220408253886e-07,1.912545598234554,0.007415455111781223,0.18083080492876527,0.003628711418691645,1.912559974040261,0.18086720973616335,0.0019812648335741983,3.925410340757796e-06,CALIBRATED,0.0016034363960901457,0.017527505033331257,4.8481897127306375e-05,0.015260857817463542,0.0,0.0,0.0017717912282441755,0.03344098836009173,0.001308273209639171,0.029293588174323495,0.0,0.0
20679729,7,2,10,3.8506471444144026,2.333526872291956,-33.682016460229875,331.2372258688469,334.85389944131526,16,transition,False,3,3,3,3.13249729795908e-32,3.0783364191626583e-05,3.0783364191625946e-05,9.476155109542785e-10,1.3392501725019497,0.002238382200165313,0.13949929502430594,0.010941394559689503,1.339252043082771,0.13992772215393615,5.275232843388004e-05,2.7828081551959487e-09,CALIBRATED,-0.0018029767490874307,-0.0023131335660883934,0.004176678702283567,0.002176558558183565,0.0,0.0,-0.00255518843921849,-0.001831136390701298,0.005520338930677899,0.0035208149742716743,0.0,0.0
20679729,8,3,4,2.131060128140909,-16.296817384620596,-48.03228636517575,308.5476830019859,311.4148404722125,15,transition,False,4,4,3,4.614151229659902e-28,6.40750007932666e-05,6.407500079320857e-05,4.105605726649679e-09,1.8236475285004436,0.006500057257007757,0.18643214645054118,0.0039037212220685317,1.8236591125948187,0.18647301217478005,0.0001860939480256199,3.4630957491762114e-08,CALIBRATED,-0.0013509572627407953,-0.004021096884393623,0.00561888910156305,0.0038090392985781004,0.0,0.0,-0.002758723495466771,-0.002833971191693781,0.010133082754532317,0.008232413611792652,0.0,0.0
20679729,9,3,7,3.827555580819787,-28.089068296301,-29.37787136664022,305.299886864671,303.9490652777807,14,transition,False,4,4,3,1.7240216200053608e-27,6.559677374765945e-05,6.559677374729246e-05,4.302936726053477e-09,1.343460146179519,0.0022709925585832447,0.14117102935840592,0.010804712208148916,1.3434620656274205,0.14158390210759422,0.00010651115731361813,1.1344626632286309e-08,CALIBRATED,-0.0044191966570263,0.0021887999042697935,0.0034558030387063367,-0.005416092225078579,0.0,0.0,-0.005604071960939483,0.004983792766482885,0.005028698940587021,-0.004997952720456835,0.0,0.0
20679729,10,3,14,4.384998435841549,-29.127509686349953,-44.5203381060648,298.04737799270555,298.11219240814916,14,transition,False,4,4,3,3.1116502907471226e-26,0.0004328389710132596,0.00043283897101437037,1.8734957482877895e-07,1.273844911606011,0.0017631372152547085,-0.02097082770857875,0.02290400255154787,1.2738461317904004,0.031054290326204614,0.0007022998491148425,4.932250780667306e-07,CALIBRATED,0.003148480578098135,0.016578531080874877,0.0020408928118893464,0.01199637882006705,0.0,0.0,0.003834166494092067,0.021120288812594184,0.0027819945792087962,0.015290288520635778,0.0,0.0
20679729,11,4,5,3.9556104273237125,-13.631877848990648,-70.670005349881,303.41300320843203,334.2088796833538,16,transition,False,3,3,3,3.684169413371617e-27,8.540938309268989e-05,8.540938309270362e-05,7.294762720276207e-09,1.3201136312994077,0.002090150996056055,0.13190038457632486,0.011562687625214528,1.3201152859783478,0.13240622038446942,0.00014537163183808924,2.1132911343268962e-08,CALIBRATED,0.00011303015653973321,-0.0012113142024131416,0.003330669333155167,0.008534399039922386,0.0,0.0,0.0001270301799984092,8.611173725068185e-05,0.004379624167067104,0.011232407226209717,0.0,0.0
20679729,12,4,10,5.1474281636883,-2.9700586343871276,-51.586449665724416,319.70743871717696,325.20739554927826,16,transition,False,3,3,3,4.476365243042764e-30,0.00016412735218490518,0.000164127352184905,2.6937787735227835e-08,1.2037554667821069,0.0012821037922208683,-1.8232528649156776,2.3121771990091537,1.2037561495576845,2.94455674237075,0.00024131464976683703,5.8232760192091216e-08,CALIBRATED,-4.856283783274349e-05,0.010944138808894683,-1.5814704542465914e-05,0.006659622321307127,0.0,0.0,-0.0009558767722607598,0.011965721637719137,0.0012610999918390724,0.009779165703795644,-0.0,0.0
20679729,13,5,17,1.5253987779705902,-14.616737887801612,-93.3845801723976,296.3595382383069,356.9447952942051,17,transition,False,4,3,4,6.04038660870809e-26,0.00011156582671968513,0.00011156582671963163,1.244693369163487e-08,2.2788783921408484,0.011622428561477742,0.1606589933042658,0.003073386176681605,2.278908029520306,0.16068838735929594,0.0005281811650720106,2.789753431368265e-07,CALIBRATED,-0.00010885747357270822,-0.00249794663653361,0.002258931338673449,0.01001056784494608,0.0,0.0,0.0002917011680351085,0.0009420158392181979,0.004998481334767667,0.022410351759961707,0.0,0.0
20679729,14,5,110,3.3406012114486785,-24.544805107594147,-87.47832678661204,288.19922591488705,354.2491304520454,17,transition,False,3,3,3,1.415010891530587e-24,0.0004303933806679803,0.00043039338067645325,1.852384621301064e-07,1.4322399756107256,0.0029586790573040427,0.1764245250812989,0.00792235787878993,1.4322430315833887,0.17660231256844147,0.0008826615763303719,7.790914583300169e-07,CALIBRATED,0.0035614505945271153,0.018668524732453954,0.0014298820852544354,0.008194575759319039,0.0,0.0,0.0049546616978997865,0.026606006154510812,0.002223550486185008,0.012053595460743485,0.0,0.0
20679729,15,6,8,4.928977779137487,33.2598562852138,0.008505127538337653,373.32309018872445,374.43079952023226,17,transition,False,3,3,3,9.587388494765299e-41,0.00013809694199979944,0.00013809694199979944,1.907076538969597e-08,1.219904877798597,0.0013896607358735388,-0.23242788760298844,0.03855734237732101,1.2199056693178252,0.23560431147750538,0.00020550731654095904,4.223325715186594e-08,CALIBRATED,-0.005154567189468699,0.008577431736790726,-0.0031413759290248367,0.005299698214265674,0.0,0.0,-0.006261747980716329,0.010438167020820628,-0.0039011472881960987,0.0064902656223152265,-0.0,0.0
20679729,16,6,25,4.041351457037923,33.909536551316876,-10.831760794321333,369.32167742643196,376.0632706525216,17,transition,False,3,3,3,6.838554210599723e-40,0.0001227920346677235,0.0001227920346677235,1.507788377783941e-08,1.3079203409084783,0.001999072762027358,0.11261251635579131,0.013015349598806982,1.3079218686351481,0.11336215490701705,0.00020990880065680973,4.406170459318028e-08,CALIBRATED,-0.007660609649987148,0.006869372919338186,0.002896115251766065,-0.0029208434743749037,0.0,0.0,-0.010027727186427818,0.00909376852627017,0.0038081478732862554,-0.0034863837851260124,0.0,0.0
20679729,17,7,9,2.2915489552578485,-45.545842498192734,-28.452168335758135,290.12096713700953,286.4677640780068,13,transition,False,3,3,3,6.786426178448785e-25,0.0009829906776409388,0.0009829906776537354,9.6627067235415e-07,1.7470818823322884,0.005749976668483452,0.19151299556271653,0.0041915282343362005,1.7470913444366385,0.19155885878325835,0.0029965784943459064,8.97948267277638e-06,CALIBRATED,0.00776685605323124,0.02268096780956767,0.005239062466196072,0.019513906538639852,0.0,0.0,0.012578954786737217,0.040374369953530775,0.010090109758104033,0.0332633180356977,0.0,0.0
20679729,18,8,13,3.172432700015431,55.26821118323228,8.543235661068774,396.85587078281884,398.03608093344803,18,transition,False,3,3,3,5.991039318239471e-46,0.00014045904317816848,0.00014045904317816848,1.97287428105266e-08,1.4628998745659918,0.0031961699231771107,0.18859923439994375,0.006926943795910903,1.462903366086555,0.18872639923072934,0.0002994905690636358,8.969460095806041e-08,CALIBRATED,-0.008888221903305817,0.007666495581666214,-0.0015317750395459253,0.0005805732514331705,0.0,0.0,-0.013028977580295299,0.011030847539894832,-0.0022316418044583657,0.0017539924982702126,0.0,0.0
20679729,19,8,25,1.7194336670914048,44.4985384482938,-4.256312360640049,381.68108321408965,386.4514752487512,18,transition,False,3,3,3,1.478342439637748e-42,5.764004531292464e-05,5.764004531292464e-05,3.322374823676006e-09,2.1183257712584176,0.009778638912920233,0.16949969028289474,0.003316768490604852,2.1183483412688666,0.16953213842577905,0.00023974570936642931,5.747800515961239e-08,CALIBRATED,0.0015474583332116625,-0.0017195717707176041,0.0010338949211311569,0.007156783651704776,0.0,0.0,0.0001612679625116459,-0.001131592649649276,0.0019323412383308283,0.015320093257699263,0.0,0.0
20679729,20,9,11,3.2990056198845643,-63.98471943801731,-41.78698763616944,267.62561319074337,263.7123342078282,12,transition,False,4,3,4,2.7180844668004704e-21,0.001134306017141709,0.0011343060183370461,1.2866501432356433e-06,1.4398235394032044,0.0030174211664710446,0.17943587501782482,0.007676147471884838,1.4398267011866626,0.17959999020997347,0.0023494762805284443,5.5200387927657735e-06,CALIBRATED,0.011463809311592533,0.02574662941288388,0.006464981716976863,0.01726853148589272,0.0,0.0,0.015941029737848132,0.037580492914822725,0.010019226560066687,0.024138796632029936,0.0,0.0
20679729,21,9,14,2.1563901050117558,-46.584283888241686,-43.59463507518271,282.49356629892316,281.20641167952317,13,transition,False,3,3,3,1.2182283540844926e-23,0.0001323341528728119,0.00013233415284573868,1.7512328009399326e-08,1.8115631605018687,0.006381671919536584,0.1872340576664658,0.003949145848162257,1.8115744009628774,0.18727570078144012,0.0003479265552886094,1.2105288787499777e-07,CALIBRATED,-0.0038783363623500406,0.002866738073852691,0.0019355086622322949,-0.010262956637371088,0.0,0.0,-0.00527279719623764,0.011014338243499334,0.005234519324125918,-0.01309230023789167,0.0,0.0
20679729,22,10,20,3.2124727894187757,9.594877248260001,-55.87414443820182,330.10727068369744,338.4837632828477,17,transition,False,3,3,2,5.134109149042693e-32,1.939477325531944e-05,1.939477325531931e-05,3.761572296252492e-10,1.4555999045252053,0.00313962452463019,0.1857004964291806,0.007163946957395417,1.4556032904936504,0.18583863029535191,3.8354963709731285e-05,1.4711032411748039e-09,CALIBRATED,-0.0002830837180484154,-0.0016132171749672828,0.0031842187064145414,0.0025637703563317596,0.0,0.0,-0.0008066163406002008,-0.0009767444158224384,0.004549968683479012,0.0040060066293414924,0.0,0.0
20679729,23,11,12,3.1870470825739474,-81.47467541628336,-56.749013600663275,245.32473357464994,240.69580143062925,11,transition,False,4,4,2,5.234695085280253e-18,0.001308262783311641,0.0013082628433651014,1.71155166732974e-06,1.460235431093674,0.0031755312058664685,0.187541213144924,0.007013448469629818,1.4602388839569256,0.18767230772627583,0.002775805038156133,7.70509360985297e-06,CALIBRATED,0.013123884036221955,0.017621895569953718,0.016668039679609715,0.023402387932206864,0.0,0.0,0.02024943680429113,0.027939301249305028,0.023257589151834544,0.032314785158038775,0.0,0.0
20679729,24,11,27,4.6097244597103035,-65.80396286493715,-57.40646009298899,259.281259680578,256.38029911965936,12,transition,False,4,4,3,4.9741253599730286e-20,7.275219429792168e-05,7.27521935720691e-05,5.2928816695478124e-09,1.2515614747912205,0.0016088484812169321,-0.10832691002068928,0.029370631960669937,1.2515625088564335,0.11223793234196555,0.00010823228434149117,1.1714227373777393e-08,CALIBRATED,-0.0016272715697956193,0.0039079744208902565,0.0009084185140142352,-0.007348924583860392,0.0,0.0,-0.0013373206833770155,0.00674304566950341,0.0017524360475979638,-0.007609478348045531,-0.0,0.0
20679729,25,11,125,3.2504067922978237,-84.28163441874723,-43.021773196541375,249.08879759289337,254.70708787956283,12,transition,False,4,4,2,1.5294261636085801e-18,0.0005148956801462976,0.0005148956843234861,2.651175657349511e-07,1.44868390886509,0.0030860533827261807,0.18295423047006037,0.007388483883862572,1.4486871958880971,0.18310335917452214,0.0010641901743678535,1.1325007272210825e-06,CALIBRATED,0.0016888457089155673,0.01913630402538487,-0.0025301171186062504,-0.011808634980773091,0.0,0.0,0.003241116201998674,0.02901626174476327,-0.0018524479777821878,-0.01443295988292054,0.0,0.0
20679729,26,12,15,3.4024066237363755,-100.64628239901917,-67.60109240486653,223.35205029224716,218.66586432964954,10,transition,False,2,2,2,4.740798454963933e-15,0.002351089925998633,0.002351094253321155,5.5276441879997595e-06,1.4209718274926306,0.0028713962434481714,0.17195006715508723,0.008288193178543643,1.420974728643734,0.17214970154143128,0.004746737278555535,2.253151479162881e-05,CALIBRATED,0.03142418326329229,0.035909461384869876,0.00538155199133915,0.006720449446966197,0.0,0.0,0.04443203358925852,0.05111187587431959,0.008254692139482109,0.009589988110996704,0.0,0.0
20679729,27,13,23,4.725086326179731,78.32184955475043,14.682933694479386,420.32602138159626,421.8932839150676,19,transition,False,3,3,2,1.863780926014461e-51,9.508067090119367e-05,9.508067090119367e-05,9.040333979021096e-09,1.2401223952487055,0.0015296452094846022,-0.15317067368229165,0.03269024054698168,1.2401233386288049,0.1566202640251465,0.00014619555793596916,2.1373141160209315e-08,CALIBRATED,-0.007735795798193292,0.004906523202710051,-0.0028945905258542103,0.0016689847269377954,0.0,0.0,-0.009652749829481526,0.006032308571640302,-0.003447728913878775,0.002178163744609836,-0.0,0.0
20679729,28,13,38,5.444754086642128,67.55337021946598,-2.1903643996415036,403.58787110801075,414.34973481015004,19,transition,False,3,3,3,1.699182918456731e-47,1.2960330287097832e-05,1.2960330287097832e-05,1.6797016115066536e-10,1.185388968939389,0.0011635275679734323,-4.975872664651778,6.893381075138704,1.1853895399739232,8.501647571024643,3.932653117222019e-05,1.5465760540396065e-09,CALIBRATED,0.0004926439953170076,-0.0004712060607704219,5.439477712631674e-05,0.00353449264216104,0.0,0.0,-0.0008808495186478966,0.004258360240750116,-3.958940509264148e-05,0.004518344391115066,0.0,0.0
20679729,29,14,27,4.105383766001719,-48.40352731516151,-59.21410753200227,274.58892098713983,273.87437659135435,13,transition,False,3,3,3,2.239479778204374e-22,0.0006556213785439198,0.0006556213787656933,4.2983939229462867e-07,1.3015710099038358,0.001955110502038681,0.08772171129378986,0.014857918630870232,1.301572478304288,0.08897109855651204,0.0011099248392180694,1.2319331487132572e-06,CALIBRATED,0.007409785535955901,0.018261381639575462,0.005509030456558566,0.015391198170360821,0.0,0.0,0.009355217821557172,0.02422451829774405,0.007456207338236942,0.019493137872101912,0.0,0.0
20679729,30,15,16,3.386131860178679,-123.81443757730867,-68.99501834361286,201.97561418173402,195.45581383664086,9,transition,False,4,2,4,1.934179327826411e-12,0.0040177166795000874,0.004017849953037263,1.6143118245121537e-05,1.4239389858622158,0.0028943797833288283,0.17312829317288295,0.008191860466178001,1.4239419275000806,0.17332199074223975,0.008093477112710936,6.550437177397576e-05,CALIBRATED,0.047915040861839876,0.04045418091719144,-0.007648162591992862,-0.005192655152334289,0.0,0.0,0.06847998077888699,0.05794883582248783,-0.005252777865477428,-0.004279029884039781,0.0,0.0
20679729,31,16,19,3.260708937504738,-146.5130003765182,-71.91595792796969,180.68402973305766,172.57008375859613,8,transition,False,4,4,3,4.2259479001751635e-10,0.013736567938717704,0.01374065055740278,0.00018880547774065333,1.4468056575303159,0.0030715044914700947,0.18220839748275683,0.00744946379226176,1.4468089178608112,0.18236061697643635,0.028718062933878005,0.0008247271386741778,CALIBRATED,0.09930970818996254,0.0528638915630285,0.028385478325010077,0.016670513060491363,0.0,0.0,0.1416911554359519,0.07641588452990172,0.046487513931248954,0.02532198738463439,0.0,0.0
20679729,32,16,145,1.0139671301747946,-131.81590849160233,-58.38284159076077,200.23581822417006,192.5488161425611,9,transition,False,4,4,3,3.0720288511811638e-12,0.007571585476894719,0.0075716482317493335,5.7329856945352806e-05,3.167456651155578,0.02445806076952102,0.13543554412584816,0.0026061147408751816,3.167551078307391,0.13546061585090763,0.07452315664038758,0.005553700875647744,CALIBRATED,0.01790300555831397,0.006869387328277494,0.07471148760225343,0.04027574656937777,0.0,0.0,0.08279005375824783,0.044029767694754966,0.22588532864627478,0.12126896345810977,0.0,0.0
20679729,33,16,176,5.780120822770218,-143.45739772382538,-58.10248294133578,190.54678188332772,186.7174792354146,9,transition,False,4,4,3,3.755030703504577e-11,0.0001890881659420748,0.00018907716185362553,3.575017313462211e-08,1.1646726036308301,0.0010297803288723513,-8.531848551269903,12.060718575385904,1.1646730588863736,14.773400835842265,0.009457923336867062,8.945231384605458e-05,CALIBRATED,-0.0008948140850224991,0.0073749237635855735,0.01057360626586161,-0.00469955525796897,0.0,0.0,-0.07287651079211732,0.04191996035224877,-0.04424458914316868,0.020786312016602634,0.0,0.0
20679729,34,17,24,3.4504289309922704,-10.252241801118133,-114.70280615308666,296.42068501822513,378.705208549803,18,transition,False,4,4,3,5.897351327219753e-26,4.4980197076240655e-05,4.4980197076606356e-05,2.023218129050347e-09,1.4122165672152098,0.0028035782004969378,0.16847344940620954,0.008572444258174779,1.4122193500897222,0.16869140450949527,8.316496341268045e-05,6.916411139432477e-09,CALIBRATED,0.0007529524167781637,0.0010313662179336016,-0.0016068387306369893,-0.006384952055646505,0.0,0.0,0.0010855783255268284,0.0035053165519356487,-0.0022392823209252634,-0.008042689455010951,0.0,0.0
20679729,35,17,44,4.484773555208601,-25.73599408616876,-110.54279878540368,281.89087034859983,377.3460253848848,19,transition,False,4,4,4,1.5254533744356033e-23,0.0003791486230234533,0.0003791486230511047,1.4375367836154866e-07,1.263951386460021,0.00169463523853393,-0.059755670647904824,0.02577509291344767,1.263952522495525,0.06507761204344958,0.0006056343841384834,3.667930072508e-07,CALIBRATED,0.0035398638374599923,0.01631120072858761,0.0022323815122447725,0.009776461048807918,0.0,0.0,0.0044751655015939015,0.020465454486583438,0.0027586105190174188,0.01261596284608414,0.0,0.0
20679729,36,17,110,3.1041422933483993,-25.23878519503173,-98.21862891345674,284.91061764788617,365.0118298410307,18,transition,False,4,4,3,4.919673663714126e-24,0.00026014679690612236,0.00026014679691728406,6.767635594632263e-08,1.4753503443369413,0.003292610973121321,0.19354317927605202,0.0065227228633323205,1.475354018472228,0.19365306131800203,0.0005662533653375406,3.206428737560902e-07,CALIBRATED,0.002516117760975129,0.013633008638507563,-0.0014849478554535185,-0.00810875783700264,0.0,0.0,0.003660561120859016,0.02012087421463567,-0.0021753915551154922,-0.01196961779000222,0.0,0.0
20679729,37,18,21,2.5085779300176654,-50.081689116961,13.851904279853956,308.22042616485936,321.0856342203445,15,transition,False,5,4,5,5.272881115570869e-28,0.0002877642189139573,0.00028776421891338534,8.280824568683076e-08,1.6450045825619346,0.004752812774789213,0.198163220243682,0.004588351634379568,1.6450114485556133,0.19821633340385128,0.0007752374244178396,6.009930642180056e-07,CALIBRATED,-0.012454177480461424,0.0018223993836392557,0.010931640965362272,-0.003136202877601762,0.0,0.0,-0.020417578792437364,0.004030788930195096,0.01808578576966434,-0.0038751766884201717,0.0,0.0
20679729,38,18,50,4.0050464883883805,-53.16751821204703,2.974088587220907,299.54730520635917,325.8597265198683,16,transition,False,4,4,2,1.7203471460676246e-26,0.0002223345324914279,0.00022233453249089554,4.9432644337945085e-08,1.3115202776716433,0.002023998436214031,0.12672507784328604,0.011970651820041953,1.3115218394344692,0.12728920558862633,0.00038235053908391796,1.4619193473776267e-07,CALIBRATED,-0.002029796833927312,0.014118356360366988,-0.0008197239590844892,0.00426784765619182,0.0,0.0,-0.0027608259438751557,0.018539337710381184,-0.0008472038560390282,0.005504868942880895,0.0,0.0
20679729,39,18,130,5.1112107931757045,-39.986755422470665,18.82973366801786,319.35143509477143,331.88387556620506,16,transition,False,4,4,2,5.2029689773941275e-30,0.00011198471430045181,0.00011198471430045401,1.2540576236954309e-08,1.205992696051523,0.0012965476019125679,-1.4392311885073346,1.7541392165581986,1.2059933930023436,2.2690065678705396,0.00016318636278005118,2.6629788997382473e-08,CALIBRATED,0.0004814879943808033,0.0012420455852025737,0.005722595211546483,0.008801256184249224,0.0,0.0,0.0012270098309172227,0.0008506792789344975,0.00680285903679493,0.010708793739015275,0.0,0.0
20679729,40,19,28,3.320039843730772,-162.23227708627908,-86.27835939571744,159.94269002250684,152.23433354730426,8,transition,False,4,3,4,4.51400065663943e-08,0.017978510495180847,0.017996106538553405,0.0003238598505469646,1.4359886527634238,0.0029877162235442786,0.1779130836290663,0.007800652127723787,1.4359917608794088,0.17808401247731614,0.03685949688546711,0.0013586225106497593,CALIBRATED,0.041516134458615975,0.013332865818410585,0.12067636295935859,0.039140352963877786,0.0,0.0,0.07170355485580203,0.02329147424411613,0.16784704006925522,0.05479941125626813,0.0,0.0
20679729,41,19,66,1.1223592949211785,-168.05573997224738,-76.61908432560716,159.83464753730428,150.51993574998738,7,transition,False,4,3,4,4.618299176916162e-08,0.02415988796279981,0.024220010150814236,0.0005866088917055447,2.9739780710211403,0.02164935836777437,0.14080264954004984,0.0027032180027043717,2.9740568692666853,0.14082859619078875,0.21236172477831797,0.04509750215082207,CALIBRATED,0.1399900685572941,0.06791672690628879,-0.0006518657685553765,0.0031119340440796863,0.0,0.0,0.41101215284488934,0.2040498896740829,0.03775569925353671,0.01920637107832489,0.0,0.0
20679729,42,20,22,2.7722915458905,14.719682724459336,-78.2736071461095,328.50828926646943,361.4620043115215,18,transition,False,3,2,3,1.0300372799230539e-31,1.1413088810493406e-05,1.1413088810493233e-05,1.3025859619620583e-10,1.5641513991040104,0.0040481430304998645,0.19972988632342176,0.005295601355428199,1.5641566375465816,0.19980007728848,2.0541232706872345e-05,4.2194224111788217e-10,CALIBRATED,-0.00027064332862087107,-0.0012720889012203234,0.0024987040319687124,-0.0018649688971083724,0.0,0.0,-0.0009192968249514102,0.00026320736193457086,0.003782414420963707,-0.0023065535084224316,0.0,0.0
20679729,43,21,50,2.614085473171208,-61.58900907024773,10.439844532412373,296.8567870008011,314.60543755485946,15,transition,False,5,5,2,4.970112661360808e-26,0.0003549804130108515,0.00035498041301268245,1.260110936226546e-07,1.6126565344167763,0.004470885832152866,0.19879001794795767,0.004871310783898234,1.612662731887003,0.19884969425297758,0.0009148170120172263,8.368901654761259e-07,CALIBRATED,0.004106302522982663,0.0028229579249798905,0.010215758994854324,0.015026239360374734,0.0,0.0,0.005028852563741039,0.006455202305175025,0.016855710874889088,0.02374327332131756,0.0,0.0
20679729,44,21,57,3.1342592131573,-69.83433034465713,23.642207200107848,298.2598873716099,299.03984399317386,14,transition,False,5,5,4,2.8615711330047016e-26,0.000292519568242659,0.00029251956823860616,8.556769780250056e-08,1.4698595321134456,0.0032500792690473117,0.19136283801524562,0.006700989328648675,1.469863125314739,0.19148012698771588,0.0006253512820754246,3.910642259933772e-07,CALIBRATED,-0.011979031799044328,0.011424564702126588,0.0016662332583982453,-0.003965520582675333,0.0,0.0,-0.017444382165972903,0.017161223446538292,0.003438112481255902,-0.003836222791643861,0.0,0.0
20679729,45,21,96,3.1135060274507076,-62.98781732842179,31.968790119568087,308.81529379294653,309.81976623761176,15,transition,False,5,5,3,4.136691044134367e-28,0.00033404634629333055,0.0003340463462930749,1.1158696147175292e-07,1.4736431808556572,0.0032793873244084345,0.19286528339732245,0.006578148178775349,1.473646829760646,0.19297743280858368,0.0007239392727522488,5.240880706330549e-07,CALIBRATED,-0.006286230336076401,-0.0033184643137751458,0.015770085424261095,0.0059010045555461365,0.0,0.0,-0.009635271836143572,-0.004002692599403851,0.023059078861861492,0.009130068093557537,0.0,0.0
20679729,46,21,130,2.5110170106838616,-48.408246280671364,26.295489613209327,316.852407968628,320.62958660119625,15,transition,False,5,5,2,1.488563716499891e-29,0.00029441107500501187,0.0002944110750049905,8.667788108559414e-08,1.644256773481543,0.004746295301872007,0.19817771029924028,0.004594892969437573,1.644263623771756,0.19823097109394938,0.0007876621238230477,6.204116213054341e-07,CALIBRATED,-0.002776980194171576,0.015228781931521043,-0.0031609237442478733,0.0066926988555736965,0.0,0.0,-0.005665946605305683,0.024558319325540843,-0.003145188965224406,0.011939678017713473,0.0,0.0
20679729,47,22,34,4.088497540541773,29.42940170711956,-91.79029269894626,339.6713657113687,381.43890649587183,19,transition,False,3,3,3,7.432180744537317e-34,0.0001315751810894805,0.0001315751810894803,1.7312028278729537e-08,1.3032454182860922,0.0019667039717403165,0.0942857686104509,0.014372007118316075,1.3032469022438549,0.09537484338688278,0.00022344200446039372,4.9926329357278605e-08,CALIBRATED,-0.0031274210942705857,0.010745100576950184,0.0006461454788428718,-0.0024330491158189604,0.0,0.0,-0.004091294530131043,0.014031731331512087,0.0008732714630298833,-0.0030085256057134015,0.0,0.0
20679729,48,22,146,3.4269381419199227,21.41219660010703,-100.36910489514722,330.10958254798754,384.54881359200607,19,transition,False,3,3,3,5.128930701962348e-32,1.3910354731711406e-05,1.391035473171135e-05,1.9349796876204435e-10,1.4164993262953693,0.0028367523529544145,0.17017408602470604,0.008433398832480817,1.416502166803548,0.17038292687417875,2.5725533415709066e-05,6.618030695227638e-10,CALIBRATED,-0.00012008656749855623,0.00012892787686411914,0.000993499733158254,-0.0035905807094117185,0.0,0.0,-0.0004073569186102722,0.0014002634526654718,0.0013371469783097136,-0.004670213483139287,0.0,0.0
20679729,49,23,31,3.5191920594367225,101.10182471257593,22.613242686029814,444.33181309032125,446.01416841154935,20,transition,False,3,2,3,2.043402548360625e-57,0.00010229877491085958,0.00010229877491085958,1.0465039348262712e-08,1.3996799124515638,0.0027064695635991426,0.16349528141556194,0.0089794633002836,1.399682529110768,0.1637416801132654,0.0002002209694706498,4.008843661576688e-08,CALIBRATED,-0.009045861309042119,0.003275897299844292,-0.003024712136133837,0.0007686230954323172,0.0,0.0,-0.012663819373446855,0.004436077730864007,-0.00425460410601189,0.001438126077296816,0.0,0.0
20679729,50,24,26,2.020507596169651,-7.691683736370002,-136.00388690297183,296.27950656330364,400.1596369671735,19,transition,False,4,3,4,6.232805961522468e-26,4.9946282968200737e-05,4.994628296759846e-05,2.494631182279416e-09,1.8763896800755027,0.007016749351613395,0.18293220976332478,0.0037054657142125864,1.8764027995783077,0.18296973477887607,0.0001473368190969878,2.170813826161851e-08,CALIBRATED,-0.0012061995481181676,-0.0015465266801171552,-0.0034516359511550096,0.005846864981004612,0.0,0.0,-0.001615606224939503,0.0017628683981754482,-0.006665990088515111,0.00985816954477134,0.0,0.0
20679729,51,24,193,3.714224112172708,2.7578667374653785,-134.0763339686281,306.8615820635817,402.04180007910054,19,transition,False,3,3,2,9.162987988506402e-28,0.00013819784733135485,0.00013819784733141747,1.909864500703777e-08,1.3641223459430618,0.002431041478504528,0.14937576207366807,0.010133886623958354,1.3641245121556438,0.14971911685952577,0.0002571553558479976,6.612887704131029e-08,CALIBRATED,0.0010342434920825297,0.0078086927946779145,-0.0010482841193690355,-0.00866334836965052,0.0,0.0,0.0013340999606354666,0.010670517728614586,-0.0014611368047410392,-0.011805958825278996,0.0,0.0
20679729,52,25,38,3.2719353570857947,56.783697484527494,-14.989912421350326,388.6890698082462,399.31230210227847,18,transition,False,3,3,3,4.164825372386189e-44,0.00014273799283700232,0.00014273799283700232,2.0374134599136127e-08,1.444758895701653,0.003055650321838476,0.181395650828085,0.007515914616236191,1.4447621270326647,0.181551290581651,0.000297370302309696,8.842909669575998e-08,CALIBRATED,-0.009308782697342626,0.007472238436313923,-0.0002515266175535596,-0.00043237095438038555,0.0,0.0,-0.01347372422734903,0.010761344947992729,-0.00014989928502096733,6.547496110678109e-06,0.0,0.0
20679729,53,26,32,3.030691612312534,-8.48591635977428,-158.11566289002894,294.32070907786544,422.28567237259296,20,transition,False,4,4,2,1.3392526839254037e-25,7.469590990897517e-05,7.469590990955566e-05,5.5794789572164555e-09,1.4887416174091836,0.00339633946360688,0.1988607068158205,0.006087957509955345,1.4887454915222629,0.19895387390531186,0.00014991365648619174,2.24741044010599e-08,CALIBRATED,0.0007931240625404976,-0.0019052017686570777,-0.006471552570933141,-0.005343788700288355,0.0,0.0,0.001415124380742417,0.0005781400605852197,-0.009582227988700327,-0.007467110573450396,0.0,0.0
20679729,54,26,46,2.3183563836538674,-21.05274953605227,-144.1737556884633,282.32339505951603,415.82057037727355,20,transition,False,4,4,4,1.2981564469168915e-23,0.0007363710328187326,0.0007363710328597952,5.422422980350015e-07,1.7342926551061952,0.0056246861293890536,0.1923616808027574,0.00423960239633139,1.7343017761189519,0.19240839500848422,0.002212438888466626,4.89488583519944e-06,CALIBRATED,0.005698354766063523,0.02569141480536129,-0.0005977707726968768,-0.006594972420112782,0.0,0.0,0.00948324651206596,0.04477935706666548,-0.0020839441809573714,-0.010628889001431253,0.0,0.0
20679729,55,26,193,1.25168844303251,0.2599486280924488,-144.79949086466894,303.5562727547337,412.0167490232599,20,transition,False,4,4,2,3.478324624191367e-27,0.0007975158755296486,0.0007975158755295995,6.360315717217436e-07,2.743127252559084,0.01829812823258821,0.14720646270003726,0.0028190776883244956,2.743188281038902,0.14723345360233273,0.005986986755187262,3.58440104067877e-05,CALIBRATED,-0.0004185525766935908,0.027533275476653213,0.0007459377846816788,0.006221174135020938,0.0,0.0,-0.0012739117245513392,0.07605088869975275,-0.00011703724963904015,0.014199032867253004,0.0,0.0
20679729,56,27,30,2.141603871885568,-62.36705433391344,-76.84336678978353,255.2540582870276,276.11873072377927,13,transition,False,3,3,2,1.957508752450341e-19,0.000877879871902162,0.0008778798766242629,7.70673077781831e-07,1.8186173431140615,0.006450778701887651,0.18676594645398328,0.003922629475308212,1.8186287837876944,0.18680713524074152,0.002858640867039978,8.171827606711076e-06,CALIBRATED,0.005336462107735542,0.007074169786545865,0.014726559999882323,0.024134759190801002,0.0,0.0,0.0114454806841011,0.018107294153197895,0.025818415247351904,0.041631444504301306,0.0,0.0
20679729,57,28,29,2.4552060200610875,-178.01448355595863,-98.68411960873138,140.19300936827338,132.59078654128112,6,source,False,5,4,5,2.2729478066157394e-06,0.052966578147607274,0.05363155450431856,0.0028763436385496922,1.6690047405041326,0.00498508860936437,0.1966941465957469,0.004485016894597866,1.6690121853760418,0.19674527359399005,0.14939208350008745,0.022317994612497102,CALIBRATED,0.22129082226397107,0.05893172209247921,0.03330925236397578,0.008914725134399167,0.0,0.0,0.36877270911945065,0.09939866067376907,0.05727345777905491,0.015441172205509557,0.0,0.0
20679729,58,28,66,2.5578646918811323,-172.74442389400852,-87.29486568624378,150.27715231853526,141.67315389984367,7,transition,False,4,4,4,3.27736401943138e-07,0.0007382546273146775,0.0007141481953437706,5.100076449127644e-07,1.6298935251149975,0.004621113507899911,0.19845602233407136,0.004720533086080326,1.6299000760481748,0.19851215638665104,0.001576710706674628,2.4860166525424046e-06,CALIBRATED,-0.02076804854961729,-0.00045904721517775964,0.014841702861835558,-0.007896169109114212,0.0,0.0,-0.021437860563018857,0.004634695220665621,0.03170856175778163,-0.009498186806947742,0.0,0.0
20679729,59,28,117,2.644655576813541,-171.22191190859724,-107.42777087676245,142.66463287487983,141.3868553666518,7,source,False,4,4,3,1.4316835671630593e-06,0.019981702463136197,0.020093138290654195,0.0004037342063673538,1.6032839042249656,0.004389199389663944,0.19897162838271681,0.004953296301414681,1.6032899122174165,0.1990332737145213,0.05155752755423768,0.002658178647505978,CALIBRATED,0.047164521474099524,0.010489927841023414,0.12929690188329956,0.03226327295926336,0.0,0.0,0.08270016649983383,0.0203377176200758,0.20423091208495917,0.05093448543069007,0.0,0.0
20679729,60,29,41,1.5314604502818483,-199.8713475606939,-100.6408758067166,120.13220733637031,110.646507128645,5,source,False,5,5,3,7.179820606109522e-05,0.21037663061370335,0.21806732043211938,0.04755335624044463,2.2738627097503636,0.011564828360240292,0.16093517769734272,0.0030809894682341872,2.273892118823641,0.16096466667122525,1.1196766018013236,1.2536756926213597,CALIBRATED,0.45805133256953817,0.08601360418806678,-0.029088820975425214,-0.0034347565019809414,0.0,0.0,1.038828194673621,0.20064000681268274,0.015669092083769702,0.0032635826856233594,0.0,0.0
20679729,61,29,66,5.098895095315481,-183.83794644192693,-89.02484453862108,139.87023709152155,130.44555088981312,6,source,False,5,5,4,2.4129352767658472e-06,0.015317238130976183,0.015430690790281663,0.00023810621826528334,1.2067534646919906,0.0013014592118278066,-1.3086448187216806,1.5643786931097947,1.2067541664905093,2.0395666100971086,0.023050876078285532,0.0005313428879764762,CALIBRATED,0.0372950902611507,0.009786278958671842,0.11503227424724581,0.026675300529586794,0.0,0.0,0.08129492755692491,-0.003356686208693333,0.12198328640656834,0.039380468851314424,0.0,0.0
20679729,62,29,106,5.027026705000935,-195.26131268792028,-89.51800583549387,130.0175520344699,121.60414365517215,6,source,False,5,5,3,1.3998349447245494e-05,0.0012102391664245578,0.0013284062235908072,1.7646630948747896e-06,1.2111929384605684,0.001330120965507331,-0.5466066216150567,0.4570290714916503,1.2111936688236649,0.7124986813896189,0.0010538096201645015,1.110514715551251e-06,CALIBRATED,0.017662386553265835,0.007494434859560474,0.030407136761408788,-0.005973759699101448,0.0,0.0,-0.026466749073062082,0.015644064489036536,0.009815090614943688,-0.0034997222963228224,0.0,0.0
20679729,63,29,117,2.1441158849460145,-182.31543445651565,-109.15774972913977,131.79353985210426,130.15925235662124,6,source,False,5,5,3,1.0293566165953308e-05,0.009896630206940168,0.0100297374315579,0.00010059563294599364,1.817418917612355,0.006439038244507479,0.18684547323199782,0.003927134305873006,1.8174303241964405,0.18688673909923512,0.027695811516900037,0.0007670579755796528,CALIBRATED,0.02234799782180857,0.00906527149252489,-0.09368090989355832,-0.02592320194721636,0.0,0.0,0.09181987324930055,0.027958564908285893,-0.1302668213090498,-0.03890753535868955,0.0,0.0
20679729,64,30,40,2.2187107323076773,-75.60451861442122,-93.87014770530183,237.346957706511,297.68587538696494,14,transition,False,2,2,2,6.67657769122305e-17,0.0016011970984763616,0.0016011973805700416,2.5638330515443627e-06,1.7818313767743934,0.006090402467082627,0.18920704051863643,0.004060906360510054,1.7818417854175328,0.18925061464177537,0.005083219150174952,2.5839116928705363e-05,CALIBRATED,0.017261817048009755,0.02578420903014316,0.013828075028539801,0.02114677182139248,0.0,0.0,0.030614984074946443,0.046452409243558875,0.024492538598032857,0.03725897380173701,0.0,0.0
20679729,65,31,33,3.393107358787045,123.11846174214212,22.046670288132113,464.2087727446983,468.03809427352326,21,transition,False,3,3,2,1.333345029511928e-62,3.905595377697239e-05,3.905595377697239e-05,1.525367525429004e-09,1.4226672371818452,0.0028845288475604232,0.17262329573200844,0.00823314946547218,1.4226701614419615,0.1728195214074534,7.75979818306151e-05,6.02144678418447e-09,CALIBRATED,-0.005416296480136125,-0.0007911741571106597,0.003015572292380244,7.308815650219366e-06,0.0,0.0,-0.008073592391324347,-0.001008057060452147,0.003357573083921273,0.00035441737875654673,0.0,0.0
20679729,66,31,97,3.2860435194309794,119.81325489540494,35.21296783086704,466.60677752160905,468.5723308635827,21,transition,False,3,3,3,3.048065882572813e-63,6.824147378470152e-05,6.824147378470152e-05,4.656898744308105e-09,1.442186744540527,0.0030357264986287684,0.18037427783673846,0.007599422898269803,1.4421899395585096,0.18053429406489965,0.00014128318863916388,1.9960939392049567e-08,CALIBRATED,-0.004590450315878556,0.0020142266422833927,-0.006209716100560145,0.0021334377577309,0.0,0.0,-0.007150513984429115,0.002754085169328612,-0.008513981672447081,0.003174975489506488,0.0,0.0
20679729,67,32,36,4.256358477013723,-3.5456970449426217,-181.1926343207026,299.80117109576855,445.88551087396337,21,transition,False,3,2,3,1.5557042313722062e-26,0.00013938898791754652,0.00013938898791810502,1.9429289952833627e-08,1.2866006234058658,0.001851456743418516,0.02903443042099603,0.01920230869952608,1.2866019555559656,0.03480986655049908,0.00022926311219547335,5.25615746135542e-08,CALIBRATED,0.002238812159514648,0.0015400386390237723,-0.007169373619438972,-0.00897803268693764,0.0,0.0,0.0025966498080709603,0.003094584185274972,-0.009285295543310408,-0.011257324609486231,0.0,0.0
20679729,68,33,58,2.3176148239471637,141.7334307642828,25.764450878365054,482.7827723075483,487.0206906241906,22,transition,False,4,2,4,1.1867842696507892e-67,7.116032656186033e-05,7.116032656186033e-05,5.063792076390605e-09,1.7346464367315957,0.005628151975275167,0.19233820407203966,0.004238272546226317,1.7346555671257273,0.19238489467687858,0.00021290955228148476,4.53304774527023e-08,CALIBRATED,-0.005410926638083318,0.0012798975330197008,-0.006303141598083991,0.0007172640926562354,0.0,0.0,-0.009924120071684592,0.001718688879530864,-0.010426063883476633,0.0016627367552661022,0.0,0.0
20679729,69,34,35,3.4456734285924817,44.539869235413505,-105.5439606367201,351.97276059337287,401.8714690044309,20,transition,False,3,3,3,2.6797983866927816e-36,8.065858157079917e-06,8.065858157079919e-06,6.505806781013267e-11,1.4130835738968794,0.002810294014135067,0.16881772824228952,0.008544295742025287,1.413086368404148,0.16903381424618774,1.496398812570992e-05,2.2392094062638747e-10,CALIBRATED,0.0005610287730435763,0.00018307822993437258,-0.0002863613544393947,-0.0027632561244489936,0.0,0.0,0.0002510153533716586,0.0009902240181451076,-0.0005573223012395268,-0.0036891499921406366,0.0,0.0
20679729,70,34,146,3.483747267043558,33.19110672598491,-102.88330550103834,341.2350746551955,393.1523755668318,20,transition,False,3,3,3,3.6761254369468806e-34,0.00010775584595314013,0.00010775584595314005,1.1611322337076848e-08,1.4061420839009209,0.002756525393697188,0.1660613387622596,0.008769660375751656,1.4061447857704663,0.16629273939237388,0.0002130117723845477,4.5374015174406355e-08,CALIBRATED,-0.002299477125287485,0.006582497673927535,-0.0025360396290390773,0.007259991616806562,0.0,0.0,-0.0032975830878613794,0.009383677494787475,-0.003543012112815086,0.010076278082976023,0.0,0.0
20679729,71,35,37,2.7367222231930306,44.71604667100364,-127.70511335267304,349.23911860929087,420.73747855943526,22,transition,False,3,3,3,9.517083944919354e-36,2.069138270678877e-05,2.0691382706788768e-05,4.281333183187973e-10,1.575056763106601,0.004143187897435584,0.19951857659955707,0.005200208504845145,1.5750622124264797,0.1995863336423794,4.341443238093806e-05,1.8848129389590433e-09,CALIBRATED,-0.0005705677510022625,-0.0012499158888475456,-0.003914484598538931,0.0018655711583622158,0.0,0.0,-0.0016031740427399624,0.00030062256457657864,-0.0059682326055418,0.0022658532629978496,0.0,0.0
20679729,72,35,146,3.312957448289712,36.522664128400976,-114.12277283292104,342.7451193512751,404.87521228112803,21,transition,False,3,3,3,1.8570504816363152e-34,0.00015231781417401855,0.00015231781417401842,2.3200716514750805e-08,1.4372798905030784,0.0029977181211136724,0.17842581996144935,0.007758730390399332,1.4372830166527657,0.17859443195740018,0.0003143427939731966,9.881139212287553e-08,CALIBRATED,-0.0031549737600397765,0.011499074236179439,0.0009525609118868264,-0.0030377416228933173,0.0,0.0,-0.004628247952358939,0.01661378899145648,0.0011257055447871916,-0.003954354212570836,0.0,0.0
20679729,73,36,48,3.4836790684778656,8.561888684006966,-200.573530702079,313.6369139805066,468.7374862093586,22,transition,False,3,3,3,5.687087390195083e-29,0.0002233688795869354,0.00022336887958697682,4.9893656367941344e-08,1.4061545176265644,0.0027566217050475086,0.16606627605822646,0.008769256698439275,1.406157219661024,0.16629764853085025,0.0004412683094317932,1.947177209087928e-07,CALIBRATED,0.002745164201765477,0.01111451763513083,-0.001821793651615084,-0.009433001575406571,0.0,0.0,0.003485960516619762,0.015512151099633945,-0.0029318747990521193,-0.013412444487608135,0.0,0.0
20679729,74,36,59,2.6048207105936747,-2.7528219459534657,-203.9160676229734,302.84588435260684,468.62277262566397,22,transition,False,4,3,4,4.624483419403737e-27,0.0001316908209757393,0.00013169082097541271,1.73424723291782e-08,1.615497061045999,0.004495642225010336,0.1987349779788646,0.004846463751533769,1.6155033163219676,0.19879406350078646,0.0003368784874286724,1.1348711529223017e-07,CALIBRATED,-0.0024011491599780946,-0.0021773467108254984,-0.010765080537049335,-0.0023016311647716687,0.0,0.0,-0.003845365138609228,-0.001276060525385706,-0.01738590023237035,-0.004265418739708709,0.0,0.0
20679729,75,37,39,2.9812120856142563,38.43650405295911,-149.6845396886614,341.45409687261775,443.59634636934607,23,transition,False,3,3,2,3.3300936295454008e-34,2.538342605104814e-05,2.5383426051048097e-05,6.443183180890272e-10,1.5000974795879287,0.00348988598784901,0.20097103847956968,0.005855902320366645,1.5001015390866925,0.20105633513904095,5.4485387119066896e-05,2.968657409514581e-09,CALIBRATED,-0.001196131564962765,-0.000955282795521302,-0.004762349391005986,0.0006001319762466764,0.0,0.0,-0.0019682370510797674,-8.358086075663566e-05,-0.007096002003007786,0.0005011984066698395,0.0,0.0
20679729,76,37,100,3.8176914561182933,51.17041086570073,-145.66053342926523,354.3491217364303,439.81772822459106,23,transition,False,3,3,2,8.83384652408173e-37,0.00010946858056444068,0.00010946858056444068,1.198337013079344e-08,1.3452585391369902,0.0022849228687017806,0.1418851514606951,0.010746325007361689,1.3452604796073901,0.1422915306902988,0.00019792155501738182,3.91729419404985e-08,CALIBRATED,-0.0012865121301397114,0.008272730159557444,0.0013344260938691122,-0.006131452504145648,0.0,0.0,-0.001974558280705636,0.011171382451259152,0.0015018035826218263,-0.008183365734244186,0.0,0.0
20679729,77,38,42,4.306791614119845,79.77914577890364,-19.20251988464736,408.55608869363584,422.6904265757933,19,transition,False,3,3,3,1.1794224715206886e-48,7.964199627760115e-05,7.964199627760115e-05,6.342847571081436e-09,1.281599762336334,0.001816831181395483,0.009429930681912196,0.02065355320601547,1.2816010501306907,0.022704467681480243,0.00013012723769786856,1.6933097990877586e-08,CALIBRATED,-0.007541237399567354,0.002980774510788136,0.0033542183239649846,-0.0016235570553513182,0.0,0.0,-0.00987296333747864,0.004016672443112937,0.003768601714929655,-0.0015217806128472028,0.0,0.0
20679729,78,39,43,3.5606016739879784,38.10860445372903,-172.18589898243994,341.0143232133552,466.10009468412443,24,transition,False,2,2,2,4.061021565352787e-34,7.526374146865697e-05,7.526374146865702e-05,5.6646307798608424e-09,1.3921302553421708,0.0026479900948125534,0.1604973954506928,0.009224572881974072,1.392132773729072,0.16076226762306794,0.00014354405381005315,2.0604895384223437e-08,CALIBRATED,0.0014372638032902052,0.0008839989221035165,-0.003651542596470074,-0.007686533470966818,0.0,0.0,0.0013712624321897504,0.0023933453486614806,-0.005216339681482863,-0.010427146854319542,0.0,0.0
20679729,79,40,49,2.356029626367061,-87.53400622536876,-111.50371744350093,221.2277739806944,318.97567238862,15,transition,False,2,2,2,8.851696495954217e-15,0.0009208155111593864,0.0009208159517643483,8.479020170236826e-07,1.7163195897944048,0.00544861176599838,0.19355436234471063,0.004307162385537483,1.7163282383280334,0.1936022800239783,0.0026405699102770974,6.972609451060798e-06,CALIBRATED,0.002341611571881577,0.0031894183216055,0.017839522437127896,0.02422626378531771,0.0,0.0,0.008300133004309007,0.011320248313638528,0.029178155116447214,0.039901941613234654,0.0,0.0
20679729,80,41,56,2.1442471922628137,-220.65774670570084,-105.57193157810062,99.99441508716986,89.28322787577642,4,source,False,3,3,3,0.0013457123637168312,0.6700868079011202,0.7250100188896678,0.5256395274903964,1.8173562738150393,0.0064384245502632645,0.18684963023579657,0.003927369781246686,1.817367678618054,0.18689090013334664,2.3945424602090126,5.733833593743831,CALIBRATED,0.7669419415069445,0.0896136590685067,0.3562702864869696,0.04302269543011261,0.0,0.0,1.3909144003876255,0.16839814702869943,0.6521262461353547,0.07920236222522856,0.0,0.0
20679729,81,41,106,4.08075230759346,-206.02465414473713,-89.74478318110178,121.13197514811115,110.83841343003121,5,source,False,3,3,3,6.121443444200155e-05,0.07045294963029933,0.07154395953306768,0.0051185381456692255,1.3040134219469426,0.00197202156765489,0.09729651563169685,0.014149133281535546,1.304014913061518,0.09831993656775662,0.12016954890512925,0.014440720484062251,CALIBRATED,0.0736342940954752,0.010525763098733017,0.2540826441250699,0.038120447685345636,0.0,0.0,0.12867244426587018,0.01897283578225593,0.31771016613800995,0.0480960791199599,0.0,0.0
20679729,82,42,47,3.017537339733586,93.69674420508002,-34.74276868792429,416.5857917554322,443.5518474003694,20,transition,False,3,3,2,1.4763957472534603e-50,6.656750428093023e-06,6.656750428093023e-06,4.431232626191665e-11,1.4911398587009885,0.0034149161850042433,0.19981302210708404,0.006010095441346195,1.4911437690106726,0.19990338929287854,1.1368167012597664e-05,1.292352212263137e-10,CALIBRATED,0.0008058389318003896,-0.0009086930262114314,0.001590483035344872,0.0016285007652693025,0.0,0.0,-0.00022817702556804145,-0.0006895401198954164,0.0020394667758756855,0.002584804044943144,0.0,0.0
20679729,83,42,83,2.075428190342482,101.93508274585075,-21.224355631515376,428.70107776867053,444.93842339956706,20,transition,False,3,3,2,1.6930324679653346e-53,0.00015736092111581318,0.00015736092111581318,2.476245949441718e-08,1.8501882873909026,0.006760065616431972,0.18467091804075428,0.003803955636562946,1.8502006370352433,0.184710091896734,0.0005380788297783177,2.8952882705560375e-07,CALIBRATED,-0.011252425854584958,0.004731413587588664,-0.002776664186798318,0.0008047949799881623,0.0,0.0,-0.02098052682843472,0.008609190527690781,-0.004534556577714215,0.0017933094772171329,0.0,0.0
20679729,84,43,84,2.157645079232342,43.79416183436238,-194.3249503284741,348.011980663385,488.95754767501586,25,transition,False,3,2,3,1.675656022595542e-35,0.000134170810519615,0.00013417081051961502,1.8001806395490435e-08,1.810964440242959,0.006375806515577501,0.1872737883740111,0.003951396412188354,1.8109756637606198,0.18731547011808755,0.0004321579267977875,1.8676047369416188e-07,CALIBRATED,0.002413615443724848,0.0016455799585900297,-0.004613514560385386,-0.01021532285394969,0.0,0.0,0.0025915256930281513,0.004678631096057089,-0.008767650136294063,-0.018074308936573837,0.0,0.0
20679729,85,44,46,5.022521365185046,-34.03858371172996,-129.2905914247395,270.7940786458545,397.84999386267003,20,transition,False,4,4,4,8.798684962120503e-22,5.175977020401417e-06,5.175977064105511e-06,2.679073856814631e-11,1.2114712435379973,0.0013319177351230186,-0.49883539680221933,0.3876107038539333,1.2114719757073849,0.6317268482856885,7.433138081301253e-06,5.525154173569087e-11,CALIBRATED,0.0007366874280324941,2.871860742003485e-06,-0.002057582861459147,-0.0006321496801627331,0.0,0.0,0.00029693120542426186,0.0003239470227524992,-0.0025943875596889585,-0.0007135695180762066,0.0,0.0
20679729,86,44,89,2.623136640022043,-45.42374528128839,-123.45364474700486,260.31372152896813,395.8927292029115,19,transition,False,4,4,3,3.4888212616072005e-20,0.0009259663772521893,0.0009259663801697768,8.574137372047196e-07,1.6098814950943785,0.004446700188915644,0.19884378899061064,0.00489558497698163,1.609887636262196,0.19890404513837653,0.0023982699741062043,5.751698868699374e-06,CALIBRATED,0.007810063139902799,0.023181827866467258,0.005934627513584688,0.01709831415564102,0.0,0.0,0.012775342060727446,0.037917053475100125,0.009042706871003307,0.026750460137147544,0.0,0.0
20679729,87,44,110,4.668391087708208,-35.66406130596129,-104.63654539961811,273.33200429404064,374.69521380257083,18,transition,False,4,4,3,3.530983561565691e-22,4.6487970074153185e-05,4.648797006446716e-05,2.1611313607147947e-09,1.2457441952629196,0.0015685701030912717,-0.1311319536739869,0.031058800226250252,1.2457451827895731,0.13475992856131516,7.012581753023858e-05,4.917630284284317e-09,CALIBRATED,-0.0002577317196188456,-0.000836678995770815,0.0016514745441533576,0.006556992032419963,0.0,0.0,0.00015854357693372923,0.0004615315151477667,0.002027733131048677,0.00811023849675363,0.0,0.0
20679729,88,45,53,2.716162796816235,13.177104091885354,32.494144594151216,371.3475528549444,373.63400104755374,17,transition,False,4,2,4,2.5357966410146543e-40,0.0002765777078652296,0.0002765777078652296,7.649522848798429e-08,1.5813601732173415,0.004198124786756682,0.19939643745320765,0.005145070477474878,1.5813657457051817,0.19946280610492056,0.0006894175179026125,4.7529651399099904e-07,CALIBRATED,0.0005648212818640257,0.006635558537806684,-0.0010851985615889087,0.015200341830302676,0.0,0.0,-0.0003394137141471777,0.010459250714580797,-0.0012565172367262276,0.024048441844672856,0.0,0.0
20679729,89,46,52,3.8048139372696426,-32.55694424551302,-153.50559906083174,270.36915109078217,422.11028756088933,21,transition,False,4,4,2,1.0243452786682422e-21,3.272866993059328e-05,3.2728669888140655e-05,1.0711658326468849e-09,1.347606323649853,0.002303108753060261,0.1428174309189094,0.010670101084671053,1.3476082916971832,0.14321546575504532,5.140074289280415e-05,2.642036369932156e-09,CALIBRATED,-0.0006632104165680062,-0.0018604509807075402,-0.0037472412695931205,0.003845221300177513,0.0,0.0,-0.0003182984701322933,-2.8433430148205212e-05,-0.005089468763423164,0.005039437292288246,0.0,0.0
20679729,90,46,89,5.588423201414159,-43.301058795920035,-135.78352090017933,260.85649817940805,408.403989885504,20,transition,False,4,4,3,2.893701494234689e-20,0.0003655320579041164,0.00036553206013890363,1.3361368698939107e-07,1.176514201275974,0.0011062310463603993,-6.49923158116038,9.107037721471352,1.1765147213491085,11.188304036173426,0.0005101682424515161,2.602716356060689e-07,CALIBRATED,0.006568698167815533,0.015618732485570972,-0.0033229241011809513,-0.00820960629269158,0.0,0.0,0.008318999001823155,0.019178296264991956,-0.0027142460984701557,-0.008110999848866754,0.0,0.0
20679729,91,47,51,3.6108998146584987,102.98887824209375,-55.65988195971146,419.6253296603181,466.4400404829743,21,transition,False,2,2,2,2.750352639669554e-51,1.38285339132327e-05,1.38285339132327e-05,1.912283501894269e-10,1.3829600730205651,0.0025769580753349426,0.15685601671270616,0.009522294953361616,1.382962473923992,0.15714478699643705,2.5925029835012573e-05,6.721071719462921e-10,CALIBRATED,-0.001736848464051225,-4.265713764305274e-05,0.0032538313318173297,-0.0004718615886545138,0.0,0.0,-0.0028328192697884193,0.00024533378278041333,0.004201825070180603,-0.00042970016797344644,0.0,0.0
20679729,92,48,59,3.5962056023659628,6.118229954133119,-211.6086116646924,312.74844572774214,480.03989656465546,23,transition,False,4,3,4,8.216527383554456e-29,0.0001723851867239508,0.00017238518672383883,2.9716652601812782e-08,1.3856390707727408,0.0025977095297596447,0.1579198173124938,0.009435317755739156,1.3856415057823384,0.1582014346368679,0.0003305871804405378,1.092878838716247e-07,CALIBRATED,-0.006177208213412066,0.010962303717133403,-0.0014120711862465841,0.0034729292521283343,0.0,0.0,-0.00844973234588111,0.015251205952676707,-0.0024332069902702133,0.0045463638718262625,0.0,0.0
20679729,93,48,70,3.602876828488224,20.374061776639657,-219.69514971843847,328.14515786918827,491.21333429073513,23,transition,False,3,3,3,1.2059273659655432e-31,0.00012438418781282365,0.00012438418781282514,1.5471426177856157e-08,1.3844227959952986,0.002588288293556102,0.15743684794953003,0.009474805721563275,1.3844252154983783,0.1577216948797622,0.00023517810653130798,5.530874179165124e-08,CALIBRATED,0.002137213046582485,0.0012920540033936714,-0.005445943549630115,-0.00940684875571513,0.0,0.0,0.0021160418167026507,0.0030978871251345244,-0.007731154499790014,-0.012701685676380756,0.0,0.0
20679729,94,49,54,2.716076723020599,-98.56401176933812,-130.4766897364418,206.72446283204908,340.92184973066975,16,transition,False,3,2,3,5.360506239965966e-13,0.0016804370225451074,0.0016804608858731738,2.823948788949652e-06,1.5813865629824904,0.004198354784739,0.19939592610723283,0.005144839637410926,1.5813921359879315,0.1994622889747727,0.004188716955097231,1.7545349729919018e-05,CALIBRATED,0.016297007628584586,0.020712924642306674,0.020159844237364083,0.0240712247572568,0.0,0.0,0.02762190810764797,0.03421309780961073,0.02996026896913739,0.03684553391059539,0.0,0.0
20679729,95,51,55,3.5923113277351035,117.06106851435,-74.59223463073909,428.9652664620415,490.0294558364491,22,transition,False,3,2,3,1.4574852510714288e-53,2.484818522190906e-05,2.484818522190906e-05,6.174323088222997e-10,1.3863490613986231,0.002603209100673058,0.1582017467964002,0.009412266973062196,1.3863515054770437,0.15848149248099766,4.6963253349173974e-05,2.2055471651387006e-09,CALIBRATED,-0.00246802864151987,0.000714045118790958,0.00407919062114665,-0.0012678183194869293,0.0,0.0,-0.00400395676939409,0.0012074541123878683,0.005197267134741855,-0.0015690928699752063,0.0,0.0
20679729,96,52,61,4.270207779241385,-40.217059359304535,-175.2898936141658,262.8596944174884,445.20212275740323,22,transition,False,2,2,2,1.4461610184715504e-20,0.00024640739261911303,0.00024640739236952644,6.071660301434976e-08,1.2852273509837129,0.001841948315016559,0.023650893772514656,0.019600830880177143,1.2852286708948752,0.030717378589848424,0.0004040324506097864,1.6324222114574947e-07,CALIBRATED,-0.0010377263824078633,0.007992560363718395,-0.0006599057284495112,0.013454145070819563,0.0,0.0,-0.0008517887970608978,0.011562487780218495,-0.0012250619184365971,0.016374217724315333,0.0,0.0
20679729,97,53,71,5.627980654706178,18.583661368954324,55.6952962481027,388.5065556151618,397.45676956130717,18,transition,False,4,4,4,4.574324162779909e-44,9.089566687896702e-05,9.089566687896702e-05,8.262022257372142e-09,1.1740706475039602,0.001090455181929835,-6.918668975776397,9.716539767410866,1.17407115390119,11.92808138168279,0.00030720921879578446,9.437750411311617e-08,CALIBRATED,-0.0011189722896523912,0.000699846605520606,0.0002743435197972892,0.009438141673859512,0.0,0.0,0.007371442201381532,-0.010581327029153107,-0.00028667011257597355,0.011866945572309051,0.0,0.0
20679729,98,53,73,3.6447143831291484,8.999886043674454,50.91327991838384,377.89462378930483,392.52086676727265,18,transition,False,4,4,3,9.899427442523032e-42,7.989659400460329e-05,7.989659400460329e-05,6.3834657335364096e-09,1.3767951183349934,0.0025292044793925393,0.15440798088033222,0.009722448343406472,1.3767974414365995,0.15471376978579265,0.00014984732255309626,2.245422007633167e-08,CALIBRATED,-0.004863896249158629,-0.00454379747419747,0.005103031022001704,0.0030906449462836773,0.0,0.0,-0.007065550894170978,-0.005603883323841736,0.006604212514973371,0.0049906093680845785,0.0,0.0
20679729,99,53,105,4.001047988768551,27.495724820381003,49.84790141906912,392.71557367223244,396.1323515538662,18,transition,False,4,4,2,5.201994143046771e-45,9.155804561590762e-05,9.155804561590762e-05,8.382875717004621e-09,1.3119167618531302,0.0020267436609715975,0.12827938497648544,0.011855592536792,1.3119183273821087,0.1288260675653177,0.00015709787027195387,2.4679740843983648e-08,CALIBRATED,-0.0038196067742802676,0.006875159802864013,-0.003183432623606054,0.004423413175571942,0.0,0.0,-0.005293874419601427,0.008764974665946324,-0.0038056736517368063,0.006145309680011161,0.0,0.0
20679729,100,54,68,2.1387972444853425,-112.96530658939263,-147.62334011657467,190.39929620476673,363.313922250931,17,transition,False,4,3,4,3.8971400679207225e-11,0.0019295985788087976,0.0019297563972042972,3.723959752550909e-06,1.8199563225577515,0.0064638961055720565,0.18667709260296567,0.003917596308444708,1.8199678013555072,0.1867181953199317,0.006277116587894164,3.940219265801607e-05,CALIBRATED,0.012643340994926843,0.017592758912441657,0.02549634929944846,0.028466354384422292,0.0,0.0,0.02960625046568357,0.035964268025992306,0.04120484665126934,0.04908480986066199,0.0,0.0
20679729,101,54,126,3.180201813197904,-100.37117641048988,-148.69108631354214,202.88047358254525,359.22567683617183,17,transition,False,5,3,5,1.5181253968133001e-12,0.0004597108263377265,0.00045973097689698945,2.1135257111866024e-07,1.4614834368326934,0.0031851982293621024,0.1880367825244165,0.0069729303162612616,1.461486907784008,0.18816602599653887,0.0009570069254105459,9.158622552837462e-07,CALIBRATED,0.008177790937760594,0.002637443473876943,-0.01671424695668455,-0.0103214607913965,0.0,0.0,0.013696582653444948,0.007209548212920138,-0.023341461881107275,-0.013138079039429356,0.0,0.0
20679729,102,55,62,4.277845981918269,132.10459398066547,-93.20786719874175,440.38353625901516,513.9637290521238,23,transition,False,3,3,2,2.0575574646718507e-56,1.7092844798626363e-05,1.7092844798626363e-05,2.9216534330992833e-10,1.2844699602561116,0.0018367042022028666,0.020681751835717493,0.019820624855137584,1.2844712734361416,0.02864597752987846,2.8133430886109395e-05,7.914899334234941e-10,CALIBRATED,-0.002251002171493806,0.001020512628880842,0.0030559394347854344,-0.0012828180571595206,0.0,0.0,-0.00308877930702072,0.0013346804234936984,0.0037669522848919647,-0.0016191269033401557,0.0,0.0
20679729,103,55,69,2.295802936457651,134.78867517269924,-79.78799929514017,445.3345237561928,508.50278819098077,23,transition,False,3,3,2,1.1329362880512018e-57,8.506363750594768e-05,8.506363750594768e-05,7.23582242574327e-09,1.7450524026158423,0.005730094731658066,0.1916476705864581,0.00419915696240003,1.745061810326774,0.1916936685454437,0.000258271472067236,6.670415328377708e-08,CALIBRATED,-0.008094284227528366,0.0022542355241823206,-0.003686660533269548,0.0009344285226170873,0.0,0.0,-0.014420698788931678,0.003917427844573398,-0.005711475287382103,0.00153222962715288,0.0,0.0
20679729,104,56,67,3.5755069090264975,-237.01499837473483,-120.21749352852436,78.25076292286968,67.32754143677354,3,source,False,3,3,3,0.01745053928969282,0.895629256606318,0.9977369252600259,0.9954789720273305,1.3894127846558297,0.0026269406299325327,0.1594183176710689,0.009312799154178741,1.3894152680110219,0.1596901006235512,1.9086528610669027,3.6429557440588733,CALIBRATED,0.4525274982734033,0.030671068280570677,0.8876599694429436,0.06383457359082088,0.0,0.0,0.7276184296243275,0.052015853331090725,1.1701104193055079,0.08579183861450518,0.0,0.0
20679729,105,56,108,3.3320111591505395,-242.33464035694942,-109.74348725346456,80.31271277574476,73.0258847307735,4,source,False,3,3,3,0.014058192282886019,0.7442214711265113,0.9608545653582086,0.9232414957697119,1.4338060841124705,0.0029708100974184686,0.17704640957602674,0.007871512099414465,1.43380916183102,0.17722130754086382,1.970591616183501,3.8832313177727027,CALIBRATED,0.9728288820577156,0.07617231770215066,-0.09260950230944313,-0.008932507510436198,0.0,0.0,1.3973826978492194,0.11240813507991003,-0.07235746183224324,-0.006482346811951883,0.0,0.0
20679729,106,57,60,2.867833890632312,-86.2971352406795,15.74909404514229,280.5032367003949,280.78264869045586,13,transition,False,4,4,2,2.5555222613370187e-23,0.0007487390476672599,0.0007487390477337621,5.606101616012609e-07,1.5348586274667089,0.0037928441168841084,0.20029748291941238,0.0055518349838790055,1.534863313776013,0.20037441088008345,0.0017516790608736585,3.068379532303222e-06,CALIBRATED,0.0065775821283895475,0.008674303539464936,0.011723543053357502,0.022198861625303035,0.0,0.0,0.009331276460292966,0.01597714980628879,0.018277159348712775,0.03279149997643304,0.0,0.0
20679729,107,57,75,3.772739210931853,-92.43396351346686,29.7492239766759,285.0501384728033,296.0687305739702,14,transition,False,4,4,2,4.667698254038487e-24,0.0003139029991346345,0.0003139029990713188,9.853509282596837e-08,1.3534540763602336,0.0023484053098632093,0.1451395093288897,0.010480246075376998,1.353456113741274,0.14551739664394533,0.0005694608636317833,3.2428567520825653e-07,CALIBRATED,-0.014653137211847383,0.008027224246174266,0.00402133230528527,-0.004310583059655994,0.0,0.0,-0.019520165587458817,0.011416969085249208,0.00643900574329848,-0.004076275384981368,0.0,0.0
20679729,108,57,96,1.5598444888757896,-74.31896769791723,34.293337094630516,301.6145780473592,302.85900364232634,14,transition,False,4,4,3,7.56436166225734e-27,0.0005457441412526706,0.0005457441412538232,2.9783666771287294e-07,2.250376563479793,0.01129511296637017,0.1622284228728663,0.0031165922045399185,2.250404909574285,0.16225835674869546,0.002710110425535346,7.3446985185953745e-06,CALIBRATED,0.006625299573044197,0.014241113934711194,0.002923808705692644,0.01704381305261044,0.0,0.0,0.009490708183590294,0.03181944904551103,0.0107104181558894,0.038637371663654864,0.0,0.0
20679729,109,58,63,3.8906425250955294,161.05455556958202,36.74172013290647,504.862270403923,509.2424435709914,23,remote,True,4,4,2,6.499242233952965e-74,4.847032127797139e-05,4.847032127797139e-05,2.3493720447897663e-09,1.3319583536001245,0.0021818999401516477,0.13660379378134854,0.011178133083690202,1.331960140699602,0.13706037769791052,8.58051996348155e-05,7.3625322843705416e-09,CALIBRATED,-0.0065689858165809715,-0.0017567963595039769,-0.0013692310248538877,-0.0005980130193737953,0.0,0.0,-0.008660286865682038,-0.0023981766972123856,-0.00215877145147754,-0.0006269652208406217,0.0,0.0
20679729,110,58,97,4.3658290077007,138.4282239175456,38.930748421099985,485.06303872558163,487.55492721425003,22,transition,False,4,4,3,2.758520258818268e-68,1.8944150412860085e-05,1.8944150412860085e-05,3.5888083486506694e-10,1.2757457183456957,0.001776298249073413,-0.013519237929523809,0.02235239047904459,1.2757469549690663,0.026122770801022592,3.072480874071051e-05,9.440138721532409e-10,CALIBRATED,-0.0032818720364221855,-0.0019989617417727427,0.0018061836983297855,0.0009567229234354125,0.0,0.0,-0.004322333704852616,-0.0025677017866900585,0.002003158607971885,0.0011985421188019985,0.0,0.0
20679729,111,58,143,3.378917119693046,148.56389982067142,45.45240289484839,496.99518872614817,499.6074747909314,23,transition,False,4,4,2,1.1912080634448855e-71,2.1912862761814803e-05,2.1912862761814803e-05,4.801735544181299e-10,1.4252543522907626,0.0029045685811624976,0.17365061074276228,0.008149155359124905,1.4252573119413923,0.1738417192287326,4.404754348591999e-05,1.9401860871440128e-09,CALIBRATED,0.0007529985435689297,-0.0001417403146576306,-0.003543943348586697,0.0029607821906392803,0.0,0.0,0.0004820466561703558,-0.0003097563029833747,-0.005105995342883317,0.004200956688471201,0.0,0.0
20679729,112,59,65,3.5883695335697006,-2.0857971253406165,-226.32772285738722,307.3580503547359,491.04435179523944,23,transition,False,4,4,4,7.489924551546009e-28,0.00014248696611629492,0.0001424869661164498,2.0302535513070313e-08,1.3870677156210083,0.00260877577960395,0.15848711649937675,0.009388934915291023,1.3870701688916645,0.15876497786076937,0.0002728499313392613,7.44470850318396e-08,CALIBRATED,0.0028292774410597493,0.0018895058626652234,-0.00765771233700444,-0.00850125665043727,0.0,0.0,0.0030815222558089545,0.003130129563131011,-0.0108287067959694,-0.011674568513275115,0.0,0.0
20679729,113,59,99,3.1125337138533524,-13.561816291461808,-222.92413194856323,295.42735810090267,490.489205077415,23,transition,False,4,4,3,8.698900223860076e-26,0.0001755137958829143,0.0001755137958782593,3.0805092543595265e-08,1.4738204496938818,0.003280760444715964,0.19293567490708535,0.006572392911992446,1.4738241012159394,0.19304758739865704,0.0003783591809654105,1.4315566982081625e-07,CALIBRATED,-0.007891482581167198,0.0052699594331486665,-0.00668025625360817,0.006390618319731692,0.0,0.0,-0.01110761488412409,0.008614708595676741,-0.010433355788902523,0.008480091706175296,0.0,0.0
20679729,114,60,81,1.9794006163689133,-101.4615876792455,1.04629412689206,259.45573199908114,259.66078932160224,12,transition,False,3,2,3,4.685212954457559e-20,0.0015022773286824404,0.0015022773351076133,2.2568371915780323e-06,1.9032181932427663,0.00730833899821522,0.181344410752676,0.0036428508665394812,1.9032322251656977,0.18138099589998702,0.00540871235310389,2.9254169318618623e-05,CALIBRATED,0.014841922638304547,0.03294437482475625,0.003521737490363276,0.013574247675695797,0.0,0.0,0.026010892425213813,0.06206455330883821,0.011067731468157553,0.027525304195793725,0.0,0.0
20679729,115,61,128,3.2419915409245164,-57.32709036906657,-190.95273694486153,247.07304537733486,468.3986272862528,23,transition,False,2,2,2,2.962820704231112e-18,0.000534037816394501,0.0005340378215394994,2.8519639483465423e-07,1.450218148269303,0.0030979375655506183,0.18356346009598837,0.007338672776797608,1.4502214571529435,0.18371009770977867,0.0011181031652340349,1.2501546881063675e-06,CALIBRATED,0.0014945237452157235,0.019508067613459024,0.0024012448453116265,0.012061241291677292,0.0,0.0,0.0029528701851066173,0.028793956897087428,0.001963941002694168,0.016626325656937897,0.0,0.0
20679729,116,62,64,2.6204582731554034,143.74405833854422,-113.19142960300269,449.24509266774277,537.0899024689111,24,transition,False,2,2,2,1.1212701964613639e-58,1.0191807109565999e-05,1.0191807109565999e-05,1.0387293215860004e-10,1.610702668043372,0.004453857059025597,0.19882787738701305,0.004888401903733678,1.6107088258542386,0.19888796167540534,2.3679217358200633e-05,5.607053346969102e-10,CALIBRATED,0.00010705560622762073,0.0004511412644949911,0.0026615543248306177,-0.0017008663504774646,0.0,0.0,-0.0011877136359394033,0.0009506951962405043,0.00379074426127101,-0.0026448043910070884,0.0,0.0
20679729,117,63,79,3.308853122484358,183.15486700949305,44.6935099695156,528.3084165910915,532.729774780532,24,remote,True,2,2,2,7.199407899148707e-81,4.358584456965665e-05,4.358584456965665e-05,1.8997258468502682e-09,1.4380281769295868,0.0030035143304101178,0.17872295628740795,0.00773443628401429,1.4380313135470186,0.17889023620293593,8.993436461044593e-05,8.08818993788463e-09,CALIBRATED,-0.005476428381119735,-0.0022155352576499468,-0.0025934958724518203,-0.001399914082295153,0.0,0.0,-0.00786281765939691,-0.003371255675677498,-0.0037374721890450764,-0.0016662532433123413,0.0,0.0
20679729,118,64,150,1.8676554474679499,158.5361448228484,-125.07712876148312,462.83442279579816,556.0655623268722,25,transition,False,2,2,2,3.0958390127161374e-62,7.238160146614646e-05,7.238160146614646e-05,5.239096230804055e-09,1.9956808416834224,0.00837018198237886,0.1762530316632999,0.0035026863945721402,1.9956983944996978,0.17628783276926097,0.0002880517783176089,8.297382699193689e-08,CALIBRATED,-0.008282518276736121,0.0016607904695725589,0.001010567931191664,4.4943679227880917e-05,0.0,0.0,-0.016550024095673046,0.0031940318664745926,0.001958271467782034,-0.000334386071280117,0.0,0.0
20679729,119,65,70,3.241227878183743,12.17003469716592,-234.41426091113328,323.0182166545255,507.43400824820617,24,transition,False,4,4,3,1.0962780615104799e-30,0.00014832935113966408,0.00014832935113964847,2.2001596409509134e-08,1.4503573766080002,0.003099016025031502,0.18361874614096288,0.007334152545035685,1.4503606874779682,0.1837651591785919,0.00030835840172633477,9.508490391521965e-08,CALIBRATED,-0.007479603757329901,0.008797810579859516,-0.0013010233421422688,0.00364564754702067,0.0,0.0,-0.010562198052340032,0.01309641011291377,-0.002959107449068396,0.004065230533280625,0.0,0.0
20679729,120,65,87,3.9269725248099228,-0.9457986775095029,-249.50435661111075,314.0786155649367,514.2490053935006,24,transition,False,4,4,2,4.7345367744407536e-29,0.00012879631153889844,0.00012879631153887668,1.658848986601938e-08,1.3253347942262859,0.002130594002935426,0.1339736510614092,0.011393175680181595,1.3253365067852154,0.1344572185894224,0.00022426157576221898,5.0293254363353484e-08,CALIBRATED,-0.0015810192565796001,-0.0019196368013259663,-0.009858639977048183,-0.005041716176377206,0.0,0.0,-0.002157422061976223,-0.001297920717433797,-0.01304421223681431,-0.006911659333395794,0.0,0.0
20679729,121,65,99,3.9402127789884283,-10.451132740975112,-234.30070622036365,300.9775516649619,502.28338984419986,24,transition,False,4,4,3,9.749776705525685e-27,0.00020196162756602637,0.0002019616275658505,4.078849900904731e-08,1.3229208770678638,0.0021118958566389897,0.13301511105558736,0.011471546686488646,1.3229225627700643,0.1335088617003026,0.0003530311990654412,1.2463102751358315e-07,CALIBRATED,-0.0008905691146948462,0.013614477816819173,0.0007638636086218061,-0.0039026939901258056,0.0,0.0,-0.0013693506648170914,0.01796643956152326,0.00047104830351543897,-0.0053048318352322205,0.0,0.0
20679729,122,66,106,2.868012983627043,-189.9912530259702,-78.12875191300627,140.9280427301585,130.6374571911993,6,source,False,4,4,3,1.982701859507344e-06,0.01395529481606282,0.014259404957514474,0.00020333062974238836,1.5348037185128762,0.0037923655620913134,0.20029854687251558,0.005552315290783699,1.534808403807299,0.20037548773322947,0.032816519432448836,0.001076923947660292,CALIBRATED,0.10869122236695022,0.047600285384561,-0.013391620985816907,-0.000707429553545566,0.0,0.0,0.16559904488946559,0.0733118114883728,0.0035422688970994797,0.0025112529740211045,0.0,0.0
20679729,123,67,108,3.494969527022789,-248.66883433779327,-119.6847707781122,69.07843083234825,61.23813127626026,3,source,False,3,3,3,0.04264144269887425,0.14717751159710282,0.10457486489331234,0.010935902367454531,1.4040960804364166,0.0027406770983367437,0.16524889324567052,0.00883608657843283,1.404098755219114,0.16548496350104008,0.16436414236602276,0.0270155712957182,CALIBRATED,9.393792331963136e-05,-0.005049600307952869,-0.32290041412672355,-0.016872467587737573,0.0,0.0,0.16162638197311743,0.005528056980454435,-0.37132257560088844,-0.018167015479875197,0.0,0.0
20679729,124,67,109,1.9542029154516847,-253.3337382218123,-134.72009268117716,56.77457644368348,45.49576064868574,2,source,False,3,3,3,0.11870163908426477,5.658094575566128,7.187773048153178,51.66408139175723,1.924067829825153,0.00754777665980868,0.1801963427975948,0.0036112448250560725,1.92408263406242,0.18023252494157316,26.571591023673136,706.0494495293468,CALIBRATED,2.392208407164433,0.10265521923440815,1.2049583276567575,0.05147153989876706,0.0,0.0,4.675880836859499,0.2187535386984997,2.1563028890465135,0.10116404084347128,0.0,0.0
20679729,125,68,86,2.3559001285037695,-118.43838606535431,-167.60916012451975,184.40065898520604,384.03559207602405,18,transition,False,4,4,4,1.72310848015555e-10,0.0003524605042461137,0.0003523302507895745,1.2413660562144445e-07,1.7163813703417388,0.0054492170033551175,0.19355026262564887,0.004306930155083821,1.7163900204854767,0.19359817615313016,0.0007829388103473645,6.129931807481463e-07,CALIBRATED,-0.004954821891812848,-0.0071755366475477235,-0.015981043812791352,0.0045714224573243575,0.0,0.0,0.0014883689527942668,-0.0022385497432403116,-0.026422606442555722,0.00880672084470571,0.0,0.0
20679729,126,68,126,5.278623135312365,-106.99687122168115,-157.55854108518102,195.84085536092795,370.2950754584145,18,transition,False,5,4,5,9.71083418009436e-12,0.0016432651795141805,0.001643454568195964,2.7009429177241822e-06,1.1956512552846015,0.0012297820699139741,-3.214345377330326,4.333631993673021,1.195651887728022,5.395589167213459,0.0023717310263178444,5.625108061198695e-06,CALIBRATED,0.030389113005484025,0.026708926278588313,-0.002067082134782323,-0.0015221062475674295,0.0,0.0,0.03584214798212173,0.031882125844464676,-0.007892852282910548,-0.002881733648934801,0.0,0.0
20679729,127,68,144,3.999174009753766,-131.2884057959506,-159.16676549695822,171.51858665179427,384.970021485231,18,transition,False,4,4,2,3.5713186007141336e-09,0.0034865841819536826,0.0034921529526932985,1.2195132245004523e-05,1.3121712702470831,0.002028629651639845,0.12874656018646427,0.011820546858681962,1.3121728383868136,0.129288058566463,0.006009218656827029,3.611070886555804e-05,CALIBRATED,0.04662227634028478,0.033614700888513954,0.011895035258471633,0.0068612186905007855,0.0,0.0,0.061422745017564825,0.04398701545588222,0.014219528267136522,0.009970583657857225,0.0,0.0
20679729,128,69,76,3.6605486243692766,156.1395218768549,-80.19878592471451,466.25677459161756,529.8575862616578,24,transition,False,2,2,2,3.7824740702387235e-63,5.242882356453681e-05,5.242882356453681e-05,2.7487815403613306e-09,1.3739082744644133,0.0025068430537575517,0.15326164686847188,0.009816173539567133,1.3739105614645657,0.1535756805740905,9.857516716351564e-05,9.717063581315051e-09,CALIBRATED,-0.006492789781865391,0.0006267367371638233,0.003127393834905875,-0.00031482261151821766,0.0,0.0,-0.00913070846460793,0.0008717139275113894,0.0037837776563922573,-0.00035842931440119904,0.0,0.0
20679729,129,70,78,2.172471524148385,22.657376978264416,-242.19092766418106,335.01261354953493,513.8246932435741,24,transition,False,3,3,2,5.938005879343993e-33,0.00015790082080748095,0.00015790082080748103,2.4932669211676233e-08,1.803891073481133,0.006306511794392671,0.18774317263484505,0.003977984897446136,1.8039020974199038,0.1877853115524256,0.0005026131414379339,2.526199699461086e-07,CALIBRATED,0.0004283446912686683,-0.002127759741994322,-0.00878389426675292,-0.008719700776047102,0.0,0.0,-0.0007483049027762754,-0.0012457834806183527,-0.01569899202217369,-0.015938721850184856,0.0,0.0
20679729,130,71,72,3.5870830031008687,16.752147919356524,79.95638524098632,401.18076297151794,421.786892467628,19,transition,False,4,4,2,6.116058366545842e-47,0.00012172386122674632,0.00012172386122674632,1.4816698391948195e-08,1.3873022713879652,0.0026105926431321514,0.15858025601969547,0.009381319752762594,1.3873047276615749,0.15885750457430628,0.00023194082127368326,5.379654457311068e-08,CALIBRATED,0.0007620893378119893,-0.002960636486092053,0.0011609318229431392,0.010537075019550635,0.0,0.0,-0.00013814286483328298,-0.0035510975562252464,0.0012987351067154636,0.014752109377690188,0.0,0.0
20679729,131,71,73,1.4211511981164122,9.880702911779958,63.69696130342936,385.9762011748461,405.33485709462576,19,transition,False,4,4,3,1.6712198238134265e-43,0.0001386994572923176,0.0001386994572923176,1.923753945318343e-08,2.4406384765851072,0.013906939549121686,0.1555975163564012,0.002970891117973312,2.4406780976514084,0.1556258760306762,0.0007961405603627655,6.338397918547383e-07,CALIBRATED,-0.007505085261352055,0.007290375508017212,-0.005173956353693466,0.0015664460138579662,0.0,0.0,-0.019714181487561863,0.015791757188582323,-0.010053002895279117,0.007553088528715035,0.0,0.0
20679729,132,71,105,1.3182458236003924,28.376541688486505,62.63158280411464,400.50486509430164,408.9463418812193,19,transition,False,4,4,2,8.751024676029299e-47,0.00010233379729330443,0.00010233379729330443,1.0472206068467121e-08,2.6243232087439994,0.01657346598331605,0.15050209277105567,0.0028787032043114686,2.6243755416721712,0.15052962120661156,0.0006744010055271863,4.548167162560799e-07,CALIBRATED,-0.006331084697757731,-0.005543483295777245,0.005420678725929384,0.0014619161887117758,0.0,0.0,-0.017973897911237793,-0.01219257012069145,0.01198996347191875,0.007676067300230255,0.0,0.0
20679729,133,72,74,2.7874851650802555,21.15276120348625,100.33454581440722,417.2289032264614,442.63478985879397,20,transition,False,2,2,2,1.0356898732091805e-50,0.00013483947890996888,0.00013483947890996888,1.818168507271194e-08,1.5594931167636268,0.004007544126594813,0.19982014835913156,0.005336348902338538,1.5594982659955277,0.19989139128504968,0.0003243450974638926,1.05199742248862e-07,CALIBRATED,-0.0032331309578836017,0.007239659866397954,-0.004547010803815113,0.00716228740612934,0.0,0.0,-0.005404663062670793,0.010019649739645633,-0.006853138821983559,0.012156307910888715,0.0,0.0
20679729,134,73,129,3.982048653020332,-9.004616302136485,66.48237159619758,372.5504050616876,416.3233607624926,19,transition,False,3,3,2,1.4034100167953181e-40,0.00010988844680380914,0.00010988844680380914,1.207547074095359e-08,1.3152935058103585,0.0020528144158644054,0.129986365655578,0.011719179360560567,1.3152951077510817,0.13051357945145253,0.0001890544614794994,3.5741589405303526e-08,CALIBRATED,-0.0068770011368566395,-0.004499510882472717,0.005919479564512433,0.002703602350811027,0.0,0.0,-0.009219849904085751,-0.005375422208711675,0.007554369962973204,0.004252665019284603,0.0,0.0
20679729,135,74,80,1.325298160589547,28.827414382204143,119.8831421184669,435.631012135697,463.635930753343,21,transition,False,2,2,2,3.226882460510741e-55,0.00021904512003051188,0.00021904512003051188,4.798076460918136e-08,2.6117348805148897,0.016390722923559725,0.15085129362082034,0.002885021049579786,2.611786312449026,0.15087887901734778,0.0014882635299679902,2.2149283346327826e-06,CALIBRATED,0.0006040638111366618,0.001143219558383574,-0.004554368590014564,0.014022517702973492,0.0,0.0,-0.0005076615706820842,0.0019941429870158566,-0.012015623567202725,0.03660128404491106,0.0,0.0
20679729,136,75,77,1.8875292029866237,-113.48383754692806,38.439887863326504,276.15379116003794,318.8420666408559,15,transition,False,2,2,2,1.2667207433852571e-22,0.0006874113016017777,0.000687411301094716,4.7253429687273026e-07,1.9792364612436086,0.008181334374253715,0.17715852784063196,0.003527614491917912,1.9792533702758386,0.17719364562721646,0.0026739587984492635,7.150055655804229e-06,CALIBRATED,-0.02252633340730131,0.006734402534352551,0.010174967349002662,-0.005576151564462048,0.0,0.0,-0.043828936874982884,0.014733771410898575,0.02180070322072225,-0.007786424722002226,0.0,0.0
20679729,137,76,92,3.494436440352356,178.7679496179162,-86.01622918340294,487.5971972270573,553.2218407565158,25,transition,False,2,2,2,5.406543250873793e-69,6.06080321046508e-05,6.06080321046508e-05,3.673333555598382e-09,1.40419327094676,0.0027414299337746484,0.16528748653045883,0.008832931160247689,1.4041959470138927,0.1655233333292871,0.00011949293020812435,1.4278560369723678e-08,CALIBRATED,-0.007706673772075074,-0.0005151891315105186,0.0009691801675333755,0.00010237888988634704,0.0,0.0,-0.01082983155612069,-0.0007505235111104125,0.0012787836261201207,9.542311572388115e-05,0.0,0.0
20679729,138,77,141,4.65415488173263,-134.60622037592753,48.179101290038886,269.6703661996256,342.10163100792573,16,transition,False,3,2,3,1.3146302463619333e-21,0.0004714315600050871,0.00047143155865318596,2.2224771449417232e-07,1.247155832379431,0.001578344165568147,-0.12559801879806404,0.03064914465253815,1.2471568311196215,0.12928353489107208,0.0007323553484102996,5.363443563451713e-07,CALIBRATED,-0.01864288527927836,0.00692391558618657,0.007851369899452003,-0.003780181314989253,0.0,0.0,-0.023208209036887802,0.009016008875610219,0.009922977474086575,-0.0037390485038452177,0.0,0.0
20679729,139,78,85,4.471598710206994,30.040053566895036,-262.48072261933453,347.46665222720503,535.4158880445684,25,transition,False,3,2,3,2.1532061926655597e-35,0.00013286970994753295,0.00013286970994753295,1.7654359821541536e-08,1.265257780891266,0.0017036806090764585,-0.05463431076000022,0.025395978653864733,1.2652589279011266,0.060248349720202536,0.00021195825195918723,4.49263005735943e-08,CALIBRATED,0.0009594845123764112,0.007683054457966935,-9.438286845675516e-05,-0.00853878594930796,0.0,0.0,0.0005398360867733815,0.009555151071295365,-0.0006811768669525535,-0.010949973289431173,0.0,0.0
20679729,140,79,82,3.4735695127806174,202.74549680257954,42.2501637455229,545.4590922530117,552.47218386504,25,remote,True,3,2,3,3.710488001546954e-86,1.669387055881144e-05,1.669387055881144e-05,2.786853142343514e-10,1.4079976567107995,0.0027708986176256667,0.16679816635627137,0.008709416755593107,1.4080003832322814,0.16702539399755054,3.230161843611666e-05,1.043394553592472e-09,CALIBRATED,-0.0007800192530662451,-0.002740709815649123,0.00140184616756597,0.002570754276966698,0.0,0.0,-0.0015547968123983667,-0.004052644934701073,0.0014019438721179173,0.0033904052443543228,0.0,0.0
20679729,141,80,119,3.6511092730813317,23.37116090339501,140.71076262160267,445.4073438842849,485.16638541290973,22,transition,False,2,2,2,1.0853771170969386e-57,0.00011571520341963033,0.00011571520341963033,1.3390008302446427e-08,1.375629224208364,0.002520173490541158,0.15394501712077335,0.009760300634912254,1.3756315327043533,0.1542541142556628,0.00021821194878611668,4.7616454593034805e-08,CALIBRATED,0.0010030738146313662,-0.005784252041302694,-0.0007287768615459295,0.008984450954331718,0.0,0.0,0.0008789199270974575,-0.0075232462925616935,-0.0013299253522740166,0.012612355542352238,0.0,0.0
20679729,142,81,118,2.722766125003435,-122.15234162338665,-7.374452134375923,238.17879341329623,246.2326124961487,12,transition,False,4,3,4,5.140131820522224e-17,0.0014434276411539131,0.0014434278609904835,2.0834839898835624e-06,1.5793356281304847,0.004180480018701259,0.1994356664109163,0.005162779847553979,1.5793411609577899,0.19950247951471833,0.003590547753327406,1.2892033168924484e-05,CALIBRATED,0.015331438918796056,0.03260526167872742,0.0035976410380747477,0.011503422599060623,0.0,0.0,0.02315162883587371,0.051318811889073945,0.008140269476739969,0.01883256208573985,0.0,0.0
20679729,143,81,139,5.567223541240555,-113.52664886842425,-16.059885074719666,239.36982400361788,238.72787102585852,11,transition,False,4,3,4,3.529051474166508e-17,0.0006604871847855218,0.000660487213627052,4.36243359364827e-07,1.1778237524546153,0.0011146856595126641,-6.27444637660437,8.780392925770084,1.177824279920562,10.791847722415149,0.001032552450636363,1.0661645633151589e-06,CALIBRATED,0.0024275033441375346,0.0019830366696695777,0.021035054605710497,0.014428738144507871,0.0,0.0,0.012739562791474883,-0.0034013553643766855,0.02316818843254732,0.017942179827368752,0.0,0.0
20679729,144,82,94,2.3035929483697117,221.62231028778643,40.10261412696772,562.2203159051111,571.4707642519912,26,remote,True,3,3,2,1.7315316448670192e-91,3.631640292419041e-05,3.631640292419041e-05,1.3188811213521455e-09,1.7413359613755437,0.005693686360903683,0.19189429133768576,0.004213126907188187,1.7413452697394807,0.19194053632916808,0.00010958457060042781,1.2008778113680148e-08,CALIBRATED,-0.003949275704996071,-0.0033313861756638667,-0.0021013331008722046,-0.0022816418820429877,0.0,0.0,-0.006835519012962666,-0.0061348088417991,-0.0036877972541313115,-0.00340947537179239,0.0,0.0
20679729,145,82,131,2.868655249858005,219.64070110614534,26.463204601234924,555.5834089607537,575.595246107802,26,remote,True,3,3,2,2.3368433052385265e-89,1.1306923604310111e-05,1.1306923604310111e-05,1.2784652139370515e-10,1.5346068031233204,0.00379064936105543,0.20030236243856012,0.005554037775271969,1.5346114847787877,0.20037934956995307,2.600243280094617e-05,6.761265115677213e-10,CALIBRATED,-0.00011324459853040199,-0.0019894198645070992,0.0006918563358958183,0.002618710117290413,0.0,0.0,-0.0005470636678510122,-0.0033861041471974543,0.0006941496115814619,0.003708855506128147,0.0,0.0
20679729,146,83,90,2.12589877138306,123.79341620788627,-19.040527757124856,450.0858171602731,466.905577196145,21,transition,False,2,2,2,6.801569132313619e-59,0.00013369212460292694,0.00013369212460292694,1.7873584180844543e-08,1.8261098968931118,0.006524180017352254,0.18626874520092254,0.003894465283855202,1.8261215513913278,0.1863094530574693,0.0004448307783200904,1.9787442134085742e-07,CALIBRATED,-0.01127019009712606,0.002499981817230815,0.0005018231777745762,-0.00041617807406466457,0.0,0.0,-0.020603427845442,0.004498278158409622,0.00028503100010654264,-0.00011743200717286947,0.0,0.0
20679729,147,84,91,1.699637635050447,48.23823151424491,-215.75822492117518,355.00740715727585,510.8467005842944,26,transition,False,3,3,2,6.487370430598915e-37,0.00018291757267502678,0.00018291757267502678,3.34588383933237e-08,2.1347058400267174,0.009966747964467683,0.16859773537444336,0.003291937883560636,2.134729106821088,0.16862987051059505,0.0008126311734483188,6.603694240599916e-07,CALIBRATED,0.002343243325729953,-5.27135873345075e-05,-0.006878135016340098,-0.011406807764057185,0.0,0.0,0.0023969172919903543,0.003184145976950729,-0.014946402282385958,-0.0239447746732817,0.0,0.0
20679729,148,84,134,2.375201000413874,57.177385807963866,-201.14225935849097,362.00325243324664,502.5114183883169,26,transition,False,4,3,4,2.353763420051212e-38,0.00016538765043028252,0.00016538765043028252,2.735307491484933e-08,1.7071733540832041,0.005359010042400667,0.19416130091205375,0.004341542697142968,1.7071817653314867,0.1942098343669862,0.00047431822090806023,2.2497777468538742e-07,CALIBRATED,-0.009811382039385683,0.006576348801015287,-0.0030449598737931328,0.004074836036195455,0.0,0.0,-0.01649972702010497,0.01198360016578411,-0.005991966126854631,0.004750462942842939,0.0,0.0
20679729,149,85,88,4.6183898493114945,40.01352771324353,-283.8602870890976,363.58980845202433,559.0073263954753,26,transition,False,4,3,4,1.0995439219922989e-38,0.0001080307462726205,0.0001080307462726205,1.1670642140219309e-08,1.2507022300169417,0.0016028991391314213,-0.11169534272036735,0.029619983870483854,1.2507032571537506,0.11555601684857453,0.00016861848978506634,2.843219509739652e-08,CALIBRATED,0.0010263804660998346,0.0012654254725220156,-0.0037811220294922863,-0.009543537288815388,0.0,0.0,0.0007236209470926664,0.0019309042067863105,-0.004802495067783747,-0.011887073339477751,0.0,0.0
20679729,150,85,192,4.017374345129902,50.00717440585782,-270.3024340563238,368.8434214322442,556.8603531673284,26,transition,False,3,3,3,8.636400145318296e-40,5.412825837630204e-05,5.412825837630204e-05,2.9298683548517115e-09,1.310297869104837,0.0020155345770787878,0.1219329614265724,0.012325393472048947,1.3102994192780166,0.12255432430760987,9.03415925708099e-05,8.161603348230216e-09,CALIBRATED,-0.0059849700558299605,0.0039055191253536156,-0.0004796953296410681,0.0016808344830287225,0.0,0.0,-0.00781771679002964,0.005273362264539965,-0.0009063861604056184,0.0007713697666162828,0.0,0.0
20679729,151,86,95,2.0804588461952953,-125.1778017132636,-186.44779172124427,179.18355212929913,404.04343463119204,19,transition,False,5,4,5,6.039074043311199e-10,0.0017981929525047666,0.0017986896914637157,3.2352846061778367e-06,1.8477882734899995,0.006736553716130077,0.18483018148471228,0.003812977186889874,1.8478005533073973,0.1848695074443036,0.00590098113830533,3.482157839463527e-05,CALIBRATED,0.010119072794610632,0.02275876786563426,0.020426523651606045,0.02758785374018136,0.0,0.0,0.02728823818245973,0.04656300530959516,0.028619860610986193,0.04657384792293859,0.0,0.0
20679729,152,86,101,2.800584099918538,-113.42222242809196,-189.4531793428554,191.2395124221758,406.44815715115124,19,transition,False,5,4,5,3.152629734705368e-11,0.0008893289523843928,0.0008894413196181201,7.911058610440229e-07,1.555477053436454,0.003972542433442168,0.19989796632398685,0.005371478745671607,1.5554821261784844,0.19997012207922707,0.002144581170628007,4.599228397412193e-06,CALIBRATED,0.010009100288783174,0.0007187178758402502,-0.027152413641536657,-0.007175591200803053,0.0,0.0,0.015294355558857676,0.0033970340491232638,-0.04230432706295997,-0.010462692296271342,0.0,0.0
20679729,153,86,133,2.4437968519189894,-106.29487910336836,-180.9927638761813,197.33285641315697,397.3797069651641,19,transition,False,4,4,3,6.588970855423789e-12,0.0023630427845513498,0.002363218022128367,5.584799420112312e-06,1.6744478006020445,0.005038411919829852,0.19633294848079527,0.0044645566628519874,1.674455380873345,0.19638370330900276,0.006614184278344721,4.374743366790248e-05,CALIBRATED,0.03413538299433808,0.03271861908319367,-0.00700775812670649,-0.008853075244494182,0.0,0.0,0.056984764218649585,0.055574125072294644,-0.0117298051419255,-0.01186799136632,0.0,0.0
20679729,154,87,115,3.1895576776490877,-0.25817938955863706,-272.5903504401819,321.8770678737136,537.3452373667268,25,transition,False,2,2,2,1.7833266243137848e-30,0.00020032465078976153,0.00020032465078977,4.01299657140433e-08,1.4597777081188712,0.0031719856943246815,0.1873594563760964,0.007028309050085116,1.4597811543563743,0.18749123451950994,0.0004237176748068484,1.7953666794372214e-07,CALIBRATED,0.003162684455641754,0.0019352971514289582,-0.008622202891805873,-0.010594070041868586,0.0,0.0,0.00324829987760199,0.0035144243924945967,-0.012873791631019942,-0.0153323361867179,0.0,0.0
20679729,155,88,98,1.6408024723821093,39.05958818607428,-306.4449287224045,370.85065844779524,581.6121054991603,27,transition,False,4,4,3,3.2360022062406067e-40,0.00018627762701383586,0.00018627762701383586,3.469935432590575e-08,2.183388525956278,0.010525820945572301,0.16591706362929526,0.003218139619263153,2.183413897588844,0.16594827033137974,0.0008803631079117854,7.75039201772098e-07,CALIBRATED,-0.001316081555878954,-0.003507572005364026,-0.008629174427370297,-0.009888369111300213,0.0,0.0,-0.004852130374013183,-0.00623650795039482,-0.018178777681166727,-0.022078449885549953,0.0,0.0
20679729,156,88,197,4.626196733406815,54.05790167827064,-293.7971182091952,380.1725232239767,576.2115425292859,27,transition,False,4,4,3,3.16069042043808e-42,3.9227761859025874e-05,3.9227761859025874e-05,1.538817300468445e-09,1.2499281131369133,0.0015975392157762604,-0.11473005493522939,0.029844631756898148,1.2499291340478267,0.11854824988225514,6.093631402765814e-05,3.7132343672773663e-09,CALIBRATED,-0.006187387077863078,5.068087445662171e-05,-0.0008756447453114118,0.00041794824642735613,0.0,0.0,-0.007669318921782192,0.00015105349388999523,-0.0014473811032263925,-1.1492939508544354e-05,-0.0,0.0
20679729,157,88,198,4.547186083399097,50.400741956173576,-304.91435504187814,380.7551421133392,582.4842937696662,27,transition,False,4,4,3,2.3576826244245155e-42,5.072348514221325e-05,5.072348514221325e-05,2.5728719449723282e-09,1.2577626700646447,0.0016517850612521366,-0.08401683033050591,0.027571051758561366,1.257763754686083,0.0884250568213461,7.98576284225328e-05,6.37724081727132e-09,CALIBRATED,-0.0013756910668494752,0.00476346579186358,0.000731045309213548,-0.005060229800752744,0.0,0.0,-0.001257292288442824,0.0060112164091510704,0.0013847467191011919,-0.006342286522244672,-0.0,0.0
20679729,158,89,93,4.354498407981424,-63.35817154422545,-138.4954139641594,240.6276113511364,401.3684224525567,19,transition,False,3,3,3,2.3675737389710568e-17,0.0007208275106404361,0.0007208275754959474,5.195923935953657e-07,1.2768692406622104,0.0017840774277216183,-0.00911477784660647,0.022026345510570207,1.2768704870430507,0.023837765661739452,0.0011726269490808087,1.3750539617105655e-06,CALIBRATED,0.006664465025433514,0.016977106221478182,0.007619346139609162,0.018169642543819916,0.0,0.0,0.009168616416134161,0.02260048192321445,0.008997312257451345,0.022289683960859032,0.0,0.0
20679729,159,90,152,3.5307467861892547,146.6093740709925,-19.680530705851616,471.57121751380595,489.7305095505993,22,transition,False,2,2,2,1.4017686395876638e-64,7.060098020377116e-05,7.060098020377116e-05,4.9844984057332875e-09,1.3975732947996082,0.002690151752149198,0.16265876667050344,0.009047857422555743,1.3975758838980739,0.1629102148384446,0.0001376865803570123,1.8957594410408003e-08,CALIBRATED,-0.00836363570082815,0.00039814813258734683,0.0006913202391504188,-0.00011888001960885013,0.0,0.0,-0.011707319477735236,0.0005396092232917802,0.0005767571255202682,-3.773734958232621e-05,0.0,0.0
20679729,160,91,103,2.0575939492007613,53.6322864353006,-236.83503624037363,364.0462581683397,532.6027986691179,27,transition,False,2,2,2,8.827668761678367e-39,0.00022298508632199982,0.00022298508632199982,4.972234872202971e-08,1.858696606764061,0.006843417949001011,0.18410631120862128,0.0037719732253803924,1.858709204896091,0.18414494728028435,0.0007653524265627162,5.857643368454379e-07,CALIBRATED,0.002617189723367355,0.004630468204905814,-0.0037106027960392873,-0.013450858536438553,0.0,0.0,0.003008076041170007,0.009157446689682215,-0.0074824563973135486,-0.024828570669315323,0.0,0.0
20679729,161,92,166,3.110464422278106,201.92413804666853,-88.62077659324012,510.09426954549485,576.5240451534817,26,remote,True,2,2,2,1.9413050218311665e-75,5.387942195572372e-05,5.387942195572372e-05,2.9029921102829237e-09,1.474197715747231,0.0032836827388110995,0.19308548311558665,0.006560144471674885,1.4742013728411336,0.1931968925357464,0.0001170846665309272,1.3708819136658425e-08,CALIBRATED,-0.007106177074412512,-0.00163105261021365,0.0008215122067117356,0.00021553287395805588,0.0,0.0,-0.010478151072760643,-0.0024332316543439485,0.0011398833792338433,0.00027030764949816387,0.0,0.0
20679729,162,93,126,5.192807549887416,-83.21643188287541,-152.8352704940113,219.77407483619788,376.8738926760059,18,transition,False,5,3,5,1.3524006047725594e-14,0.0008677423791678348,0.0008677456590206089,7.529825287491108e-07,1.2009522789858669,0.001264006089132285,-2.3044216443141035,3.0113837057490764,1.200952944170895,3.7919376231729283,0.001256485066974957,1.5787547235310621e-06,CALIBRATED,0.014101764786016456,0.022342039648680097,0.007158704722204027,0.010884488962628208,0.0,0.0,0.015866855521908297,0.026047946301901655,0.010593307471398288,0.014629227357981356,0.0,0.0
20679729,163,93,138,3.381188866325978,-72.35620955323489,-158.7302994690838,230.448798396198,389.23090670311484,19,transition,False,3,3,2,5.637990165688513e-16,7.211340757583244e-05,7.211334465000488e-05,5.200334476610388e-09,1.4248401753344224,0.0029013603760692785,0.17348614561985767,0.0081626021606211,1.4248431293089985,0.17367806653710494,0.00012923557433582305,1.6701833673910043e-08,CALIBRATED,-0.001325051908652567,-0.002476325389367189,-0.004074924429093425,0.006900752535233686,0.0,0.0,-0.00035212913399568853,-0.00020146066387651028,-0.005868793631810814,0.009727705501141664,0.0,0.0
20679729,164,94,112,4.315535029459522,243.55938264386566,46.261977167540664,584.9065473411277,594.2561300954758,27,remote,True,2,2,2,5.8342532169695924e-99,2.1040861023125934e-05,2.1040861023125934e-05,4.427178325945001e-10,1.2807327806672197,0.001810828269669011,0.006031167614988481,0.02090515035439354,1.2807340608317603,0.021757763996787128,3.446516351167512e-05,1.1878474958865024e-09,CALIBRATED,-0.0023431518533800068,-0.003935392004283962,3.89312877045364e-06,-0.000251346436803889,0.0,0.0,-0.0029786772691162947,-0.005042327570352741,-0.00020947190239001455,-0.00035170930254224746,0.0,0.0
20679729,165,95,101,4.267344237562561,-121.31425341123085,-197.17344570327373,184.7155217987736,415.4437266811513,20,transition,False,5,5,5,1.5956634597824305e-10,0.002395699174862957,0.002396611649565605,5.743747398833571e-06,1.2855112947342768,0.0018439143188326021,0.024764017113964462,0.01951843070900095,1.2855126171723916,0.031531344420477794,0.0039587879819900544,1.5672002286348887e-05,CALIBRATED,0.03612402437629911,0.030345286632296763,-0.010204310951958354,-0.008167137174411069,0.0,0.0,0.04667678067511494,0.03919550156934998,-0.011949221255262777,-0.010049621680298777,0.0,0.0
20679729,166,95,102,5.170741947536364,-128.04966450193172,-205.70883248577388,179.95350498588735,423.5173989736111,20,transition,False,5,5,3,5.03004273060614e-10,0.0009008087517554382,0.0009013541506469983,8.124393048885717e-07,1.2023153213803972,0.001272806047731722,-2.070454642130331,2.6713964553421508,1.202315995095001,3.379813818353556,0.0013065975937267193,1.7071972719324531e-06,CALIBRATED,0.012170229546295475,0.0028842273450209685,-0.02646573983595762,-0.006669745946819425,0.0,0.0,0.01285685562064464,0.005007143835929919,-0.03258245280295274,-0.007389934859407347,0.0,0.0
20679729,167,95,171,2.2054958843469876,-143.18130161373966,-189.58229661804916,161.8497761270146,422.3177644305181,20,transition,False,5,5,3,3.008498307582134e-08,0.0060998958263810705,0.006121621868497023,3.747425430086099e-05,1.7881358865106811,0.006152165027839525,0.18878867713637007,0.00403720797615856,1.7881464698849112,0.18883183964348635,0.0195536266532917,0.00038234431529631955,CALIBRATED,0.06271576236545606,0.032375846543727244,-0.028934902763235088,-0.017404912584549893,0.0,0.0,0.11223894550927097,0.059916071525274374,-0.05098459186327881,-0.027689014604562905,0.0,0.0
20679729,168,95,173,2.507183621062321,-142.44663683206488,-200.3905071846669,164.71099551555974,426.2382984707002,20,transition,False,5,5,2,1.6220342082229918e-08,0.0017331345959027463,0.001737446231404963,3.0187194070233084e-06,1.6454320702264997,0.0047565385108751974,0.19815493695296987,0.0045846122574177105,1.645438945202304,0.19820796580457184,0.004675641087867044,2.1861619582550514e-05,CALIBRATED,0.016990759253088385,0.028508974352094416,0.0149333723314392,0.020322231757628977,0.0,0.0,0.03026072389466873,0.0479266336873366,0.020799497574561777,0.03209903988102013,0.0,0.0
20679729,169,96,114,2.1458800126883375,-75.57672003758765,50.16517570393738,311.2898841584069,318.780599095918,15,transition,False,3,3,2,1.4998222250113552e-28,0.0004933004359500469,0.0004933004359496635,2.433453201081281e-07,1.8165772915444187,0.0064307931971794826,0.18690132301939028,0.003930297942519229,1.8165886742066846,0.1869426430441044,0.001612597325434295,2.600470133997842e-06,CALIBRATED,-0.015651462372179775,-0.005149608815083502,0.01477871347772079,0.001844808542085702,0.0,0.0,-0.028570769314642145,-0.007058255557224483,0.02665028964106803,0.0060209265682193485,0.0,0.0
20679729,170,97,143,4.10509515336274,137.51467119401084,50.58445439146372,489.19795731145604,492.0163650313439,22,transition,False,3,3,2,1.9228627556484124e-69,3.768334876338191e-05,3.768334876338191e-05,1.4200347740226768e-09,1.3015996282249094,0.0019553086530045938,0.08783390154667167,0.014849613624859198,1.3016010968907297,0.08908033052092934,6.375026916244052e-05,4.064096818283615e-09,CALIBRATED,-0.005208680381418704,0.0006997607280848428,-0.0031626071908980387,0.0002474835895892918,0.0,0.0,-0.006677873365801376,0.0007875240291035807,-0.004277183461661026,0.0004917153766550136,0.0,0.0
20679729,171,98,168,5.937441953118174,23.38750479026163,-314.69879237480757,359.86596044657745,597.1134796673226,28,transition,False,3,3,3,6.527855619421718e-38,4.08776245096539e-05,4.08776245096539e-05,1.670980185552257e-09,1.1549545199452769,0.0009670392619459527,-10.199963142572628,14.484725755745552,1.1549549247944524,17.715714163673976,0.00011625620371311905,1.3515504901786236e-08,CALIBRATED,-0.005627044270178804,0.002844778104056037,0.0010579509784447833,-4.4435987587358304e-05,0.0,0.0,-0.007743069381204306,0.0026973188243706323,-0.0060772748471525735,-0.003477395845002106,0.0,0.0
20679729,172,98,198,2.8879378388318315,47.5138108622078,-315.34252418947347,382.12540418388915,593.3046950058573,28,transition,False,3,3,3,1.1812121576591036e-42,6.863869030253261e-05,6.863869030253261e-05,4.7112698064469844e-09,1.5286948645277936,0.0037391243118218126,0.20041691616751672,0.0056057514709326834,1.52869943739254,0.200495298537525,0.00015854187660241552,2.513552663661555e-08,CALIBRATED,-0.008197598025493094,-0.00023798621233924336,-0.000829196224113308,0.0008329904558978997,0.0,0.0,-0.012481731941139525,-0.00024222247227087152,-0.0016338110829641277,0.0001422461636160947,0.0,0.0
20679729,173,99,158,4.24243090775898,-25.000849707119926,-242.62214178969725,289.0584504898041,513.2677712567415,24,transition,False,3,3,2,1.0193929703733274e-24,0.00012944015798059235,0.00012944015797539699,1.6754754496695727e-08,1.2879816566486066,0.0018610189071214293,0.03444839123105138,0.018801534337083262,1.2879830011512814,0.03924524623232856,0.00021300573450232173,4.537144293087357e-08,CALIBRATED,-0.002572859125878257,-0.0007847587473634738,-0.011022587468911013,0.0008409952986933915,0.0,0.0,-0.003667861614494709,0.00016853235607714685,-0.014105254793411065,0.0007522697236677935,0.0,0.0
20679729,174,100,104,2.89575001725812,63.73514366231052,-163.75419056182724,366.5087864375313,461.84618569852495,24,transition,False,3,2,3,2.6870965134506392e-39,7.102880704517408e-05,7.102880704517408e-05,5.045091430260571e-09,1.52629969242636,0.003718249372331961,0.20046332664544686,0.00562670283893273,1.5263042214706726,0.2005422776239384,0.00016109753511065982,2.5952415818730274e-08,CALIBRATED,0.001060526955009824,0.0010570214254404303,-0.0007814698962215628,-0.008256881985975762,0.0,0.0,0.0005627798832094382,0.003040739995199725,-0.0014431218077213504,-0.012225060885058463,0.0,0.0
20679729,175,101,102,1.7456745204755393,-116.29408521676007,-208.71422010738502,192.0867582111624,425.9221214935703,20,transition,False,5,5,3,2.5434258622644055e-11,0.0008785943205664394,0.0008785031205989027,7.717677329020102e-07,2.096612986490153,0.00952928883954834,0.17069528677732373,0.0033496829816270046,2.0966346421026594,0.17072815029768873,0.0036998885220302638,1.368917507545129e-05,CALIBRATED,-0.009039283588356723,0.014487846957764089,-0.0033956577447244313,0.023986793696058387,0.0,0.0,-0.01155877653519462,0.03558374877720786,-0.013290918127808556,0.04608070664953117,0.0,0.0
20679729,176,101,133,2.1248866878201618,-102.4313308013356,-191.71841785821076,202.44067660628968,404.2658146546659,19,transition,False,5,5,3,1.7080177421614184e-12,0.0008655522386873473,0.0008655512487664371,7.491789642411387e-07,1.8265927394271468,0.0065289102172554625,0.18623670406781456,0.0038926502992756794,1.8266044077458572,0.1862773809897358,0.0027995797195584414,7.837646606162922e-06,CALIBRATED,-0.0003780718400860643,0.01579968755909446,0.005438723420047556,0.024211535908434084,0.0,0.0,0.003957858261778985,0.033275276334985344,0.005773350560562128,0.040538123854876776,0.0,0.0
20679729,177,101,180,3.9810514393857943,-99.24573136881733,-206.29568862156054,208.15669285103738,419.1871036959141,20,transition,False,5,5,2,3.6189916820153425e-13,0.0014828587671880643,0.0014828878746648002,2.1989564488278883e-06,1.3154753143368845,0.002054222700492178,0.13005855982573278,0.011713276706805727,1.3154769182546031,0.13058495256021618,0.002560175805890432,6.5545001570667235e-06,CALIBRATED,0.024192801969986227,0.021922244421763416,-0.01376407984090237,-0.015085142132295563,0.0,0.0,0.03148442238304883,0.02997351918628148,-0.01857366025708533,-0.018042013339430577,0.0,0.0
20679729,178,102,107,4.421425053791339,-130.53709881660035,-226.87963310891752,183.82673211399293,444.8338275791418,21,transition,False,3,3,2,1.981503556461086e-10,0.0006158955493128869,0.0006155761329694103,3.789339754815731e-07,1.2702329123124414,0.0017381280210724045,-0.03513067702728537,0.023952200863669185,1.270234101498918,0.042519082711283775,0.0009888820102779319,9.778876302513238e-07,CALIBRATED,-0.011338620276412711,0.01080226771336601,-0.012109870026585666,0.014955730787383987,0.0,0.0,-0.012868852009269545,0.014371490824432677,-0.016618772542976275,0.018454032320593682,0.0,0.0
20679729,179,103,192,2.1805374142277962,59.7026893351936,-258.0375297401532,374.81939419388124,554.6571751503342,28,transition,False,3,2,3,4.5736758874991395e-41,0.0002059973074912378,0.0002059973074912378,4.2434890693639576e-08,1.8000430169095596,0.006268814045045119,0.18799852729837574,0.003992449578674963,1.8000539327349059,0.18804091554764454,0.0006639301773810676,4.408032804372559e-07,CALIBRATED,0.0017132051902695343,0.0021491088276682064,-0.004077734742007502,-0.013483903221542895,0.0,0.0,0.0017144360321817956,0.004836612366934565,-0.007534048329659161,-0.024100543210703776,0.0,0.0
20679729,180,104,134,2.4714535657563417,67.18072387515892,-186.03912419310075,370.69224659739655,484.39591496416,25,transition,False,4,3,4,3.4973455168920235e-40,4.889667304565628e-05,4.889667304565628e-05,2.390884634933809e-09,1.6612533982010493,0.004909152054427173,0.1972085208958383,0.004514153861122185,1.6612606516764392,0.19726017920250954,0.00013070881378904036,1.7084794002138025e-08,CALIBRATED,0.0010058326785476995,-0.0006467142730231741,-0.003406186282484247,-0.005988708485684213,0.0,0.0,0.00042151701427036386,0.0002577226000960457,-0.005683884247238128,-0.009907480816086344,0.0,0.0
20679729,181,104,185,4.145155026742884,77.02578744254399,-181.0528116271388,380.24405342955197,483.6609399454629,25,transition,False,3,3,3,3.049044734553628e-42,0.00010871624950739721,0.00010871624950739721,1.1819222906954645e-08,1.2976273617205354,0.00192780499747271,0.07226172376252504,0.016002361094271292,1.2976287937302815,0.07401237924646745,0.00018298766002307047,3.3484483720718824e-08,CALIBRATED,-0.004102686722103439,0.008045203248111091,0.0023284015626233263,-0.004662345121012528,0.0,0.0,-0.005260230655166786,0.01032577334890141,0.0031613270935259494,-0.0062210971084182744,0.0,0.0
20679729,182,107,113,2.2445197824103893,-141.9915979491533,-246.90805690313417,181.52778949099059,467.9063937575798,22,transition,False,2,2,2,3.452784274046514e-10,0.0015393217208295497,0.0015388217977735912,2.3679725253031474e-06,1.7695184536033581,0.005969778073235012,0.19002411851500625,0.004107190115790512,1.7695285236166902,0.19006849983111979,0.004789445951478439,2.2938792522133212e-05,CALIBRATED,-0.013442758403951371,0.003538424278217468,-0.032312271030551294,0.017364064580106312,0.0,0.0,-0.022186881627046982,0.010397109463347397,-0.057896270042121806,0.028932857881010056,0.0,0.0
20679729,183,108,111,1.5924427921337205,-264.19206430007887,-112.73853841386978,63.07154011968789,55.908119475536104,3,source,False,3,3,3,0.07207159197240118,3.150619415166885,4.084339613883522,16.681830081538195,2.2234033575368026,0.010985352106455498,0.16371368009864995,0.0031574809875460873,2.2234304954881834,0.16374412581106476,20.143854362569954,405.7748685804286,CALIBRATED,1.8732512596626538,0.09380342449244487,0.7516805838815939,0.03803353026896684,0.0,0.0,4.230117615622241,0.23295601252453133,1.479527501009575,0.08178747188532476,0.0,0.0
20679729,184,109,111,5.5421754993375245,-268.8569681840978,-127.77386031693473,48.636335896497926,40.16574884796162,2,source,False,3,3,3,0.20930507003077903,0.49574037660804277,0.44840637730177657,0.2010682792049032,1.1793710269169493,0.0011246750415488686,-6.008855835209243,8.394452186006745,1.1793715631746802,10.32342849791103,2.171036799674745,4.7134007855419595,CALIBRATED,0.177018062605929,-0.006053562124856503,-0.645444260785785,-0.020881652648010517,0.0,0.0,1.0984725578263035,-0.823663641648248,-0.3329763711046808,-0.4184492574852871,0.0,0.0
20679729,185,109,116,3.192241753190981,-273.7718280707081,-144.30071479386322,34.3094146022525,22.923568979784207,1,source,False,3,3,2,0.45919896427082363,9.121871738346897,13.020389204008357,169.53053502385737,1.4592883567878676,0.00316819519026967,0.18716514033420883,0.0070441964868658835,1.4592917959467184,0.1872976520420629,27.71353777300895,768.0401758959939,CALIBRATED,3.2153519718896457,0.09952488325505912,1.6337566444406562,0.053244015934192195,0.0,0.0,4.736439834095598,0.1579950304709185,2.2910050730135,0.07751642906066324,0.0,0.0
20679729,186,111,178,2.367925188964435,-285.4727816556405,-117.80846151118541,48.04830587046071,59.54084705877671,3,source,False,3,3,1,0.21732239137989443,4.555292139606881,6.724507340359993,45.218998970555425,1.710644481731349,0.00539301518177408,0.19393095901967827,0.004328494875729455,1.7106529827789936,0.1939792585153922,19.671469049916972,386.96669458184135,CALIBRATED,2.5596821880063816,0.09159765309567576,0.40488443796510004,0.01459104533281761,0.0,0.0,4.388263984759303,0.17088338959864172,0.6203336663526727,0.024356919552929304,0.0,0.0
20679729,187,112,163,2.968424874808786,266.9745402023135,45.0001779794742,606.401869682157,617.7052610106705,28,remote,True,2,2,2,2.588878525841748e-106,2.1438389434029333e-05,2.1438389434029333e-05,4.5960454152510056e-10,1.5040179699947205,0.0035240547225146093,0.2008950724003928,0.00582160848519539,1.5040220985839028,0.20097940501482725,4.828858714130494e-05,2.3317876481034005e-09,CALIBRATED,-0.0010523339821054258,-0.004371493012488925,0.00043962548292113415,0.0010137854312734695,0.0,0.0,-0.0016246001171800837,-0.006624219699918311,0.0003521869385598752,0.0012825518812451143,0.0,0.0
20679729,188,113,160,1.5578317439091478,-153.39575163809968,-265.0894066452815,181.13596859682679,489.3683647716174,23,transition,False,2,2,2,3.7928998214353837e-10,0.001902018309858018,0.0019009649979257637,3.6136679233388988e-06,2.252041993243618,0.011314238796531413,0.162136717363481,0.0031140675733793153,2.25207041438145,0.16216661966710935,0.009578635374878342,9.175025564487076e-05,CALIBRATED,-0.027032418842644554,0.016053201857428503,-0.02358117296954372,0.018879521205441466,0.0,0.0,-0.056232796714316136,0.03808430998154284,-0.05794437902451912,0.0401066356262572,0.0,0.0
20679729,189,114,120,2.0795450048765325,-94.02545725340985,61.56639804885104,306.335045992347,340.46800963329247,16,transition,False,2,2,2,1.1343446638982498e-27,0.0005309561324648015,0.0005309561324633233,2.819144146004101e-07,1.8482242468367,0.0067408247588344765,0.1848012505620025,0.003811338381595047,1.8482365393297246,0.1848405488780507,0.0017971222707564617,3.229648456048861e-06,CALIBRATED,-0.021943585774202225,-0.0013763993114407306,0.006756262010880427,-0.0013760902620658445,0.0,0.0,-0.03977431980440926,-0.0016619795510884336,0.014570290638360428,0.00026497082577140005,0.0,0.0
20679729,190,115,151,2.181576131319858,-3.603678033534292,-293.2015155640629,326.4190168031174,558.226149438299,26,transition,False,2,2,2,2.5453557509382924e-31,0.0002020141219987905,0.0002020141219987835,4.0809705486939384e-08,1.7995474681117505,0.0062639593673599475,0.1880314116113202,0.003994312325560388,1.7995583700381512,0.18807383200089225,0.0006465055849627802,4.1796947138806657e-07,CALIBRATED,-0.006904345621869777,-0.004294805312541712,-0.011013416690901659,-0.0038214439224569796,0.0,0.0,-0.012613044205616517,-0.005682285930366822,-0.01965664637438114,-0.008291235176258589,0.0,0.0
20679729,191,116,132,2.8309404183017968,-293.4986523349754,-155.9772904570292,11.415470209150884,0.0,0,source,False,2,2,1,0.9174498784030898,12.542234140284522,17.8498260378704,318.6162895822361,1.5461699686610801,0.003891427247023383,0.20007830670633467,0.005452890915602855,1.5461748656589345,0.2001525988684923,42.46575234102316,1803.3401218891142,CALIBRATED,3.2495341163963447,0.08186328845830196,2.6977165955954368,0.07731517379134574,0.0,0.0,5.256712922142319,0.15077655475786508,3.8466875550918913,0.11394243828191421,0.0,0.0
20679729,192,117,123,4.164102836175868,-185.23217119441466,-125.0920405479502,123.38977370357624,146.35829483130587,7,source,False,3,3,2,4.249433978316822e-05,0.05135229005150376,0.05361632156896616,0.002874709938586786,1.2957485303016822,0.001914796119017621,0.06489628218185355,0.016547595952292597,1.2957499450986472,0.06697275843824184,0.08984223625410298,0.008071627415138055,CALIBRATED,0.17691423908840706,0.03186280314645645,0.14362957441465435,0.025941871672096647,0.0,0.0,0.23661400100278898,0.04291687435114796,0.17601395172891973,0.03214469592720439,0.0,0.0
20679729,193,118,139,4.481774516094124,-124.18460490052635,-19.995491547765408,228.55926444951373,233.44900072552844,11,transition,False,4,4,4,1.0003715940485326e-15,0.0002317232893473838,0.00023172270450229303,5.369541178185701e-08,1.2642487658977115,0.0016966942699729092,-0.05858987639216445,0.025688793720310535,1.264249904427654,0.06397411772313687,0.000362623793829232,1.3149601585110538e-07,CALIBRATED,-0.00924547938643335,0.005461585909502243,0.007327810260472764,-0.00791947545971106,0.0,0.0,-0.01035811735888988,0.008465983077941608,0.010608132221412214,-0.008433733450005313,-0.0,0.0
20679729,194,118,142,2.144068256400015,-142.2339393658018,-17.122537996776394,216.67070803036472,231.32718314845798,11,transition,False,4,4,4,3.311443560737995e-14,0.002229260354327181,0.0022292696633979914,4.969643232146593e-06,1.817441640131212,0.00643926084721731,0.18684396537964446,0.003927048892889628,1.8174530473613584,0.1868852297850125,0.007323537286359065,5.3634198384691495e-05,CALIBRATED,0.025578154380714837,0.03204442787443007,0.011696628149006771,0.020282288184981036,0.0,0.0,0.04330736950006121,0.05877593799620622,0.025947541340590963,0.03633350030465931,0.0,0.0
20679729,195,118,153,5.664951143796735,-144.47093352445557,-5.952633812360821,222.72950454130918,242.71888637294884,12,transition,False,4,4,2,5.696277899063469e-15,0.00023969544824801325,0.00023969441513973328,5.74534126491788e-08,1.1717868963887526,0.0010757110218465584,-7.310676153471818,10.28618181624885,1.1717873901448963,12.619489774862929,0.0015434854332635585,2.382347282696795e-06,CALIBRATED,-0.006844123973778084,0.011881741282841548,0.005888710178664788,-0.004123069086323674,0.0,0.0,-0.02207595786384859,0.020323897651070767,-0.023661067502902755,0.009123079882858608,0.0,0.0
20679729,196,119,122,5.2733894278796924,17.72896173415299,163.52164642008245,457.2731066093881,508.6647009085605,23,transition,False,2,2,2,9.121372085745435e-61,6.32980027639574e-05,6.32980027639574e-05,4.0066371539059585e-09,1.1959745532847106,0.0012318693190176402,-3.158851091751894,4.2529909229621685,1.1959751877052391,5.297761037519598,9.179057929608636e-05,8.425510447511119e-09,CALIBRATED,-2.107522354520855e-05,0.00041579684354663214,-0.003376480573259356,0.007191943445426192,0.0,0.0,-0.0012284925534946248,-4.378559860142978e-05,-0.0040112629245161804,0.008613317474344693,-0.0,0.0
20679729,197,120,121,3.0201634477291144,-113.04744070495049,72.98429394633159,302.508887463409,362.6536852181465,17,transition,False,2,2,2,5.29224463893899e-27,0.0005352316763698528,0.0005352316763674133,2.8647294738707145e-07,1.490661075811717,0.003411207543853657,0.1996229026773975,0.006025639759718471,1.490664978885951,0.1997138242782998,0.0011866336254516621,1.4080993610525555e-06,CALIBRATED,-0.016765489088923075,-0.005098392031423276,0.014807542501821523,0.002982136101401755,0.0,0.0,-0.025098624713032,-0.006722789687852206,0.021920154641863306,0.005568086049599795,0.0,0.0
20679729,198,121,124,2.274285662056485,-127.68007833681035,89.95751556990248,307.34331600297924,385.06360124539157,18,transition,False,2,2,2,7.534910642015931e-28,0.0006090606342932155,0.0006090606342926034,3.7095485624490836e-07,1.755317815155136,0.005830660547585586,0.19096646413426102,0.004160569712628239,1.7553274990164718,0.1910117817420581,0.0018721334215792136,3.5048835481938936e-06,CALIBRATED,-0.011149980448517087,-0.006655490955588787,0.019067543841262653,0.00876765546151836,0.0,0.0,-0.020556709712047667,-0.01051128531161844,0.03277068214692366,0.0162834388295861,0.0,0.0
20679729,199,122,127,2.721059834084283,21.6228767584849,186.95480158957673,476.91164153462654,532.4191812315294,24,transition,False,2,2,2,4.923136542168225e-66,7.57321267709353e-05,7.57321267709353e-05,5.735355025249015e-09,1.5798587677956937,0.00418503940249228,0.19942552970221297,0.005158203770688914,1.5798643108620838,0.19949222782641976,0.0001876157599037359,3.519967336425628e-08,CALIBRATED,-0.0018622621458017944,0.0026325485896782014,-0.005792041967452532,0.005637911336789619,0.0,0.0,-0.002983988320454302,0.0031574381540607358,-0.009164152340141417,0.00920654494352199,0.0,0.0
20679729,200,123,135,4.8725651165352275,-205.80399847813112,-138.33799239866562,99.96551120548199,170.82572866124667,8,source,False,2,2,2,0.001350864484465825,0.15429360941086914,0.1798147453202817,0.032333342634597764,1.225498658087193,0.0014283916231413436,-0.21049901121879921,0.036934033350843054,1.225499490524635,0.21371466150840784,0.2700148104827241,0.0729079978800214,CALIBRATED,0.3655645798772764,0.040623929706432256,0.2097588127057087,0.022983039114321074,0.0,0.0,0.4515948759824123,0.05042246895810537,0.25047146657955227,0.028257698469811406,0.0,0.0
20679729,201,124,136,4.0493683914560705,-136.9182857627083,110.93662566323484,319.9197174300006,407.98667993809937,19,transition,False,2,2,2,4.092025157769624e-30,0.00031538849623461253,0.0003153884962346012,9.946990355712305e-08,1.3071253958083084,0.0019935686257420014,0.10949615283515376,0.013246041812316152,1.307126916057845,0.11029444731895155,0.00053662442195497,2.8796577023850564e-07,CALIBRATED,-0.0027931873793214045,-0.002658960009166802,0.01395033750638097,0.010290996823744182,0.0,0.0,-0.004940899710938057,-0.0037591248280898454,0.017846744732297557,0.013400545324294461,0.0,0.0
20679729,202,125,139,2.78590023736837,-105.15946369121559,-33.33396481161564,236.15531265798847,232.19867648280854,11,transition,False,4,2,4,9.695493225986066e-17,0.0005313507427322866,0.0005313507368028106,2.8233360550088967e-07,1.5599790471189194,0.004011779215487569,0.19981073264323523,0.00533209830769858,1.559984205632392,0.1998818654900674,0.0012450105549494355,1.5500512819355015e-06,CALIBRATED,-0.0003010885654337389,0.01953804453134647,-0.0038525989917539936,-0.011605273774385251,0.0,0.0,0.001475180784552465,0.03192768066823766,-0.0014414831086811243,-0.014878834974444491,0.0,0.0
20679729,203,126,133,4.648197385702641,-94.85336425969521,-170.94214483684257,208.08447092335857,382.1506818817285,18,transition,False,5,5,3,3.6916406366787294e-13,9.089679264226831e-05,9.089511983676591e-05,8.261922810140035e-09,1.2477465671954224,0.001582434366180778,-0.12328220550412289,0.030477714043972964,1.247747570643391,0.1269936740444459,0.00013643246844287374,1.8613818445415738e-08,CALIBRATED,-0.0013762897980050936,-0.0012324306413473418,-0.007397306620166732,0.005723802556882847,0.0,0.0,-0.00015987847529990096,0.00040234217426631793,-0.009295932976707175,0.007059083381246059,0.0,0.0
20679729,204,126,138,4.714028054217881,-83.54251871313787,-164.52131625722097,219.2375327606942,382.32978685937746,18,transition,False,5,5,2,1.580301395598981e-14,0.0009258307605898967,0.0009258355710135561,8.571715045539974e-07,1.2412189140243262,0.0015372374177756894,-0.14887207355090099,0.032372031977046155,1.241219865950673,0.15235105098970525,0.001424141711115327,2.0281796133384917e-06,CALIBRATED,0.01913307597752935,0.019436230871463504,-0.009742492636128594,-0.009331545498886804,0.0,0.0,0.023327875751663025,0.023452097242289208,-0.012797777866426522,-0.012890614440363714,0.0,0.0
20679729,205,127,182,3.5493133582589174,27.539143360049714,209.28471125098386,497.42270853830496,555.5195508386893,25,transition,False,2,2,2,8.99323980181156e-72,5.7208914862855874e-05,5.7208914862855874e-05,3.2728599397854917e-09,1.3941883018615726,0.0026639316753967845,0.16131462313218392,0.009157755685621874,1.3941908468999595,0.16157435478898272,0.00011096360091939923,1.2312920728999697e-08,CALIBRATED,-0.00115911758263324,0.0012979757170879021,-0.005803307171548696,0.004527940613898107,0.0,0.0,-0.001678580735719436,0.0013860920267241275,-0.008090671725588507,0.006384805991984825,0.0,0.0
20679729,206,128,149,4.661907606199954,-67.5292269263227,-209.04686983736343,239.77746582768336,455.9897906484871,22,transition,False,3,2,3,3.1015178675604447e-17,0.0001680406883242881,0.00016804068751289663,2.823767265980697e-08,1.246387085872747,0.0015730214262484428,-0.12861167794199185,0.030872234062381015,1.2463880784999375,0.13226510703529132,0.0002601355862488328,6.767052323302391e-08,CALIBRATED,-7.284448945080313e-05,-0.0007750291887516233,-0.01292608176783344,-0.0005925547072804044,0.0,0.0,-0.00012710572763917924,9.341140382158777e-05,-0.01610963088574126,-0.0007684382978752801,0.0,0.0
20679729,207,129,147,2.652656488309681,-24.343005716951005,83.63323223720876,371.7129169780706,439.3324505004175,20,transition,False,2,2,2,2.1191432637758614e-40,0.00018571807320537847,0.00018571807320537847,3.449120271511832e-08,1.6008308675742529,0.004367820136114953,0.19901916008337064,0.004974753829897049,1.6008368262978199,0.19908132573387788,0.0004733759465628697,2.2408478678429288e-07,CALIBRATED,-0.004195652664906638,-0.006119578322950758,0.007885392450074477,0.008275621969279404,0.0,0.0,-0.007463726255784872,-0.008904595003521636,0.012099518322427278,0.013855633552100077,0.0,0.0
20679729,208,131,161,4.078647070393156,239.35702255857737,16.22889447234352,570.8729624484785,597.8095305984167,27,remote,True,2,2,1,2.650131208872997e-94,1.469745372517441e-05,1.469745372517441e-05,2.160151460036431e-10,1.3042221735606878,0.0019734669471302723,0.09811486889132506,0.014088553787633162,1.304223666622852,0.09912121289304797,2.495453367307309e-05,6.227287508405388e-10,CALIBRATED,-0.001929744954829632,-0.003236822848826775,0.00047498705873422084,0.0005204836921863407,0.0,0.0,-0.0025417523596136145,-0.004225655151228963,0.0004224082026478591,0.0006778189055342447,0.0,0.0
20679729,209,134,137,5.9651603390318115,75.964570711672,-207.2525939776857,381.35561873646304,507.3560383425049,26,transition,False,4,4,1,1.7421397680812506e-42,4.212527690462905e-05,4.212527690462905e-05,1.7745389542916736e-09,1.1532422922658712,0.0009559849229525013,-10.49386799748711,14.911811210407805,1.1532426884996123,18.234126771620513,6.868150540756866e-05,4.717149185049883e-09,CALIBRATED,-0.0008628600296089135,0.003973248104175624,0.0013299191108226815,-0.004881123245244455,0.0,0.0,-0.0019614184591432546,0.00725940625957823,0.0007392093518201198,-0.0034042522421640323,-0.0,0.0
20679729,210,134,185,2.0715735416687266,77.51637902030562,-192.27782281837221,381.441899926793,494.89666672834113,26,transition,False,4,4,3,1.6679578075568824e-42,0.00016447661226665474,0.00016447661226665474,2.705255598271548e-08,1.8520272544502245,0.006778081182983892,0.18454888531957594,0.0037970430374863347,1.8520396576777074,0.18458794274959164,0.0005598443611768106,3.134257087414711e-07,CALIBRATED,-0.009249841350997748,0.005915782025227115,-0.005149369484226492,0.00417187777780506,0.0,0.0,-0.017484688032434446,0.011683129658776069,-0.008945809198200743,0.0061324566652254655,0.0,0.0
20679729,211,135,140,3.4672179347125507,-221.80271008393103,-154.94304895483137,81.33372199827542,193.88406069717286,9,source,False,2,2,2,0.012604908451779279,0.23080281679224615,0.2405443424226103,0.057861580671526,1.4091556543651387,0.00277986844058592,0.16725799451336418,0.008671820833481558,1.4091583963124192,0.16748264747489686,0.4492533649156871,0.20182858588806754,CALIBRATED,0.09951954623872586,0.007700890493480337,0.4786250096700804,0.03871690513162549,0.0,0.0,0.27429711139393714,0.021685048073188655,0.6090720369950327,0.05074910873517231,0.0,0.0
20679729,212,136,157,2.191858600664318,-149.50547701809774,128.55036651170724,329.0581523486153,429.6357272699544,20,transition,False,2,2,2,8.110216349721505e-32,0.0004916811974406065,0.0004916811974405972,2.4175039991661953e-07,1.7946419309244845,0.006215901936846383,0.1883569400370573,0.004012752031513293,1.7946526955567894,0.18839967897793777,0.0015793386549048153,2.4943105868765513e-06,CALIBRATED,-0.016514194733404104,-0.009396224187636158,0.010388347443642596,0.004770301683714664,0.0,0.0,-0.029328443687058663,-0.015985065333738613,0.018998772161936486,0.010134366700232404,0.0,0.0
20679729,213,139,145,3.5108136610879868,-121.85416077012508,-38.60863492438607,219.34828508638154,214.69053393840645,10,transition,False,4,4,3,1.5303558349195482e-14,0.002602097211638197,0.0026021029192337974,6.7709396022850504e-06,1.4012074329403277,0.0027183017018604164,0.16410184303391914,0.008929870331675964,1.4012100696510017,0.164344630186902,0.005102015210417385,2.603055920733035e-05,CALIBRATED,0.023068967193359883,0.01419052654013428,0.0348566486337937,0.025564989231358467,0.0,0.0,0.03144240486866207,0.021733564735340254,0.049306727747148935,0.03478346085793977,0.0,0.0
20679729,214,140,148,3.3145536265685394,-238.58054250419457,-164.88919773716566,64.23097350601127,213.38845856849346,10,source,False,2,2,2,0.06537068946905598,2.19831646219564,3.0163293873577803,9.098242973038163,1.4369888808228097,0.002995463966882921,0.17831026321185434,0.007768178403728278,1.436992002904946,0.17847939534409266,6.217585702603846,38.65837196922376,CALIBRATED,1.7275388032500625,0.07287085130099451,-0.16290865237108,-0.00946998608388316,0.0,0.0,2.487010458247786,0.11024173310469311,-0.141979390161776,-0.007300426107111675,0.0,0.0
20679729,215,141,154,1.9182081791170447,-155.87656411991964,48.37224090654257,257.103323900655,363.37285160992803,17,transition,False,3,3,3,1.0462750969046236e-19,0.0005540172015086446,0.0005540171947615433,3.069350520914498e-07,1.9538513872187937,0.007889811654427835,0.17855633589882486,0.0035660958198546052,1.9538673170061336,0.17859194306857842,0.0020931693819232454,4.381358061420941e-06,CALIBRATED,-0.010429519256824485,0.017949938816134697,-0.007513341801124309,0.008160374642721348,0.0,0.0,-0.022317302840309167,0.0348324875775439,-0.010895060063044358,0.016220445469840836,0.0,0.0
20679729,216,141,165,2.5636013366845276,-155.45795178078282,59.07846921970156,266.1918032431568,365.630144004849,17,transition,False,3,3,3,4.508534548339127e-21,0.000690190271958776,0.0006901902690494415,4.7636260749054044e-07,1.6281347005158706,0.004605784606457686,0.1984901025115216,0.004735918110564282,1.628141215090308,0.1985465933109514,0.0018285340874188004,3.343536908852505e-06,CALIBRATED,-0.021664363512579804,0.0035052125511482986,0.01414373108341071,-0.0029178722822763474,0.0,0.0,-0.03549652963385614,0.006048903480573902,0.02271552910747218,-0.003993241217589859,0.0,0.0
20679729,217,142,153,2.783406448981733,-153.89457523476864,-11.765113201715554,211.9576783422402,234.57184937389036,11,transition,False,4,4,2,1.2591385003072147e-13,0.0013783808947552296,0.0013783750502677921,1.8999177792007386e-06,1.5607436292936496,0.0040184428730272335,0.1997959175808333,0.0053254102527986995,1.5607488024226823,0.19986687738674394,0.0033372202069302773,1.1137038709543763e-05,CALIBRATED,-0.008235127462614615,-0.0042911072364234205,0.03507996869415578,0.007844738430620127,0.0,0.0,-0.01124944690027984,-0.0031728419167108847,0.05503698839306154,0.013097065860780919,0.0,0.0
20679729,218,142,156,3.010486202883609,-162.5683654166226,-26.58541515873142,195.36225318228088,224.91426716393494,11,transition,False,4,4,2,1.0990497701363441e-11,0.0017899245347769116,0.0017900805026173953,3.2043882058509467e-06,1.492425397482878,0.0034248739385790276,0.20032349544589656,0.005968358728206763,1.4924293272424733,0.20041238518008486,0.0039568381754807765,1.565656834694204e-05,CALIBRATED,0.023524856641485296,0.033358399001358695,0.004025683793636347,0.010376546085994389,0.0,0.0,0.03349940381821863,0.04956359273454195,0.010442264399647077,0.016402362901637636,0.0,0.0
20679729,219,142,176,5.0416232500220985,-151.5449844676236,-35.45532272397206,197.5959213846517,210.76540898517482,10,transition,False,4,4,3,6.151575887746738e-12,0.0014942228302947905,0.001494210561941278,2.2326652034168697e-06,1.2102912767084448,0.0013242997334449787,-0.7013773741424274,0.6819329344469076,1.210292001232075,0.9782447280932809,0.002185160460700542,4.7749262390090055e-06,CALIBRATED,-0.0024719818360252692,-0.0016642771530203965,0.03693086463282489,0.01102004023466054,0.0,0.0,0.002165938700304259,-0.00048197247239810913,0.044728873974680027,0.013400175586167082,0.0,0.0
20679729,220,144,171,5.344266448932281,-148.13929036119708,-173.4196356300693,155.00829627826272,407.0402869494838,19,transition,False,3,2,3,1.2612429343494343e-07,0.0001664453264497829,0.0001646491047036844,2.7109327679724825e-08,1.191596318648026,0.00120360293222288,-3.9103775570423163,5.345065506802129,1.1915969265131339,6.622747006388372,0.0007006363147248627,4.908912455112369e-07,CALIBRATED,-0.002351323827197679,0.0033404858629830854,0.001472378957630555,0.012074503524686793,0.0,0.0,0.0190714391291436,-0.0007693515143525438,-0.007998770685551843,0.01650285702645312,0.0,0.0
20679729,221,145,176,3.2897292827781044,-139.79089862690927,-48.25598671123798,199.11121360821528,197.224462800502,10,transition,False,3,3,3,4.134096465181074e-12,0.0013580187977879378,0.0013581099910108003,1.8444627476833558e-06,1.4415147689677354,0.003030521391434492,0.1801074437131197,0.007621239472077938,1.4415179545229422,0.18026861782341747,0.002723603663852472,7.418016917750609e-06,CALIBRATED,0.02242652337421766,0.02820286985248376,-0.006811997125845628,-0.0036545680453102065,0.0,0.0,0.032433442223956166,0.040812458097838185,-0.0018880261985915708,-0.0015665600669631926,0.0,0.0
20679729,222,147,170,4.216139031185474,-31.32550587359172,105.28775090933009,381.39943245792165,462.08488965226974,21,transition,False,2,2,1,1.7040688151128717e-42,0.00011064038246349853,0.00011064038246349853,1.2241294231669233e-08,1.2905887128332083,0.001879069955603348,0.04466863762065683,0.018044969434878006,1.2905900807756023,0.048175804184167385,0.0001837630174341214,3.3768846576493205e-08,CALIBRATED,0.00026101448170533307,-0.0006032363288943315,0.0034967519121656865,0.009898539584206669,0.0,0.0,-0.00032721277726976955,-0.0009827078978805436,0.004442155733012345,0.01276548028331177,0.0,0.0
20679729,223,148,155,1.7000485646157415,-256.8929134755649,-172.84272627804293,47.0009687511151,233.3534666286881,11,source,False,2,2,2,0.23210716982638008,5.053350395661704,5.903203430414614,34.84781074085886,2.134365819636544,0.00996284316321153,0.168616458315368,0.003292453321732163,2.1343890719071514,0.16864859994584605,26.0232018122939,677.2070325633766,CALIBRATED,1.1228894814238777,0.04142423744955434,2.152429240155925,0.08749309456032063,0.0,0.0,3.074788131466853,0.13465016797457804,4.064238816415887,0.1808644085697723,0.0,0.0
20679729,224,149,177,3.6703828830260647,-73.25624527297778,-231.7952898678823,239.70952701776525,458.4004669786633,22,transition,False,3,3,2,3.169041984984972e-17,0.000239208126774946,0.000239208036481789,5.72204847174729e-08,1.3721153265804882,0.0024929549210523554,0.15254968694511672,0.009874383958855572,1.3721175912658938,0.15286893224465206,0.0004436728543971725,1.9684560172893466e-07,CALIBRATED,-0.008019747475679347,0.00034730399076517447,-0.012618965470931429,0.003941164458578539,0.0,0.0,-0.009844262444248894,0.0021289915902717583,-0.017950138639509488,0.004474736747213618,0.0,0.0
20679729,225,149,180,3.1026631160452247,-78.28659459001618,-216.89493319391102,230.94989744011048,442.6738957292463,21,transition,False,3,3,2,4.838786097073369e-16,0.0010080683592845622,0.0010080691687516373,1.016203448987617e-06,1.4756200228056733,0.0032946998962824813,0.1936502656357005,0.006513967395937704,1.4756237009320576,0.19375979240289432,0.002191745312711955,4.803747515794825e-06,CALIBRATED,0.018399297463126435,0.023038000827790107,-0.006413652808089871,-0.009881831668827895,0.0,0.0,0.026463508990979365,0.03414097621373001,-0.010882656340084274,-0.01440102561463782,0.0,0.0
20679729,226,150,195,4.469990510095659,175.86828263130883,-136.7407175109326,479.3401159015574,576.9567639085847,26,transition,False,2,2,2,1.0603353789286948e-66,1.6937836412048146e-05,1.6937836412048146e-05,2.8689030232130405e-10,1.2654172471824836,0.001704784740921029,-0.05400916704552705,0.02534970170757842,1.2654183955348157,0.059662362521231506,2.6717459516060943e-05,7.138226429923554e-10,CALIBRATED,-0.0016141375834662847,0.0007407823181965168,0.0035379224673342782,-0.0011254965330326412,0.0,0.0,-0.0026068321925318302,0.000907688624520168,0.0041278031279510215,-0.0014350010919281855,-0.0,0.0
20679729,227,151,168,2.5475539308423834,0.49743571014918153,-307.5256166102056,336.1037461209512,573.1257804645605,27,transition,False,3,2,3,3.659122399885057e-33,9.563199183279263e-05,9.563199183279232e-05,9.145477861907258e-09,1.633054749275144,0.004648664915591001,0.19839476831227104,0.004692880805615707,1.6330613657225501,0.19845026385453718,0.00024768181439785875,6.134628118341535e-08,CALIBRATED,-0.0025268184468384557,0.008327613911939459,0.002949416184559969,-0.0033464863772974373,0.0,0.0,-0.005134132788238974,0.013146891088686358,0.002873364344435387,-0.0063423597309625185,0.0,0.0
20679729,228,152,159,4.152147988386073,167.87294690286924,-12.76435552919131,493.9308460672893,512.0905857725352,23,transition,False,2,2,2,8.86929833137087e-71,4.3329800856175184e-05,4.3329800856175184e-05,1.8774716422357997e-09,1.2969339519576535,0.0019230038837408513,0.0695434015923051,0.016203587862049267,1.2969353776053896,0.07140616895361193,7.26839045443881e-05,5.282949979817722e-09,CALIBRATED,-0.004976982916620968,-1.4902199379821893e-05,-0.0043049532119416485,-0.00016308792501333342,0.0,0.0,-0.006700041553486533,-0.00011626201829772485,-0.005269547626693648,-0.00010816043200061822,0.0,0.0
20679729,229,154,165,1.4288180713696619,-165.38730392992233,54.44058949463785,256.8971711974437,374.6546522782703,18,transition,False,3,3,3,1.122203588160581e-19,0.00040925868610393665,0.0004092586887456756,1.6749267431382977e-07,2.42695320925439,0.0137082723726641,0.15597714635127946,0.00297775949635346,2.4269919234809225,0.15600556796315498,0.002319857553764731,5.381739069759282e-06,CALIBRATED,0.003942975600031629,-0.0016104096557034645,0.015508669975530383,0.012271893435575871,0.0,0.0,0.002003352423106592,0.0008495513641440548,0.037767285373882555,0.0298119866966454,0.0,0.0
20679729,230,154,187,2.579140861529627,-176.5255295477507,40.19256902686289,238.90792872829047,385.5829125125682,18,transition,False,3,3,2,4.0840458562466235e-17,0.0005955712675122159,0.0005955711229591632,3.5470496250283864e-07,1.6233703653525484,0.004564261407275379,0.19858241949860442,0.004777593336834072,1.6233767817691185,0.1986398820277838,0.0015525106146649656,2.4102892086473892e-06,CALIBRATED,-0.01130971977792804,0.019786737067068613,-0.0063720315908768746,0.005961846286802997,0.0,0.0,-0.019568676657564295,0.031825388489884844,-0.00698611594485097,0.010388278972460658,0.0,0.0
20679729,231,155,183,1.6929136428819938,-274.3568632385279,-182.47319082276732,34.65526590784412,253.29677098555157,12,source,False,2,2,1,0.4520143767635284,12.605174060855827,17.79277427734168,316.5828164844318,2.1402695536986744,0.01003064176837764,0.1682913740931433,0.003283503829354328,2.1402930585001223,0.16832340298234136,81.50495519623097,6643.057721539617,CALIBRATED,4.19414369701085,0.1198172737440395,0.4329825112386398,0.010143571356544312,0.0,0.0,8.978483456332468,0.29817772710803275,0.8955530799148367,0.029406541906621564,0.0,0.0
20679729,232,156,189,3.4869098118459085,-184.95572557069255,-32.7251784575262,175.37703943426382,248.12828422331665,12,transition,False,2,2,1,1.474013818711294e-09,0.0013271955524356794,0.001328555628106806,1.76506005697427e-06,1.4055654997160745,0.002752059185980467,0.16583238351167398,0.00878837994225769,1.4055681939421727,0.16606509278946133,0.0025995783621368534,6.757807660890126e-06,CALIBRATED,0.01773179578110238,0.03120073035880281,0.0001910959822002706,0.006373143171697447,0.0,0.0,0.023898124736046796,0.04380670766481402,0.004581040662452759,0.009404489686085121,0.0,0.0
20679729,233,157,169,3.4663004388327217,-163.7853028793598,145.22215735106653,337.77661470188696,451.5870834107333,21,transition,False,2,2,1,1.7365358553699565e-33,0.00022716226610585333,0.00022716226610585297,5.1602695142346356e-08,1.4093229290274858,0.0027811641462390088,0.16732441744559312,0.008666390040808295,1.4093256732056718,0.16754870035260352,0.0004485097478725604,2.011609939367077e-07,CALIBRATED,-0.0038952987185917245,-0.0037607890901019767,0.010964982715466587,0.008809911093085989,0.0,0.0,-0.006743345590258092,-0.005676392942088959,0.01483678017315508,0.012275404489603682,0.0,0.0
20679729,234,158,164,2.9700736596102857,-32.93339408306478,-264.75378543836894,288.5154643281327,536.7780862454465,25,transition,False,2,2,2,1.2542726557557392e-24,0.00018636353268652064,0.00018636353267383025,3.4731366310669794e-08,1.5035124613974604,0.003519649000949511,0.20090486747757436,0.00582603033723769,1.503516581054742,0.20098932410870018,0.00041394208275907047,1.7134804787891714e-07,CALIBRATED,-0.005665645242876034,-0.000622354023377591,-0.012045081296286104,0.0029652468179142875,0.0,0.0,-0.008467673619817258,0.0011905008084596024,-0.018143013023177248,0.003413850098232087,0.0,0.0
20679729,235,159,162,2.9199562241015258,187.67970455769466,-10.352441995210398,513.5490743443534,532.0436551026504,24,remote,True,2,2,1,1.8734313371492068e-76,2.3765091620243087e-05,2.3765091620243087e-05,5.647795797185482e-10,1.5188781989389928,0.00365356791274899,0.20060713053306642,0.005691621113937156,1.5188825931488754,0.2006878555658398,5.396258892987403e-05,2.911961004014563e-09,CALIBRATED,-0.0035765364339922683,-0.002013423540340434,0.0024342070589204964,0.0009971160404253737,0.0,0.0,-0.005782097780345432,-0.0030776408840505463,0.0029626435093444516,0.0015102331653616293,0.0,0.0
20679729,236,160,167,2.571260466120794,-167.04176118968422,-282.30977331112905,180.95534312055742,511.34004210376867,24,transition,False,2,2,2,3.9605085868287974e-10,0.0015043032720479432,0.0015035317440165149,2.2606077052653427e-06,1.6257864524157912,0.004585318629517249,0.19853560375819945,0.004756459018698077,1.6257929185494868,0.19859257252482865,0.003966923354422697,1.573648089986422e-05,CALIBRATED,-0.019374175943082023,0.008319111351688143,-0.028578424593358732,0.01556403175989239,0.0,0.0,-0.030904058709789222,0.015319795759678073,-0.04694846279822996,0.02393758986300761,0.0,0.0
20679729,237,163,199,3.038191564833479,289.7809987546673,42.934947849681166,627.1983728330013,640.6050367123937,29,remote,True,2,2,1,1.1136249088055264e-113,1.8419927715309424e-05,1.8419927715309424e-05,3.3929373703722427e-10,1.4873742521129003,0.003385747883750308,0.19831774106635922,0.0061323508288748385,1.4873781056399686,0.19841253022012473,4.0688895770137964e-05,1.655586238993151e-09,CALIBRATED,-0.0006585544616754395,-0.004238097250291452,0.00014547878181293296,6.001131085932562e-05,0.0,0.0,-0.000964313697936399,-0.00630541463036456,2.464918245024869e-05,-1.1559372789444519e-05,0.0,0.0
20679729,238,164,179,3.52501391592363,-49.47200368142284,-273.7676694413964,276.60698128153257,521.7316664112931,25,transition,False,2,2,2,1.0733749588774105e-22,0.00024389298769165777,0.0002438929876280765,5.948378941414907e-08,1.3986184917961786,0.002698247823831807,0.16307380292461926,0.009013923722666947,1.3986210945554682,0.1633227357754444,0.0004737306024827672,2.244206837286856e-07,CALIBRATED,-0.00306848710810254,0.015175577349227632,0.0015877817828424793,-0.0012877016825211306,0.0,0.0,-0.004510474824740548,0.02114165947900278,0.000732397047424205,-0.0024248811057379902,0.0,0.0
20679729,239,165,172,3.3950919913472752,-176.4404080827872,67.43424060387909,262.4715354750421,388.21514761100684,18,transition,False,3,3,2,1.6548830353967738e-20,0.0005899627587202326,0.0005899627526756865,3.4805604954467323e-07,1.4223054058660929,0.002881726110584565,0.17247961648837837,0.008244896796663712,1.4223083251887714,0.17267656594675987,0.0011887553493182695,1.413139280532801e-06,CALIBRATED,-0.023493625579023316,0.004741106030783448,0.00344765709396583,-0.0019099434535199565,0.0,0.0,-0.03313132007900951,0.006905519101808692,0.006400890689193473,-0.0015535068265193305,0.0,0.0
20679729,240,166,174,3.823137619145964,223.73436840331203,-95.80480433764596,530.7307238203027,599.486980567802,27,remote,True,2,2,1,1.3203814343049432e-81,2.4237151588320467e-05,2.4237151588320467e-05,5.874395171152253e-10,1.3442656136083095,0.0022772316905965337,0.1414908716326896,0.010778561645060358,1.3442675424609112,0.14190082503817453,4.363794841894309e-05,1.9042705422143377e-09,CALIBRATED,-0.0038939208344854243,-0.0013177030434773555,0.002546607575558654,0.0009235695254817545,0.0,0.0,-0.005389972219809207,-0.0018646776142923378,0.0031460465649792925,0.0011006890089244664,0.0,0.0
20679729,241,167,175,1.6687206603721982,-178.12594260688843,-301.4124937722863,186.53669298228286,533.4256257887567,25,transition,False,2,2,1,1.0204790768108914e-10,0.0013628274805339456,0.001362522510199048,1.8564675907991151e-06,2.160287844051045,0.010260532232517414,0.16718908352907264,0.003253158028706732,2.16031221069465,0.1672207304386958,0.006338125134524244,4.017183022088797e-05,CALIBRATED,-0.015089685995121959,0.004248794311716899,-0.030806045998251763,0.012952187599706348,0.0,0.0,-0.033468931278148956,0.012687269804627772,-0.06626381434294186,0.025808833124562235,0.0,0.0
20679729,242,168,188,4.149866546701457,6.705940913602186,-323.9534846657529,348.9990684481485,590.6876820048772,28,transition,False,3,3,1,1.0632405603362154e-35,0.00012144918200767412,0.0001214491820076741,1.4749903810333152e-08,1.2971601756977909,0.0019245702388217653,0.07043024951565904,0.01613793797585028,1.2971616034199163,0.07225547099666835,0.00020355581752934444,4.143497085003977e-08,CALIBRATED,-0.002110188467571527,-0.0028875701421802766,-0.0077324712896234375,-0.006990501632081955,0.0,0.0,-0.0033033347794457707,-0.003188731513398598,-0.00982191482663083,-0.009273929983459902,0.0,0.0
20679729,243,171,173,1.6663008373631776,-152.55810574940205,-195.80474572105345,153.8325551599268,429.85736571124727,20,transition,False,3,3,2,1.6034779228078058e-07,0.001939478913514401,0.0019360841367207372,3.7484217844616823e-06,2.162290107293136,0.010283526265371969,0.16707883056342507,0.00325012279042619,2.1623145606063456,0.16711043929268615,0.008728533612043846,7.618729901657919e-05,CALIBRATED,-0.0040386492250024785,-0.004664200155824607,-0.04355027780799839,0.0011798257967566323,0.0,0.0,0.005183172837509388,-0.0009738925033561014,-0.09323782438061112,0.002725430157346914,0.0,0.0
20679729,244,172,184,3.0551962562945114,-197.956739365003,75.37774263564013,260.06937683776016,411.1509653721997,19,transition,False,2,2,1,3.794800840820908e-20,0.0006123320347418322,0.000612332026456893,3.749505106248052e-07,1.4842740158230185,0.0033617335253869826,0.1970866712672221,0.006233004091552039,1.484277822814747,0.1971852081957452,0.0013475509356581981,1.8158935241932854e-06,CALIBRATED,-0.021264972974265318,0.0018386179659732372,0.01237663181213843,-0.0018898200503280611,0.0,0.0,-0.03178963587800953,0.0031282667292421287,0.017985243962317397,-0.0019274162208536701,0.0,0.0
20679729,245,177,181,2.765234396627978,-80.67503450002117,-253.45217915985074,239.9476446416268,481.2928082175989,23,transition,False,2,2,2,2.9385474503111575e-17,0.0003952572575807568,0.00039525722349513726,1.562282727250849e-07,1.5663150833041004,0.0040670004548682415,0.19968796131195557,0.005276674889190202,1.5663203633607752,0.19975766616280657,0.0009580189228257469,9.178002564922043e-07,CALIBRATED,-0.003143941584902708,-0.002587567747607807,-0.01933046103950245,-0.00223844230608574,0.0,0.0,-0.004854021055520492,-0.0010966936615870897,-0.030278091419253004,-0.0040610153211115205,0.0,0.0
20679729,246,179,181,2.668230093142437,-71.81487286320167,-268.53301866371623,254.07803343554417,498.7837825864532,24,transition,False,2,2,2,2.9086737274131093e-19,0.00035375266403323295,0.0003537526674766424,1.2514094974683993e-07,1.596056083669082,0.004326205871721212,0.19911167953235698,0.00501652045479138,1.5960619468787332,0.19917486388515332,0.0008904658380812878,7.929294087898102e-07,CALIBRATED,0.003192355192178876,0.01732809296250186,0.0010292580880080272,-0.0064991813234264,0.0,0.0,0.0040493451475315575,0.02778488510626948,-0.001023738963200005,-0.01005090842282831,0.0,0.0
20679729,247,182,186,1.545409017288243,33.880513542906414,230.8376361994716,517.8370770815582,577.9860047117679,26,remote,True,2,2,1,1.006352650020043e-77,5.3955654757576724e-05,5.3955654757576724e-05,2.911212680318812e-09,2.2623210792705146,0.01143228403496388,0.161570708012269,0.003098485468717977,2.262349964711464,0.16160041553098106,0.0002699160687023595,7.285468414373685e-08,CALIBRATED,-0.002832066490151309,0.0020082316119470864,-0.006047206438527549,0.0023094056022158888,0.0,0.0,-0.005597093236913022,0.0025132250465826644,-0.01403474054197343,0.005941243454393945,0.0,0.0
20679729,248,185,190,1.206823010575114,96.15344237865023,-193.21882627454306,400.09605369327573,506.3298414573493,26,transition,False,3,3,1,1.0865189387024852e-46,0.0002039351368858402,0.0002039351368858402,4.158954005664638e-08,2.8232114559633166,0.01946069979108911,0.14498492292346757,0.0027788849322781164,2.823278527513513,0.14501155152811335,0.001610348489754354,2.5932222584541287e-06,CALIBRATED,-0.006350471361712508,0.00926603265778179,0.005924564915177405,-0.006530453255378202,0.0,0.0,-0.020151133233709092,0.026375679665750346,0.013824356076787666,-0.01781827770531053,0.0,0.0
20679729,249,187,191,4.334813991507037,-199.41215487835765,36.74881119713464,224.58177178632377,408.7271793407353,19,transition,False,2,2,2,3.293720916022671e-15,0.0005711518493388752,0.0005711498186476046,3.2621211534119165e-07,1.2788211127382243,0.0017975920338443134,-0.0014630004680920017,0.021459914332359088,1.2788223761422657,0.02150972555663666,0.0009332854311147604,8.710216959310642e-07,CALIBRATED,-0.01769170963729322,0.016049592118833157,-0.0001928828050721023,-0.0007256843665857449,0.0,0.0,-0.02264982794544532,0.020498853204183348,0.00019578714230332386,-0.0001714930457350263,0.0,0.0
20679729,250,191,194,3.23062727051623,-223.0288385411429,34.89222769527082,213.01594486316108,432.416726603768,20,transition,False,2,2,1,9.352719523546558e-14,0.0006808036207618796,0.0006807920439618834,4.6347780712179905e-07,1.4522900425820306,0.003113986410820626,0.18438618658420067,0.0072714059935595115,1.4522933810681242,0.18452950752708044,0.0014328434618594195,2.0530403861932855e-06,CALIBRATED,-0.01892718690558695,0.01717992416337,-0.004449230519453361,0.0027582953664322574,0.0,0.0,-0.027797572947115004,0.024855421298646728,-0.0049687624438155865,0.004202122315324241,0.0,0.0
20679729,251,192,197,3.068580218831066,64.05154837088492,-280.23926517642144,385.21465829992087,574.064569301139,27,transition,False,3,3,3,2.46415252411744e-43,0.0001412690686819629,0.0001412690686819629,1.9956949766269148e-08,1.481833898255856,0.0033428324313323995,0.19611772736669372,0.006312225728706745,1.4818376687575503,0.19621928340794378,0.00030874430901075113,9.532304834652618e-08,CALIBRATED,0.0013506909210539346,0.0020482465847220604,-0.0027625541440157797,-0.01129679969050089,0.0,0.0,0.0009578139492732559,0.003118793264363629,-0.004249542385462852,-0.016734438130324047,0.0,0.0
20679729,252,195,196,3.3484139277085276,193.8134402421735,-149.28890117394872,496.76467178840363,598.8539234257357,27,transition,False,2,2,1,1.3860040429532632e-71,3.5410143161059926e-05,3.5410143161059926e-05,1.253878238686759e-09,1.4308155883157936,0.0029476457863690814,0.17585891652210994,0.007968602492150135,1.4308186245583865,0.17603936249034854,7.24034745939009e-05,5.242263133269653e-09,CALIBRATED,-0.005839437539714796,-0.0003564209367561646,0.0010525752594874845,0.0002759743100113848,0.0,0.0,-0.008342839627832289,-0.0005749779957780552,0.001564900779115472,0.0001448702663314104,0.0,0.0
20679729,253,197,198,3.406646237929106,62.51212435440415,-302.6947136762642,391.21514416890875,588.4851355709854,28,transition,False,3,3,3,1.132164754275771e-44,9.692001384770894e-05,9.692001384770894e-05,9.393489084240092e-09,1.4201988757571922,0.002865408977241091,0.17164313650570592,0.008313288076735051,1.4202017663946906,0.1718443396453988,0.0001946561378398739,3.789101199873599e-08,CALIBRATED,-0.0010743223440953988,-0.0030624426807304445,-0.004819899510428176,-0.00794706605517414,0.0,0.0,-0.0020907611906608352,-0.003844939164269334,-0.006633690243709502,-0.011467146639730459,0.0,0.0
