seed,hotspot_id,particle_i,particle_j,gap_nm,x_nm,y_nm,euclidean_distance_nm,geodesic_distance_nm,geodesic_steps,classification,plasmon_dominated_remote,coordination,coordination_i,coordination_j,M2_inc,M2_scat,M2_CDA,M4_CDA,Cparallel_real,Cparallel_imag,Cperp_real,Cperp_imag,Cparallel_abs,Cperp_abs,M2_FWcorr,M4_FWcorr,FW_correction_status,E_CDA_x_real,E_CDA_x_imag,E_CDA_y_real,E_CDA_y_imag,E_CDA_z_real,E_CDA_z_imag,E_FWcorr_x_real,E_FWcorr_x_imag,E_FWcorr_y_real,E_FWcorr_y_imag,E_FWcorr_z_real,E_FWcorr_z_imag
21098645,0,0,1,3.724445128481367,-10.41884419046667,-5.670979624223645,432.72931331856,430.9543143254139,19,transition,False,3,2,3,1.7072127323943182e-54,1.813363029985636e-05,1.813363029985636e-05,3.288285478518686e-10,1.3622588857472568,0.002416607159067684,0.14863580248528552,0.01019438631851035,1.3622610292405486,0.14898499015959907,3.3514970204982195e-05,1.1232532278408443e-09,CALIBRATED,-0.003412340009933351,0.0016335616995869556,-0.0018671737532358758,0.0005785363474614609,0.0,0.0,-0.004658465121203398,0.0020588320853323974,-0.0025338993010872927,0.0010743545484935546,0.0,0.0
21098645,1,0,3,3.8592477511244034,11.88084877712648,-1.077663281102192,452.2118532627253,453.72216142339204,20,transition,False,3,2,3,1.9133283184858974e-59,9.902654996649969e-06,9.902654996649969e-06,9.80625759826766e-11,1.3376821397564895,0.00222623625490372,0.13887664643352138,0.010992302812176695,1.3376839922610133,0.1393109961407781,1.7574191145270197e-05,3.088521944104934e-10,CALIBRATED,-0.0030262681992212354,-0.000705316161066705,0.000476305426865855,-0.00014148510984727326,0.0,0.0,-0.004068217634249506,-0.0009279075615190761,0.00039929590594596867,5.78512093396336e-05,0.0,0.0
21098645,2,1,2,2.0396605404290504,-20.652450806821754,-22.360232535377214,413.8422331958268,413.57369650186786,19,transition,False,4,3,4,6.658780223315517e-50,2.5176654818799933e-05,2.5176654818799933e-05,6.338639478650019e-10,1.8672522368055418,0.006927233763767545,0.18353856486968373,0.0037398129754048592,1.867265086275357,0.1835766624479106,8.703561941636832e-05,7.57519904719091e-09,CALIBRATED,0.0004887819466948556,-0.00014751933483489373,-0.0017009234784525031,0.004692850348528496,0.0,0.0,0.00013887942466487646,-0.0001580260578794849,-0.003221587827824823,0.008752869903889527,0.0,0.0
21098645,3,1,10,2.849983804777594,-30.90557699016074,-16.74270539336456,410.3005693244312,407.6672077573338,18,transition,False,4,3,4,4.586699361802553e-49,3.0062216474461286e-05,3.0062216474461286e-05,9.037368593573715e-10,1.540331368271443,0.0038405413713211056,0.20019143938451006,0.005503963097553913,1.5403361561162552,0.20026708669329865,7.120782083328819e-05,5.070553747825672e-09,CALIBRATED,-0.00422942220846506,0.002422185799103488,-0.00228430078826454,0.0010436427168141478,0.0,0.0,-0.006532844175172777,0.0035719926292052248,-0.0035061277741619476,0.0018648604517102737,0.0,0.0
21098645,4,2,4,1.6410824588495885,-20.069246824066717,-44.19172621381277,399.7517114828788,417.312927781574,19,transition,False,4,4,4,1.3035296624412582e-46,3.629638247703756e-05,3.629638247703756e-05,1.3174273809193994e-09,2.1831568533876538,0.010523160412959772,0.16592982048724134,0.0032184908125698366,2.18318221488692,0.16596103160091147,0.00016973041330251807,2.88084131998436e-08,CALIBRATED,0.0008327505168039753,-0.00048140530452077347,-0.001246421843042866,0.005815289380225645,0.0,0.0,0.00023597678215710595,-0.0005093212398363113,-0.0028407412675773595,0.012702185213030686,0.0,0.0
21098645,5,2,10,3.382318766343122,-30.72033941604915,-27.760978680294482,402.7998147428322,402.14870459947906,18,transition,False,4,4,4,2.5864825666749016e-47,1.1767272346182435e-05,1.1767272346182435e-05,1.3846869846922986e-10,1.4246341758874395,0.0028997647091329746,0.17340434550073536,0.008169290204534461,1.4246371270403744,0.17359667145709995,2.3512115164687514e-05,5.528195595175286e-10,CALIBRATED,-0.0027262265142514288,-0.0010923431845107439,0.0017625287000961204,0.0001877239669444069,0.0,0.0,-0.004021560778025205,-0.0013469244953388277,0.0022533292475735694,0.0006689288297140455,0.0,0.0
21098645,6,2,100,2.3535453262665484,-9.646741449139844,-30.57892772117801,416.5347428801653,423.4098750298185,19,transition,False,4,4,3,1.518499583961162e-50,2.0145226744515126e-05,2.0145226744515126e-05,4.058301605879275e-10,1.71750479405995,0.005460222700634381,0.19347571291978294,0.004302707253037924,1.7175134734990731,0.1935235509686705,5.839729625501101e-05,3.4102442098955233e-09,CALIBRATED,-0.004101231426464802,0.0015147269399695344,-0.0009915959965820992,-0.00021786970414790368,0.0,0.0,-0.007026293550407251,0.0023538209462570098,-0.0018018381896355547,0.0004913260524835724,0.0,0.0
21098645,7,3,8,2.051619339922375,34.775190788471136,-1.634322091935531,469.1046776657205,476.6232698062651,21,transition,False,4,3,4,6.499731846260803e-64,1.866882881017464e-05,1.866882881017464e-05,3.485251691436067e-10,1.861546959827384,0.006871341627703387,0.18391716353527227,0.0037612588692674523,1.8615596415313533,0.18395561994987195,6.414150506471418e-05,4.1141326719667545e-09,CALIBRATED,-0.004229392958603115,-0.0008238038884768521,0.00010325175478574468,-0.00030290302137337343,0.0,0.0,-0.007843495303362485,-0.0015834661077366232,-0.0003142646555692299,-0.00012230822848120353,0.0,0.0
21098645,8,3,75,3.779954082052196,29.895854075440283,-12.340790607092215,458.50176263933855,474.9683011447564,21,transition,False,4,3,4,4.3349265234650845e-61,4.26036462269605e-06,4.26036462269605e-06,1.8150706718320055e-11,1.3521386861148201,0.0023382163275446435,0.14461718230159404,0.010522951955676103,1.352140707819976,0.14499952391202517,7.718238924110791e-06,5.95712120896589e-11,CALIBRATED,0.00024063671783165874,-0.0010664339059840307,-1.6118609297532144e-05,0.0017506905801223738,0.0,0.0,0.00012330833908611594,-0.0014293060629883142,-0.00014908321768318064,0.0023744246355975776,0.0,0.0
21098645,9,4,5,2.9667293326553335,-14.29792167010667,-65.15357606224472,391.01386991968525,406.7152104869744,19,transition,False,5,4,5,1.2563689372360685e-44,1.1083103557002614e-05,1.1083103557002614e-05,1.22835184455244e-10,1.5045378141458843,0.003528585384504703,0.20088499954780312,0.0058170612352891355,1.50454195192746,0.20096920471737942,2.499760471067438e-05,6.248802412711298e-10,CALIBRATED,-7.679087110979785e-05,-0.0016367805795428222,0.0005050747798332742,0.0028536039529557435,0.0,0.0,-0.00030363534010510306,-0.002334342636192324,0.0006471840357625726,0.004363187776342243,0.0,0.0
21098645,10,4,11,2.553219165065009,-25.02093551951687,-64.93183503745611,382.71711130950837,395.9899041931329,18,transition,False,4,4,3,8.757506377316609e-43,4.397263299846986e-05,4.397263299846986e-05,1.9335924528181205e-09,1.631317818777953,0.004633526830521772,0.19842842425476379,0.004708074315098961,1.6313243992024846,0.19848427019787998,0.00011667427313104556,1.361288601065782e-08,CALIBRATED,-0.0010703022467427508,0.0027118682461617946,-0.0027009667714607125,0.005308261034841045,0.0,0.0,-0.0021863592204888252,0.00458419153096671,-0.004200192481707446,0.008557901472560338,0.0,0.0
21098645,11,4,20,3.2593539270485863,-8.099702465120652,-53.84392549612272,402.86191400671026,416.2203235184455,19,transition,False,5,4,5,2.502325558833251e-47,1.7681144010219276e-05,1.7681144010219276e-05,3.12622853510113e-10,1.4470526983307301,0.0030734180637777514,0.18230649467281204,0.007441443286645064,1.447055962167615,0.1824583050400184,3.635467776381596e-05,1.3216625953108946e-09,CALIBRATED,-0.003741261131456794,0.0018856067763066845,-0.00013684526116316032,-0.0003314658596498351,0.0,0.0,-0.005389856156521486,0.0026515592775623337,-0.0004934250997934038,0.0001728972072949182,0.0,0.0
21098645,12,5,6,2.8817336780698604,-10.815446136280723,-86.58573310184799,381.16193736907434,402.4698680980187,19,transition,False,5,5,3,1.920829986987907e-42,2.6618110228955038e-05,2.6618110228955038e-05,7.085237921608008e-10,1.5305970270180762,0.0037557024637052423,0.20038005857794228,0.005589112622181086,1.530601634788611,0.20045799075018933,6.149795885507765e-05,3.781998943340824e-09,CALIBRATED,0.00014162973586340512,0.0003779855523024897,-0.0018387147512761795,0.004803572236634342,0.0,0.0,-0.00036581593064980203,0.0011323553653292753,-0.0027349794495993614,0.007252709583103384,0.0,0.0
21098645,13,5,11,1.4506125876831035,-19.647576774200267,-75.08046449438241,380.7431131769559,395.7566948732133,18,transition,False,5,5,3,2.3720045645150863e-42,4.0698896107673724e-05,4.0698896107673724e-05,1.6564001443832193e-09,2.388050285958154,0.013143523892386957,0.15705631537405407,0.0029972841421521345,2.388086455822973,0.15708491306011257,0.00022792742459489513,5.1950910882461607e-08,CALIBRATED,-0.004834757707646449,0.0040467629577462475,0.0004027163767371402,-0.0008863086932595977,0.0,0.0,-0.01161296235817858,0.009637277253722386,0.00029009694635406244,-0.00032443914533180566,0.0,0.0
21098645,14,5,20,5.793496640885351,-2.7263437198040554,-63.99255495304904,400.93321917769623,415.98711419852594,19,transition,False,5,5,5,6.9740496771447e-47,1.7027956378810264e-05,1.7027956378810264e-05,2.899512984386652e-10,1.1638463489534192,0.0010244459335644817,-8.673675636538837,12.266813453312059,1.1638467998244764,15.023560208760275,3.040487223729778e-05,9.244562557664012e-10,CALIBRATED,-0.0013537417083557919,0.0014793177284369448,-0.0021493432865285714,0.0028960804997193927,0.0,0.0,0.0007704166386856928,0.0008781124161306692,-0.003791001114336642,0.003829955557949663,-0.0,0.0
21098645,15,5,33,4.337268642567956,3.0453759112248058,-73.11217686474818,400.24398408870644,418.5348479540913,19,transition,False,5,5,4,1.0047125874003803e-46,1.5118830719758785e-05,1.5118830719758785e-05,2.2857904233272193e-10,1.278577713861331,0.001795906759490352,-0.002417178789025559,0.021530548424781523,1.278578975137616,0.02166580874950153,2.4692949832847855e-05,6.097417714475409e-10,CALIBRATED,-0.0031420908753452582,0.0021727322101884744,-0.0006557107428311239,0.0003088265133958174,0.0,0.0,-0.004039950281526756,0.0027525314854917556,-0.0007370471173879534,0.0005020792006908806,-0.0,0.0
21098645,16,6,7,4.104084473851238,-21.013301430640176,-106.60115262700097,361.52719424762495,380.00626929078015,18,transition,False,3,3,3,2.95573142585025e-38,4.2808304910348286e-05,4.2808304910348286e-05,1.8325509692973492e-09,1.3016998454256004,0.0019560025488857343,0.08822677550527253,0.014820530700951401,1.3017013150208474,0.08946290877405898,7.252134629496818e-05,5.2593456684346955e-09,CALIBRATED,-0.0016958439069677436,0.004184378508612993,-0.001900641824865725,0.004337159843005265,0.0,0.0,-0.002287595240969661,0.0054071244213519,-0.0024141181995317672,0.0056765564490428985,0.0,0.0
21098645,17,6,35,4.334085707651237,-0.8007109949243079,-95.36063886305004,384.6020010613687,403.1341304499873,19,transition,False,4,3,4,3.3658209843924513e-43,2.0831374199593503e-05,2.0831374199593503e-05,4.3394615104348984e-10,1.2788933280829564,0.0017980920471146818,-0.0011799000805241544,0.021438957516948805,1.2788945921185648,0.021471401063124795,3.388285672409485e-05,1.1480479797855397e-09,CALIBRATED,-0.0030219033429029806,0.003362892171524362,-0.0004812193554112003,0.0003985706467153391,0.0,0.0,-0.003831802386127898,0.0042146653095132365,-0.0008009325028016228,0.0008917682728719491,-0.0,0.0
21098645,18,7,16,3.322464771580865,-27.33750573888481,-126.8244749724912,345.4529339586542,367.8491592577428,18,transition,False,3,3,3,5.416771748573837e-35,1.0270609290370869e-05,1.0270609290370874e-05,1.0548541519545252e-10,1.4355465483395693,0.002984291692935723,0.17773752881537402,0.007815005631310018,1.4355496502895886,0.17790925625838955,2.0673170483628998e-05,4.273799778451892e-10,CALIBRATED,0.00033180428799999017,-0.0009476855624712273,-0.0004219461610062782,0.003014028652274452,0.0,0.0,0.00016479998417213951,-0.0008359082009692422,-0.0006689568130106929,0.004415853905047675,0.0,0.0
21098645,19,7,102,4.694378150346473,-38.936256230630846,-123.07810457196184,337.539876555408,355.66038146225645,17,transition,False,4,3,4,1.930141880457284e-33,4.4423009694038166e-05,4.442300969403806e-05,1.9734037902765992e-09,1.2431673638914005,0.0015507283287974321,-0.14123371200084656,0.03180659392019042,1.2431683310811306,0.14477092533496483,6.864758982923131e-05,4.712491589362382e-09,CALIBRATED,-0.0012411677057631385,0.005081100751193629,-0.0010033132687111725,0.004007279633524016,0.0,0.0,-0.0015545745414472525,0.00625715095164267,-0.0012488869265381754,0.0050516562865454955,0.0,0.0
21098645,20,8,9,2.2005569145099315,56.274140388728895,-4.75630906064627,483.80486414095446,498.3477177059753,22,transition,False,4,4,3,6.175859714508453e-68,1.053063477496774e-05,1.053063477496774e-05,1.1089426876375986e-10,1.7904921590548357,0.006175248412948841,0.18863231634189942,0.0040283508477339915,1.790502807964793,0.18867532530530548,3.26849684341182e-05,1.068307161539303e-09,CALIBRATED,-0.002357058481515107,-0.0016500180266688879,0.001426227131250527,0.0004671474836045238,0.0,0.0,-0.004511762000931459,-0.0029166038734823826,0.0016825194540590945,0.0009957520840899123,0.0,0.0
21098645,21,8,25,1.177392504927628,51.441335067864145,7.8403422159877,487.9669269143184,495.79433208484994,22,transition,False,4,4,3,4.259423778457153e-69,2.921976450393118e-05,2.921976450393118e-05,8.537946376651965e-10,2.875744519203057,0.020223315170993406,0.14352765314227162,0.0027525195754985006,2.8758156272965287,0.14355404411071718,0.00023968765185256909,5.745017045059836e-08,CALIBRATED,-0.0025777191285459725,0.0010645473479703627,-0.004543189071146607,0.0008951539565921974,0.0,0.0,-0.007995667761607749,0.0020299575836716503,-0.012728806722859498,0.003100596800478317,0.0,0.0
21098645,22,8,75,3.531799321358502,40.90934730965846,-11.819786136823362,467.3788761108982,483.1661326292348,22,transition,False,4,4,4,1.8921764829280733e-63,1.8410291284581282e-05,1.8410291284581282e-05,3.389388251831295e-10,1.3973814002430058,0.0026886653413664896,0.16258256744852057,0.009054087532588025,1.3973839868362672,0.16283447957727046,3.587829074298079e-05,1.287251746637861e-09,CALIBRATED,-0.0014532313255312102,0.00073902859917902,-0.0036484216734560464,0.0015624551261805128,0.0,0.0,-0.0022470391761246866,0.0010023371517305433,-0.005004757627516891,0.0021855953440684936,0.0,0.0
21098645,23,9,14,2.3027177356678266,76.72365875921737,-3.3922781339162764,500.852662171932,518.8426776218673,23,remote,True,4,3,4,9.348644155142466e-73,1.3134590998242874e-05,1.3134590998242874e-05,1.7251748069112275e-10,1.7417535058691898,0.005697776864088902,0.19186658334231174,0.004211557375169333,1.7417628253780153,0.1919128005605061,3.972467982462655e-05,1.5780501871690918e-09,CALIBRATED,-0.0032063258562286144,-0.0005989000988045574,-0.0014993446106943075,-0.0004973428515184943,0.0,0.0,-0.005511543539960847,-0.0011834570135858392,-0.0027473061914131025,-0.0006319064957413551,0.0,0.0
21098645,24,9,26,2.9306470621875107,76.80060480634128,-13.933900844809104,494.661129616665,520.8324665914809,23,transition,False,4,3,4,5.5028808660534336e-71,5.198522214002376e-06,5.198522214002376e-06,2.7024633209476162e-11,1.5156004451900096,0.0036250009003277483,0.20067064251115624,0.005720292717521458,1.5156047803077433,0.20075215693639356,1.1839578852172719e-05,1.4017562739681546e-10,CALIBRATED,-0.0010260974813725142,-0.0016720730308646431,0.0007960031217955345,0.0008462842207380723,0.0,0.0,-0.0016771145068800218,-0.00249581676157865,0.0009710942920165564,0.001361888523933301,0.0,0.0
21098645,25,10,13,3.1629763368684074,-46.70138154219061,-32.20932691739172,388.19347318048716,385.5601088338335,17,transition,False,4,4,4,5.372177225112346e-44,2.739093887251858e-05,2.739093887251858e-05,7.502635323180493e-10,1.4646239258530078,0.003209524384441331,0.18928383624095046,0.006870970195567166,1.4646274424671455,0.1894085026959437,5.867052252555197e-05,3.442230213421301e-09,CALIBRATED,-0.0013012364186448721,0.002182071205787218,-0.002677395791970968,0.003710503965948738,0.0,0.0,-0.0021271977975173624,0.0031243035675012584,-0.0038112997777677154,0.005464272438108839,0.0,0.0
21098645,26,10,82,3.3359413794101194,-52.596210767078176,-23.169772532295994,390.4546928509811,391.74888340706246,18,transition,False,4,4,4,1.6772200635616824e-44,2.855637852509964e-05,2.855637852509964e-05,8.154667544687719e-10,1.4330895400043988,0.0029652597633840856,0.1767618777762812,0.007894775649539634,1.433092607766673,0.17693809346083034,5.8563301085241884e-05,3.4296602340006933e-09,CALIBRATED,-0.005081901119274499,0.001591085549072741,-0.0004415182279378479,-6.455980906686719e-05,0.0,0.0,-0.007286830249345365,0.0022425233102874456,-0.0006405510508247119,0.00016183187749033886,0.0,0.0
21098645,27,11,12,4.47243449011868,-41.21898914516254,-80.51887028622978,360.33778606140476,373.5102999015577,17,transition,False,3,3,2,5.214328678467781e-38,4.61129500752602e-05,4.61129500752602e-05,2.1264041646434395e-09,1.2651749064269182,0.0017031067929145014,-0.05495919729295767,0.02542002873432901,1.2651760527393447,0.060553209889652904,7.373279278365641e-05,5.4365247316776144e-09,CALIBRATED,-0.0027843818449113677,0.005407016081187994,-0.0015524601358962184,0.002591179739272382,0.0,0.0,-0.0035881581278746333,0.0067125659405556475,-0.0018607950333877766,0.0035123801574481204,0.0,0.0
21098645,28,12,21,2.6203895468565364,-58.849664418382744,-95.23005173304291,337.38431819737946,350.54816650435794,16,transition,False,3,2,3,2.0688821872102035e-33,7.981437250244903e-05,7.981437250244899e-05,6.370334057959685e-09,1.6107237391588405,0.004454040702722903,0.1988274690987991,0.004888217587669672,1.610729897396959,0.1988875489803681,0.0002067793434433564,4.275769687486554e-08,CALIBRATED,-0.00034374667287748547,0.005377044321826265,-0.0010122764443573767,0.007053998971409746,0.0,0.0,-0.0009527040263389989,0.008577036537929754,-0.001380859960519355,0.011419254287299426,0.0,0.0
21098645,29,13,15,4.641616232580073,-60.63488557721594,-51.46599316014381,364.78526581264725,361.7911852259203,16,transition,False,4,4,3,6.182877723894303e-39,2.7503969379631305e-05,2.7503969379631305e-05,7.564683316356964e-10,1.2483991427505388,0.001586952747124423,-0.12072396260912382,0.030288337319392164,1.2484001514095158,0.12446549130430655,4.27660964309761e-05,1.828939003943547e-09,CALIBRATED,-0.0011987872259683551,0.003467405355123137,-0.0013295031161263014,0.003503769417921255,0.0,0.0,-0.001498495686935291,0.004068179277104845,-0.0016684998490358273,0.00460289395166938,0.0,0.0
21098645,30,13,82,1.5835636604979513,-58.324126709880645,-33.235647911405884,379.24690992229864,380.1673952386283,17,transition,False,4,4,4,5.030587408150977e-42,2.0783610888024384e-05,2.0783610888024384e-05,4.3195848154480573e-10,2.230750324166063,0.011069724824539292,0.16330912547148535,0.0031463436935628536,2.2307777898245904,0.16333943167802245,9.939537813716129e-05,9.879441195029282e-09,CALIBRATED,-0.0011040869249007439,-0.0023287944595339,0.002878326396798328,0.0024200323280951777,0.0,0.0,-0.003562506299259251,-0.004122594590045383,0.005660185277142243,0.00613762523126414,0.0,0.0
21098645,31,13,136,5.753867433656513,-65.29938960806216,-41.85549919750932,368.2104613486275,370.68137513040955,17,transition,False,5,4,5,1.1756809228335426e-39,1.271354749221854e-05,1.271354749221854e-05,1.6163428983689632e-10,1.166294335129149,0.0010402504141036528,-8.253477417304243,11.656205821252719,1.166294799043221,14.282402585887183,7.952218838014005e-05,6.323778444766481e-09,CALIBRATED,-0.003226706201341645,0.001425811801613369,0.00010459155242359496,0.0005079723378133617,0.0,0.0,-0.003975098563513814,0.0014891750440027976,-0.006328144937974272,-0.0046322477397911605,0.0,0.0
21098645,32,14,23,3.982665463545082,98.33682001086603,4.459132990906431,522.8961988680253,541.8377509190055,24,remote,True,4,4,3,3.096836673640898e-79,5.77582441686528e-06,5.77582441686528e-06,3.336014769445715e-11,1.315181051057669,0.0020519433439594803,0.12994171110771102,0.011722830352518407,1.3151826517760343,0.13046943334388234,9.908277398838069e-06,9.817396101232529e-11,CALIBRATED,-0.0021231080952467084,-0.0010035001880810879,-0.0003393801137134802,-0.0003821582704851753,0.0,0.0,-0.002741623001651384,-0.001361993067984356,-0.0006445584308325779,-0.0003482815350536509,0.0,0.0
21098645,33,14,26,1.0838070635243149,86.76466681079017,-8.926878479099518,505.6717818890293,530.3080011529611,24,remote,True,4,4,4,3.7841958651796846e-74,1.3283765880215635e-05,1.3283765880215635e-05,1.7645843596038105e-10,3.0427932940507025,0.022648339661029478,0.1388937118382907,0.002668680936042881,3.042877581765216,0.13891934727084104,0.00012077922613745168,1.4587621466361691e-08,CALIBRATED,0.00042078615800159806,0.0002759321506214113,-0.003274197306757847,0.0015199336610928105,0.0,0.0,0.00012739186464063912,7.75351273439651e-06,-0.010005499819296416,0.004544547359129915,0.0,0.0
21098645,34,14,36,3.3721049440632207,83.34751252158276,12.813263387404625,515.9542107443052,533.6501896910186,24,remote,True,4,4,3,3.644680230720947e-77,5.3002965383798424e-06,5.3002965383798424e-06,2.809314339476134e-11,1.426496324492906,0.0029141888690214935,0.17414378427099203,0.008108833092493764,1.426499301187538,0.17433247194468313,1.0521045103148282e-05,1.1069239006248045e-10,CALIBRATED,0.0008827783927055207,-0.00022555502335904997,-0.0017589960371438961,0.001173054440553237,0.0,0.0,0.0008474944257148375,-0.0004604620554826702,-0.002635640217721564,0.0016260915225533457,0.0,0.0
21098645,35,15,17,3.5609174529927863,-73.61716919300213,-71.42536738845635,341.64361183134776,337.98118086921056,15,transition,False,3,3,3,3.0569230194452514e-34,5.655068220564993e-05,5.655068220564994e-05,3.197979657924413e-09,1.392072683610715,0.002647544145516593,0.16047453434810172,0.009226442024215888,1.3920752012535602,0.16073955146965635,0.00010925243932281504,1.1936095497985383e-08,CALIBRATED,0.00039414079499770657,0.002863872036829296,-2.3385376288788534e-05,0.006942119656143329,0.0,0.0,0.00012598563558640158,0.004211750551369152,0.00013319720258493002,0.009564516858718276,0.0,0.0
21098645,36,15,136,1.3653169468289974,-73.50497770028501,-51.04629006115152,355.90554438454603,358.3605670141195,16,transition,False,5,3,5,4.253364187422748e-37,5.370776610850743e-05,5.370776610850743e-05,2.8845241403661392e-09,2.540301876492607,0.015353739657391684,0.15283284869722358,0.002920871931305306,2.5403482755388733,0.15286075733734777,0.0003357353908564476,1.1271825267353165e-07,CALIBRATED,-0.0009363586544281419,-0.003827527039855879,0.003282557797832861,0.005235059659817042,0.0,0.0,-0.0036020294966035826,-0.0072578643228446765,0.007636005546819309,0.014552511780519833,0.0,0.0
21098645,37,16,22,3.8201259897491866,-25.118284072000623,-150.22362094561862,336.03248167285267,377.4681264948933,18,transition,False,3,3,3,3.7768577220463926e-33,8.779671699627224e-06,8.779671699627245e-06,7.708263515323555e-11,1.344814683420541,0.0022814847726214246,0.1417089012279376,0.010760735368973266,1.344816618694258,0.14211687483515267,1.5479598318661226e-05,2.3961796410709945e-10,CALIBRATED,0.00016427208532833145,-0.0005040105750140121,-0.0007872717364288617,0.0028069312308824836,0.0,0.0,4.710688174614692e-05,-0.00013705918777780655,-0.0010686127482769094,0.0037837363588943585,0.0,0.0
21098645,38,16,102,4.377555590972719,-36.95348845600668,-134.56953497497608,333.2304873107839,357.8435890382432,17,transition,False,4,3,4,1.3049385075689598e-32,1.9458405536717274e-05,1.9458405536716955e-05,3.7862954603133706e-10,1.2745829309973644,0.001768247202485747,-0.018077625765142435,0.02268983011754254,1.2745841575541417,0.02901084183658727,3.161121285018351e-05,9.99268777859607e-10,CALIBRATED,-0.0013789256540511013,0.003962877198504867,0.0004368844737053152,-0.0012890716983636505,0.0,0.0,-0.0017612911921924196,0.005051954983727274,0.0005692526885863628,-0.0016317991314556048,0.0,0.0
21098645,39,17,18,2.350211226048046,-89.38156007515995,-84.23197336560241,321.3803539749748,317.6704650635248,14,transition,False,3,3,3,2.202801660198751e-30,8.567107788998399e-05,8.567107788997739e-05,7.3395335868305725e-09,1.7190954190411707,0.005475805367035645,0.19337016002591864,0.004296728161286016,1.7191041400138494,0.1934178912648501,0.0002501092021516391,6.255461300092948e-08,CALIBRATED,-0.002233625470205189,0.008918325866882161,-0.000817415418343652,0.0006908624427356343,0.0,0.0,-0.003998732646179549,0.01505558688892593,-0.0008155057198868707,0.002604533207093052,0.0,0.0
21098645,40,17,21,5.508983752116375,-72.01290294330818,-93.23751855817338,328.4181808932277,337.23497616856554,15,transition,False,3,3,3,1.071149001121294e-31,8.579470044933232e-06,8.579470044932541e-06,7.360730625189477e-11,1.181421356560853,0.0011379122057441696,-5.656915585809997,7.883033068849392,1.1814219045634264,9.702726643039735,2.2877034048924302e-05,5.233586868756418e-10,CALIBRATED,-0.0010554509256261557,-0.001363458117124785,0.0016508792799752056,0.0016973723676089799,0.0,0.0,0.0015368971939645074,-0.00025013254263662153,0.003556049835770519,0.002794087389603074,0.0,0.0
21098645,41,18,19,2.3262792320340537,-111.01202491708007,-89.63854816135827,302.0925118452857,295.37454480219344,13,transition,False,4,3,4,6.250634570356724e-27,0.00010226285111642657,0.00010226285111625909,1.0457690718426172e-08,1.7305128405445294,0.005587656917558197,0.19261250696855048,0.004253810558743155,1.730521861520196,0.19265947354069973,0.0003033667621085685,9.203139235223678e-08,CALIBRATED,-0.0010592173296540728,0.009720551567811401,-0.0010694086883880677,0.0023469452570392423,0.0,0.0,-0.002211843046004831,0.01649248468679628,-0.000838375703028862,0.005076375427878597,0.0,0.0
21098645,42,18,29,4.25981674610064,-102.35101933686454,-98.23692076980831,302.3436792680444,300.4775827462185,14,transition,False,4,3,4,5.653696887029581e-27,5.7932849328191483e-05,5.793284932825742e-05,3.3562150312905765e-09,1.28625770753275,0.0018490824213431433,0.02769012310040489,0.01930182251727232,1.286259036622564,0.03375356677158515,9.555811783331389e-05,9.131353883845501e-09,CALIBRATED,0.00043848341125827183,0.0007348834256240889,0.0028942581727530252,0.0069874027797532925,0.0,0.0,0.0006198147337795693,0.0014626174290728571,0.003700373896595855,0.008907408759603882,0.0,0.0
21098645,43,19,24,2.9015744541342485,-128.40996935281254,-102.25307998348354,280.9027564382856,273.8846661687473,12,transition,False,4,4,3,2.2033168110106863e-23,0.00014720839252596146,0.00014720839255622897,2.167031083898881e-08,1.5245139512475208,0.0037026858814953327,0.20049792837678793,0.005642323311703061,1.5245184477175293,0.20057730453801942,0.00034084167565728667,1.16173047864867e-07,CALIBRATED,0.0032240974864094513,0.006377447383083914,0.0032489586438399732,0.009251271294312522,0.0,0.0,0.0041579682009388235,0.010064925288379965,0.005454801115539826,0.013874271145775663,0.0,0.0
21098645,44,19,29,4.408607430516671,-112.99378882019018,-101.60547295308844,292.29099565228495,289.3144431302015,13,transition,False,4,4,4,2.9426801637556348e-25,1.6941029441251865e-05,1.694102943799669e-05,2.8699847841907043e-10,1.2715038852662621,0.0017469281361386353,-0.030148177294715833,0.02358336587875698,1.271505085324126,0.038276464575048436,2.734845508027942e-05,7.479379952780612e-10,CALIBRATED,-0.0030003514743347924,-0.0001940972853616064,0.0028105417917125134,4.584265815156533e-05,0.0,0.0,-0.0037036071776373716,-0.00015830035840615417,0.003685355674119296,0.00015761822799903043,0.0,0.0
21098645,45,19,90,3.165658642760782,-129.75316360665954,-84.72589564438923,292.8483706170247,291.46324295016393,13,transition,False,4,4,3,2.3718961291772883e-25,4.173202753590435e-05,4.173202753149255e-05,1.741562121889252e-09,1.4641348971583583,0.003205736379520033,0.18908964831441755,0.006886847157532896,1.4641384066483099,0.18921501992030476,8.472801352840479e-05,7.178836276469545e-09,CALIBRATED,-0.004529376227690296,-0.0018396034581828413,0.004217054036771494,-0.000221569147485707,0.0,0.0,-0.00635761233143123,-0.0013685224690942264,0.0064372350614707256,0.0009989644571227682,0.0,0.0
21098645,46,20,33,1.5852033867227782,9.243595116210821,-61.80252629862619,411.8690316337607,428.15574851980995,20,transition,False,5,5,4,1.955353312398143e-49,9.370750248209973e-06,9.370750248209973e-06,8.781096021432727e-11,2.2293935457839975,0.011054143553286978,0.16338383534839096,0.0031484004389482185,2.2294209508464395,0.16341416731261124,4.159555513008567e-05,1.7301902065799962e-09,CALIBRATED,0.0005300069743209893,-0.002005548252340707,0.0007261350416182574,0.0021308089929058093,0.0,0.0,-0.00025970176791382626,-0.0035017447851776974,0.0006690734774239648,0.005368261754340665,0.0,0.0
21098645,47,20,100,5.009368467852653,2.322802909806219,-40.231127003487956,419.50470956004295,433.3649116176522,20,transition,False,5,5,3,2.940703304855467e-51,8.297564448127736e-06,8.297564448127736e-06,6.884957577083333e-11,1.2122837278921395,0.0013371632276387572,-0.3593719953535741,0.18495059388817503,1.2122844653453084,0.40417193522558925,1.218142492351113e-05,1.4838711316713812e-10,CALIBRATED,-2.176545974253685e-06,-0.00023513205105818747,-0.0010531669112488324,0.002670788663745434,0.0,0.0,0.0001504608839292649,-0.0003208017347041547,-0.001266209107033584,0.0032330461163111134,-0.0,0.0
21098645,48,20,180,1.6657182657699252,12.269036209512702,-46.36144884384032,423.5297377121951,437.91993116576157,20,transition,False,5,5,3,3.1198069726875885e-52,4.451388581510684e-05,4.451388581510684e-05,1.9814860303603698e-09,2.1627721515098854,0.010289062071216213,0.16705228719822082,0.0032493920578088027,2.1627966257013176,0.1670838867362805,0.00020777779432822486,4.3171611815902114e-08,CALIBRATED,-0.0044983018015000735,0.0030614974605522407,-0.0033875250223082795,0.0018523159125795766,0.0,0.0,-0.009905864232494357,0.006245769011247568,-0.0071429335576435726,0.004429505365708765,0.0,0.0
21098645,49,21,62,2.4016357120744445,-68.7984347323426,-115.02499808866193,317.4613197844014,330.4164542657731,16,transition,False,4,3,4,1.1530904366723627e-29,9.631167662771937e-05,9.631167662772364e-05,9.275939054843208e-09,1.694561941713135,0.005235461478702937,0.19499818646779002,0.004388948460646009,1.6945700293465258,0.19504757264400194,0.00027409887929536673,7.513019563097602e-08,CALIBRATED,0.0006291988162173872,0.001886129277713762,0.0011308844750041673,0.009543552909128747,0.0,0.0,0.0006473620609985339,0.004477658340366806,0.001986925164351055,0.015801345064125352,0.0,0.0
21098645,50,22,30,2.2701362583112648,-17.73086992691406,-170.66676325980458,333.94653200369146,399.20509858000867,19,transition,False,4,3,4,9.515170465606474e-33,4.734060323339323e-06,4.734060323339384e-06,2.2411327145016197e-11,1.7572974032963957,0.005850053718182888,0.19083509988471362,0.004153128524876683,1.7573071407015797,0.19088028663157644,1.2975274471803074e-05,1.6835774761862455e-10,CALIBRATED,0.00031207217010155344,0.0008019692092574843,0.00010509032077796251,-0.0019956133633219643,0.0,0.0,0.00017457050075209482,0.0022114427944241993,-0.00011291652099393362,-0.0028357662524168227,0.0,0.0
21098645,51,22,83,3.7317124592288273,-30.114878981563688,-172.78092544205273,321.76176551380706,400.5721942500553,19,transition,False,4,3,4,1.8730104579404766e-30,3.386948448264321e-05,3.386948448264149e-05,1.1471419791198926e-09,1.3609339312448199,0.002406344092236142,0.14810967759651347,0.010237402715036124,1.3609360586395565,0.14846306278698748,6.265596668485502e-05,3.925770161213663e-09,CALIBRATED,-0.0006300460325899897,0.0023206636288337587,-0.0011704659306341733,0.005168854448182103,0.0,0.0,-0.0008080220735103972,0.003370584893061974,-0.0016323975391245276,0.006926579442011588,0.0,0.0
21098645,52,23,51,2.4493307154665054,119.39152518844182,1.1775369740367685,538.1745469413178,563.146657097704,25,remote,True,3,3,2,6.855287308551277e-84,3.526152226883079e-06,3.526152226883079e-06,1.2433749527152498e-11,1.6718077175138104,0.0050125481653174615,0.19650814276813222,0.004474480623058557,1.6718152320091613,0.19655907801734004,9.479134689012529e-06,8.985399445244065e-11,CALIBRATED,-0.00019180071877346726,-0.0014299059230200686,0.0005426879756105508,0.001072484742828964,0.0,0.0,-0.0005953088526756689,-0.002486835986370626,0.0004691945780297582,0.001649316611138693,0.0,0.0
21098645,53,23,169,5.143370649434139,105.55298840730657,19.06772150929317,537.3926017981227,557.2855249421572,25,remote,True,3,3,2,1.1954121299571513e-83,1.7690198695234387e-06,1.7690198695234387e-06,3.129431298768724e-12,1.2040061086570415,0.0012837219650169323,-1.780230044543017,2.249658936746842,1.204006793014705,2.8688297863725833,2.645178417914958e-06,6.99696886260308e-12,CALIBRATED,0.0004488284995590054,-0.00020010686109396347,-0.0009780914009211996,0.0007555576107049529,0.0,0.0,0.00016433179772196415,-0.0003033917715469258,-0.0013204000908977527,0.0008846866739627373,-0.0,0.0
21098645,54,24,31,2.4025203723708657,-127.12475300178289,-119.29779910036268,269.86232187725676,264.9022362418874,12,transition,False,4,3,4,1.2276255007001254e-21,2.778956542534486e-05,2.778956515724089e-05,7.722599316285368e-10,1.6941398899824844,0.005231326820062182,0.195026193560635,0.004390534935177344,1.694147966858315,0.1950756083465262,6.893706039561842e-05,4.752318295989142e-09,CALIBRATED,-0.0038259587887208625,-0.00011688249986498733,0.0027018792698396384,-0.0024161521882295855,0.0,0.0,-0.005726141561056006,0.0016775318252096607,0.00536835060730388,-0.002124867513713344,0.0,0.0
21098645,55,24,38,3.7489455317620397,-141.23830201315172,-121.70297352446605,258.0449481163596,250.58521386617423,11,transition,False,3,3,3,7.592113112694882e-20,0.00020727140763971723,0.00020727140987617223,4.296143735205619e-08,1.3577920573110258,0.002382007209649234,0.14686207394603895,0.010339407798774077,1.3577941467156405,0.14722558241474598,0.0003818426092050908,1.458037782045517e-07,CALIBRATED,0.004058343940250686,0.005957221644248357,0.006429587745609684,0.010675821562840375,0.0,0.0,0.005291448823636556,0.008454510916062334,0.008826475166263368,0.01429887267799266,0.0,0.0
21098645,56,25,36,4.023249251302886,68.55064519626913,20.40289229832901,509.1566712237735,517.0204046759177,23,remote,True,3,3,3,3.6517036355172683e-75,6.274188285925146e-06,6.274188285925146e-06,3.936543864724032e-11,1.3097153237536365,0.0020115010796652893,0.11964925267585444,0.012494447506735378,1.3097168684153404,0.12029985404974117,1.0585636099425743e-05,1.1205569162946546e-10,CALIBRATED,-0.00232784506958429,-0.0007298984245534754,-0.0004274455026336873,-0.00037398429118058735,0.0,0.0,-0.002943478658362104,-0.001010691117191851,-0.0008888138839313988,-0.0003317873303079006,0.0,0.0
21098645,57,25,140,3.61636056706487,51.49897556202346,27.192510530458794,500.5964442119338,515.1465862403272,23,remote,True,3,3,1,1.1077068891387629e-72,7.579871549151471e-06,7.579871549151471e-06,5.745445270163592e-11,1.3819644876070287,0.0025692462938233227,0.15646068067362223,0.009554617947732503,1.3819668758814285,0.15675214614473487,1.4248927224412922e-05,2.0303192704661571e-10,CALIBRATED,0.0011430759819507379,-0.0009666225958953563,-0.0013930392267085322,0.0018434563511498297,0.0,0.0,0.0012080312490558723,-0.0013547809795958728,-0.002131177839218592,0.002532239570156476,0.0,0.0
21098645,58,26,27,2.6930622124940236,97.62705242672173,-22.992428183082453,506.5994135680031,543.5436496963456,24,remote,True,4,4,2,2.0339854840211216e-74,6.687792716554332e-06,6.687792716554332e-06,4.472657141959718e-11,1.5884426887560523,0.004259851909921671,0.19925920183205856,0.005083117355472172,1.5884484007360302,0.19932402664204474,1.6624149300677133e-05,2.7636233997120403e-10,CALIBRATED,-0.0015295072034036824,-0.0018389714851900758,0.0008265938965492493,0.0005322845462118138,0.0,0.0,-0.002555731161439932,-0.0028994187547373702,0.0009005120875821604,0.0009353268925448701,0.0,0.0
21098645,59,26,40,2.46060818564737,86.17610801135775,-30.679069120142113,492.8078794001092,540.0236291648241,24,transition,False,4,4,3,1.845263277050541e-70,9.68817747002497e-06,9.68817747002497e-06,9.386078269069942e-11,1.6664274875809761,0.004959840374860717,0.19686517151203525,0.004494704678882253,1.6664348686288308,0.19691647499539852,2.6592493908772532e-05,7.071607322881042e-10,CALIBRATED,0.0001253687922628907,0.00024469150225746734,-0.002822505489211463,0.0012829843989876331,0.0,0.0,-0.00022117616617104297,0.00016145351176392414,-0.004684404038228789,0.0021386599969268885,0.0,0.0
21098645,60,27,28,1.461435825212142,118.64751343440881,-29.7401174294418,520.6356854849768,565.6205854244109,25,remote,True,2,2,2,1.4731620390305478e-78,1.161190340834899e-05,1.161190340834899e-05,1.348363007648269e-10,2.3687309501512184,0.012863067705229768,0.1575922347080503,0.003006980153575846,2.3687658754539425,0.15762091983591905,6.451345611053721e-05,4.161986019326211e-09,CALIBRATED,-0.0022019894508169945,-0.0022680043678933257,0.0010488106432285686,0.000720623541599171,0.0,0.0,-0.005411808105284887,-0.005405587247483824,0.0017605415969352718,0.001704672677498781,0.0,0.0
21098645,61,28,39,1.7754944951348648,138.9394214803183,-37.135458748275,534.2601005840264,587.2180992944305,26,remote,True,3,2,3,1.1000759557702373e-82,1.0543703946128367e-05,1.0543703946128367e-05,1.111696929036029e-10,2.0719386863789944,0.009245928662179013,0.17205395665915793,0.003387086844749787,2.071959316036572,0.17208729284687255,4.4651469258925544e-05,1.993753706980773e-09,CALIBRATED,-0.0018249211548508816,-0.002185217976400628,0.001130024780878233,0.0010776052686038331,0.0,0.0,-0.004011397487331451,-0.0046603828313794456,0.0017275257364483996,0.0019638345532270764,0.0,0.0
21098645,62,29,31,2.4270404729493222,-111.70857246916052,-118.65019206996757,281.72839762523205,280.3320132033416,13,transition,False,4,4,4,1.6206634985964173e-23,0.00014821361516110853,0.00014821361518733346,2.1967275726898965e-08,1.6824418959312863,0.0051167266213881495,0.1958024652394337,0.004434507198011854,1.6824496765360262,0.19585267485518001,0.0004184421731528722,1.7509385227289828e-07,CALIBRATED,0.00325715190010925,0.0076054620891953025,0.002805389991029214,0.008478874341266906,0.0,0.0,0.004760180998773518,0.012642342085122995,0.005271095083111779,0.014428083491555993,0.0,0.0
21098645,63,29,69,3.049828199711044,-99.35556032790632,-120.59859890602101,289.9110202183973,292.8377398180071,14,transition,False,4,4,4,7.35542015517681e-25,2.0737210771149867e-05,2.0737210768036164e-05,4.30031910437955e-10,1.4852527012560557,0.003369314400041804,0.19747529650956241,0.00620122977735175,1.485256522917148,0.19757263976140801,4.417639342936975e-05,1.9515537364264628e-09,CALIBRATED,-0.0018152808321527973,-0.0015074410572070043,0.003712045798282624,0.001179111410746988,0.0,0.0,-0.002649220329184353,-0.0012574001211836565,0.005529392562016773,0.0022366912856196784,0.0,0.0
21098645,64,30,32,3.548579269294013,-6.7714895521852085,-190.34354685911026,336.88909914464807,421.72806088544036,20,transition,False,4,4,2,2.579969066942173e-33,2.5227042100423883e-06,2.522704210042456e-06,6.364036531365932e-12,1.394322138412163,0.002664968370212105,0.16136776815728743,0.009153410505376628,1.3943246851873061,0.16162716827298562,4.382749097911281e-06,1.920848965524215e-11,CALIBRATED,0.0006695843306823977,-0.0003780366311276924,-0.0013363638715089107,-0.00038155070776818426,0.0,0.0,0.0007026783307347168,3.723696458050944e-05,-0.0019415901776452496,-0.00034326848379580656,0.0,0.0
21098645,65,30,83,5.126349675071559,-22.963918728737156,-181.3163521861255,324.9888225531349,411.07095480962306,20,transition,False,4,4,4,4.712556713025827e-31,3.427097699179478e-05,3.427097699179334e-05,1.1744998639720287e-09,1.2050575329183557,0.0012905100810778403,-1.5997524721430998,1.9873994171237777,1.2050582239292602,2.5512672175434483,4.97750460641843e-05,2.477555210691669e-09,CALIBRATED,-0.0010573680372545874,0.005669161960848442,-0.00015125708448145823,0.000995325967534722,0.0,0.0,-0.0012588333974431608,0.006833460141826559,-0.0003163626530670459,0.001180729309993671,0.0,0.0
21098645,66,30,160,5.696588872617621,2.2548210928379584,-179.79240696620576,349.0125871243164,421.17565202304183,20,transition,False,4,4,2,1.0566278582600533e-35,1.833805252276246e-05,1.8338052522762452e-05,3.362841703275943e-10,1.1698325619924628,0.0010630936140199037,-7.646138764025613,10.773656586246243,1.169833045039283,13.211173840242289,3.7305488301572526e-05,1.3916994574187646e-09,CALIBRATED,-0.0014905969754255696,0.004013561988720306,-7.82367893970772e-05,3.7045203453851424e-05,0.0,0.0,-0.0017981862141915566,0.004531395195232413,-0.0011825611427274734,-0.003484253344548822,-0.0,0.0
21098645,67,31,61,4.574029927656358,-121.18804631105097,-139.2021260392185,261.23447924908555,285.6730503140571,13,transition,False,4,4,3,2.5397443200461898e-20,8.521937083143413e-05,8.521937116097195e-05,7.2623412210714975e-09,1.255100881736462,0.0016333550517861263,-0.09445163902840858,0.028343499869997166,1.255101944538518,0.09861270759913918,0.00013386913840416175,1.7920946217072616e-08,CALIBRATED,0.0010339042099926168,0.000748253578722534,0.005693041123979755,0.00715400675063532,0.0,0.0,0.0012508665833147455,0.001590365929098138,0.007141574154177466,0.008875422581874987,0.0,0.0
21098645,68,31,69,5.011453229331028,-106.7313495570922,-129.0449454144501,278.8622568859412,287.50528394183596,13,transition,False,4,4,4,4.68861669603172e-23,4.176846757661027e-05,4.176846756845649e-05,1.7446048830172016e-09,1.21215494743864,0.001336331806206995,-0.38147723343425827,0.2170726412046557,1.212155684053277,0.4389138995158627,6.131974671658638e-05,3.760111337386306e-09,CALIBRATED,-0.0005953976378030182,0.006382331926706592,0.00014921926858053715,-0.0008108896401983949,0.0,0.0,-0.0007503081544001162,0.007689399805762478,5.4746920660347906e-05,-0.0012755068764398149,-0.0,0.0
21098645,69,32,34,3.7751266379152675,-6.880510350626542,-212.70844229617396,329.9153154532384,444.09322203946033,21,transition,False,4,2,4,5.582694198325006e-32,1.6127762525874382e-05,1.6127762525873976e-05,2.6010472409098493e-10,1.3530188089641515,0.0023450337387131317,0.14496666942387515,0.010494377605833457,1.3530208411528653,0.14534602576329672,2.9257683913977803e-05,8.560120680102355e-10,CALIBRATED,-0.0008573725376035191,0.0005808838439189056,-0.002677316555972681,0.002808420352551565,0.0,0.0,-0.0012415417501194168,0.0012145530874175534,-0.003601074159356643,0.0036432655260557876,0.0,0.0
21098645,70,33,35,2.275781308547767,13.060111052581222,-81.88708262595023,403.5724099482773,422.46439442922224,20,transition,False,4,4,4,1.7132608715369674e-47,1.9704992874673828e-05,1.9704992874673828e-05,3.882867441909463e-10,1.754604275514394,0.005823670307700614,0.19101381418525132,0.004163251877834361,1.7546139400988598,0.19105917898859506,6.01327323900014e-05,3.6159455046875237e-09,CALIBRATED,2.2815098901369893e-05,0.0005545679227245456,-0.0021371379979147646,0.0038509178052627663,0.0,0.0,-0.0005754792263302114,0.0011727236526684409,-0.0036630795236012423,0.006708809409150709,0.0,0.0
21098645,71,33,55,2.930567003299611,25.46173442070088,-75.64708649342768,417.36449610111384,436.3473989274779,21,transition,False,4,4,3,9.610277139437816e-51,5.838158365208655e-06,5.838158365208655e-06,3.408409309725579e-11,1.515624990816633,0.0036252148258616177,0.20067016689845935,0.005720078008751314,1.51562932637583,0.2007516753989409,1.2879091464597699e-05,1.658709969534733e-10,CALIBRATED,-0.0020236801425867175,-0.00017037709534703115,0.0012690753899826657,-0.0003213974885252083,0.0,0.0,-0.0032408774413209213,-6.854748074027375e-05,0.0015391242898803261,-4.69312062427412e-05,0.0,0.0
21098645,72,34,43,1.6467454135999908,-12.571755551444612,-234.60901300893295,318.9846796665627,466.7211974124448,22,transition,False,4,4,4,6.073985806362126e-30,2.3468477229716004e-05,2.3468477229713158e-05,5.50769423481565e-10,2.1784710866617036,0.01046934897009838,0.1661878383477346,0.003225593983741993,2.1784962434415354,0.1662191387032213,0.0001055359344413705,1.1137833458413252e-08,CALIBRATED,-0.0005772457257221139,-0.0006831769109672811,-0.003948248466996224,0.0026608021258695425,0.0,0.0,-0.0014123812864390245,0.0007085730805896913,-0.00860208507621559,0.005389171557308227,0.0,0.0
21098645,73,34,52,2.0720988486090413,-0.01712773270600465,-226.29169076112615,333.0905650063307,459.31198216703314,22,transition,False,4,4,2,1.3879081548550043e-32,4.054741997688245e-05,4.05474199768823e-05,1.6440932667816739e-09,1.851776642204847,0.0067756260429842705,0.1845655157937919,0.003797985078273419,1.8517890381260316,0.1846045890840291,0.00013794221536616962,1.9028054780126722e-08,CALIBRATED,-0.000622436763876256,0.006107950382376418,0.000680033216386091,-0.0015461207594806175,0.0,0.0,-0.0013834979305770551,0.01137885898869154,0.0004039806537200915,-0.002527155830009748,0.0,0.0
21098645,74,34,123,4.208129627161515,-22.614862081444876,-226.55285933925592,311.0949587197348,460.343354126967,22,transition,False,4,4,4,1.6250803399387335e-28,3.276158400147131e-05,3.276158400144926e-05,1.073321386284016e-09,1.2913829112327504,0.0018845689217932868,0.0477820739069523,0.017814493913088324,1.2913842863470173,0.050994928965818864,5.452068915788586e-05,2.972505546250813e-09,CALIBRATED,-0.0008649107994499787,0.0055711336212917704,-9.931978488864654e-05,0.0009829135590102356,0.0,0.0,-0.0011039617225590964,0.007126090798837204,-0.00023592601479873016,0.0015700721369666922,0.0,0.0
21098645,75,35,37,1.6563161690521362,11.317780896115671,-103.67808245613017,390.50827900195,417.8323518946816,20,transition,False,4,4,4,1.6314498057453851e-44,1.9935610261599383e-05,1.9935610261599383e-05,3.9742855650238666e-10,2.170551841423751,0.010378404192530293,0.1666239050220959,0.003237598796992286,2.1705766532379407,0.16665535626190572,9.241775289792739e-05,8.541041050702367e-09,CALIBRATED,0.00045443841113598825,-0.00046448358354837506,-0.0020287531106275803,0.003923966336351085,0.0,0.0,0.00015803687640188454,-0.00023055417225236808,-0.004460620896141581,0.00851131501227552,0.0,0.0
21098645,76,35,170,1.3762881294678415,20.64269591022722,-97.67560627367574,401.5920467756261,424.70213392300633,20,transition,False,4,4,4,4.916639649209153e-47,1.3630340949883859e-05,1.3630340949883859e-05,1.857861944100808e-10,2.5207184606218576,0.015069449855635044,0.1533760936252948,0.0029307004795481447,2.5207635045832406,0.15340409088761622,8.149524759949245e-05,6.6414753813025805e-09,CALIBRATED,-0.0026777064578959236,0.0009196784897975854,0.002043142542162781,-0.0011999954595891481,0.0,0.0,-0.00742402425327676,0.0029751667177759424,0.00386240529324386,-0.0016153389236971396,0.0,0.0
21098645,77,36,169,2.1869926572589335,90.5636809180233,27.421851905791364,530.6664438555639,540.1253724460405,24,remote,True,3,3,2,1.3813055987083397e-81,7.454359476021991e-06,7.454359476021991e-06,5.556747519775885e-11,1.7969633641840066,0.006238644016521359,0.18820289115605246,0.004004025862480063,1.7969741937208412,0.18824547926206445,2.378080551172017e-05,5.655267107862604e-10,CALIBRATED,-0.0023712676119356665,-0.0011466576555416296,-0.0004899943572468151,-0.000525862281839046,0.0,0.0,-0.004123943238838226,-0.0021482677065980888,-0.0012796066474967075,-0.0007221152006644592,0.0,0.0
21098645,78,37,41,2.0345965449088297,19.398893430347623,-122.21593601128122,388.4573807710135,438.0550221986535,21,transition,False,4,4,3,4.691347447761345e-44,6.535634370407859e-07,6.535634370407859e-07,4.2714516623656535e-13,1.8696681563194641,0.00695090148449507,0.18337824593904425,0.003730731636554089,1.869681077025296,0.18341619187581173,8.237168457273737e-07,6.78509441935054e-13,CALIBRATED,5.7756715057021414e-05,-0.0005501231587467055,0.0005789186655540793,-0.00011155845010683506,0.0,0.0,-0.0004249710891501192,-0.00048060926302244845,0.0005354905952105938,0.00035409176473332165,0.0,0.0
21098645,79,37,80,2.958786717597377,8.031086574741241,-125.43710248882546,376.91139591826277,439.83819912548347,21,transition,False,4,4,3,1.6169911031461171e-41,2.7752858512255292e-05,2.7752858512255292e-05,7.702211556012611e-10,1.5069729774206024,0.0035498088640105083,0.20083781417379598,0.005795760051178699,1.506977158360035,0.20092142353835502,6.289509390899626e-05,3.955792837821459e-09,CALIBRATED,-0.0007421691153327751,0.001161069213189518,-0.002880268324967438,0.0041902286542471875,0.0,0.0,-0.0013351841740119389,0.0019609179296964045,-0.004287298344479891,0.006235884132092215,0.0,0.0
21098645,80,37,170,2.179608683773992,20.855569448420134,-108.50167168823077,396.3256664500747,428.52049595941554,21,transition,False,4,4,4,7.91146806498615e-46,3.9317355036711656e-05,3.9317355036711656e-05,1.5458544070828355e-09,1.8004860935310851,0.006273154675467087,0.1879691250067245,0.003990784072471739,1.8004970217882645,0.18801148452503297,0.00012743801847476545,1.624044855277466e-08,CALIBRATED,-0.003840490211591911,0.0036499935743788776,-0.002482227755183678,0.0022547909547820785,0.0,0.0,-0.006944954610933685,0.006478145248050571,-0.004472007495560522,0.004152156913177377,0.0,0.0
21098645,81,38,45,3.4382827651649777,-154.9512440380883,-140.79350491216073,234.88538920447897,227.0800406559248,10,transition,False,3,3,3,1.4398957329367542e-16,0.00037004335798525637,0.0003700435539591277,1.3693223182670187e-07,1.4144310139852077,0.0028207312537931644,0.16935278191039266,0.008500549321278281,1.4144338266062604,0.16956598739002024,0.0007402429526529369,5.479596289523382e-07,CALIBRATED,0.008165879613748234,0.00959639819935493,0.009211262894794865,0.011243831267645896,0.0,0.0,0.01134639559918711,0.013647308007505951,0.013148809971339416,0.015885906963266323,0.0,0.0
21098645,82,38,54,4.471123822459521,-159.40905588196372,-130.0746367855047,239.36765122823755,235.08212290806367,11,transition,False,4,3,4,3.5314793373710304e-17,8.382743594942928e-05,8.382744982606443e-05,7.027041344341349e-09,1.2653048699240925,0.001704006649773064,-0.05444971116426561,0.02538231346715885,1.2653060173303086,0.060075226864466064,0.00013405637702918784,1.797111222219176e-08,CALIBRATED,0.0011675539169669926,0.008926218755214483,-0.00015343426258969576,-0.001662330995367717,0.0,0.0,0.0014586174155333152,0.011357113163677138,-0.00021431128862758826,-0.0017026049228429329,0.0,0.0
21098645,83,39,42,1.8380879909927366,158.85338265351248,-36.609846868958655,551.8571535399129,607.1389957967259,27,remote,True,4,3,4,3.5770939330492896e-88,1.3794126352821866e-05,1.3794126352821866e-05,1.9027792183761467e-10,2.020146197637871,0.00865114264069237,0.17490586711825046,0.0034655992706720583,2.0201647215263754,0.17494019758389429,5.626291118901538e-05,3.165515175463032e-09,CALIBRATED,-0.002503080183574587,-0.002236265163848283,-0.0011185510615474986,-0.0011299015829211217,0.0,0.0,-0.004983911625967013,-0.004585131489890571,-0.002361775043657984,-0.00219593350471603,0.0,0.0
21098645,84,39,44,3.799716225291295,159.24478431543167,-47.354794265905234,547.0785397101724,609.9500718944383,27,remote,True,4,3,4,1.1518547405093694e-86,2.979172453814971e-06,2.979172453814971e-06,8.875468509569917e-12,1.3485357207933915,0.002310307841768315,0.1431864843225318,0.01063992697983739,1.3485376997985914,0.14358125692019455,5.41506607648775e-06,2.932294061272843e-11,CALIBRATED,-0.0008606462609734169,-0.001234468535694033,0.0004716791110760938,0.0007014746737005861,0.0,0.0,-0.001138564037295946,-0.0016526002692796066,0.0006669852002325421,0.0009709691561073574,0.0,0.0
21098645,85,40,48,2.979997419713513,94.44883969812034,-49.109609212769605,489.87794221558306,544.8814642895871,26,transition,False,3,3,3,1.238183378482976e-69,2.0538267590000567e-06,2.0538267590000567e-06,4.218204355984677e-12,1.5004698896532485,0.0034931316993259878,0.20096382240974858,0.005852644725507067,1.5004739556970323,0.20104902727399596,4.384660212579301e-06,1.922524517977596e-11,CALIBRATED,-0.000429695077667998,-0.0008892762749631508,0.0007695369759076578,0.0006972728653307178,0.0,0.0,-0.0009099606217929113,-0.001321973859625378,0.0008200515036115341,0.0010660827947477636,0.0,0.0
21098645,86,40,145,5.11197453638988,83.42779578709806,-54.271669585641554,477.7820030405554,532.7114077497902,25,transition,False,3,3,3,2.842180547992876e-66,5.260377714726689e-06,5.260377714726689e-06,2.7671573701593182e-11,1.2059455178978116,0.00129624301432151,-1.4473293454221556,1.765906987556398,1.2059462145484652,2.283241056660605,7.744813187405533e-06,5.998213130781065e-11,CALIBRATED,-0.0005183295799028566,0.00011149941590302892,-0.0021251499448853286,0.0006804540787823865,0.0,0.0,-0.00020509497786155736,-0.0001346027485029811,-0.002634367482939506,0.0008629827937959813,0.0,0.0
21098645,87,41,47,2.3076558338733335,29.46492376478745,-140.86287803435582,389.20799103779046,459.24543072481856,22,transition,False,3,3,3,3.1892534996025467e-44,3.6202243736766894e-06,3.6202243736766894e-06,1.3106024515762778e-11,1.7393976491610406,0.005674697552745449,0.19202291654216125,0.0042204129404840186,1.739406905844423,0.19206929052491972,9.740119402748392e-06,9.486992597979569e-11,CALIBRATED,0.0006783152871551144,-0.00070227983700852,-0.0012270837063835605,0.001077581251204583,0.0,0.0,0.00054111392448483,-0.0004959136328564178,-0.0022696801946993327,0.0020124454293256665,0.0,0.0
21098645,88,41,80,3.630738133408041,15.899325570780285,-133.1488906294215,380.33448077769265,449.5344155574522,22,transition,False,3,3,3,2.9135022417358645e-42,1.8828314157600142e-05,1.8828314157600142e-05,3.5450541401728596e-10,1.37934321964463,0.0025489420130106657,0.15541980393964983,0.009639720871541167,1.3793455747871886,0.15571846285884156,3.5818806623529006e-05,1.2829869079337653e-09,CALIBRATED,-0.0025375652599625284,0.0033120728165113742,-0.0006872715663202996,0.0009730920620812289,0.0,0.0,-0.0034983523285417265,0.004573061731276209,-0.000986684218048736,0.0013014984689604095,0.0,0.0
21098645,89,42,44,1.5041474905751322,169.10185888159583,-42.65760332102493,557.9874678589654,619.0388539093716,28,remote,True,4,4,4,3.980507221068961e-90,3.5375843519735122e-06,3.5375843519735122e-06,1.2514503047327855e-11,2.2964626003413753,0.011824365975392355,0.15969073345615148,0.0030467302102026384,2.2964930416610003,0.15971979500593336,1.7731543593308953e-05,3.144076382014158e-10,CALIBRATED,0.00032267378700053526,0.00035628719053407213,-0.0016406921002611481,-0.000783999266044456,0.0,0.0,0.00017863618624834214,0.00012035729125641276,-0.0037788495831868017,-0.00184538414872404,0.0,0.0
21098645,90,42,53,1.875937191151003,179.0791592906751,-28.429959503104016,573.5199639763235,628.9562503878623,28,remote,True,4,4,3,3.576593779949116e-95,9.535942767493036e-06,9.535942767493036e-06,9.093420446490275e-11,1.9888281789493365,0.008291485860542172,0.17663036785623043,0.003513074371445957,1.9888454626040482,0.1766653008956954,3.768059888358463e-05,1.4198275322255991e-09,CALIBRATED,-0.0018778147071851518,-0.0022674964987891093,-0.0005259941538544085,-0.0007691192827268702,0.0,0.0,-0.0036585501752625423,-0.004529182183501285,-0.0012103278630939327,-0.0015222433153553516,0.0,0.0
21098645,91,42,84,1.8675657158238899,171.3272525903155,-21.29663079354235,570.2351977796637,623.7754666311265,28,remote,True,4,4,4,4.2877913989530075e-94,7.458197313750016e-06,7.458197313750016e-06,5.562470717082796e-11,1.9957550894163698,0.008371034644893399,0.17624894327343288,0.0035025738421581775,1.9957726451558475,0.17628374295016977,2.9396250869421205e-05,8.64139565177947e-10,CALIBRATED,-0.000385516173405621,-0.00013845057655757363,-0.002226318572272395,-0.0015277145173096258,0.0,0.0,-0.0010471813295711895,-0.0006887392082326384,-0.004361639706449956,-0.0029667152722465525,0.0,0.0
21098645,92,43,50,3.3743276100560813,-14.043346445896656,-256.96930088793357,313.426891128345,489.129857653352,23,transition,False,4,4,2,6.204476908156239e-29,1.4325895310019597e-05,1.4325895310023231e-05,2.052312764337456e-10,1.4260910957484068,0.0029110499765695576,0.17398287238478405,0.008121989378483177,1.4260940668780786,0.1741723473882242,2.875638700167208e-05,8.269297933899349e-10,CALIBRATED,0.00023059652479981752,-0.0004219914960321235,-0.003741202120171129,0.0003131300465894283,0.0,0.0,0.00016478780874444783,-8.253950224437293e-05,-0.0053404822205207715,0.0004490755645011924,0.0,0.0
21098645,93,43,123,5.749998114359904,-24.38866636191929,-237.22989147018416,306.880619332198,467.6400172757193,22,transition,False,4,4,4,9.092477132270387e-28,1.0025417146272543e-05,1.0025417146327324e-05,1.005089889578739e-10,1.1665333517739405,0.0010417935330757273,-8.212450074296942,11.596587270729094,1.1665338169700479,14.210037739234048,6.293869186591884e-05,3.961278933793079e-09,CALIBRATED,0.0009083204589097705,0.0025468545765215695,-0.0008398624196338017,-0.0014172275654923095,0.0,0.0,-0.0019753598537400295,-0.0005222479272256656,-0.004758422040864975,-0.0060101016711591425,0.0,0.0
21098645,94,43,139,5.471257264581432,-26.174495782609757,-250.00542125690032,302.6015756882166,480.53975944566497,23,transition,False,4,4,3,5.099591375071936e-27,2.9513735500908147e-05,2.9513735500764568e-05,8.710605832090908e-10,1.1837518074177447,0.0011529578647353845,-5.256892370896344,7.301742580583845,1.183752368900107,8.997241916959853,4.340802239831906e-05,1.8842564085329693e-09,CALIBRATED,-0.0010052874419113178,0.004999579578749395,-0.0004262736681782403,0.001823630295720561,0.0,0.0,-0.001681420877665534,0.005601243969309335,0.0007105477177973547,0.002949921044278694,0.0,0.0
21098645,95,44,56,3.813012701639071,175.8334642711464,-63.48058178431751,554.6037517504076,633.0850092352248,28,remote,True,4,4,4,4.796455812319653e-89,1.2801922661635086e-07,1.2801922661635086e-07,1.6388922383448595e-14,1.3461115534043275,0.002291530297423174,0.1422238740626398,0.01071863077340993,1.3461135038768892,0.14262720427408762,1.9429522285455446e-07,3.7750633624100985e-14,CALIBRATED,0.0001870281907138857,-7.224022971786336e-05,-8.402279707345676e-05,0.00028418515316058345,0.0,0.0,0.00013556021132281993,-0.00018790089250944494,-0.00018696253473000966,0.0003250490996175052,0.0,0.0
21098645,96,44,121,4.009982013966418,181.48118721319082,-52.762688826448255,564.3860464860019,632.8346286393138,28,remote,True,4,4,4,3.450148718321579e-92,4.150337856921566e-06,4.150337856921566e-06,1.7225304326596298e-11,1.3110308796461159,0.002020609883432573,0.12480652755157444,0.01211267460095073,1.3110324367649984,0.12539292725457216,7.129019286382193e-06,5.082291598560927e-11,CALIBRATED,-0.001186369065464369,-0.0016548034653077889,-1.6819000619893317e-05,-6.487611158391045e-05,0.0,0.0,-0.0015490741145080358,-0.002170440090693588,-7.716267481548115e-05,-0.00011235839296051346,0.0,0.0
21098645,97,45,46,3.3646136122296646,-170.4170504025958,-158.3536263738623,211.5705770388585,203.68027501064208,9,transition,False,3,3,2,1.403295436341534e-13,0.0006126183132220935,0.000612627644739328,3.753126310988563e-07,1.4278621180954045,0.002924768274574476,0.1746861259181039,0.00806449080068724,1.427865113573882,0.1748721778904524,0.0012480278664692827,1.5575735554838697e-06,CALIBRATED,0.012455301402938752,0.010193633145648803,0.014277728666119947,0.012236397310069118,0.0,0.0,0.018052254143816837,0.015175523794999406,0.020082303914350376,0.016986716393564857,0.0,0.0
21098645,98,45,54,3.217770810483781,-167.04884019896798,-138.96125427106205,227.66252118116606,223.36298152548116,10,transition,False,4,3,4,1.3110915018965943e-15,0.00012541637144311405,0.00012541600026792977,1.572917312320536e-08,1.4546339877246608,0.0031321425555063728,0.18531694147064068,0.007195306721090476,1.4546373598119695,0.18545657506500932,0.0002584074109655421,6.677439004191456e-08,CALIBRATED,-0.005125437025996234,-0.0026644908508942854,0.009163906821662111,0.002840632998096008,0.0,0.0,-0.006019873439064274,-0.002291514009594383,0.013914873299252799,0.004826365024815745,0.0,0.0
21098645,99,46,59,4.276161699815308,-190.2727273884458,-168.64589802425894,190.1820379952933,181.3155983017788,8,transition,False,2,2,2,4.116117451124495e-11,0.0007658876145775989,0.0007661752207758368,5.870244689309022e-07,1.284636970703649,0.0018378605691823314,0.021336470339120395,0.01977215860279725,1.2846382853667875,0.029089228630995594,0.001250880298986656,1.5647015223929458e-06,CALIBRATED,0.02241746583779698,0.01619411991271074,0.0003230292812038494,0.0011307424654944135,0.0,0.0,0.028316305964235802,0.020676093881069287,0.003773635144820699,0.0027066464751464995,0.0,0.0
21098645,100,47,57,3.6446951884246523,37.75309745462389,-161.93090640790052,388.5639548200158,470.7177693733433,23,transition,False,3,3,2,4.4413981493525745e-44,1.0666536261969341e-06,1.0666536261969341e-06,1.1377499582790688e-12,1.3767986178468539,0.002529231586530208,0.15440937049807757,0.009722334727135452,1.3768009409923518,0.15471514951729534,1.7743663041689355e-06,3.148375781370127e-12,CALIBRATED,0.0003420405587359462,0.00027808384965695936,-4.2601320071483566e-05,-0.0009330146743029653,0.0,0.0,0.0001875587434038548,0.0006392676703678861,-0.0002261862582118882,-0.0011310900247815038,0.0,0.0
21098645,101,47,105,2.7249208269589076,20.756310129858335,-154.9848543476599,375.4956552080265,452.35643993926135,22,transition,False,3,3,3,3.270164632727787e-41,2.452842208066957e-05,2.452842208066957e-05,6.016434897674784e-10,1.5786750080410503,0.00417472243477463,0.19944846703349475,0.005168558511472817,1.5786805279475697,0.1995154254665477,6.099695394553745e-05,3.7206283906340164e-09,CALIBRATED,-0.0027653287318269034,0.003935278057469392,-0.0006069323775514131,0.0010132121125815143,0.0,0.0,-0.004307355235966472,0.0061501822587639735,-0.0012177843895649497,0.0017708484354247982,0.0,0.0
21098645,102,48,49,3.856197640998584,113.87510059208054,-62.01120847337609,500.20381253158064,561.4661230112806,26,remote,True,3,3,2,1.4363295645419478e-72,3.558772964526453e-06,3.558772964526453e-06,1.2664865013044398e-11,1.3382382252415965,0.0022305436801679118,0.13909746187545655,0.01097424876301079,1.338240084148912,0.13952970306033957,6.306611562599915e-06,3.977334940151894e-11,CALIBRATED,-0.001300165983076155,-0.00087812696380187,0.0009244542592394416,0.0004925634365198376,0.0,0.0,-0.0018485843495398323,-0.001185704456222946,0.0010318580553539203,0.0006470868267323819,0.0,0.0
21098645,103,48,145,4.340113079594012,92.36603232041696,-61.49164174811928,481.7515743289954,539.9507804042693,25,transition,False,3,3,3,2.290685768403824e-67,8.580267807991416e-06,8.580267807991416e-06,7.362099565685382e-11,1.278295664494495,0.001793953872235707,-0.003522875720346985,0.021612398847836358,1.2782969233069124,0.021897635427117895,1.4003933958457862e-05,1.9611016631284926e-10,CALIBRATED,-0.002603314948636156,-0.00019111970546264857,-0.00132262467060526,-0.00013098215561343482,0.0,0.0,-0.0033786296699088933,-0.0002686074670888122,-0.001581229871788458,-0.00012789696344000796,0.0,0.0
21098645,104,49,73,5.215213229021309,135.21064583361357,-74.11802313957405,513.4484165035951,585.9973368441746,27,remote,True,2,2,2,2.0059525352028674e-76,2.432440179049904e-06,2.432440179049904e-06,5.91676522465633e-12,1.1995682292757406,0.0012550705048851988,-2.5419945641668225,3.356610866151925,1.199568885845956,4.210531186325883,3.519822128573302e-06,1.238914781679429e-11,CALIBRATED,-0.001093323387034275,-0.0007469743608355135,0.0006843071350465436,0.0004591701205354861,0.0,0.0,-0.0013954118990335866,-0.0008708432613555633,0.0006770741973773861,0.0005965318985654964,0.0,0.0
21098645,105,50,162,2.7252377847748477,-15.280169346715773,-279.9104638749836,309.5844225590065,512.1043367570528,24,transition,False,2,2,2,3.0205252553836044e-28,2.3054199974692973e-05,2.305419997467613e-05,5.314961364723569e-10,1.578577830470769,0.0041738754910839535,0.1994503500119572,0.00516940855604168,1.578583348477493,0.19951732983555967,5.613458106013612e-05,3.1510911907969925e-09,CALIBRATED,-0.00048460066673729316,-0.0005600218836138381,-0.004587631556208405,0.0012080456791149735,0.0,0.0,-0.0009549369440906692,9.583303352043095e-05,-0.007220687665362092,0.001753614028776258,0.0,0.0
21098645,106,51,68,2.9446787884792265,140.2647798368522,-4.620417229611382,552.3315778611006,584.8101986494676,26,remote,True,2,2,2,2.5299536317240565e-88,5.714668227197567e-06,5.714668227197567e-06,3.265743294694138e-11,1.5112983929947124,0.00358750669304082,0.2007540019901451,0.00575792420072266,1.5113026509844654,0.20083655794242355,1.3012281266751995e-05,1.693194637650649e-10,CALIBRATED,-0.0014087260294252835,-0.001926605730695013,8.325553008227552e-05,-0.00010685539940076248,0.0,0.0,-0.002117468960954534,-0.0029186758548154774,-3.5468426031196114e-05,-9.316496883558609e-05,0.0,0.0
21098645,107,52,96,2.8203207245442883,11.585907905431043,-240.03189829398104,341.54892280368404,477.29596779496893,23,transition,False,3,2,3,3.1905064375778186e-34,1.0099232037926177e-05,1.0099232037926192e-05,1.0199448775587483e-10,1.549425909939656,0.003919804154524979,0.20001521738145456,0.005424410112961092,1.549430868176099,0.20008875882773655,2.2859982775054837e-05,5.225788124758038e-10,CALIBRATED,0.00041563308687831796,-0.0005909395528244566,-0.0024278225114417523,-0.001919101214856185,0.0,0.0,0.0003249166860932172,6.577573724196305e-05,-0.003777428385808392,-0.0029122362995870244,0.0,0.0
21098645,108,53,67,4.259387831577904,200.51300341649517,-29.91637827473152,591.7183287104726,650.4415736289633,29,remote,True,4,3,4,2.914800792597954e-101,2.483164627355807e-06,2.483164627355807e-06,6.166106566551104e-12,1.286300237941564,0.0018493768984917355,0.027856851865093388,0.019289480238354303,1.286301567410783,0.03388345088239417,4.08404992477953e-06,1.6679463788091683e-11,CALIBRATED,-0.0003698672272674177,-0.001335731222064373,0.00024204368266460974,0.0007096476728869685,0.0,0.0,-0.0005097218759789645,-0.001769978684888376,0.00022890262370354496,0.0007993826229225049,0.0,0.0
21098645,109,53,84,1.0690707882181378,181.695954661314,-17.813934372568013,580.970662440806,629.0653302997899,28,remote,True,4,3,4,1.2122352982117762e-97,1.8428355246512329e-06,1.8428355246512329e-06,3.3960427709165847e-12,3.0690973505236077,0.023030192094202144,0.1381640360064074,0.0026554794246348296,3.069183757408299,0.13818955248698975,1.5564148850007985e-05,2.4224272942520485e-10,CALIBRATED,0.0003014020301851844,-0.0007045508448300457,8.716659300635951e-05,0.0011171402924272378,0.0,0.0,0.00041367092149600243,-0.0028437516588759072,-0.00033154295387033736,0.0026825698483163656,0.0,0.0
21098645,110,54,58,2.918516486086286,-182.09574981007648,-132.6225240368394,222.41216110327892,239.69053461304202,11,transition,False,4,4,3,6.253928617479156e-15,0.00027693973433715096,0.00027694100468476284,7.669632007580583e-08,1.5193196149102244,0.0036574150399277844,0.20059857735804465,0.005687759901438548,1.51932401709962,0.20067919635768883,0.0006344476974834655,4.02523880842071e-07,CALIBRATED,0.008031899355843823,0.013517587813083402,0.001809083772799125,0.005141170396021932,0.0,0.0,0.011448395203718117,0.020358242024263163,0.004434582518868636,0.008322163439143663,0.0,0.0
21098645,111,54,114,5.950124448647777,-173.96491956312894,-115.5023248995067,240.8295401638611,247.82015881622743,11,transition,False,4,4,4,2.220179301482406e-17,9.084808830529208e-05,9.084807126119788e-05,8.253372051879688e-09,1.1541710933793368,0.0009619813698556999,-10.334438758151228,14.680137905153849,1.1541714942765695,17.952912670659128,0.00018637619360896627,3.473608554416688e-08,CALIBRATED,-0.0018086283739254712,-0.0012780424763763618,0.008006768622821566,0.004672814817153298,0.0,0.0,0.006161160897467692,-0.001039393096571655,0.010828068250385755,0.005485334079185014,0.0,0.0
21098645,112,55,60,3.450693603287334,43.85722345077109,-88.99154065519949,425.99431345226935,449.670821634046,22,transition,False,3,3,3,7.815281167347568e-53,1.8757395822357052e-06,1.8757395822357052e-06,3.518398980365778e-12,1.4121683130815808,0.002803204425097539,0.16845428821943542,0.008574010892306274,1.412171095309179,0.16867234771087408,3.7070805420023865e-06,1.3742446144892708e-11,CALIBRATED,-0.0008202509389426019,-0.00011839570907788962,0.001082114694223722,0.00013393365527950628,0.0,0.0,-0.0012774450706452018,-0.00017238119279296412,0.0014175987496710429,0.000189507632535033,0.0,0.0
21098645,113,55,170,2.856462628550286,33.044319278346876,-91.43561014115318,415.43908896231164,438.58513842126206,21,transition,False,4,3,4,2.774315305671703e-50,1.5479359157963328e-05,1.5479359157963328e-05,2.3961055994122316e-10,1.5383449955718338,0.0038232292917908615,0.20022992868817263,0.005521338561049773,1.5383497464761133,0.20030603965426613,3.642211615756022e-05,1.3265705453948091e-09,CALIBRATED,-0.00042651944075778003,0.0005995164363514165,-0.002793071415770847,0.0026714738317204847,0.0,0.0,-0.0010300829999198092,0.0010364811175491674,-0.004210716847687652,0.004068982144517204,0.0,0.0
21098645,114,56,65,2.821118722364826,192.29480992959105,-78.8277067909346,563.1737305798928,647.2045450315796,30,remote,True,4,4,2,8.518085872868726e-92,1.645542165781344e-06,1.645542165781344e-06,2.707809019364356e-12,1.5491812480780778,0.003917671822759398,0.20001995811550047,0.005426550251740445,1.5491862017037399,0.200093555848661,3.826473723590622e-06,1.464190115732948e-11,CALIBRATED,-0.0006313515783117551,-0.0007941792156110704,0.0005011960476069391,0.0006041682263237346,0.0,0.0,-0.001070416084993769,-0.001338085338250628,0.0005907325688451701,0.0007356940860449556,0.0,0.0
21098645,115,56,78,5.703993762360582,173.17472358975482,-82.73427758719251,544.1011861865836,627.6894483874693,29,remote,True,4,4,3,9.868607747693105e-86,3.1262708761048375e-06,3.1262708761048375e-06,9.773569590781308e-12,1.169375145127702,0.001060140478087571,-7.724654628994937,10.887751278211713,1.1693756256824694,13.349659809652593,4.956383772148612e-06,2.45657400968181e-11,CALIBRATED,-0.0009408986013989665,-0.0007359115090215018,-0.0010120887620475316,-0.0008216393896455411,0.0,0.0,-0.0017217612006486618,-0.000891579944548235,-0.0005723473293425972,-0.0009324300923732851,0.0,0.0
21098645,116,56,121,4.229734120409798,187.8213909408222,-62.840719892794255,565.7026007058403,644.7411349901333,29,remote,True,4,4,4,1.290116757302947e-92,3.3161871997796552e-06,3.3161871997796552e-06,1.0997097543982431e-11,1.2892406477248317,0.0018697360606256277,0.03938391930955387,0.018436176480168848,1.2892420035272198,0.04348546542684557,5.499539018913638e-06,3.024492942055358e-11,CALIBRATED,-0.0005430187150891134,-0.0005507209887300375,-0.001125443326851855,-0.0012047412939961268,0.0,0.0,-0.000749079906215329,-0.000792657106527637,-0.0014223529116700548,-0.0015122913803738427,0.0,0.0
21098645,117,57,92,2.0722154444828895,46.24213077623865,-182.83606696925725,389.47943696543234,493.2807794746483,24,transition,False,2,2,2,2.773297662571641e-44,3.3482893098467228e-06,3.3482893098467228e-06,1.1211041302433843e-11,1.851721016909416,0.006775081105973722,0.18456920705412927,0.003798194171396584,1.851733411209085,0.18460828386492756,1.059509051064588e-05,1.1225594292877837e-10,CALIBRATED,0.0006560639903081929,-0.00013977692991598087,-0.0013227761950834617,-0.0010717251970777757,0.0,0.0,0.0006404789561072137,0.00034566738821959717,-0.0025702562174782077,-0.001859885547732911,0.0,0.0
21098645,118,58,71,3.4391795039260558,-204.37422288403923,-137.84366662173096,204.65111265543362,262.57263880822154,12,transition,False,3,3,2,9.421329222443615e-13,0.0002313029911000862,0.0002313146682353213,5.350647574081677e-08,1.4142675236886617,0.002819464861749759,0.16928786170828206,0.008505857249521406,1.4142703341096303,0.16950141512480557,0.0004554064612153033,2.0739504491664554e-07,CALIBRATED,0.006015687427090022,0.013918934376934875,-0.0011776281986316855,-5.1289874638626956e-05,0.0,0.0,0.008324613008555698,0.01960890684745842,0.00033525057297290544,0.0012188760290153607,0.0,0.0
21098645,119,58,115,4.49728695944971,-194.3224435439397,-124.86398215989573,221.0585464177488,254.17110821072725,12,transition,False,3,3,2,9.300747551644953e-15,0.0001700382825496222,0.0001700379524741591,2.8912905281604393e-08,1.2627105793298796,0.001686043989217869,-0.06461991356945174,0.026135173808756185,1.2627117049809644,0.06970495348063371,0.0002700972705150063,7.29525355396565e-08,CALIBRATED,-0.001711244556809101,-0.0015833796468909512,0.011397529905065859,0.0058905700486363176,0.0,0.0,-0.0019128470797566874,-0.0009782528934043078,0.014414941213272746,0.0075954445333311195,0.0,0.0
21098645,120,59,63,2.4343638912013468,-210.10410980746005,-178.3243318899927,169.51706000031396,159.24852303697378,7,transition,False,2,2,2,5.608230983024165e-09,0.00437859989902588,0.004385121878430697,1.9229293888691562e-05,1.6789480561375831,0.005082498980927635,0.19603431429579685,0.004447640393415955,1.6789557489713836,0.19608476199463437,0.012357807613398816,0.00015271540900977775,CALIBRATED,0.043582262211062775,0.016201390227273953,0.04372462973496808,0.017645962944549193,0.0,0.0,0.0721274216568419,0.02809596091174479,0.07425347936001851,0.029197267713126192,0.0,0.0
21098645,121,60,128,2.8478443034734617,60.69802808032517,-104.78343697308196,433.131517675481,465.455469032575,22,transition,False,3,3,2,1.356098928651547e-54,4.900823951482424e-06,4.900823951482424e-06,2.4018075403423803e-11,1.5409873279225172,0.0038462583375532037,0.2001787290657438,0.005498225200041407,1.540992127987998,0.2002542235527801,1.1121593044637718e-05,1.2368983185053407e-10,CALIBRATED,-0.001349110404385865,0.00034983394992854156,0.0016294920854599644,-0.0005505422955241157,0.0,0.0,-0.002434729996306636,0.0007101682103427463,0.0020737600410523373,-0.0006235890432613405,0.0,0.0
21098645,122,60,170,2.1713664255678005,40.99338863495589,-100.05512601982264,418.01790212626184,445.1914679433845,21,transition,False,4,3,4,6.698908062575723e-51,3.169910633668272e-05,3.169910633668272e-05,1.0048333425443186e-09,1.804418291409147,0.006311676720877543,0.1877081867779297,0.0039760031076452335,1.8044293301858438,0.18775029156880196,0.00010314595270559812,1.0639087559545483e-08,CALIBRATED,-0.0047211727982649715,0.0028495646355248894,-0.0010159171118561956,0.0005074717286798159,0.0,0.0,-0.008519079231661593,0.005064534510478662,-0.0019154321077635103,0.0011193086182950214,0.0,0.0
21098645,123,61,64,4.063005327200706,-124.01544866018244,-163.31742994058152,244.41985113429212,309.95353808302434,14,transition,False,3,3,2,7.0168036039693e-18,0.00010483372198678242,0.00010483372076560882,1.0990109009561642e-08,1.3057731812726638,0.001984206000461793,0.10419516783624205,0.013638453016939566,1.3057746888358592,0.10508396833541221,0.00017650362432078385,3.11535293983724e-08,CALIBRATED,-0.0002305022940228115,-0.0005011311270250733,0.006985516531559423,0.007465387855891726,0.0,0.0,0.0004909974392563455,0.00047618398585972234,0.00905902160687925,0.009693808445246544,0.0,0.0
21098645,124,61,126,3.799746587524538,-112.27193482802716,-155.79893587442422,258.3514454780128,304.51319735922874,14,transition,False,3,3,3,6.837799065328917e-20,5.190492981245693e-05,5.1904930316591514e-05,2.694121791170221e-09,1.3485301852564746,0.0023102649636278037,0.14318428622158622,0.0106401066983489,1.34853216419634,0.14357907818111026,9.376265419440186e-05,8.791435321578984e-09,CALIBRATED,0.0009639586197481698,0.0063609668967778525,-0.0006507550495793196,-0.0031765283092628142,0.0,0.0,0.0013955723387456273,0.008825479939063931,-0.0005994893389315733,-0.0036832795738875736,0.0,0.0
21098645,125,62,69,3.0142500900140305,-83.17163285523617,-128.38113103230367,297.9700630499816,310.795671623682,15,transition,False,4,4,4,3.2079112946696167e-26,9.02603562469918e-05,9.026035624692911e-05,8.146931909822555e-09,1.4917391786532395,0.0034195585034477176,0.20005100548133348,0.005990637728145918,1.4917430980263993,0.20014068185774325,0.00020066646262155685,4.026702922104867e-08,CALIBRATED,-0.0001751066484380112,0.009281398781301763,-0.0002950986740997716,0.001999561787891692,0.0,0.0,-0.00036566016236861537,0.013798172455394797,-0.00013512104551266998,0.0031819702169343586,0.0,0.0
21098645,126,62,102,3.952025251239867,-60.258583621193516,-128.29603719427527,316.81870581284164,333.7088788667314,16,transition,False,4,4,4,1.5097309111821256e-29,3.8602158155563245e-05,3.8602158155553e-05,1.490126614266327e-09,1.3207672681516978,0.002095214051946859,0.13215993659533826,0.011541466442169942,1.3207689300338732,0.13266293487074513,6.5878870745969e-05,4.340025610764091e-09,CALIBRATED,-0.0013193582912750881,0.005665108690252138,0.0002949332569796956,-0.0021635641327110524,0.0,0.0,-0.001755081920806319,0.007710149516170282,0.00039107396614014583,-0.0017886346157151211,0.0,0.0
21098645,127,62,112,3.31939044204735,-76.470123207442,-136.523058383134,298.77326214265446,320.5737086835754,15,transition,False,4,4,4,2.3366657774284235e-26,9.403334876117157e-05,9.403334876142009e-05,8.842270679286866e-09,1.436107049422973,0.0029886333213218637,0.1779600976429225,0.007796808223917932,1.4361101591909609,0.17813081308846895,0.00019388587117820703,3.759173104253229e-08,CALIBRATED,0.000812893175260121,0.003512577443096981,0.0019441088894464188,0.00878947061996667,0.0,0.0,0.0011592510395690254,0.005228344391949133,0.0027646966616112316,0.012552405167692562,0.0,0.0
21098645,128,63,76,2.526845255497303,-225.18740146794136,-194.97722287700526,147.04876148213847,136.78022391264153,6,transition,False,3,2,3,6.182196723698603e-07,0.01158628269577028,0.011693210340243338,0.00013673116806117372,1.6394039183209084,0.004704000613414906,0.19827174250978413,0.004637342509602364,1.6394106669860724,0.19832596608466954,0.031423414950250556,0.0009874310071356302,CALIBRATED,0.06838995335887474,0.017010046949287733,0.07921223317572515,0.02126276176586308,0.0,0.0,0.11097456785470995,0.02905285850319756,0.1306625653505804,0.034515006424878654,0.0,0.0
21098645,129,64,72,2.5035030887273884,-135.31440102862877,-179.16984403951682,226.15020842389558,329.42057066091206,15,transition,False,2,2,2,2.0639395241259404e-15,0.0006447916174945454,0.000644793069668971,4.1575810269313443e-07,1.6465605017453433,0.004766373269580096,0.19813307169908284,0.004574741491137494,1.6465674004491957,0.1981858783077761,0.0017441373131024175,3.0420149669561203e-06,CALIBRATED,0.015982360475672443,0.018225808957026923,0.004713074020178681,0.005913040202544561,0.0,0.0,0.02572028337058422,0.02975608392853612,0.009132327644137113,0.010666789464375374,0.0,0.0
21098645,130,65,66,3.1443547272298957,207.61933842390692,-94.43314714595604,571.3482765496871,669.0762377472163,31,remote,True,2,2,2,1.8508737744550342e-94,1.9635280318117652e-07,1.9635280318117652e-07,3.855442331710584e-14,1.4680189530494505,0.00323582218632653,0.19063196427313647,0.006760746157059172,1.4680225192610725,0.19075181123972207,2.8650786118413026e-07,8.208675452030486e-14,CALIBRATED,-2.6218629868646764e-05,0.00011423133708769532,0.0003398362674088296,0.0002590905239675492,0.0,0.0,-0.00018717441052961087,-8.132147614883933e-05,0.00042338477091771325,0.00025613620302282947,0.0,0.0
21098645,131,66,93,2.184531247249023,223.77837980091743,-106.5050004815523,582.2079271564027,689.2466185363854,32,remote,True,3,2,3,4.681134396244915e-98,5.496324386885942e-06,5.496324386885942e-06,3.020958176587712e-11,1.7981376480969686,0.006250147969176506,0.18812496639899481,0.0039996117791220856,1.798148510511113,0.1881674782660559,1.7709713644776817e-05,3.1363395737999417e-10,CALIBRATED,-0.0013126440354582069,-0.0018796785395463378,0.00021972353027476017,0.0004379728088300437,0.0,0.0,-0.0023514497548785796,-0.0034230133679940874,0.00037415407019567834,0.0005686702993370251,0.0,0.0
21098645,132,67,70,2.741725351515882,222.94829440089734,-35.01289562627359,609.4250074885316,673.4484589172714,30,remote,True,4,4,3,2.278809250414746e-107,5.911084715179601e-06,5.911084715179601e-06,3.4940922510029905e-11,1.5735228307352587,0.004129819027025758,0.19954829911278438,0.00521362632212013,1.57352825022314,0.19961639606563375,1.4623515362334773e-05,2.138472015524411e-10,CALIBRATED,-0.0006513768959633049,-0.0023404476728547227,5.877564979560616e-05,7.511969252350861e-05,0.0,0.0,-0.0010160837919586888,-0.0036861899525012106,2.140241246723471e-05,5.132894771307069e-05,0.0,0.0
21098645,133,67,74,3.4923233451897246,213.6789249930772,-46.44226807964144,596.0952825943272,667.3595906120152,30,remote,True,4,4,3,9.37093354952827e-103,1.6907334100440459e-07,1.6907334100440459e-07,2.858579463839168e-14,1.4045785231180314,0.0027444140881538984,0.1654404659387227,0.008820423440072136,1.4045812042787404,0.16567542859363255,2.870577345560544e-07,8.240214296845418e-14,CALIBRATED,9.337095870402573e-05,0.00018303274056595683,-0.0003153714784089471,-0.00016551450559442157,0.0,0.0,8.651125841566452e-05,7.409343534859281e-05,-0.00045053226847148546,-0.0002666540354608829,0.0,0.0
21098645,134,67,121,5.00125377144996,202.52362967709166,-43.50416020112918,587.35116716925,655.8238595345053,29,remote,True,4,4,4,8.772637604341483e-100,3.5616769154927304e-06,3.5616769154927304e-06,1.2685542450353811e-11,1.2127849911270896,0.0013403994407842049,-0.2733298760058125,0.05991918645383657,1.212785731847879,0.27982053181037747,5.238512372909318e-06,2.7442011881124015e-11,CALIBRATED,-0.0007234167924692684,-0.001150656472729861,-0.0006969471164728347,-0.00110842205791444,0.0,0.0,-0.0008823905388755405,-0.0014059862883007627,-0.0008368444765821606,-0.0013352127878867946,0.0,0.0
21098645,135,68,84,3.1120180578237786,162.8382382579205,-7.48649616014155,569.9378742700358,607.5648780258888,27,remote,True,4,2,4,5.365041856585698e-94,3.4151365850060056e-06,3.4151365850060056e-06,1.1663157894246483e-11,1.4739144623103204,0.0032814886642614214,0.19297300628508807,0.006569340668326942,1.4739181152205758,0.19308479326845285,7.265088119270211e-06,5.278150538076117e-11,CALIBRATED,-0.0005883929369427951,-0.0015915930272406085,0.0004029478920630522,0.0006110605278389821,0.0,0.0,-0.0009416786661016381,-0.0023997632564670764,0.00031492834616444863,0.0007213084352563119,0.0,0.0
21098645,136,69,112,1.090397108226977,-87.67682776804384,-139.13527960133388,288.05690199827023,309.0665836385684,14,transition,False,4,4,4,1.4938580082886633e-24,1.807730009384897e-05,1.8077300087597576e-05,3.2678877845705536e-10,3.031030151437241,0.022477575709342626,0.13922002199812786,0.002674584636164803,3.0311134951254193,0.13924571062742008,0.00012605840561980943,1.5890721627408402e-08,CALIBRATED,-0.0025573622271974007,-0.0008733995134656484,0.0024679658448504404,-0.0021641433420712106,0.0,0.0,-0.006856349781344113,0.0018778506019945965,0.008249703076094588,-0.002732205989404164,0.0,0.0
21098645,137,70,79,2.560985364415764,242.8438212892143,-42.527275909862425,624.1557209776917,694.7157554358732,31,remote,True,3,3,3,1.3803644881208447e-112,1.7083662913015533e-06,1.7083662913015533e-06,2.9185153852554237e-12,1.6289367436150377,0.004612774751822751,0.19847456158085922,0.004728902372483294,1.6289432747613017,0.19853088956724782,4.320298949952229e-06,1.866498301695833e-11,CALIBRATED,-4.8211062482666213e-05,-0.0007765891055172576,0.00010652167917564765,0.0010447987738379826,0.0,0.0,-0.00012081025671714337,-0.0015285244381804599,0.00011577054444368199,0.0013985399725243784,0.0,0.0
21098645,138,70,81,3.782484948813611,245.52166556525,-31.154139340866063,631.4178814461392,696.3492686364451,31,remote,True,3,3,3,3.325287381744211e-115,4.321387410027241e-06,4.321387410027241e-06,1.8674389147541946e-11,1.3516772672765793,0.0023346421879304247,0.14443395794596503,0.010537932527215518,1.3516792834938425,0.1448178726189725,7.891311922708302e-06,6.22728038614782e-11,CALIBRATED,-0.00030142594817674585,-0.0019195777337781418,-9.799071960808501e-05,-0.0007322219271825001,0.0,0.0,-0.0003995467600649707,-0.0026141463970964745,-0.0001403046631151933,-0.0009371379435736988,0.0,0.0
21098645,139,71,87,3.218031130576641,-223.2720327406713,-147.78454569435945,185.78754540323928,283.9255846029835,13,transition,False,2,2,2,1.227139625462309e-10,0.0006139214000732484,0.0006141881491232419,3.772270825234336e-07,1.4545865270694223,0.0031317749263721755,0.18529809536542538,0.0071968475938988296,1.454589898475193,0.18543780294574266,0.0012942011329360062,1.674956572492842e-06,CALIBRATED,0.012045522425598972,0.009538015283566589,0.013514724727486799,0.013981130805780381,0.0,0.0,0.016450247810031,0.015113719408345999,0.02043928301766835,0.01942682875031373,0.0,0.0
21098645,140,72,95,2.0941725129206787,-153.72699104506717,-190.79803945566508,204.3785766370411,351.1975860613194,16,transition,False,3,2,3,1.0141935705195358e-12,0.0010487245745713198,0.0010487599433295523,1.0998974187326058e-06,1.8412457884271693,0.006672459813813085,0.18526433676304555,0.003837570110387229,1.84125787849523,0.18530407826219933,0.003554567401141487,1.2634949409257745e-05,CALIBRATED,0.01756070079632759,0.01432090295418011,0.017653528538210655,0.014954811921216166,0.0,0.0,0.03241004243601705,0.02708908735670012,0.032231522119491034,0.02704564435318359,0.0,0.0
21098645,141,73,78,1.388091759395511,155.1169729476186,-86.2265765156824,526.199708444369,609.297099161242,28,remote,True,3,2,3,3.131760881541702e-80,5.145945648995169e-06,5.145945648995169e-06,2.6480756622412316e-11,2.4996491373531384,0.014763589336982748,0.15396055769832312,0.0029412747767778675,2.499692735805823,0.15398865030933673,3.133963353728197e-05,9.821726302511286e-10,CALIBRATED,-0.001391924342805388,-0.0009855691300946878,0.001243589080138808,0.000831042695933773,0.0,0.0,-0.0038546921592061407,-0.0027107196636103666,0.002474767230243529,0.0017345051041912603,0.0,0.0
21098645,142,74,85,1.551068334039254,224.84063642613853,-63.830993436201084,599.0013910266263,678.1282400872991,30,remote,True,3,3,2,9.430472789680412e-104,3.1511874942891357e-06,3.1511874942891357e-06,9.929982624164241e-12,2.2576383227781354,0.011378507161687628,0.161828560116746,0.003105584076665891,2.257666996459332,0.16185835635492077,1.5543459631736812e-05,2.415991373234319e-10,CALIBRATED,-0.000483929856872042,-0.0012014535640863923,0.00045117185010303137,0.001126921773210392,0.0,0.0,-0.001210780279482797,-0.0030557673109743834,0.0008008116623442082,0.0020244647611618884,0.0,0.0
21098645,143,74,121,3.0714621550194856,204.6244091988521,-55.060934813437264,584.2188556384034,656.0916847405125,29,remote,True,4,3,4,9.9275636291784e-99,3.953271446798185e-06,3.953271446798185e-06,1.5628355132069817e-11,1.481308473658948,0.003338762504596737,0.1959090870268949,0.006329284331672677,1.4813122363191578,0.19601130125547006,8.646805410749819e-06,7.476724381137235e-11,CALIBRATED,-0.0008457951519440126,-0.0016924045948907998,0.00030457198068153984,0.0005300043429278874,0.0,0.0,-0.001273193490932166,-0.002536411131364544,0.0003508296573432875,0.0006850699742480381,0.0,0.0
21098645,144,75,110,1.7243394347616139,45.35768731126086,-28.092328499538407,460.9407193632453,477.2189481827379,22,transition,False,4,4,2,9.841991397375964e-62,6.557951426950814e-06,6.557951426950814e-06,4.3006726918246224e-11,2.114266532940705,0.009732022535373164,0.16972320887594977,0.0033229219050374594,2.114288931195483,0.16975573463402127,2.6449566025815293e-05,6.995795429539626e-10,CALIBRATED,-0.0011844484633447038,-0.0015863329227137398,0.001539047026388151,0.0005195338040122681,0.0,0.0,-0.0032021425785898655,-0.0030023704278147605,0.0020534761284182893,0.0017218758771748862,0.0,0.0
21098645,145,75,180,3.035771330521378,28.548103765235524,-31.283123976366827,445.62716895386467,460.1092060816496,21,transition,False,4,4,3,9.53539464053823e-58,2.9162606359563288e-05,2.9162606359563288e-05,8.504576096828411e-10,1.4878155008272087,0.0033891657860525754,0.19849295608718395,0.006118025107028339,1.4878193609932768,0.19858721974849985,6.441689665592174e-05,4.149536574779702e-09,CALIBRATED,-0.00304102300370316,0.001728963321579017,-0.003751984573631645,0.0016876264522624996,0.0,0.0,-0.004653531322082826,0.002348403323689849,-0.005482726032285029,0.002680720047767453,0.0,0.0
21098645,146,76,77,3.5868316143323113,-244.15318564057912,-205.17159087662827,126.96395721320164,118.41775467860288,6,source,False,3,3,3,2.3517876906191505e-05,0.005703449311358267,0.006429470513847664,4.133809108843654e-05,1.3873481037151756,0.002610947659275225,0.158598455533725,0.009379831745772659,1.3873505605757233,0.15887558447181857,0.01232056889919251,0.00015179641799974972,CALIBRATED,0.07727966465647713,0.020651017920364202,0.005361214426806374,0.0014549168885890499,0.0,0.0,0.10629442542111486,0.02862942953661401,0.013749642194575244,0.003656108247408571,0.0,0.0
21098645,147,76,98,4.02378768177223,-237.1854310388672,-214.6176440525761,124.51263822064658,113.76503637183227,5,source,False,4,3,4,3.53511411242987e-05,0.02044488792608827,0.02097185061291188,0.00043981851813029244,1.3096619339363993,0.0020111314128414283,0.11943995258862083,0.01250994117430395,1.309663478093357,0.12009330082297069,0.03581245642523733,0.0012825320352095227,CALIBRATED,0.0472875756579883,0.00737936875028168,0.13525680365571097,0.019669209007728988,0.0,0.0,0.07245389392882151,0.010691707761194512,0.1726020607372868,0.025634072914377023,0.0,0.0
21098645,148,77,98,3.4757342626391043,-248.86965103169118,-216.21878725666784,115.45278182108939,106.40586083771679,5,source,False,4,3,4,0.00014881747984340078,0.0019523025351274527,0.0011440285487091131,1.3088013202614797e-06,1.4076029870347764,0.0027678415154731347,0.16664144736024744,0.008722230227489143,1.4076057083060864,0.16686955767442857,0.0020737114725859077,4.3002792715344134e-06,CALIBRATED,-0.027028950885001495,-0.0016002808030943319,0.020236325874553932,-0.0011809230353401173,0.0,0.0,-0.02830607542412995,-0.0003878574656398591,0.03566926263378544,-0.0001756030118173979,0.0,0.0
21098645,149,77,157,1.6849212742595476,-265.2821550061724,-212.0977375505106,108.97174272030774,102.76166698394348,5,source,False,3,3,2,0.00038931010193525345,0.016065695599584505,0.0205035173688195,0.000420394224493483,2.1468827753476596,0.010106588143796478,0.16792722252507888,0.003273478822110155,2.1469065639213034,0.1679591251721268,0.0944967889205366,0.008929643116292449,CALIBRATED,0.122323903411943,0.020847106240802382,0.07049798523271733,0.011653851826645498,0.0,0.0,0.2637009226697925,0.04591249796340857,0.1489335171577764,0.02587396957196641,0.0,0.0
21098645,150,78,94,4.229916728829185,174.68508929342013,-97.93709896071441,539.4953128371166,632.1016494365363,29,remote,True,3,3,2,2.675035467461334e-84,1.920263965628036e-06,1.920263965628036e-06,3.687413697689511e-12,1.289222540595514,0.0018696106883106336,0.039312935291591924,0.018441431149631822,1.2892238962351257,0.043423418383258416,3.167123430497532e-06,1.0030670824006456e-11,CALIBRATED,-0.0009455958938188385,-0.0006363803588452198,0.0006285445526126063,0.0004754620442033582,0.0,0.0,-0.0012652025602551333,-0.0008811888512187436,0.0007269544226975661,0.0005113016603040003,0.0,0.0
21098645,151,79,81,3.3682763920439314,254.04704352398642,-38.541117465514674,635.999400702249,706.60699791028,32,remote,True,3,3,3,7.153401541841947e-117,1.6399131835697985e-06,1.6399131835697985e-06,2.6893152496460315e-12,1.4271943328005017,0.0029195956251754957,0.17442095570783775,0.008086171331593606,1.4271973190895797,0.17460829292115362,3.320179485965113e-06,1.1023591819023563e-11,CALIBRATED,-7.126544523012038e-05,-0.0001936488324301744,-0.0002012020291450052,-0.001247738872141248,0.0,0.0,-7.32756822530796e-05,-0.0003955574581866979,-0.0002900732564211771,-0.0017533402303995514,0.0,0.0
21098645,152,79,174,1.9238062734213344,262.3304730172417,-50.03171778756501,638.883360733352,715.5974757544975,32,remote,True,3,3,3,6.292068162222582e-118,6.497370198408902e-06,6.497370198408902e-06,4.221581949517214e-11,1.9492192887514863,0.007836616538968617,0.1788113985611443,0.0035731176351142834,1.9492350418047661,0.17884709509809424,2.4565241091250343e-05,6.034510698712543e-10,CALIBRATED,-3.1736718713287624e-05,-0.0025403848027742582,-2.8678295541342083e-06,0.00020688114578534613,0.0,0.0,-4.188474107172213e-05,-0.004955423719831898,-7.667050174516514e-07,8.521695140353578e-05,0.0,0.0
21098645,153,80,105,2.440941482949821,7.190711935851172,-147.27086694272558,366.3152271921532,458.46624039471374,22,transition,False,3,3,3,2.951291807368822e-39,7.257692018962894e-06,7.257692018962896e-06,5.267409344211771e-11,1.6758100335630566,0.005051757128186863,0.19624255154069326,0.004459436087004428,1.6758176478485645,0.19629321334528033,1.831079120681187e-05,3.3528507461945884e-10,CALIBRATED,0.0008512930364957466,-0.0011656669840869251,-0.001449332820144947,0.0017531819767602947,0.0,0.0,0.0007370101930935182,-0.0009188398279404594,-0.0026073226394991195,0.003182013388757787,0.0,0.0
21098645,154,81,88,2.6916677850281516,268.05202751036023,-27.81902060268208,653.212647738645,719.1251380243622,32,remote,True,4,3,4,3.0374416083446604e-123,3.882914194918818e-06,3.882914194918818e-06,1.5077022645102053e-11,1.588870212755311,0.004263577962679902,0.1992509178373008,0.00507937766067865,1.5888759331924414,0.19931565000377316,9.737879024780214e-06,9.482628790125446e-11,CALIBRATED,0.00013945559540728478,-0.0019465633021603635,9.03060516520528e-06,0.00027253640248838147,0.0,0.0,0.00022851168108809712,-0.003105030362681081,-1.0553563591443448e-05,0.00021056235539768981,0.0,0.0
21098645,155,82,86,1.9601569442707074,-75.11979993576128,-22.879384249262323,375.3697960448959,387.4206631559438,18,transition,False,4,4,4,3.4810077977989436e-41,3.7330610202161095e-05,3.7330610202161095e-05,1.393574458065694e-09,1.9191412161834775,0.0074911993259412024,0.1804676226938522,0.003618713096961736,1.9191558367473802,0.1805039000278075,0.00013610717725964734,1.8525163701589063e-08,CALIBRATED,-0.006040038129475922,-7.628257201241364e-05,0.0006858414815040571,-0.0006102065454365379,0.0,0.0,-0.011582347852275724,-6.340779614651401e-05,0.0013933770688492459,-0.0001042846293764736,0.0,0.0
21098645,156,82,136,2.1771169175153524,-71.19421883294973,-32.81594481241359,370.6541627461751,376.7367770268275,17,transition,False,5,4,5,3.5632424078009804e-40,4.1220212252573775e-05,4.1220212252573775e-05,1.6991058981472332e-09,1.8016748597344405,0.006284800504870423,0.18789023921379802,0.003986315550799225,1.8016858213674496,0.18793252167596963,0.0001330387925129523,1.7699320313304373e-08,CALIBRATED,-0.0016986681956602022,0.0037140850617574835,-0.002727929904373906,0.0041350585490992475,0.0,0.0,-0.0035794599844391904,0.006321357838912955,-0.004539730092134014,0.007723829652169806,0.0,0.0
21098645,157,83,111,3.4959545805611043,-34.3433757180151,-195.1354639864158,309.3531807640268,423.32314100357735,20,transition,False,4,4,3,3.32031062450678e-28,6.547801163454869e-06,6.547801163464892e-06,4.287370007627219e-11,1.403916488896402,0.002739285986435045,0.16517757941652333,0.008841917254794725,1.4039191613062758,0.1654140630135253,1.2743474955733454e-05,1.6239615394740576e-10,CALIBRATED,0.00027500954319630526,-0.0004197476938605133,-0.0016463293189171741,0.0018935634559708702,0.0,0.0,0.00022436939634561302,-0.00027140808875242224,-0.0023304739279409246,0.002681112129371749,0.0,0.0
21098645,158,83,130,1.1649122908068605,-44.35997966115765,-188.9777027572562,302.2850971409485,422.1420456350338,20,transition,False,4,4,2,5.7876603198753756e-27,0.00011621816587411356,0.00011621816587402853,1.350666207912321e-08,2.898021536305812,0.020546707617830586,0.142909687582356,0.0027413391594390117,2.8980943725293407,0.14293597778471895,0.0009752061818667469,9.510270971511185e-07,CALIBRATED,-0.0005590292588615925,0.009010222573655295,-0.00016940171027955516,0.005890063191130643,0.0,0.0,-0.0015930863414017815,0.026524801236120867,-0.0009565694997146602,0.016376451140344243,0.0,0.0
21098645,159,84,97,2.6425119946018896,179.07810847618782,-0.5903995212893314,587.4005045833416,625.2082771756716,28,remote,True,4,4,2,8.442828439190188e-100,5.952655168838645e-06,5.952655168838645e-06,3.543410355910144e-11,1.6039411150604477,0.004394927260498176,0.19895889382015353,0.004947547459375495,1.6039471362756872,0.19902040010009497,1.5210165297975474e-05,2.3134912839173733e-10,CALIBRATED,-0.0008357561816135825,-0.0005520085496077,-0.0016145014547247526,-0.0015306333289148617,0.0,0.0,-0.0013222494111334263,-0.001142190356009815,-0.0025908919133766023,-0.0023333456830419877,0.0,0.0
21098645,160,85,109,3.807488150297882,244.97250442869336,-74.03712948402799,613.6012609093491,700.6994013843844,31,remote,True,3,2,3,7.782307556697719e-109,1.8161430512271542e-06,1.8161430512271542e-06,3.2983755825206775e-12,1.3471187704180863,0.0022993321770402152,0.14262382888249087,0.010685930143787062,1.347120732726357,0.1430235843074139,3.2812034525505285e-06,1.0766296097029508e-11,CALIBRATED,-0.00044082706704208935,-0.0011370923346524855,0.0001743106568846646,0.000546307024997135,0.0,0.0,-0.0005915666070457091,-0.0015727556371463863,0.00023271379031953397,0.0006352451492127555,0.0,0.0
21098645,161,86,113,2.4814295930903363,-96.25812072131926,-26.204629110588087,359.127121716146,370.3144081978102,17,transition,False,5,4,5,9.274774473760326e-38,3.143186353195858e-05,3.143186353195858e-05,9.879620450916674e-10,1.6564940576741107,0.0048625268494939655,0.19752434780125913,0.004532044020037768,1.6565011944689332,0.19757633309005493,8.449881819371074e-05,7.140050276133782e-09,CALIBRATED,-0.0036843605640498977,0.003486339250711765,-0.002217179531938642,0.0008870762752612463,0.0,0.0,-0.006419912804555393,0.005376454433533538,-0.003015786030457799,0.002298327678606688,0.0,0.0
21098645,162,86,135,2.08558663124359,-93.81610892675184,-13.741293393409842,370.3627839113303,382.25687855023074,19,transition,False,4,4,3,4.110011111200817e-40,4.541917910690497e-05,4.541917910690497e-05,2.062901830745113e-09,1.845341921412493,0.006712587860712313,0.18499251990152352,0.0038221729204547107,1.8453541301761403,0.18503200108454057,0.00015331479617379425,2.3505426725812078e-08,CALIBRATED,-0.003095320054606372,-0.0035551442444877474,0.003784142349935177,0.0029798303546962725,0.0,0.0,-0.006252204894625793,-0.006094794468121788,0.006400758213201167,0.0060090352650738685,0.0,0.0
21098645,163,86,136,1.3677722582326552,-82.09506283394279,-31.499235535365752,364.2924354293595,379.71184105661007,17,transition,False,5,4,5,7.840834194248339e-39,5.377687834379432e-05,5.377687834379432e-05,2.8919526444032544e-09,2.5359191781187977,0.01529011661736268,0.15295442496760212,0.0029230715252211528,2.5359652729516804,0.15298235344088346,0.00034046439027352423,1.1591600104432262e-07,CALIBRATED,-0.0006184543262946923,-0.0027865379967196005,0.003649958596407496,0.005683959960048157,0.0,0.0,-0.0032290023339204533,-0.005969546758819414,0.00849619478159602,0.01490694871288252,0.0,0.0
21098645,164,87,107,1.279960805692145,-241.09707397201979,-157.58929278958072,168.16730345365747,304.26926078258595,14,transition,False,3,2,3,7.580545844952463e-09,0.0005388185051490265,0.0005394310967486226,2.9098590813942185e-07,2.692661459231393,0.01756552313063301,0.14860638631128578,0.002844405521201456,2.6927187527911243,0.1486336055381425,0.0037026494696294106,1.3709613094946956e-05,CALIBRATED,0.0035614923955498,0.022444397823226516,-0.004770336086199835,-0.0004896617633714397,0.0,0.0,0.008355593487385998,0.060159911291200054,-0.00018365406098894165,0.003685766097270079,0.0,0.0
21098645,165,88,89,3.377057410061063,291.0031341330247,-27.243236560515683,674.3182710928395,742.0834659789002,33,remote,True,4,4,3,2.7378030459293665e-131,3.6396725777279736e-06,3.6396725777279736e-06,1.3247216473064991e-11,1.425593408092094,0.0029071948995321377,0.17378524607962476,0.008138147465066947,1.4255963723922054,0.1739756914029052,7.3660959960204406e-06,5.4259370222588364e-11,CALIBRATED,0.0004371981860985129,-0.0018554308283853203,1.0237284863283473e-05,-7.617061688167793e-05,0.0,0.0,0.0006240347096402874,-0.002628164598723183,5.86485778453902e-05,-0.00025688102989423795,0.0,0.0
21098645,166,88,91,2.888951054785366,286.67608448410164,-37.28657994803099,666.2920394943266,740.0174853821597,33,remote,True,4,4,4,3.365183140974338e-128,4.797676067227736e-07,4.797676067227736e-07,2.3017695646049797e-13,1.5283842179383011,0.0037364168952004756,0.20042293546637088,0.005608468800101022,1.5283887851113298,0.20050139147457,1.1179972368449243e-06,1.2499178215928858e-12,CALIBRATED,6.481904074812722e-05,-0.00040971689434356683,-7.872382093028816e-05,0.0005490908168844792,0.0,0.0,0.00010081442384161691,-0.0006612179785044074,-0.00012219380912751324,0.000809748817043817,0.0,0.0
21098645,167,88,174,2.5175705821968215,276.3354570036155,-39.30962092473241,656.0099740320524,733.2355861293237,33,remote,True,4,4,3,2.6972431327336433e-124,2.18210404409631e-06,2.18210404409631e-06,4.76157805926147e-12,1.6422474835247534,0.004728783488737389,0.19821664366320985,0.004612468897813787,1.6422542916785658,0.1982703020990315,5.740452106710511e-06,3.2952790389437144e-11,CALIBRATED,4.121018965585591e-06,-0.00017003563042942762,0.00011238157462161782,-0.001463060261017648,0.0,0.0,4.431980536366364e-05,-0.000601509675369487,0.00018115814212577898,-0.002311678113306753,0.0,0.0
21098645,168,89,91,1.8716350613110144,298.3000513964279,-36.059756199700836,677.4447002588148,751.7060140871903,34,remote,True,4,3,4,1.6745842031311168e-132,4.454858624016261e-06,4.454858624016261e-06,1.984576535997205e-11,1.992387941960599,0.008332366253247127,0.17643435245688452,0.0035076781134843146,1.9924053652802107,0.17646921695476514,1.7389674787368535e-05,3.024007892104409e-10,CALIBRATED,0.0001784747212044614,-0.0005493849661153428,0.0005655351010614644,-0.0019497055178618883,0.0,0.0,0.0004611825263864455,-0.0015379652326988622,0.0010994903645318345,-0.003688193235994495,0.0,0.0
21098645,169,89,141,1.716962569679108,309.83404250114177,-17.89442963896892,695.3274359733917,763.1073405224943,34,remote,True,3,3,2,1.4962601690401756e-139,7.027786955546141e-06,7.027786955546141e-06,4.9389789492544493e-11,2.1203704610964036,0.00980212017368738,0.16938710113191383,0.0033136689376901183,2.120393117761439,0.16941951018611112,3.15579954416803e-05,9.959070762971146e-10,CALIBRATED,0.0006119262869075391,-0.0015743557361887223,0.0007621527482718981,-0.0018957479735368177,0.0,0.0,0.0013835859160499556,-0.003449667557329514,0.0015719439141977589,-0.003908000963294834,0.0,0.0
21098645,170,90,103,4.1098208120934885,-147.0170184848571,-84.27506368719696,282.048880565885,290.79339755154,13,transition,False,3,3,3,1.4381781227777068e-23,8.461543333489852e-05,8.46154333469175e-05,7.1597715604866385e-09,1.301131040226412,0.0019520641871856835,0.08599693123964874,0.014985597358294456,1.3011325045495004,0.08729284226568519,0.0001428582568210595,2.0408481541951794e-08,CALIBRATED,0.0015846410795894135,0.007006600286309251,0.0007933065035975828,0.005690567916740482,0.0,0.0,0.001709880354935299,0.008945933209120117,0.0014170315506238345,0.007608999053447459,0.0,0.0
21098645,171,90,122,1.382314523702533,-139.94740021987124,-65.9609805604025,300.8061558941016,310.42462632581083,14,transition,False,4,3,4,1.0437845823153459e-26,0.00011313546853663285,0.0001131354685365207,1.2799634240978066e-08,2.5099614266370986,0.014913291446948824,0.15367449428184415,0.002936099232664907,2.5100057309631625,0.15370254022456692,0.0006974478569224641,4.864335131257379e-07,CALIBRATED,-0.0005488527851485558,-0.002880465413354941,0.006858867443930727,0.007582419504736502,0.0,0.0,-0.003213580432045078,-0.004155661657591864,0.016726782978513724,0.019750087724022026,0.0,0.0
21098645,172,91,149,2.07510513570001,302.9845229329536,-52.47648586236547,675.4679457309354,756.8195388225153,34,remote,True,4,4,2,9.813387337228169e-132,1.862944143578943e-06,1.862944143578943e-06,3.470560882095081e-12,1.8503424095680834,0.006761575484880161,0.18466069058802206,0.0038033762978443623,1.8503547637005338,0.18469985468242314,6.013664952654806e-06,3.616416616278873e-11,CALIBRATED,8.114102764136068e-05,-0.0008913555010726411,-0.00016775597877630952,0.001016712141908707,0.0,0.0,0.00024337308983005351,-0.00195195888063685,-0.00019397537737199846,0.0014514353492586936,0.0,0.0
21098645,173,91,174,1.0733264088608756,283.63237426701875,-48.12614056391756,659.2222588665953,736.9844395738558,33,remote,True,4,4,3,1.6511839911876474e-125,8.722262979819504e-06,8.722262979819504e-06,7.607787148912983e-11,3.0615011239746295,0.022919918699919935,0.13837475570783478,0.002659291827925089,3.0615869177227566,0.13840030653950525,8.165547475472386e-05,6.667616557419345e-09,CALIBRATED,0.00033627604320698404,-0.002896134351818722,2.190324865149267e-05,-0.00047022065724361693,0.0,0.0,0.0010713484501191856,-0.008805893127832582,0.0002032696849851132,-0.001709565707865026,0.0,0.0
21098645,174,92,119,3.1811451050911295,52.623322918491,-204.49323879496868,389.4646116158821,515.8584831808433,25,transition,False,2,2,2,2.7945531616986993e-44,4.293145256561939e-06,4.293145256561939e-06,1.8431096193940276e-11,1.4613114591307734,0.003183866094073612,0.18796849206679886,0.0069785137993210785,1.461314927587553,0.18809798952863252,8.94996952905367e-06,8.010195457098916e-11,CALIBRATED,0.0007137057468854306,0.0003940828997784792,-0.0011314619128430725,-0.0015324039843697642,0.0,0.0,0.0007056511519118694,0.000766235564756406,-0.0017714891548290595,-0.0021741056125415296,0.0,0.0
21098645,175,93,101,2.7371634711973414,240.86127328621689,-117.8166024801368,594.6697535965951,709.735093091717,33,remote,True,3,3,3,2.8786513507633938e-102,9.937359640017977e-07,9.937359640017977e-07,9.875111661505823e-13,1.5749214788296595,0.004142008837653871,0.19952119795939402,0.005201391881467278,1.574926925516296,0.1995889849482087,2.288613629076963e-06,5.2377523431968265e-12,CALIBRATED,-0.000366343063440188,-3.809910479341292e-05,0.0007677078236836564,0.0005183646202625142,0.0,0.0,-0.0006988843728391898,-0.00034791873456458013,0.0011288195136088094,0.0006363122836415208,0.0,0.0
21098645,176,93,152,3.3913518034343895,245.93160274069086,-104.86362972388366,603.6345720182941,711.4605642593639,33,remote,True,4,3,4,2.3691813957191078e-105,4.048081568812944e-06,4.048081568812944e-06,1.6386964387763068e-11,1.4229873039366976,0.002887008077216659,0.17275039072695852,0.008222758075868896,1.4229902325668542,0.17294597782744506,8.187882003284073e-06,6.70414116997032e-11,CALIBRATED,-0.0006426226039606824,-0.0018051157650454727,-0.0002635783219839889,-0.0005542574317554432,0.0,0.0,-0.0009333637272694935,-0.0025738252191763733,-0.0002934501855893867,-0.0007784760019492693,0.0,0.0
21098645,177,94,190,2.1138296773083276,185.21629021766748,-115.02114876629763,543.0665148485724,652.1708036455834,30,remote,True,2,2,2,2.0760843912875354e-85,1.1953676656243064e-06,1.1953676656243064e-06,1.4289038560201037e-12,1.8318677929603737,0.006580587639921109,0.18588665476499652,0.0038728215970713544,1.8318796125889925,0.18592699418546987,3.546898457967335e-06,1.2580488671131058e-11,CALIBRATED,0.0002912945267481543,0.00023751408630129435,-0.00048698806389183653,-0.0009038500145191219,0.0,0.0,5.481192232645932e-05,4.822840392292237e-05,-0.0008870947378320068,-0.0016597081244315289,0.0,0.0
21098645,178,95,99,3.872659258061148,-169.18624352086692,-207.76954013859145,182.19431360310125,374.15450925544735,17,transition,False,3,3,3,2.941433184571078e-10,0.0009519961179958166,0.0009525721947540396,9.073937862185278e-07,1.335237000389946,0.002207296262107658,0.13790570843158356,0.011071687488675805,1.3352388248426308,0.13834943686861845,0.001698248455462124,2.8840478164794897e-06,CALIBRATED,0.01680322170265085,0.010032218893115747,0.0204743862337272,0.012262871914783122,0.0,0.0,0.02254606260146243,0.013532663673232427,0.027201629590776114,0.01633590763154746,0.0,0.0
21098645,179,95,143,1.4112565066633387,-157.84895763870128,-208.62377438351837,191.49017164599016,369.4936904094347,17,transition,False,3,3,3,2.9588746885297235e-11,0.00014081348453393936,0.00014074515942826682,1.9809199902488243e-08,2.4583003699303356,0.014163334868043635,0.15510757455854243,0.002962026945759989,2.4583411701499465,0.15513585429893761,0.0007183953377548269,5.160918613078717e-07,CALIBRATED,-0.006277676247693828,-0.005236184524451137,0.00680137998008807,0.0052592340078915665,0.0,0.0,-0.0077720303649057776,-0.006259122348284857,0.019452627211454937,0.015505146363810098,0.0,0.0
21098645,180,96,118,3.053055476683113,12.67463851374729,-262.93584202496186,339.0936000224696,500.225773131461,24,transition,False,3,3,3,9.632120119357127e-34,1.210152213443966e-05,1.2101522134439663e-05,1.4644683797033308e-10,1.484664315326841,0.003364756776287055,0.19724165491583698,0.006220332503064012,1.4846681281663865,0.197339714630347,2.651212698779317e-05,7.02892877416871e-10,CALIBRATED,3.8726761825386414e-05,-0.0002306871614586491,-0.0029651675309547033,-0.0018040474825426092,0.0,0.0,9.746245221170292e-05,8.073778213657092e-06,-0.004395301840308894,-0.0026802769642118437,0.0,0.0
21098645,181,96,178,1.9297784405344487,21.781196084313425,-257.10223253449914,348.87028574466257,497.1791318322509,24,transition,False,3,3,2,1.1283336228166358e-35,3.122695330530219e-05,3.122695330530219e-05,9.751226127315236e-10,1.944277666723082,0.007779866848474762,0.17908350488177566,0.0035806086582890954,1.944293231908791,0.17911929678039934,0.00011711351837767806,1.3715576186798738e-08,CALIBRATED,-0.00016681455408384393,0.004631822757283681,0.0006306826054375275,-0.003057381822107853,0.0,0.0,-0.0007753657791123554,0.00919563324375658,0.0005663683753188994,-0.005624222825957112,0.0,0.0
21098645,182,97,131,2.6872886048027986,195.16791769668657,6.558746205121617,604.8746714151596,642.8148738192455,29,remote,True,2,2,2,8.79578245638811e-106,2.8306693023681956e-06,2.8306693023681956e-06,8.012688699369647e-12,1.5902128459787943,0.004275279579979346,0.19922490206601262,0.005067633200755519,1.5902185930026926,0.19928934369270654,6.959989347880847e-06,4.8441451722614863e-11,CALIBRATED,-0.00023899943888191217,-0.0015201361599080877,0.0002520364708937236,0.0006318324487248632,0.0,0.0,-0.00043904463993491564,-0.002496259766667355,0.00015415705608512492,0.0007156479102200167,0.0,0.0
21098645,183,98,104,5.121884182127495,-253.0771452761553,-231.39991492568885,101.40231652354208,90.65245977253997,4,source,False,4,4,4,0.0011156694040983278,0.08162816870885944,0.09997436005618654,0.009994872668644027,1.205333376563972,0.0012922909594064108,-1.5524037535006825,1.9185950108986543,1.2053340693247785,2.4679878909200945,0.14837318149431006,0.022014600986743474,CALIBRATED,0.29133093562008916,0.02266230121600536,0.12038540419121321,0.009717024658981206,0.0,0.0,0.31700623031780917,0.04823159263401186,0.2115685273930866,-0.02815498397636987,0.0,0.0
21098645,184,98,172,2.843421744322466,-243.3070128466224,-236.99979200299862,104.79166893029864,96.37625497260773,5,source,False,4,4,2,0.0007028552516845085,0.01931586038809416,0.018375790287537164,0.00033766966869154514,1.5423432608924759,0.0038580758677771243,0.20015245558955422,0.005486364402806838,1.542348086253501,0.20022763463840063,0.04266645991777326,0.001820426801914952,CALIBRATED,-0.00447382434218185,-0.0006690289559230591,0.13464808280836196,0.015007377505117249,0.0,0.0,0.02108430487828383,0.002260471218146578,0.20414693918910473,0.023255741122671772,0.0,0.0
21098645,185,99,143,2.738844941567166,-165.470854730082,-217.80977730869074,180.3554199131373,381.4300200384653,18,transition,False,3,3,3,4.570780568479873e-10,0.0007873518134608422,0.0007883884681652125,6.215563767358903e-07,1.5744059490120559,0.004137515776908362,0.1995311872145327,0.0052059013924611415,1.574411385668103,0.19959908837604676,0.0019451019289112499,3.783421513854265e-06,CALIBRATED,0.024254950148514764,0.013558672820499315,-0.003593090379036969,-0.0018270069329373619,0.0,0.0,0.03831296887791501,0.021530031686802002,-0.0032348683823292174,-0.0017921235407957067,0.0,0.0
21098645,186,99,192,4.182317232571659,-185.33543829135175,-225.52766712820252,159.23966107419412,398.15758334845066,18,transition,False,3,3,1,5.2359263365987234e-08,0.001542005298568165,0.001553056767674886,2.4119853236207648e-06,1.2939424228281562,0.0019022907753427373,0.05781593481743165,0.017071726399557664,1.2939438211547645,0.060283713895834756,0.0025944579356450125,6.73121197983138e-06,CALIBRATED,0.024263082824893895,0.010526203850129116,0.026920644178505808,0.011350662052366517,0.0,0.0,0.03294452952723106,0.01412262867382177,0.03325085757060766,0.014284527994824468,0.0,0.0
21098645,187,100,180,3.367362086336687,11.11996363413696,-33.90967146040124,430.3206017197555,444.19777075053713,21,transition,False,3,3,3,6.748367555175796e-54,5.863830619769828e-06,5.863830619769828e-06,3.438450953735021e-11,1.4273610258416627,0.0029208868256043723,0.17448714768467818,0.008080759422019745,1.4273640144236548,0.1746741634586273,1.1529287702810712e-05,1.329244749341823e-10,CALIBRATED,-0.0016604896990483234,-0.0008440591286779836,0.0015160386637043002,0.0003095085403882771,0.0,0.0,-0.0026428352265988092,-0.0010905674351069728,0.0017165567049974228,0.0006393789297996296,0.0,0.0
21098645,188,101,106,2.481341131003397,254.41204959544376,-135.8332996517854,602.2793178676316,732.2789373858385,34,remote,True,3,3,3,6.980262422457157e-105,1.4938661388617857e-06,1.4938661388617857e-06,2.23163604083782e-12,1.6565362609662002,0.004862940296930934,0.19752154721679502,0.004531885379655143,1.656543398792863,0.19757352960356536,4.03454803700766e-06,1.6277577862922364e-11,CALIBRATED,-0.000680768039346098,-0.0002748442120439442,0.000811871668431557,0.0005438254026530559,0.0,0.0,-0.0011537171875354196,-0.000625978661284847,0.0013182074644258752,0.0007576044380420149,0.0,0.0
21098645,189,101,193,3.5795676606952043,258.4396048875303,-124.58708292186765,609.3626530996179,728.5722146153892,34,remote,True,3,3,3,2.396235201217459e-107,2.3314852834472416e-06,2.3314852834472416e-06,5.435823626931064e-12,1.3886724425145818,0.002621205956885376,0.15912433593358213,0.009336835338858354,1.3886749163573464,0.15939802627525995,4.494321061989007e-06,2.0198921808237995e-11,CALIBRATED,-0.00042254600400608603,-0.0014155063271567372,-0.00012970076960474629,-0.0003639501423119805,0.0,0.0,-0.0005905324868496268,-0.001971612348230405,-0.00014869025839113243,-0.000486033331500186,0.0,0.0
21098645,190,102,142,1.863501913948884,-50.99921509439796,-141.47752925391308,317.62544360725184,349.8174988707326,17,transition,False,4,4,1,1.0763023122859473e-29,4.0734678643160656e-05,4.073467864316203e-05,1.659314044161681e-09,1.9991176498545231,0.00840965035913363,0.17606378667030392,0.003497476524309073,1.9991353381347234,0.176098521625607,0.00015701733272360644,2.4654442775635732e-08,CALIBRATED,0.00020974136320614368,0.00024774715724163967,-0.00011784534519020634,0.006373022911022535,0.0,0.0,1.4599164458094794e-06,0.0026015865082759824,-0.00019369577902314972,0.01225608257876045,0.0,0.0
21098645,191,103,114,2.8747286721707823,-166.30284562010766,-97.4338500424306,259.7917309192294,267.4460896417734,12,transition,False,4,3,4,4.1747795716920756e-20,0.00015553527784509558,0.00015553527900732513,2.4191223015886473e-08,1.5327447243419607,0.003774420555675241,0.20033844333902434,0.0055703259984731315,1.5327493716353775,0.20041586866122338,0.0003624173737395866,1.313463527882992e-07,CALIBRATED,0.0028441018919500207,0.01101249954825043,0.0004197042015333157,0.005098535624915336,0.0,0.0,0.003725244294695645,0.016506618926593337,0.0017493470931934047,0.008544661786413233,0.0,0.0
21098645,192,103,127,5.428263646567256,-160.35245752155356,-80.09458146669604,277.2454924010661,285.7779567933996,13,transition,False,4,3,4,8.495874882310395e-23,4.007836041571527e-05,4.007836038195774e-05,1.6062749709060799e-09,1.1864076208922751,0.0011701041022386955,-4.801020477631154,6.639296038625368,1.1864081979044474,8.193292959191693,6.310069801898537e-05,3.981698090483185e-09,CALIBRATED,-0.0018312035728967277,-0.001511698096697404,0.004558740667148348,0.0036956334031796613,0.0,0.0,0.0005114719859015287,-0.0020459983868255493,0.006335431908790339,0.004302939408917092,0.0,0.0
21098645,193,104,108,3.5675039320738797,-270.55184290577347,-247.0935915004735,77.98029703474704,67.16508993936097,3,source,False,4,4,2,0.01794493418647731,0.7349961607379843,0.8363575800612388,0.6994940017258915,1.3908718596194918,0.0026382425907445833,0.15999770032274094,0.009265428359874279,1.3908743617614607,0.1602657551420689,1.6131841686053725,2.602363161839007,CALIBRATED,0.44531019852308124,0.022741484187533235,0.7973973927624652,0.041190169520695964,0.0,0.0,0.6712755335780031,0.03543891575357078,1.076097059106522,0.057728062997519744,0.0,0.0
21098645,194,104,157,2.322367751617609,-269.48964925063655,-227.27886521953158,94.02612587038846,87.00826591876668,4,source,False,4,4,2,0.002893665321030176,0.02400665767929276,0.010320436022563792,0.00010651139969583234,1.732378920762942,0.005605938100027245,0.19248867503483771,0.004246796042452995,1.7323879910821818,0.19253551696581478,0.010570402975063842,0.00011173341905523852,CALIBRATED,-0.10031599355171694,-0.009514204051949547,0.012639013903999059,0.0026215852242602524,0.0,0.0,-0.061342892709869964,-0.007193220675617309,0.08160112545382195,0.009847151366294141,0.0,0.0
21098645,195,104,172,2.522354314910306,-254.48226169279843,-242.73486649607176,92.57034282281853,83.81531288154397,4,source,False,4,4,2,0.003462958559135189,0.081814681161837,0.1091833855387403,0.011921011677701203,1.6407808166732263,0.004716000865827297,0.19824506279413698,0.004625298321186504,1.6407875941227206,0.1982990123697324,0.2887949252912248,0.08340250887396411,CALIBRATED,0.26196502145947076,0.012287968578364858,-0.20062794398399017,-0.012455801517900607,0.0,0.0,0.4611850616232295,0.024767943498221912,-0.27431639100783406,-0.01550260707457961,0.0,0.0
21098645,196,105,160,2.8206062775944147,12.469728508145945,-169.2771503535098,362.35275434414825,435.83563002896534,21,transition,False,3,3,2,1.9909949170071822e-38,4.618142762353613e-06,4.618142762353613e-06,2.132724257347906e-11,1.5493383609025217,0.00391904112757945,0.20001691379093314,0.005425175933544068,1.5493433174888878,0.20009047537641436,1.0163362155851233e-05,1.0329393031098901e-10,CALIBRATED,0.0007032291407720851,-0.0008026066485843012,-0.0014868446294591929,0.0011263778910379943,0.0,0.0,0.0006429191442440346,-0.0005540034833447207,-0.0024141412927335187,0.0019013203541162124,0.0,0.0
21098645,197,106,116,2.675479262843936,271.13486281257974,-150.75987227004242,614.4650631731271,754.6944465708497,35,remote,True,3,3,2,3.8593286566674492e-109,2.227428927589443e-06,2.227428927589443e-06,4.961439627462256e-12,1.59383352702993,0.004306835349107285,0.19915474529610236,0.005035961897859271,1.5938393459553544,0.19921840649446046,5.611776097751694e-06,3.149203097129723e-11,CALIBRATED,-0.0009473710122490189,-0.0007225111142414685,0.0006081451800724176,0.0006618566479925623,0.0,0.0,-0.0014724604847547946,-0.0012590081622880964,0.0010157233027810772,0.0009093078895879105,0.0,0.0
21098645,198,106,193,3.8913032182924,265.8631425249656,-133.0276850157777,614.0586099484801,739.8128851808909,35,remote,True,3,3,3,5.368957097220495e-109,9.698829095747667e-07,9.698829095747667e-07,9.40672858285215e-13,1.3318378983110586,0.002180966896277596,0.13655596230830908,0.011182043823620182,1.3318396840439244,0.13701302473130683,1.7155437170977626e-06,2.943090245273608e-12,CALIBRATED,0.00015129193782244471,-0.00026744946122598764,0.0003332338664694537,-0.0008743109487204443,0.0,0.0,0.00016786463875804864,-0.0004039907148721617,0.0004579735930455799,-0.0011464802093897625,0.0,0.0
21098645,199,107,117,5.414468513600212,-264.1712986524601,-155.7878622012928,159.75154781641677,327.4136984894705,15,transition,False,3,3,3,4.7001065896080955e-08,0.0001736228494218168,0.00017039942241417675,2.903596315908504e-08,1.187259777600853,0.001175605724041371,-4.654747293981951,6.426740348921323,1.1872603596337432,7.93534270736215,0.0006069387593212088,3.683746575663682e-07,CALIBRATED,-0.007325797084041931,0.009919709687983145,0.003942223038753606,-0.0016704360857192691,0.0,0.0,-0.011901721080111912,0.014468048285017705,-0.011185640195230363,0.011438742365210943,0.0,0.0
21098645,200,107,147,1.64657354659035,-259.57794672414127,-165.7303510689254,152.45810831448685,324.4638018169297,15,transition,False,3,3,2,2.1180778701517931e-07,0.000726169958795535,0.0007406925268458057,5.486254193252247e-07,2.1786132966475784,0.010470982112543742,0.16618000767274752,0.003225378407096561,2.1786384596339134,0.16621130531941378,0.003447480627097834,1.1885122674214874e-05,CALIBRATED,0.01600776818276857,0.013579444939245074,0.010059017850443653,0.01410172754236215,0.0,0.0,0.029627021965246445,0.031000928195786148,0.02716648646261069,0.029506688408649662,0.0,0.0
21098645,201,108,134,2.3815631052122512,-283.4939336831594,-266.0582415000258,55.40966893055589,44.20521922335698,2,source,False,2,2,2,0.13134799006230768,4.169595526447858,4.866363457472361,23.681493300222353,1.704138135534798,0.005329275316331898,0.19436271614510825,0.0043529519547632544,1.7041464685171328,0.1944114544414099,14.018062528750608,196.5060770599619,CALIBRATED,1.1424821487257115,0.04219295463888178,1.8852866339440668,0.07079590218461763,0.0,0.0,2.1892742992293432,0.08795014531647849,3.0335112783391236,0.12334775074003503,0.0,0.0
21098645,202,109,152,3.1009656729648967,256.5863056934519,-89.94903341648622,618.7021973553657,720.398870071968,32,remote,True,4,3,4,1.2195354081683043e-110,8.619227069292515e-07,8.619227069292515e-07,7.429107527202484e-13,1.475929494732859,0.0032970970586494526,0.19377315354088448,0.006503919981397112,1.4759331774411084,0.19388227357936466,1.8037348514714525e-06,3.2534594144127427e-12,CALIBRATED,5.519576165339213e-05,0.00021573004967133077,0.0001994894088164178,-0.000878942919798342,0.0,0.0,-2.425503308880609e-06,9.570933544414474e-05,0.0002934165658483591,-0.0013070866116672404,0.0,0.0
21098645,203,109,176,3.8941978356116884,267.137614604566,-82.84442587712184,631.0667945362497,724.5501996700682,32,remote,True,3,3,3,4.457591329960362e-115,1.5221463519819582e-06,1.5221463519819582e-06,2.3169295168519834e-12,1.3313101617344119,0.0021768790610005263,0.13634640390673497,0.011199177488059549,1.3313119414846966,0.13680556799599777,2.6964130276275176e-06,7.270643215559397e-12,CALIBRATED,-0.00027919416495848575,-0.0011030356934907252,9.597823974530633e-05,0.0004672230801404393,0.0,0.0,-0.0003629581193816052,-0.0014800345873287656,0.000142612838221002,0.0005948391630412435,0.0,0.0
21098645,204,110,138,2.5734263591455395,58.307709128168476,-44.34804735326843,462.054799519528,498.0023901621093,23,transition,False,2,2,2,4.986809145993344e-62,3.8444213946357765e-06,3.8444213946357765e-06,1.4779575859533288e-11,1.6251224012044028,0.004579531141909322,0.1985484708645223,0.004762267695783265,1.6251288536611008,0.19860557513888263,9.537565302635783e-06,9.096515190204199e-11,CALIBRATED,0.0006629146150814386,-0.0005684163066324711,-0.00044061371134023966,0.0016993316531744133,0.0,0.0,0.00042269126079123116,-0.0009301305096598837,-0.0009465452418805027,0.0027564119323424297,0.0,0.0
21098645,205,111,123,2.3600516029250223,-33.88529827228149,-218.00707570248255,302.5076784286749,446.19933949539,21,transition,False,4,3,4,5.294804731070638e-27,1.0711506453948592e-05,1.0711506453928416e-05,1.1473637051255012e-10,1.7144007943270474,0.0054298141549881844,0.19368169242986863,0.004314375056209654,1.7144093929021065,0.19372973910740673,2.9237458921610428e-05,8.548290041928573e-10,CALIBRATED,-0.00013862851831196582,-0.0007862081953585443,-0.0025195411738992363,0.001930305036624151,0.0,0.0,-0.0002111233468007504,-1.2554300863009489e-05,-0.004331074561609313,0.0032302509786944766,0.0,0.0
21098645,206,111,130,3.5159841732486328,-43.355427595785976,-200.68265237529835,298.9727394184033,433.8900229253144,21,transition,False,3,3,2,2.159530465371133e-26,2.3358280077722474e-05,2.3358280078028463e-05,5.456092482036214e-10,1.4002647631203875,0.002710999803308936,0.16372751919619302,0.008960475351465578,1.4002673874501714,0.16397253020144556,4.5685778888514104e-05,2.087190392650201e-09,CALIBRATED,0.0010411244607637117,0.003864709204883037,-0.0005622374107902996,-0.002649953167666946,0.0,0.0,0.0014052168093433553,0.0055658712688771836,-0.0008486706028334671,-0.0034658303238079557,0.0,0.0
21098645,207,112,126,4.093284449863713,-91.11372842627424,-153.78368260048615,277.03956516661816,324.1127790566838,15,transition,False,4,4,3,9.161837692784583e-23,0.00011840880068413767,0.00011840880073710116,1.4020644091998527e-08,1.3027707567868265,0.0019634174534879085,0.09242498881490666,0.014509753375145387,1.3027722363279843,0.093556995999461,0.00020070830129982067,4.02838222106596e-08,CALIBRATED,0.0027666573367088965,0.008515539773741854,0.0017595794226546557,0.005928226592795423,0.0,0.0,0.003581459740074043,0.011354184602170022,0.002290257915199734,0.007329301339947732,0.0,0.0
21098645,208,112,129,4.913405667391771,-82.2024684682456,-159.67331712876478,281.5060496229507,330.32169114762246,15,transition,False,4,4,3,1.7605653993335673e-23,3.601874678659639e-05,3.601874679049509e-05,1.2973501203578005e-09,1.2214489809789264,0.001400351982780236,-0.2263746559744763,0.03810924529428896,1.2214497837079235,0.22956001272970605,5.358378026839868e-05,2.8712215078520314e-09,CALIBRATED,0.00046458391781640737,0.0007717398004424108,0.0023400943007864288,0.0054526401786328645,0.0,0.0,0.00022398855806447825,0.0006191855178033401,0.002884565632859312,0.006695483537320098,0.0,0.0
21098645,209,113,120,3.350425207926957,-113.63776816721982,-40.08238248844844,337.408482528004,348.07381054036154,16,transition,False,5,5,4,2.0466978389024392e-33,4.486137229288119e-05,4.486137229288111e-05,2.012542724000481e-09,1.4304488986915458,0.0029448054170483494,0.1757133080975064,0.007980507554738711,1.4304519298623077,0.1758944431851116,9.176814430799678e-05,8.421392309733321e-09,CALIBRATED,-0.0009839876083290633,0.0039629913937820295,-0.00146010211880135,0.005104502100598777,0.0,0.0,-0.0015332167836961614,0.005654159892766435,-0.0020154734888681407,0.007306554121122372,0.0,0.0
21098645,210,113,135,5.400642417379704,-104.05358571131677,-18.383247531783443,360.401407742902,371.01616375368553,18,transition,False,5,5,3,5.058617548575566e-38,1.871671794407963e-05,1.871671794407963e-05,3.503155305982324e-10,1.188113846979952,0.0011811196942650983,-4.5081457993500775,6.213707576777297,1.1881144340631642,7.676818377289992,3.211130951207588e-05,1.0311361985803348e-09,CALIBRATED,-0.00023646575999218344,0.0007190726580576315,0.0003236745545884759,0.004247231001908989,0.0,0.0,0.002039997587839388,-0.00031961381632597584,-7.537671017196533e-05,0.005276540980004093,0.0,0.0
21098645,211,113,146,4.795858996239371,-118.89062267216782,-30.578242108729068,341.7142548631633,351.81055107120665,17,transition,False,5,5,3,2.9608957917414205e-34,1.4485808235041648e-05,1.4485808235041522e-05,2.0983864022239677e-10,1.2331047019066603,0.0014810552621345248,-0.18068160937520633,0.034726767610874565,1.2331055913379856,0.18398856582710332,2.2025688149110554e-05,4.85130938441869e-10,CALIBRATED,-0.0036303683786586168,0.001140785654438319,6.939878153388865e-05,-5.056681370068837e-06,0.0,0.0,-0.004478046698825305,0.0014007239099010295,9.792508144388574e-05,-3.4192380819657534e-05,0.0,0.0
21098645,212,113,181,2.2414773968678077,-102.24882870038284,-41.124510273000446,343.82459469951783,359.5103297878691,17,transition,False,5,5,3,1.1376705575164314e-34,3.0622355622894243e-05,3.062235562289423e-05,9.377286638950019e-10,1.7709699080076617,0.005983997345562516,0.18992780089489145,0.004101734160326779,1.770980017756524,0.18997208683354386,9.420666263071018e-05,8.874895284016445e-09,CALIBRATED,-0.0007572014828205613,-0.002173860919342992,0.003257355134758353,0.0038357486579187125,0.0,0.0,-0.0021239660584175583,-0.0030599483789464205,0.005416825813242951,0.0071407383960321895,0.0,0.0
21098645,213,114,115,1.9305892217631282,-186.19161329699213,-107.74378302256304,239.7194363723313,262.3007324139126,12,transition,False,4,4,2,3.159103496150624e-17,0.00022015448249852385,0.00022015454181732242,4.8468022282795166e-08,1.9436067922642846,0.007772162512190408,0.17912044602772728,0.00358162563937129,1.943622331999192,0.17915625087446033,0.0008144264663827379,6.632904691446729e-07,CALIBRATED,0.0052769217585075506,0.012679742226742176,0.0004444510040805914,0.005597788754522192,0.0,0.0,0.008554886796500497,0.024061512178094383,0.003963363971962797,0.012106847484418155,0.0,0.0
21098645,214,114,154,1.687525395249498,-179.73792293250744,-92.43754982355443,255.979046900348,271.5964372720145,12,transition,False,4,4,3,1.5320743228317353e-19,0.00015688531423283891,0.00015688531165591389,2.4613001013373228e-08,2.144728016211682,0.010081842844914316,0.16804587255071168,0.003276745229482262,2.144751712221824,0.16807781632514437,0.0006986478246416554,4.881087828765172e-07,CALIBRATED,-0.003291787917483526,-0.004054494096182139,0.010080791723306634,0.0052903837117509725,0.0,0.0,-0.006934438609314434,-0.004506688872544181,0.021594404218878503,0.012803626347760756,0.0,0.0
21098645,215,116,163,2.4819361013213204,288.56844909914696,-165.0042158222949,628.0592803370164,777.2073596219361,36,remote,True,2,2,2,5.4505637084218655e-114,2.169238596223914e-06,2.169238596223914e-06,4.705596087347498e-12,1.6562524138744055,0.00486015956948567,0.19754038313494518,0.004532952348818451,1.6562595447621835,0.19759238504076415,5.904934447918241e-06,3.4868250834211495e-11,CALIBRATED,-0.0008302052254413813,-0.0006066650704884579,0.0007404486194826329,0.0007507937226890201,0.0,0.0,-0.0013346148498163948,-0.0011342472173951222,0.0012620023518607167,0.0011156034081595686,0.0,0.0
21098645,216,117,133,2.9626190579701657,-285.61228255325943,-160.43135648772164,148.5373485975599,349.3517437493024,16,transition,False,3,3,1,4.621691771023131e-07,0.00016784291747847852,0.00016753324778891505,2.806738911470201e-08,1.5057980023696982,0.003539568458707261,0.20086058128670442,0.005806037949233554,1.505802162465391,0.20094447788257516,0.00037402649077657163,1.3989581580263682e-07,CALIBRATED,0.00011215997388434797,0.009907439840655228,-0.001970933570503563,0.008091892522372801,0.0,0.0,-0.0011758830935023731,0.015052657047060505,-0.001350889922674845,0.012009846042617787,0.0,0.0
21098645,217,117,147,1.9045170520044472,-272.0355647231356,-163.22404776558642,149.98128290445038,337.17103607372985,16,transition,False,3,3,2,3.475626822223324e-07,0.0009512719795005173,0.0009349578613708719,8.741462025391945e-07,1.9651800011125218,0.008019909692784093,0.177932535165633,0.0035489227320043754,1.9651963656907396,0.17796792385996688,0.0035968834868245684,1.2937570817791265e-05,CALIBRATED,-0.013541434325376151,-0.0019445722225663543,0.02734582042568295,0.00011028100435346863,0.0,0.0,-0.02526553951869469,-0.0011376094040621407,0.054353126697648586,0.0017261120146140156,0.0,0.0
21098645,218,118,124,2.9268311389405355,19.00763789106918,-284.18593739493673,343.50669694569166,522.3994835640021,25,transition,False,3,3,2,1.3144867971266346e-34,2.129136093723195e-05,2.1291360937231986e-05,4.5332205055948814e-10,1.5167703868379896,0.0036351974373922983,0.20064797292887418,0.00571005884831818,1.5167747430152814,0.20072920518080445,4.81974954094557e-05,2.3229985637445033e-09,CALIBRATED,0.0016102725957537092,0.0018666175009098905,-0.001616960283836005,-0.0035495861238164796,0.0,0.0,0.001865940539968189,0.0031670122576167047,-0.0027949664885994568,-0.00518400974135567,0.0,0.0
21098645,219,118,178,1.6296454407603989,22.04771459275682,-268.62567861574644,347.7759668910858,508.70565957059245,25,transition,False,3,3,2,1.8678293860739038e-35,3.161689775584074e-05,3.161689775584071e-05,9.996282237032855e-10,2.192620322754525,0.010631839092648573,0.16540872239130733,0.0032041451042307766,2.192646099068121,0.16543975335140446,0.000149878362628508,2.2463523584202543e-08,CALIBRATED,-0.003444553903570942,0.002898403257634911,-0.0020926359590301294,0.0026404695530038384,0.0,0.0,-0.007481158756926365,0.007040532216288071,-0.004776055140849571,0.004640132507283183,0.0,0.0
21098645,220,119,155,3.4109192552064336,55.59488247291371,-227.039844031762,387.2380957028473,538.6000656651225,26,transition,False,2,2,2,8.767381019890911e-44,7.60445989966099e-06,7.60445989966099e-06,5.782781036555203e-11,1.419419834087379,0.002859374538543654,0.17133378761023413,0.008338580692683105,1.4194227141424058,0.17153658124387697,1.5163703025727845e-05,2.299378894524678e-10,CALIBRATED,-8.312995728589424e-05,-0.0003346849280885137,-0.0025426193563630474,-0.001010258440905586,0.0,0.0,-0.000285774022055938,-0.00016844387515031092,-0.003591527633504741,-0.0014678529056898033,0.0,0.0
21098645,221,120,122,2.137378392726852,-131.4116032276923,-52.397725952300064,316.7611421123641,326.45028406132684,15,transition,False,4,4,4,1.5465778029142575e-29,7.548778964375658e-05,7.548778964372692e-05,5.698406385295565e-09,1.820633225141297,0.0064705274280208265,0.18663217376452101,0.003915051860380642,1.8206447232268017,0.18667323299053842,0.00024602643471265806,6.05290065774218e-08,CALIBRATED,-0.00377072566034114,0.007449118780193929,-0.00197213701718014,0.0013750354985242136,0.0,0.0,-0.007297001975328666,0.013195354156197155,-0.00227479000932323,0.0036726224949920083,0.0,0.0
21098645,222,120,146,1.7183024021275486,-126.03279333350346,-39.814041348215824,330.04035063390336,340.1353384672432,16,transition,False,4,4,3,5.286277701009986e-32,5.1471634793459526e-05,5.14716347934586e-05,2.649329188311178e-09,2.119261827426886,0.009789388601492144,0.16944814712592277,0.003315349519584686,2.1192844370961477,0.16948057737347186,0.00022626482040336287,5.119576895216605e-08,CALIBRATED,-0.00202007300862291,-0.0031562298377641766,0.004759604481661753,0.003843867612528332,0.0,0.0,-0.005167137716234505,-0.005170672197916638,0.00954241683402858,0.00904278376453676,0.0,0.0
21098645,223,120,181,2.8730384950152263,-109.39099936171849,-50.36030951248719,332.1602660701881,348.56494120023274,16,transition,False,4,4,3,2.089606903210506e-32,3.993760362612374e-05,3.993760362612225e-05,1.5950121833972532e-09,1.5332629236134783,0.0037789368818424256,0.20032840235873745,0.005565793136876914,1.533267580460667,0.20040570561949253,9.275692346662823e-05,8.603846850993927e-09,CALIBRATED,-0.0051468940440331555,0.0035092009292990735,0.0003335255394701132,-0.001010621035772545,0.0,0.0,-0.007888067757504755,0.005444456410396868,0.0006980917041679731,-0.0006370815391317339,0.0,0.0
21098645,224,122,127,5.772749616433561,-153.28283925656768,-61.78049833990159,296.2472040763408,305.4091855676704,14,transition,False,4,4,4,6.312180813041416e-26,3.950581096348641e-05,3.950581096286066e-05,1.5607090998332818e-09,1.1651279397950485,0.0010327200315624707,-8.453689839732013,11.947142878030755,1.165128397474595,14.635542178357085,0.00012051256544074495,1.4523278429109836e-08,CALIBRATED,-0.0012453173976776288,0.005324928590940457,-6.542042125270777e-05,0.003097717096794038,0.0,0.0,0.0017090855569988103,0.003434402748454187,-0.00572403786631151,0.008545868022971413,0.0,0.0
21098645,225,122,165,3.1823109137485766,-152.6673886430138,-50.84230119522722,305.5979071497165,316.3646835587928,15,transition,False,4,4,2,1.5285040438909758e-27,3.870237872949924e-05,3.8702378729050396e-05,1.4978741192868525e-09,1.4610989129452012,0.0031822197162521054,0.18788409230964687,0.006985414391742781,1.4611023783198667,0.18801390415935806,8.130003887853841e-05,6.609696321651856e-09,CALIBRATED,-0.005740065946169043,0.0001920603640069148,0.0022151756963217344,-0.0009000728379880933,0.0,0.0,-0.008251400713284892,0.0006428657816071626,0.0035512231047001015,-0.00043584767387562875,0.0,0.0
21098645,226,123,139,5.799484339891443,-36.217602312610026,-241.9492675872233,294.3156757033423,470.2548626529162,22,transition,False,4,4,3,1.341878709369382e-25,9.132470789621693e-06,9.132470789455575e-06,8.340202272025933e-11,1.1634764751806055,0.0010220579859108803,-8.737164679989634,12.359072041541728,1.1634769240948497,15.135544535076257,1.2965066047867119e-05,1.680929376255567e-10,CALIBRATED,-0.0002267431864769038,0.0002897226213245895,-0.0018938612312795792,0.0023260285372692395,0.0,0.0,-0.00020367521389523868,0.0011413199798601928,-0.002214287719372994,0.0025918914048466074,0.0,0.0
21098645,227,124,125,4.118127015070019,22.132232540907125,-305.60729994021665,346.06676775082985,544.0475288573333,26,transition,False,2,2,2,4.0912612709837523e-35,1.8601220017520123e-05,1.860122001752011e-05,3.460053861401908e-10,1.3003074117653557,0.0019463614496039506,0.082768122495439,0.01522461345229851,1.3003088684673385,0.08415670476077294,3.1280175500463844e-05,9.784493793398185e-10,CALIBRATED,-0.0009447127176826774,-0.0008130137875717493,-0.003649753800649222,-0.0019305552761921944,0.0,0.0,-0.001192296619874724,-0.0006844754757280005,-0.004750732610563751,-0.002611634977701172,0.0,0.0
21098645,228,125,148,2.48203801994908,20.535898958700507,-328.4622101701257,345.33809503607193,566.9581203495424,27,transition,False,3,2,3,5.708460693107346e-35,3.65508628995864e-05,3.6550862899586414e-05,1.3359655787043627e-09,1.6562037907662979,0.0048596832298820666,0.1975436097344454,0.0045331351210168465,1.6562109204656725,0.1975956149840888,9.970109755275139e-05,9.940308853223248e-09,CALIBRATED,0.0008876212694484964,0.00026172789589573364,-0.004188949054261875,-0.004259952547965479,0.0,0.0,0.0009186821687902491,0.0007998114471649005,-0.006983378578327342,-0.007032058440189543,0.0,0.0
21098645,229,126,129,1.363365738221738,-92.34087877427014,-166.17979277708673,269.4660480708257,326.9856067861585,15,transition,False,3,3,3,1.4139474796490678e-21,6.568407703938997e-05,6.56840770959847e-05,4.314397983951261e-09,2.543784758043704,0.015404300178203696,0.15273623339016,0.0029191239385355575,2.543831399232159,0.15276412626916686,0.0003984058403237389,1.587272136040645e-07,CALIBRATED,0.0007525397654385116,0.0054025107505974515,-0.0014326994441505763,-0.005820482015248225,0.0,0.0,0.002846886670412432,0.016234305295098242,-0.002017857064044763,-0.011075949668728036,0.0,0.0
21098645,230,127,154,3.2419018181730443,-173.78753483395334,-75.09828124781987,273.70050893117707,289.92830442364067,13,transition,False,4,4,3,3.090391469449421e-22,9.804414827723564e-05,9.804414831770888e-05,9.612655019344896e-09,1.4502345062097444,0.0030980642737777056,0.183569955654575,0.0073381416946728464,1.4502378153267363,0.18371656687014848,0.00020390242095518575,4.157619727138577e-08,CALIBRATED,0.0011511488030327424,0.008070845988665667,-0.0003527884882078178,0.00560856399275363,0.0,0.0,0.0008970920009470009,0.011404790122505198,0.00045811653208524967,0.008533377901022588,0.0,0.0
21098645,231,127,165,1.9109959822447493,-163.90696027275237,-57.14552935846388,294.1353626579842,309.00065005827815,14,transition,False,4,4,2,1.4393951400751337e-25,0.00010332752624305916,0.00010332752624383015,1.0676577679669409e-08,1.9598190619777704,0.007958344555890815,0.17822773083513202,0.0035570493995370905,1.9598352203538691,0.17826322290105442,0.0003937805386777711,1.5506311264135559e-07,CALIBRATED,0.0010160826657214543,-5.4656920169862425e-05,0.0052233170604569605,0.00866077789619774,0.0,0.0,0.0007068145419056462,0.00086031457637096,0.0102401306050432,0.016961147835640813,0.0,0.0
21098645,232,128,153,3.9597602980008446,72.80533733662463,-123.496077909441,435.843735967413,487.74335516474946,23,transition,False,2,2,2,2.854649075925978e-55,1.390818004339208e-07,1.390818004339208e-07,1.9343747211940975e-14,1.319357041290054,0.0020842904673995678,0.1315999509887676,0.011587251318375265,1.319358687646539,0.13210908936693652,1.5066149678906297e-07,2.269888661472083e-14,CALIBRATED,0.00028970064891742337,-7.661958054351126e-05,-0.00022139846448330938,1.6355251527071695e-05,0.0,0.0,0.000131704606050775,-1.9048154198314837e-05,-0.00036198533574780174,4.380842452384697e-05,0.0,0.0
21098645,233,129,150,3.179874625511861,-92.03005477793243,-179.83854232462372,263.019544965473,340.64789249386644,16,transition,False,3,3,1,1.3679786798837683e-20,0.00012474896262300628,0.0001247489633454277,1.5562303855758864e-08,1.46154308855529,0.0031856602902211725,0.1880604695686572,0.006970993644362009,1.461546560371999,0.1881896250242653,0.00026569944520991623,7.059619518485728e-08,CALIBRATED,0.003088310621013999,0.007236129502033053,0.0031059412634122483,0.007294029034189529,0.0,0.0,0.004692341869964264,0.01106491064274799,0.0042929540154775705,0.010140003514510916,0.0,0.0
21098645,234,131,132,2.7622158775088224,216.48445781916627,8.327634740978032,624.1475281187613,664.2046809582912,30,remote,True,2,2,2,1.3897298184209102e-112,5.613883997955674e-06,5.613883997955674e-06,3.1515693542502786e-11,1.5672405451135127,0.004075066246574854,0.19967002893671823,0.005268579566550387,1.5672458430037757,0.19973952634929062,1.3781801269242728e-05,1.8993804622490045e-10,CALIBRATED,-0.0005979338815496616,-0.002081278292691081,-0.00021176569028882641,-0.0009379738973127256,0.0,0.0,-0.00089768183796198,-0.0032601222585642974,-0.0003961329505702113,-0.0014800845015478302,0.0,0.0
21098645,235,132,144,2.244160054655559,236.31543267414673,18.86993225762798,646.593007100979,686.6637014317765,31,remote,True,2,2,1,8.976439446968999e-121,5.046226119195971e-06,5.046226119195971e-06,2.5464398046055627e-11,1.7696900717059263,0.005971459341712692,0.19001273004344355,0.004106545010631435,1.7697001464149784,0.19005710007912593,1.5792113074755502e-05,2.493908353658637e-10,CALIBRATED,-0.00032987092066724997,-0.0018984224909046991,-0.00013397179401813052,-0.0011469328225004606,0.0,0.0,-0.0005236532816024188,-0.0033458463298517904,-0.00030944488821466537,-0.0020560779444363576,0.0,0.0
21098645,236,134,173,1.9539877932999552,-298.7095468698843,-281.9198389899167,33.481862848586715,22.225565914459015,1,source,False,2,2,2,0.47655113031686785,13.086898357361903,16.85730458180911,284.1687177638824,1.9242458309332349,0.007549820828248343,0.1801865413141325,0.00361097499251564,1.9242606418202481,0.18022272001927545,62.270646431223156,3877.6334069624054,CALIBRATED,3.076048314125873,0.0852483040112095,2.7170023277663296,0.07656649755634867,0.0,0.0,6.137190639302307,0.19489871467380548,4.954038180381907,0.15829619837544043,0.0,0.0
21098645,237,135,137,5.071244053795262,-114.140018082198,-6.34406555380479,364.1099719963431,380.8186955102875,18,transition,False,3,3,3,8.561004214537151e-39,1.447709495613216e-05,1.447709495613216e-05,2.0958627836886724e-10,1.2084615323551957,0.001312486693277804,-1.0154540329538875,1.1383308822328482,1.2084622450881894,1.5254324273750473,2.1202784778234752e-05,4.495580823521433e-10,CALIBRATED,-0.0037692151732286183,-0.00039047135966029426,-0.00022368896615780392,-0.0002600140337358959,0.0,0.0,-0.004571154091951507,-0.000491682534243347,0.00022374226369855922,0.00012459025172473226,0.0,0.0
21098645,238,136,181,2.196060312617284,-88.08577081300638,-46.41911669777811,349.19956642119325,370.2316383254425,17,transition,False,5,5,3,9.692504063160631e-36,4.7979342633580236e-05,4.7979342633580216e-05,2.302017319550488e-09,1.7926373877019404,0.006196264292088758,0.18848996029042542,0.004020287024355577,1.7926480963864642,0.1885328296028157,0.0001508951432196187,2.2769344247269244e-08,CALIBRATED,-0.0035051074968525183,0.0052119521349346665,-0.0023942292899272848,0.0016723591478784554,0.0,0.0,-0.006722113921167268,0.008711470780117848,-0.0034935888831775924,0.004196837048654473,0.0,0.0
21098645,239,137,146,3.9901892216408967,-128.97705504304906,-18.539060130750414,345.6315943352319,361.6130828278086,17,transition,False,3,3,3,4.992153320846608e-35,2.79947259659944e-05,2.7994725965994408e-05,7.837046819111216e-10,1.3138093456116522,0.002041318145403782,0.1293970219324328,0.011767364580126895,1.3138109314495328,0.1299309822719128,4.817634481363286e-05,2.32096019960205e-09,CALIBRATED,0.0005589601960383776,0.0009346413384790516,0.0013528339543645873,0.004997857073342885,0.0,0.0,0.00039798771263836513,0.0012838162293054621,0.0018327629431548458,0.006558257884361672,0.0,0.0
21098645,240,137,185,1.680256278010873,-137.48909322388226,-7.418083391249033,350.26608004011024,375.61775767703284,18,transition,False,3,3,1,5.918816540656486e-36,3.6278385739720467e-05,3.627838573972044e-05,1.3161212718799512e-09,2.150742789273635,0.010150916624271505,0.16771467405800763,0.003267627412672449,2.1507667439127025,0.16774650304340707,0.00016442253988890212,2.703477162351761e-08,CALIBRATED,-0.00591535738473441,-0.00041436169091898053,-0.0006469510555803409,-0.0008346804606379386,0.0,0.0,-0.012752486595241369,-0.001047448936685987,-0.000812161367472575,-0.00019967514945995848,0.0,0.0
21098645,241,138,145,2.6245740723109527,71.63752131991876,-60.84569724021566,464.2945941024763,519.2122073433022,24,transition,False,3,2,3,1.2649166991992128e-62,3.862506292391254e-06,3.862506292391254e-06,1.491895485876203e-11,1.6094407860465012,0.004442859222873346,0.1988523284678064,0.004899440005786239,1.6094469182884081,0.198912676945032,9.558756356383843e-06,9.136982308070851e-11,CALIBRATED,-0.0012841851949583335,-0.0007783456098257464,0.001229782726305402,0.00030852428621896337,0.0,0.0,-0.0023501164274333016,-0.00116063952820482,0.0014986119066808577,0.0006654227022087809,0.0,0.0
21098645,242,139,151,4.257050972745311,-47.63301695160907,-262.0985494037357,279.44787426832346,493.41312789670144,23,transition,False,3,3,1,3.7771443361081805e-23,4.459544814178303e-05,4.4595448130448727e-05,1.988753993955543e-09,1.2865319567485125,0.0018509813009756962,0.02876524168580652,0.019222235689673847,1.28653328828559,0.034596726350223254,7.368475300572769e-05,5.429442825515095e-09,CALIBRATED,-0.0009221109958454661,0.005107878589066858,-0.000474780734117384,0.004174843591759208,0.0,0.0,-0.0010531316800170827,0.006727805165883589,-0.0008048363078906476,0.0051637721519915206,0.0,0.0
21098645,243,141,166,2.68760464863983,327.325917504112,-4.9868437760849735,716.5951581229002,784.8460494061253,35,remote,True,2,2,2,3.570700987619467e-148,4.173175978738614e-06,4.173175978738614e-06,1.7415397749520985e-11,1.5901159486295555,0.00427443507853376,0.19922677961472224,0.005068480794137605,1.5901216937333167,0.1992912421889473,1.054089113870077e-05,1.1111038599794043e-10,CALIBRATED,0.0009748785763403197,-0.0016037063159148035,0.00044377188897151747,-0.0006737806044885121,0.0,0.0,0.001551811314043984,-0.002507377337424167,0.000719733542564766,-0.0011523086825086072,0.0,0.0
21098645,244,143,158,2.69391025881324,-157.47943566345904,-229.50645435777471,182.33619071338592,390.37963949961,18,transition,False,3,3,2,2.8425537841229005e-10,0.0003408300089054164,0.00034090825442359304,1.1621843793414125e-07,1.588182682292596,0.004257585843450549,0.19926423989351005,0.005085391718594141,1.5881883891312514,0.19932912107685086,0.0008475850902594811,7.184004852301727e-07,CALIBRATED,0.0023288955127835093,0.002363626314389892,0.01401338500553993,0.01155520711396218,0.0,0.0,0.006220149539135042,0.0052868437743126655,0.02142542270480178,0.017941442940768593,0.0,0.0
21098645,245,148,164,2.1602422037997684,20.715668062194055,-350.64102921641677,347.795741881142,589.1376679377754,28,transition,False,3,3,2,1.8509200433137446e-35,4.3397173452176265e-05,4.339717345217626e-05,1.883314663638272e-09,1.8097254099362616,0.006363668270448533,0.1873560096618706,0.003956053874490657,1.8097365984150362,0.1873977713812969,0.0001416095256913437,2.0053257766527333e-08,CALIBRATED,-0.0004080899108270057,-0.0008245193465987411,-0.005025161908130142,-0.004159152764809161,0.0,0.0,-0.0009324693609435745,-0.0008781878017261833,-0.009046621643459787,-0.007624135990866735,0.0,0.0
21098645,246,148,191,3.7883878320180138,32.55002239925811,-344.88106152626506,358.8237140836893,587.3030912735804,28,transition,False,3,3,1,1.0711514595081608e-37,9.93889583938455e-06,9.93889583938455e-06,9.878165050613552e-11,1.350601074111466,0.0023263060206455185,0.14400661345356855,0.010572872558623152,1.3506030775511906,0.14439421855637574,1.7938936789165612e-05,3.218054531256794e-10,CALIBRATED,-0.00045122388266603895,0.0028522715734223044,0.0004933052061868814,-0.0011646843744518539,0.0,0.0,-0.0007464665410253453,0.0037366906997879385,0.0004044012030065853,-0.0018042524139987796,0.0,0.0
21098645,247,149,156,3.6394438146201864,323.6096340102393,-61.047679178719065,691.5963324184077,779.1547254529573,35,remote,True,2,2,2,4.580050829724438e-138,1.9034896349929102e-06,1.9034896349929102e-06,3.6232727905254423e-12,1.3777560300808627,0.002536647679478981,0.15478954838660158,0.009691251075416846,1.3777583652461083,0.15509263243989005,3.611980189721703e-06,1.304640089094203e-11,CALIBRATED,0.00039516696810878077,-0.0012934453318744173,-9.955897961085151e-05,0.00025381072739296995,0.0,0.0,0.0005532487316311022,-0.001783100497028321,-0.00010862181915363723,0.0003385999831237293,0.0,0.0
21098645,248,152,176,5.440563517827197,267.68047977807055,-94.38214450600474,627.6293095578485,732.3459689897737,33,remote,True,4,4,3,7.78877760858758e-114,2.2115645391126003e-06,2.2115645391126003e-06,4.891017710660328e-12,1.185647829896868,0.0011651988041125048,-4.931439034086177,6.828812705494295,1.1856484024479623,8.423287595329338,3.1420476248357434e-06,9.872463276735937e-12,CALIBRATED,-0.00010229292580644763,-0.0012170143706128507,-6.827996691544963e-05,-0.0008457627115700888,0.0,0.0,-0.00020136111796648283,-0.0015194931413597117,4.1061833430355334e-05,-0.0008893569835578763,0.0,0.0
21098645,249,152,193,3.973570392831789,263.50993434200427,-111.63411016561452,618.1167234861224,730.2976857830361,34,remote,True,4,4,3,1.9684184617593126e-110,2.7550647741211895e-07,2.7550647741211895e-07,7.590381909603441e-14,1.316839232762936,0.002064787580971914,0.13060015686086152,0.01166899529507731,1.3168408515425971,0.13112042717775962,4.39706030285682e-07,1.933413930695931e-13,CALIBRATED,-0.00025643116398562163,0.00013429393884720954,0.00043301180406305173,6.4926505219836e-05,0.0,0.0,-0.00035263634281168125,2.7552363803641478e-05,0.000560841662083729,-7.151037272764615e-06,0.0,0.0
21098645,250,153,179,2.4855432868179186,80.61431809595253,-145.29794297976568,434.5390564323908,510.9015394857233,24,transition,False,2,2,1,6.048071194827459e-55,3.1701121557586924e-07,3.1701121557586924e-07,1.0049611080089023e-13,1.6545315059871903,0.004843300577686612,0.19765458152219173,0.004539421168480986,1.6545385948549907,0.19770670181169275,4.7623018044987253e-07,2.2679518477131814e-13,CALIBRATED,0.00037547094093019594,4.811328510840945e-05,4.15223325212443e-05,-0.0004147213471608794,0.0,0.0,0.0001426981406371351,0.00024824038369629104,-0.0001433918279885191,-0.0006112960957482112,0.0,0.0
21098645,251,154,171,3.4028822900554054,-194.58542236818596,-84.09250488564348,255.07562636336036,288.628407636838,13,transition,False,3,3,2,2.078979167948455e-19,7.546370862833661e-05,7.546370545730259e-05,5.694770841346521e-09,1.4208851056613343,0.0028707244981552487,0.17191563086783285,0.00829100871724752,1.42088800563217,0.1721154408013251,0.00014992897528247784,2.2478697629253853e-08,CALIBRATED,-0.0034773292047335556,0.007824222234290693,-0.001368295523702088,0.0005302837424036901,0.0,0.0,-0.0051247284015722505,0.010938766249217349,-0.0010055660294918983,0.0017315784700416865,0.0,0.0
21098645,252,155,159,1.5980665099783948,56.828113002144576,-249.26483152460477,384.6643184710387,560.8592418986502,27,transition,False,2,2,2,3.2608141808815503e-43,1.3605243459914058e-05,1.3605243459914058e-05,1.8510264960353425e-10,2.218750057075443,0.010931913506854152,0.16396991023119645,0.0031645349429872452,2.218776988006051,0.16400044433669075,6.522994405280195e-05,4.254945601131672e-09,CALIBRATED,0.0009729207373435307,0.0002270746575535277,-0.0022464411071400343,-0.0027496560059049905,0.0,0.0,0.0011790552457399553,0.00121285011006377,-0.005161827914750688,-0.0059769808406346684,0.0,0.0
21098645,253,156,175,2.5514142606139565,345.74339789432685,-67.30350426587029,710.2538488907783,802.1555700287022,36,remote,True,2,2,1,1.4151215570519731e-145,1.6072088881136232e-06,1.6072088881136232e-06,2.583120410031429e-12,1.631871192824348,0.0046383497197525015,0.1984177017041997,0.0047032337680331555,1.6318777847185992,0.19847343589874575,4.249413083385104e-06,1.8057511553244496e-11,CALIBRATED,0.00040364058177764904,-0.0010695832010992582,-0.00023883492299784208,0.0004931863991826043,0.0,0.0,0.000703663665761862,-0.001782350148422525,-0.00028830371419745753,0.0007031212169105949,0.0,0.0
21098645,254,158,188,3.2425245937896143,-167.10209193866177,-250.1292678835522,165.80372169903617,413.13696692419325,19,transition,False,2,2,2,1.2774886974852967e-08,0.000424674770512935,0.0004263425707173947,1.817679876059167e-07,1.450120963922231,0.0030971847778532707,0.18352486925856745,0.007341827994884011,1.4501242714196216,0.18367166377718894,0.0008917704900004168,7.952546068355835e-07,CALIBRATED,0.007434459389926658,0.006632289679584071,0.014294282073703434,0.011079603688779185,0.0,0.0,0.012322040578444517,0.010064516112099256,0.01969185312701106,0.01583901012806996,0.0,0.0
21098645,255,159,161,4.503250141470605,58.721384296316245,-272.0746973245129,383.97650045850025,583.747545767726,28,transition,False,2,2,2,4.625205095119046e-43,8.672557010688488e-06,8.672557010688488e-06,7.521324510364204e-11,1.262119280701042,0.001681949884810192,-0.06693793713651172,0.026306768035203196,1.2621204014168899,0.07192171766962732,1.3762158715264957e-05,1.893970125041432e-10,CALIBRATED,2.417288214271344e-05,-0.00022753240129277247,-0.0019306861181722862,-0.002211934176668957,0.0,0.0,-7.064149066658923e-05,-6.719485421273946e-05,-0.0024301262560449855,-0.002801274660990862,0.0,0.0
21098645,256,161,183,3.0226938864727266,64.41065940163732,-294.120626703825,388.4653360095683,606.5157440587996,29,transition,False,2,2,2,4.67221607184967e-44,1.645535523755771e-05,1.645535523755771e-05,2.70778715994218e-10,1.4901997350081952,0.0034076340086945625,0.1994397093084989,0.006040617797757739,1.4902036311148998,0.19953116727077286,3.6264556214962825e-05,1.315118037468199e-09,CALIBRATED,0.0006389125167538961,0.0021364437504184067,-0.0003631015659725623,-0.003369111364674566,0.0,0.0,0.000556438422801052,0.003130803602047398,-0.0007690122577982382,-0.005055850220225733,0.0,0.0
21098645,257,162,167,3.6885204912819773,-26.079006109019566,-298.55366704040176,297.9002377585786,533.6492642270152,25,transition,False,2,2,2,3.2973815306143803e-26,3.4586354107465664e-05,3.458635410628648e-05,1.1962158903654396e-09,1.368808540835184,0.002467340635400115,0.15123659862454347,0.009981743122195998,1.3688107645811223,0.15156564241040504,6.458255891289242e-05,4.17090691573722e-09,CALIBRATED,-0.0032468895287025277,0.0033065291634290597,-0.002212765871230529,0.0028661114048827343,0.0,0.0,-0.004228020691462831,0.00465249730301837,-0.0033174158662401584,0.0037490559826814313,0.0,0.0
21098645,258,163,177,4.793955478696528,305.6797311102615,-181.31238670000965,641.4412547890192,800.845303894665,37,remote,True,2,2,1,7.218367455878752e-119,1.0657775265041837e-06,1.0657775265041837e-06,1.135881736001376e-12,1.2332934513543725,0.0014823621482122824,-0.17994166910352583,0.03467199272405276,1.2332943422196985,0.18325160670296878,1.6186963072563923e-06,2.620177735125481e-12,CALIBRATED,-0.00054628548384642,-0.0005073372457106635,0.00048423888759671857,0.0005248536133977518,0.0,0.0,-0.000648224478601512,-0.000656504551948655,0.0006224211720182474,0.0006165184429458031,0.0,0.0
21098645,259,164,196,2.629030502751334,20.917720144289746,-372.89118195541624,351.673741912476,611.3887380682811,29,transition,False,2,2,2,3.079758796801458e-36,3.7850911652665175e-05,3.7850911652665175e-05,1.4326915129378643e-09,1.608074468320467,0.004430951185101109,0.19887880316606785,0.0049113916419404845,1.6080805729168415,0.19893943831384484,9.750354985129877e-05,9.506942233604706e-09,CALIBRATED,0.0008333708720556346,0.00041520194753012643,-0.00391725145642598,-0.004651790301826829,0.0,0.0,0.000843586093912861,0.0008816569839813086,-0.0063388669822615,-0.007472172287711758,0.0,0.0
21098645,260,166,168,4.471098832118482,349.69079563285686,1.743908887011914,739.7357826432548,808.2017939912461,36,remote,True,2,2,2,7.518387744431249e-158,1.6869190375627922e-06,1.6869190375627922e-06,2.8456958392917773e-12,1.2653073479223054,0.0017040238072344729,-0.05443999685414144,0.02538159435474131,1.2653084953493805,0.06006611848178277,2.6993951744643795e-06,7.286734307921578e-12,CALIBRATED,0.0008816652860072652,-0.0009366438171379293,0.00013059199514593787,-0.00012340766440384587,0.0,0.0,0.0011149189938532182,-0.001177919218600938,0.00017945123252063774,-0.00019145333950361694,0.0,0.0
21098645,261,167,186,3.240661186041944,-41.01487013886579,-316.0787058441392,283.17589583886206,556.675488828338,26,transition,False,2,2,1,9.438470822359492e-24,3.267232697257343e-05,3.2672326958087986e-05,1.067480948856203e-09,1.4504606939511713,0.0030998163187743216,0.18365977232381225,0.00733079821113693,1.4504640062954075,0.1838060188689341,6.823272033071041e-05,4.655704123728942e-09,CALIBRATED,-0.002357495857723519,0.0011468182392224964,-0.004062636411170991,0.0030486609446966615,0.0,0.0,-0.0033408615991747962,0.0021957680590428746,-0.005948130061218464,0.004107275923478476,0.0,0.0
21098645,262,168,182,3.558584723766227,372.5421584616705,-1.0783594649803598,759.4735400517957,831.2267800234838,37,remote,True,2,2,1,2.3957951104298767e-166,6.347998267877519e-07,6.347998267877519e-07,4.0297082008975983e-13,1.3924979787017324,0.0026508384714230386,0.16064341436024204,0.009212634257804267,1.392500501843002,0.16090736219105853,1.2143207328405296e-06,1.474574842206361e-12,CALIBRATED,0.0005610174826722956,-0.0003946285211428709,-0.0003293827727755664,0.00023629331396182702,0.0,0.0,0.0008190757985296873,-0.0005763272795238498,-0.0003761143581175566,0.00026423554945907924,0.0,0.0
21098645,263,171,194,3.464504947864075,-215.44726221899776,-93.18653138635165,237.03611691431774,311.38621245093424,14,transition,False,2,2,1,7.360281429984437e-17,7.85757352795758e-05,7.85757467157925e-05,6.174147971944375e-09,1.4096502767051493,0.002783699773754392,0.16745440361506814,0.008655762266436978,1.4096530252510135,0.16767796369973967,0.00015473023725804538,2.3941446321931014e-08,CALIBRATED,0.0006665119865243555,0.007008233904589736,-0.0005583093369729412,0.005357654030489426,0.0,0.0,0.0002812259525607741,0.009891923644916364,3.5743549856373825e-05,0.007536558778609762,0.0,0.0
21098645,264,173,187,2.5201231960544597,-315.60652115294806,-296.3582613516377,11.26006159802725,0.0,0,source,False,2,2,1,0.9195899364539383,13.92041065322351,18.71998925298859,350.4379976320083,1.6414648657753976,0.00472196264352476,0.19823180819512906,0.004619314715891038,1.6414716575397366,0.19828562189113683,50.187226122266495,2518.7576658475086,CALIBRATED,2.981987332182105,0.06665878068946662,3.1332345973830593,0.07834774031745638,0.0,0.0,5.193942246385784,0.13618281071609376,4.814029513147105,0.12947645380379144,0.0,0.0
21098645,265,176,189,3.3454421704112214,289.05218148465804,-91.65606609006444,648.7008151983508,748.1699635296916,33,remote,True,3,3,1,1.4762307197320043e-121,1.7887388851776013e-06,1.7887388851776013e-06,3.1995867993464076e-12,1.4313573887853253,0.0029518425602340984,0.1760740595411681,0.00795101222486748,1.4313604325273372,0.17625349085537795,3.6353695738820963e-06,1.3215911938707695e-11,CALIBRATED,-0.00018928468650985356,-0.001177837664774329,4.520559115273577e-05,0.0006029635831440857,0.0,0.0,-0.0002539758582210001,-0.0017416677316589298,9.62412305128501e-05,0.0007267716115606154,0.0,0.0
21098645,266,183,184,1.9439961381910322,69.80219414581066,-314.8727640681541,393.8844425245578,627.9568226717241,30,transition,False,2,2,1,2.8324808265615883e-45,1.9115487426630422e-05,1.9115487426630422e-05,3.6540185955766575e-10,1.9325133462340118,0.007644765146485452,0.1797312974374606,0.0035984422353844284,1.932528467010699,0.17976731645400484,7.058592733966311e-05,4.9823731384002e-09,CALIBRATED,0.0002011079813767172,-0.0005379158303468687,-0.002323795560453362,-0.0036586423382364785,0.0,0.0,-0.0002001925865777423,-0.0004782757785239863,-0.004427679017266028,-0.007121289284089071,0.0,0.0
21098645,267,188,199,3.542392943860559,-174.68815190474953,-271.6077956019726,152.7047166341537,435.9158048831418,20,transition,False,2,2,1,2.0152700037308016e-07,6.736704062265694e-05,6.518099829705016e-05,4.248562539000056e-09,1.395450007780082,0.002673704820164846,0.16181563270256372,0.009116792737845415,1.3954525692086048,0.1620722520876286,0.00011345238685745313,1.2871444083653205e-08,CALIBRATED,-0.0022103336786764506,-0.00032438680459035644,0.001629434021953016,0.007585192238504471,0.0,0.0,-0.00016087419821330819,0.0009557519114930813,0.0019264048879899234,0.010430820142299848,0.0,0.0
21098645,268,190,195,2.496318338856181,195.44795061597898,-130.79839040573353,547.4782277455075,670.9752772690467,31,remote,True,2,2,2,8.625429479121521e-87,2.4115721820906563e-06,2.4115721820906563e-06,5.815680389433489e-12,1.6493909685639596,0.0047929409512912444,0.19799570441881778,0.004558744230340622,1.6493979324175594,0.19804817877794664,6.454278970840674e-06,4.1657717033436154e-11,CALIBRATED,-0.0011836653276381156,-0.0005958642145061122,0.0006662832644439018,0.0004599141481091874,0.0,0.0,-0.0020152619892460804,-0.0010904572337709845,0.0009544560563194647,0.0005412159859171125,0.0,0.0
21098645,269,195,198,3.7711942484984142,215.14272189570758,-142.68129162571827,562.6763736917744,693.9771762594505,32,remote,True,2,2,1,1.2334572216155733e-91,1.3413123083965996e-06,1.3413123083965996e-06,1.7991187086562147e-12,1.3537357485454435,0.002350587136073905,0.14525135826169547,0.010471101216148257,1.3537377892892613,0.1456282975164725,2.430275003056534e-06,5.906236590481436e-12,CALIBRATED,-0.0007989079946646312,-0.00033140529182784575,0.0006617225992945365,0.00039414725495545455,0.0,0.0,-0.001115251734183042,-0.0005339086023475708,0.0008491574382678229,0.00042469026576075816,0.0,0.0
21098645,270,196,197,3.067987745276593,27.737514101263212,-394.2868242352032,363.08780330879546,633.8449866013772,30,transition,False,2,2,1,1.399454962632453e-38,2.2314763971767308e-05,2.2314763971767308e-05,4.979486911156842e-10,1.481941915976647,0.003343669134091195,0.19616062001789944,0.0063087187908452535,1.4819456880911033,0.19626204110471462,4.8670227709473056e-05,2.368791065291959e-09,CALIBRATED,0.0011610018342305079,0.002184815043158307,-0.001382214423475165,-0.0037792731083380418,0.0,0.0,0.0012939081994100586,0.0030852147578892012,-0.0022606471958419696,-0.0056891962028573955,0.0,0.0
